TODAS AS COMBINAÇÕES DE 15 NÚMEROS - CLASSIFICAÇÃO TÉRMICA (janela 3 concursos)
Regras: 5-6 Quentes, 4-5 Mornos, 4-5 Frios
Últimos concursos: [3744, 3743, 3742]
QUENTES (5): [5, 10, 20, 21, 23]
MORNOS  (14): [1, 2, 3, 4, 6, 7, 9, 11, 13, 14, 15, 16, 18, 19]
FRIOS   (6): [8, 12, 17, 22, 24, 25]
Total: 12,012 combinações
Timestamp: 27/07/2026 23:16
============================================================

     1. [1, 2, 3, 4, 5, 6, 8, 10, 12, 17, 20, 21, 22, 23, 24]    Q:5 M:5 F:5
     2. [1, 2, 3, 4, 5, 6, 8, 10, 12, 17, 20, 21, 22, 23, 25]    Q:5 M:5 F:5
     3. [1, 2, 3, 4, 5, 6, 8, 10, 12, 17, 20, 21, 23, 24, 25]    Q:5 M:5 F:5
     4. [1, 2, 3, 4, 5, 6, 8, 10, 12, 20, 21, 22, 23, 24, 25]    Q:5 M:5 F:5
     5. [1, 2, 3, 4, 5, 6, 8, 10, 17, 20, 21, 22, 23, 24, 25]    Q:5 M:5 F:5
     6. [1, 2, 3, 4, 5, 6, 10, 12, 17, 20, 21, 22, 23, 24, 25]   Q:5 M:5 F:5
     7. [1, 2, 3, 4, 5, 7, 8, 10, 12, 17, 20, 21, 22, 23, 24]    Q:5 M:5 F:5
     8. [1, 2, 3, 4, 5, 7, 8, 10, 12, 17, 20, 21, 22, 23, 25]    Q:5 M:5 F:5
     9. [1, 2, 3, 4, 5, 7, 8, 10, 12, 17, 20, 21, 23, 24, 25]    Q:5 M:5 F:5
    10. [1, 2, 3, 4, 5, 7, 8, 10, 12, 20, 21, 22, 23, 24, 25]    Q:5 M:5 F:5
    11. [1, 2, 3, 4, 5, 7, 8, 10, 17, 20, 21, 22, 23, 24, 25]    Q:5 M:5 F:5
    12. [1, 2, 3, 4, 5, 7, 10, 12, 17, 20, 21, 22, 23, 24, 25]   Q:5 M:5 F:5
    13. [1, 2, 3, 4, 5, 8, 9, 10, 12, 17, 20, 21, 22, 23, 24]    Q:5 M:5 F:5
    14. [1, 2, 3, 4, 5, 8, 9, 10, 12, 17, 20, 21, 22, 23, 25]    Q:5 M:5 F:5
    15. [1, 2, 3, 4, 5, 8, 9, 10, 12, 17, 20, 21, 23, 24, 25]    Q:5 M:5 F:5
    16. [1, 2, 3, 4, 5, 8, 9, 10, 12, 20, 21, 22, 23, 24, 25]    Q:5 M:5 F:5
    17. [1, 2, 3, 4, 5, 8, 9, 10, 17, 20, 21, 22, 23, 24, 25]    Q:5 M:5 F:5
    18. [1, 2, 3, 4, 5, 9, 10, 12, 17, 20, 21, 22, 23, 24, 25]   Q:5 M:5 F:5
    19. [1, 2, 3, 4, 5, 8, 10, 11, 12, 17, 20, 21, 22, 23, 24]   Q:5 M:5 F:5
    20. [1, 2, 3, 4, 5, 8, 10, 11, 12, 17, 20, 21, 22, 23, 25]   Q:5 M:5 F:5
    21. [1, 2, 3, 4, 5, 8, 10, 11, 12, 17, 20, 21, 23, 24, 25]   Q:5 M:5 F:5
    22. [1, 2, 3, 4, 5, 8, 10, 11, 12, 20, 21, 22, 23, 24, 25]   Q:5 M:5 F:5
    23. [1, 2, 3, 4, 5, 8, 10, 11, 17, 20, 21, 22, 23, 24, 25]   Q:5 M:5 F:5
    24. [1, 2, 3, 4, 5, 10, 11, 12, 17, 20, 21, 22, 23, 24, 25]  Q:5 M:5 F:5
    25. [1, 2, 3, 4, 5, 8, 10, 12, 13, 17, 20, 21, 22, 23, 24]   Q:5 M:5 F:5
    26. [1, 2, 3, 4, 5, 8, 10, 12, 13, 17, 20, 21, 22, 23, 25]   Q:5 M:5 F:5
    27. [1, 2, 3, 4, 5, 8, 10, 12, 13, 17, 20, 21, 23, 24, 25]   Q:5 M:5 F:5
    28. [1, 2, 3, 4, 5, 8, 10, 12, 13, 20, 21, 22, 23, 24, 25]   Q:5 M:5 F:5
    29. [1, 2, 3, 4, 5, 8, 10, 13, 17, 20, 21, 22, 23, 24, 25]   Q:5 M:5 F:5
    30. [1, 2, 3, 4, 5, 10, 12, 13, 17, 20, 21, 22, 23, 24, 25]  Q:5 M:5 F:5
    31. [1, 2, 3, 4, 5, 8, 10, 12, 14, 17, 20, 21, 22, 23, 24]   Q:5 M:5 F:5
    32. [1, 2, 3, 4, 5, 8, 10, 12, 14, 17, 20, 21, 22, 23, 25]   Q:5 M:5 F:5
    33. [1, 2, 3, 4, 5, 8, 10, 12, 14, 17, 20, 21, 23, 24, 25]   Q:5 M:5 F:5
    34. [1, 2, 3, 4, 5, 8, 10, 12, 14, 20, 21, 22, 23, 24, 25]   Q:5 M:5 F:5
    35. [1, 2, 3, 4, 5, 8, 10, 14, 17, 20, 21, 22, 23, 24, 25]   Q:5 M:5 F:5
    36. [1, 2, 3, 4, 5, 10, 12, 14, 17, 20, 21, 22, 23, 24, 25]  Q:5 M:5 F:5
    37. [1, 2, 3, 4, 5, 8, 10, 12, 15, 17, 20, 21, 22, 23, 24]   Q:5 M:5 F:5
    38. [1, 2, 3, 4, 5, 8, 10, 12, 15, 17, 20, 21, 22, 23, 25]   Q:5 M:5 F:5
    39. [1, 2, 3, 4, 5, 8, 10, 12, 15, 17, 20, 21, 23, 24, 25]   Q:5 M:5 F:5
    40. [1, 2, 3, 4, 5, 8, 10, 12, 15, 20, 21, 22, 23, 24, 25]   Q:5 M:5 F:5
    41. [1, 2, 3, 4, 5, 8, 10, 15, 17, 20, 21, 22, 23, 24, 25]   Q:5 M:5 F:5
    42. [1, 2, 3, 4, 5, 10, 12, 15, 17, 20, 21, 22, 23, 24, 25]  Q:5 M:5 F:5
    43. [1, 2, 3, 4, 5, 8, 10, 12, 16, 17, 20, 21, 22, 23, 24]   Q:5 M:5 F:5
    44. [1, 2, 3, 4, 5, 8, 10, 12, 16, 17, 20, 21, 22, 23, 25]   Q:5 M:5 F:5
    45. [1, 2, 3, 4, 5, 8, 10, 12, 16, 17, 20, 21, 23, 24, 25]   Q:5 M:5 F:5
    46. [1, 2, 3, 4, 5, 8, 10, 12, 16, 20, 21, 22, 23, 24, 25]   Q:5 M:5 F:5
    47. [1, 2, 3, 4, 5, 8, 10, 16, 17, 20, 21, 22, 23, 24, 25]   Q:5 M:5 F:5
    48. [1, 2, 3, 4, 5, 10, 12, 16, 17, 20, 21, 22, 23, 24, 25]  Q:5 M:5 F:5
    49. [1, 2, 3, 4, 5, 8, 10, 12, 17, 18, 20, 21, 22, 23, 24]   Q:5 M:5 F:5
    50. [1, 2, 3, 4, 5, 8, 10, 12, 17, 18, 20, 21, 22, 23, 25]   Q:5 M:5 F:5
    51. [1, 2, 3, 4, 5, 8, 10, 12, 17, 18, 20, 21, 23, 24, 25]   Q:5 M:5 F:5
    52. [1, 2, 3, 4, 5, 8, 10, 12, 18, 20, 21, 22, 23, 24, 25]   Q:5 M:5 F:5
    53. [1, 2, 3, 4, 5, 8, 10, 17, 18, 20, 21, 22, 23, 24, 25]   Q:5 M:5 F:5
    54. [1, 2, 3, 4, 5, 10, 12, 17, 18, 20, 21, 22, 23, 24, 25]  Q:5 M:5 F:5
    55. [1, 2, 3, 4, 5, 8, 10, 12, 17, 19, 20, 21, 22, 23, 24]   Q:5 M:5 F:5
    56. [1, 2, 3, 4, 5, 8, 10, 12, 17, 19, 20, 21, 22, 23, 25]   Q:5 M:5 F:5
    57. [1, 2, 3, 4, 5, 8, 10, 12, 17, 19, 20, 21, 23, 24, 25]   Q:5 M:5 F:5
    58. [1, 2, 3, 4, 5, 8, 10, 12, 19, 20, 21, 22, 23, 24, 25]   Q:5 M:5 F:5
    59. [1, 2, 3, 4, 5, 8, 10, 17, 19, 20, 21, 22, 23, 24, 25]   Q:5 M:5 F:5
    60. [1, 2, 3, 4, 5, 10, 12, 17, 19, 20, 21, 22, 23, 24, 25]  Q:5 M:5 F:5
    61. [1, 2, 3, 5, 6, 7, 8, 10, 12, 17, 20, 21, 22, 23, 24]    Q:5 M:5 F:5
    62. [1, 2, 3, 5, 6, 7, 8, 10, 12, 17, 20, 21, 22, 23, 25]    Q:5 M:5 F:5
    63. [1, 2, 3, 5, 6, 7, 8, 10, 12, 17, 20, 21, 23, 24, 25]    Q:5 M:5 F:5
    64. [1, 2, 3, 5, 6, 7, 8, 10, 12, 20, 21, 22, 23, 24, 25]    Q:5 M:5 F:5
    65. [1, 2, 3, 5, 6, 7, 8, 10, 17, 20, 21, 22, 23, 24, 25]    Q:5 M:5 F:5
    66. [1, 2, 3, 5, 6, 7, 10, 12, 17, 20, 21, 22, 23, 24, 25]   Q:5 M:5 F:5
    67. [1, 2, 3, 5, 6, 8, 9, 10, 12, 17, 20, 21, 22, 23, 24]    Q:5 M:5 F:5
    68. [1, 2, 3, 5, 6, 8, 9, 10, 12, 17, 20, 21, 22, 23, 25]    Q:5 M:5 F:5
    69. [1, 2, 3, 5, 6, 8, 9, 10, 12, 17, 20, 21, 23, 24, 25]    Q:5 M:5 F:5
    70. [1, 2, 3, 5, 6, 8, 9, 10, 12, 20, 21, 22, 23, 24, 25]    Q:5 M:5 F:5
    71. [1, 2, 3, 5, 6, 8, 9, 10, 17, 20, 21, 22, 23, 24, 25]    Q:5 M:5 F:5
    72. [1, 2, 3, 5, 6, 9, 10, 12, 17, 20, 21, 22, 23, 24, 25]   Q:5 M:5 F:5
    73. [1, 2, 3, 5, 6, 8, 10, 11, 12, 17, 20, 21, 22, 23, 24]   Q:5 M:5 F:5
    74. [1, 2, 3, 5, 6, 8, 10, 11, 12, 17, 20, 21, 22, 23, 25]   Q:5 M:5 F:5
    75. [1, 2, 3, 5, 6, 8, 10, 11, 12, 17, 20, 21, 23, 24, 25]   Q:5 M:5 F:5
    76. [1, 2, 3, 5, 6, 8, 10, 11, 12, 20, 21, 22, 23, 24, 25]   Q:5 M:5 F:5
    77. [1, 2, 3, 5, 6, 8, 10, 11, 17, 20, 21, 22, 23, 24, 25]   Q:5 M:5 F:5
    78. [1, 2, 3, 5, 6, 10, 11, 12, 17, 20, 21, 22, 23, 24, 25]  Q:5 M:5 F:5
    79. [1, 2, 3, 5, 6, 8, 10, 12, 13, 17, 20, 21, 22, 23, 24]   Q:5 M:5 F:5
    80. [1, 2, 3, 5, 6, 8, 10, 12, 13, 17, 20, 21, 22, 23, 25]   Q:5 M:5 F:5
    81. [1, 2, 3, 5, 6, 8, 10, 12, 13, 17, 20, 21, 23, 24, 25]   Q:5 M:5 F:5
    82. [1, 2, 3, 5, 6, 8, 10, 12, 13, 20, 21, 22, 23, 24, 25]   Q:5 M:5 F:5
    83. [1, 2, 3, 5, 6, 8, 10, 13, 17, 20, 21, 22, 23, 24, 25]   Q:5 M:5 F:5
    84. [1, 2, 3, 5, 6, 10, 12, 13, 17, 20, 21, 22, 23, 24, 25]  Q:5 M:5 F:5
    85. [1, 2, 3, 5, 6, 8, 10, 12, 14, 17, 20, 21, 22, 23, 24]   Q:5 M:5 F:5
    86. [1, 2, 3, 5, 6, 8, 10, 12, 14, 17, 20, 21, 22, 23, 25]   Q:5 M:5 F:5
    87. [1, 2, 3, 5, 6, 8, 10, 12, 14, 17, 20, 21, 23, 24, 25]   Q:5 M:5 F:5
    88. [1, 2, 3, 5, 6, 8, 10, 12, 14, 20, 21, 22, 23, 24, 25]   Q:5 M:5 F:5
    89. [1, 2, 3, 5, 6, 8, 10, 14, 17, 20, 21, 22, 23, 24, 25]   Q:5 M:5 F:5
    90. [1, 2, 3, 5, 6, 10, 12, 14, 17, 20, 21, 22, 23, 24, 25]  Q:5 M:5 F:5
    91. [1, 2, 3, 5, 6, 8, 10, 12, 15, 17, 20, 21, 22, 23, 24]   Q:5 M:5 F:5
    92. [1, 2, 3, 5, 6, 8, 10, 12, 15, 17, 20, 21, 22, 23, 25]   Q:5 M:5 F:5
    93. [1, 2, 3, 5, 6, 8, 10, 12, 15, 17, 20, 21, 23, 24, 25]   Q:5 M:5 F:5
    94. [1, 2, 3, 5, 6, 8, 10, 12, 15, 20, 21, 22, 23, 24, 25]   Q:5 M:5 F:5
    95. [1, 2, 3, 5, 6, 8, 10, 15, 17, 20, 21, 22, 23, 24, 25]   Q:5 M:5 F:5
    96. [1, 2, 3, 5, 6, 10, 12, 15, 17, 20, 21, 22, 23, 24, 25]  Q:5 M:5 F:5
    97. [1, 2, 3, 5, 6, 8, 10, 12, 16, 17, 20, 21, 22, 23, 24]   Q:5 M:5 F:5
    98. [1, 2, 3, 5, 6, 8, 10, 12, 16, 17, 20, 21, 22, 23, 25]   Q:5 M:5 F:5
    99. [1, 2, 3, 5, 6, 8, 10, 12, 16, 17, 20, 21, 23, 24, 25]   Q:5 M:5 F:5
   100. [1, 2, 3, 5, 6, 8, 10, 12, 16, 20, 21, 22, 23, 24, 25]   Q:5 M:5 F:5
   101. [1, 2, 3, 5, 6, 8, 10, 16, 17, 20, 21, 22, 23, 24, 25]   Q:5 M:5 F:5
   102. [1, 2, 3, 5, 6, 10, 12, 16, 17, 20, 21, 22, 23, 24, 25]  Q:5 M:5 F:5
   103. [1, 2, 3, 5, 6, 8, 10, 12, 17, 18, 20, 21, 22, 23, 24]   Q:5 M:5 F:5
   104. [1, 2, 3, 5, 6, 8, 10, 12, 17, 18, 20, 21, 22, 23, 25]   Q:5 M:5 F:5
   105. [1, 2, 3, 5, 6, 8, 10, 12, 17, 18, 20, 21, 23, 24, 25]   Q:5 M:5 F:5
   106. [1, 2, 3, 5, 6, 8, 10, 12, 18, 20, 21, 22, 23, 24, 25]   Q:5 M:5 F:5
   107. [1, 2, 3, 5, 6, 8, 10, 17, 18, 20, 21, 22, 23, 24, 25]   Q:5 M:5 F:5
   108. [1, 2, 3, 5, 6, 10, 12, 17, 18, 20, 21, 22, 23, 24, 25]  Q:5 M:5 F:5
   109. [1, 2, 3, 5, 6, 8, 10, 12, 17, 19, 20, 21, 22, 23, 24]   Q:5 M:5 F:5
   110. [1, 2, 3, 5, 6, 8, 10, 12, 17, 19, 20, 21, 22, 23, 25]   Q:5 M:5 F:5
   111. [1, 2, 3, 5, 6, 8, 10, 12, 17, 19, 20, 21, 23, 24, 25]   Q:5 M:5 F:5
   112. [1, 2, 3, 5, 6, 8, 10, 12, 19, 20, 21, 22, 23, 24, 25]   Q:5 M:5 F:5
   113. [1, 2, 3, 5, 6, 8, 10, 17, 19, 20, 21, 22, 23, 24, 25]   Q:5 M:5 F:5
   114. [1, 2, 3, 5, 6, 10, 12, 17, 19, 20, 21, 22, 23, 24, 25]  Q:5 M:5 F:5
   115. [1, 2, 3, 5, 7, 8, 9, 10, 12, 17, 20, 21, 22, 23, 24]    Q:5 M:5 F:5
   116. [1, 2, 3, 5, 7, 8, 9, 10, 12, 17, 20, 21, 22, 23, 25]    Q:5 M:5 F:5
   117. [1, 2, 3, 5, 7, 8, 9, 10, 12, 17, 20, 21, 23, 24, 25]    Q:5 M:5 F:5
   118. [1, 2, 3, 5, 7, 8, 9, 10, 12, 20, 21, 22, 23, 24, 25]    Q:5 M:5 F:5
   119. [1, 2, 3, 5, 7, 8, 9, 10, 17, 20, 21, 22, 23, 24, 25]    Q:5 M:5 F:5
   120. [1, 2, 3, 5, 7, 9, 10, 12, 17, 20, 21, 22, 23, 24, 25]   Q:5 M:5 F:5
   121. [1, 2, 3, 5, 7, 8, 10, 11, 12, 17, 20, 21, 22, 23, 24]   Q:5 M:5 F:5
   122. [1, 2, 3, 5, 7, 8, 10, 11, 12, 17, 20, 21, 22, 23, 25]   Q:5 M:5 F:5
   123. [1, 2, 3, 5, 7, 8, 10, 11, 12, 17, 20, 21, 23, 24, 25]   Q:5 M:5 F:5
   124. [1, 2, 3, 5, 7, 8, 10, 11, 12, 20, 21, 22, 23, 24, 25]   Q:5 M:5 F:5
   125. [1, 2, 3, 5, 7, 8, 10, 11, 17, 20, 21, 22, 23, 24, 25]   Q:5 M:5 F:5
   126. [1, 2, 3, 5, 7, 10, 11, 12, 17, 20, 21, 22, 23, 24, 25]  Q:5 M:5 F:5
   127. [1, 2, 3, 5, 7, 8, 10, 12, 13, 17, 20, 21, 22, 23, 24]   Q:5 M:5 F:5
   128. [1, 2, 3, 5, 7, 8, 10, 12, 13, 17, 20, 21, 22, 23, 25]   Q:5 M:5 F:5
   129. [1, 2, 3, 5, 7, 8, 10, 12, 13, 17, 20, 21, 23, 24, 25]   Q:5 M:5 F:5
   130. [1, 2, 3, 5, 7, 8, 10, 12, 13, 20, 21, 22, 23, 24, 25]   Q:5 M:5 F:5
   131. [1, 2, 3, 5, 7, 8, 10, 13, 17, 20, 21, 22, 23, 24, 25]   Q:5 M:5 F:5
   132. [1, 2, 3, 5, 7, 10, 12, 13, 17, 20, 21, 22, 23, 24, 25]  Q:5 M:5 F:5
   133. [1, 2, 3, 5, 7, 8, 10, 12, 14, 17, 20, 21, 22, 23, 24]   Q:5 M:5 F:5
   134. [1, 2, 3, 5, 7, 8, 10, 12, 14, 17, 20, 21, 22, 23, 25]   Q:5 M:5 F:5
   135. [1, 2, 3, 5, 7, 8, 10, 12, 14, 17, 20, 21, 23, 24, 25]   Q:5 M:5 F:5
   136. [1, 2, 3, 5, 7, 8, 10, 12, 14, 20, 21, 22, 23, 24, 25]   Q:5 M:5 F:5
   137. [1, 2, 3, 5, 7, 8, 10, 14, 17, 20, 21, 22, 23, 24, 25]   Q:5 M:5 F:5
   138. [1, 2, 3, 5, 7, 10, 12, 14, 17, 20, 21, 22, 23, 24, 25]  Q:5 M:5 F:5
   139. [1, 2, 3, 5, 7, 8, 10, 12, 15, 17, 20, 21, 22, 23, 24]   Q:5 M:5 F:5
   140. [1, 2, 3, 5, 7, 8, 10, 12, 15, 17, 20, 21, 22, 23, 25]   Q:5 M:5 F:5
   141. [1, 2, 3, 5, 7, 8, 10, 12, 15, 17, 20, 21, 23, 24, 25]   Q:5 M:5 F:5
   142. [1, 2, 3, 5, 7, 8, 10, 12, 15, 20, 21, 22, 23, 24, 25]   Q:5 M:5 F:5
   143. [1, 2, 3, 5, 7, 8, 10, 15, 17, 20, 21, 22, 23, 24, 25]   Q:5 M:5 F:5
   144. [1, 2, 3, 5, 7, 10, 12, 15, 17, 20, 21, 22, 23, 24, 25]  Q:5 M:5 F:5
   145. [1, 2, 3, 5, 7, 8, 10, 12, 16, 17, 20, 21, 22, 23, 24]   Q:5 M:5 F:5
   146. [1, 2, 3, 5, 7, 8, 10, 12, 16, 17, 20, 21, 22, 23, 25]   Q:5 M:5 F:5
   147. [1, 2, 3, 5, 7, 8, 10, 12, 16, 17, 20, 21, 23, 24, 25]   Q:5 M:5 F:5
   148. [1, 2, 3, 5, 7, 8, 10, 12, 16, 20, 21, 22, 23, 24, 25]   Q:5 M:5 F:5
   149. [1, 2, 3, 5, 7, 8, 10, 16, 17, 20, 21, 22, 23, 24, 25]   Q:5 M:5 F:5
   150. [1, 2, 3, 5, 7, 10, 12, 16, 17, 20, 21, 22, 23, 24, 25]  Q:5 M:5 F:5
   151. [1, 2, 3, 5, 7, 8, 10, 12, 17, 18, 20, 21, 22, 23, 24]   Q:5 M:5 F:5
   152. [1, 2, 3, 5, 7, 8, 10, 12, 17, 18, 20, 21, 22, 23, 25]   Q:5 M:5 F:5
   153. [1, 2, 3, 5, 7, 8, 10, 12, 17, 18, 20, 21, 23, 24, 25]   Q:5 M:5 F:5
   154. [1, 2, 3, 5, 7, 8, 10, 12, 18, 20, 21, 22, 23, 24, 25]   Q:5 M:5 F:5
   155. [1, 2, 3, 5, 7, 8, 10, 17, 18, 20, 21, 22, 23, 24, 25]   Q:5 M:5 F:5
   156. [1, 2, 3, 5, 7, 10, 12, 17, 18, 20, 21, 22, 23, 24, 25]  Q:5 M:5 F:5
   157. [1, 2, 3, 5, 7, 8, 10, 12, 17, 19, 20, 21, 22, 23, 24]   Q:5 M:5 F:5
   158. [1, 2, 3, 5, 7, 8, 10, 12, 17, 19, 20, 21, 22, 23, 25]   Q:5 M:5 F:5
   159. [1, 2, 3, 5, 7, 8, 10, 12, 17, 19, 20, 21, 23, 24, 25]   Q:5 M:5 F:5
   160. [1, 2, 3, 5, 7, 8, 10, 12, 19, 20, 21, 22, 23, 24, 25]   Q:5 M:5 F:5
   161. [1, 2, 3, 5, 7, 8, 10, 17, 19, 20, 21, 22, 23, 24, 25]   Q:5 M:5 F:5
   162. [1, 2, 3, 5, 7, 10, 12, 17, 19, 20, 21, 22, 23, 24, 25]  Q:5 M:5 F:5
   163. [1, 2, 3, 5, 8, 9, 10, 11, 12, 17, 20, 21, 22, 23, 24]   Q:5 M:5 F:5
   164. [1, 2, 3, 5, 8, 9, 10, 11, 12, 17, 20, 21, 22, 23, 25]   Q:5 M:5 F:5
   165. [1, 2, 3, 5, 8, 9, 10, 11, 12, 17, 20, 21, 23, 24, 25]   Q:5 M:5 F:5
   166. [1, 2, 3, 5, 8, 9, 10, 11, 12, 20, 21, 22, 23, 24, 25]   Q:5 M:5 F:5
   167. [1, 2, 3, 5, 8, 9, 10, 11, 17, 20, 21, 22, 23, 24, 25]   Q:5 M:5 F:5
   168. [1, 2, 3, 5, 9, 10, 11, 12, 17, 20, 21, 22, 23, 24, 25]  Q:5 M:5 F:5
   169. [1, 2, 3, 5, 8, 9, 10, 12, 13, 17, 20, 21, 22, 23, 24]   Q:5 M:5 F:5
   170. [1, 2, 3, 5, 8, 9, 10, 12, 13, 17, 20, 21, 22, 23, 25]   Q:5 M:5 F:5
   171. [1, 2, 3, 5, 8, 9, 10, 12, 13, 17, 20, 21, 23, 24, 25]   Q:5 M:5 F:5
   172. [1, 2, 3, 5, 8, 9, 10, 12, 13, 20, 21, 22, 23, 24, 25]   Q:5 M:5 F:5
   173. [1, 2, 3, 5, 8, 9, 10, 13, 17, 20, 21, 22, 23, 24, 25]   Q:5 M:5 F:5
   174. [1, 2, 3, 5, 9, 10, 12, 13, 17, 20, 21, 22, 23, 24, 25]  Q:5 M:5 F:5
   175. [1, 2, 3, 5, 8, 9, 10, 12, 14, 17, 20, 21, 22, 23, 24]   Q:5 M:5 F:5
   176. [1, 2, 3, 5, 8, 9, 10, 12, 14, 17, 20, 21, 22, 23, 25]   Q:5 M:5 F:5
   177. [1, 2, 3, 5, 8, 9, 10, 12, 14, 17, 20, 21, 23, 24, 25]   Q:5 M:5 F:5
   178. [1, 2, 3, 5, 8, 9, 10, 12, 14, 20, 21, 22, 23, 24, 25]   Q:5 M:5 F:5
   179. [1, 2, 3, 5, 8, 9, 10, 14, 17, 20, 21, 22, 23, 24, 25]   Q:5 M:5 F:5
   180. [1, 2, 3, 5, 9, 10, 12, 14, 17, 20, 21, 22, 23, 24, 25]  Q:5 M:5 F:5
   181. [1, 2, 3, 5, 8, 9, 10, 12, 15, 17, 20, 21, 22, 23, 24]   Q:5 M:5 F:5
   182. [1, 2, 3, 5, 8, 9, 10, 12, 15, 17, 20, 21, 22, 23, 25]   Q:5 M:5 F:5
   183. [1, 2, 3, 5, 8, 9, 10, 12, 15, 17, 20, 21, 23, 24, 25]   Q:5 M:5 F:5
   184. [1, 2, 3, 5, 8, 9, 10, 12, 15, 20, 21, 22, 23, 24, 25]   Q:5 M:5 F:5
   185. [1, 2, 3, 5, 8, 9, 10, 15, 17, 20, 21, 22, 23, 24, 25]   Q:5 M:5 F:5
   186. [1, 2, 3, 5, 9, 10, 12, 15, 17, 20, 21, 22, 23, 24, 25]  Q:5 M:5 F:5
   187. [1, 2, 3, 5, 8, 9, 10, 12, 16, 17, 20, 21, 22, 23, 24]   Q:5 M:5 F:5
   188. [1, 2, 3, 5, 8, 9, 10, 12, 16, 17, 20, 21, 22, 23, 25]   Q:5 M:5 F:5
   189. [1, 2, 3, 5, 8, 9, 10, 12, 16, 17, 20, 21, 23, 24, 25]   Q:5 M:5 F:5
   190. [1, 2, 3, 5, 8, 9, 10, 12, 16, 20, 21, 22, 23, 24, 25]   Q:5 M:5 F:5
   191. [1, 2, 3, 5, 8, 9, 10, 16, 17, 20, 21, 22, 23, 24, 25]   Q:5 M:5 F:5
   192. [1, 2, 3, 5, 9, 10, 12, 16, 17, 20, 21, 22, 23, 24, 25]  Q:5 M:5 F:5
   193. [1, 2, 3, 5, 8, 9, 10, 12, 17, 18, 20, 21, 22, 23, 24]   Q:5 M:5 F:5
   194. [1, 2, 3, 5, 8, 9, 10, 12, 17, 18, 20, 21, 22, 23, 25]   Q:5 M:5 F:5
   195. [1, 2, 3, 5, 8, 9, 10, 12, 17, 18, 20, 21, 23, 24, 25]   Q:5 M:5 F:5
   196. [1, 2, 3, 5, 8, 9, 10, 12, 18, 20, 21, 22, 23, 24, 25]   Q:5 M:5 F:5
   197. [1, 2, 3, 5, 8, 9, 10, 17, 18, 20, 21, 22, 23, 24, 25]   Q:5 M:5 F:5
   198. [1, 2, 3, 5, 9, 10, 12, 17, 18, 20, 21, 22, 23, 24, 25]  Q:5 M:5 F:5
   199. [1, 2, 3, 5, 8, 9, 10, 12, 17, 19, 20, 21, 22, 23, 24]   Q:5 M:5 F:5
   200. [1, 2, 3, 5, 8, 9, 10, 12, 17, 19, 20, 21, 22, 23, 25]   Q:5 M:5 F:5
   201. [1, 2, 3, 5, 8, 9, 10, 12, 17, 19, 20, 21, 23, 24, 25]   Q:5 M:5 F:5
   202. [1, 2, 3, 5, 8, 9, 10, 12, 19, 20, 21, 22, 23, 24, 25]   Q:5 M:5 F:5
   203. [1, 2, 3, 5, 8, 9, 10, 17, 19, 20, 21, 22, 23, 24, 25]   Q:5 M:5 F:5
   204. [1, 2, 3, 5, 9, 10, 12, 17, 19, 20, 21, 22, 23, 24, 25]  Q:5 M:5 F:5
   205. [1, 2, 3, 5, 8, 10, 11, 12, 13, 17, 20, 21, 22, 23, 24]  Q:5 M:5 F:5
   206. [1, 2, 3, 5, 8, 10, 11, 12, 13, 17, 20, 21, 22, 23, 25]  Q:5 M:5 F:5
   207. [1, 2, 3, 5, 8, 10, 11, 12, 13, 17, 20, 21, 23, 24, 25]  Q:5 M:5 F:5
   208. [1, 2, 3, 5, 8, 10, 11, 12, 13, 20, 21, 22, 23, 24, 25]  Q:5 M:5 F:5
   209. [1, 2, 3, 5, 8, 10, 11, 13, 17, 20, 21, 22, 23, 24, 25]  Q:5 M:5 F:5
   210. [1, 2, 3, 5, 10, 11, 12, 13, 17, 20, 21, 22, 23, 24, 25]  Q:5 M:5 F:5
   211. [1, 2, 3, 5, 8, 10, 11, 12, 14, 17, 20, 21, 22, 23, 24]  Q:5 M:5 F:5
   212. [1, 2, 3, 5, 8, 10, 11, 12, 14, 17, 20, 21, 22, 23, 25]  Q:5 M:5 F:5
   213. [1, 2, 3, 5, 8, 10, 11, 12, 14, 17, 20, 21, 23, 24, 25]  Q:5 M:5 F:5
   214. [1, 2, 3, 5, 8, 10, 11, 12, 14, 20, 21, 22, 23, 24, 25]  Q:5 M:5 F:5
   215. [1, 2, 3, 5, 8, 10, 11, 14, 17, 20, 21, 22, 23, 24, 25]  Q:5 M:5 F:5
   216. [1, 2, 3, 5, 10, 11, 12, 14, 17, 20, 21, 22, 23, 24, 25]  Q:5 M:5 F:5
   217. [1, 2, 3, 5, 8, 10, 11, 12, 15, 17, 20, 21, 22, 23, 24]  Q:5 M:5 F:5
   218. [1, 2, 3, 5, 8, 10, 11, 12, 15, 17, 20, 21, 22, 23, 25]  Q:5 M:5 F:5
   219. [1, 2, 3, 5, 8, 10, 11, 12, 15, 17, 20, 21, 23, 24, 25]  Q:5 M:5 F:5
   220. [1, 2, 3, 5, 8, 10, 11, 12, 15, 20, 21, 22, 23, 24, 25]  Q:5 M:5 F:5
   221. [1, 2, 3, 5, 8, 10, 11, 15, 17, 20, 21, 22, 23, 24, 25]  Q:5 M:5 F:5
   222. [1, 2, 3, 5, 10, 11, 12, 15, 17, 20, 21, 22, 23, 24, 25]  Q:5 M:5 F:5
   223. [1, 2, 3, 5, 8, 10, 11, 12, 16, 17, 20, 21, 22, 23, 24]  Q:5 M:5 F:5
   224. [1, 2, 3, 5, 8, 10, 11, 12, 16, 17, 20, 21, 22, 23, 25]  Q:5 M:5 F:5
   225. [1, 2, 3, 5, 8, 10, 11, 12, 16, 17, 20, 21, 23, 24, 25]  Q:5 M:5 F:5
   226. [1, 2, 3, 5, 8, 10, 11, 12, 16, 20, 21, 22, 23, 24, 25]  Q:5 M:5 F:5
   227. [1, 2, 3, 5, 8, 10, 11, 16, 17, 20, 21, 22, 23, 24, 25]  Q:5 M:5 F:5
   228. [1, 2, 3, 5, 10, 11, 12, 16, 17, 20, 21, 22, 23, 24, 25]  Q:5 M:5 F:5
   229. [1, 2, 3, 5, 8, 10, 11, 12, 17, 18, 20, 21, 22, 23, 24]  Q:5 M:5 F:5
   230. [1, 2, 3, 5, 8, 10, 11, 12, 17, 18, 20, 21, 22, 23, 25]  Q:5 M:5 F:5
   231. [1, 2, 3, 5, 8, 10, 11, 12, 17, 18, 20, 21, 23, 24, 25]  Q:5 M:5 F:5
   232. [1, 2, 3, 5, 8, 10, 11, 12, 18, 20, 21, 22, 23, 24, 25]  Q:5 M:5 F:5
   233. [1, 2, 3, 5, 8, 10, 11, 17, 18, 20, 21, 22, 23, 24, 25]  Q:5 M:5 F:5
   234. [1, 2, 3, 5, 10, 11, 12, 17, 18, 20, 21, 22, 23, 24, 25]  Q:5 M:5 F:5
   235. [1, 2, 3, 5, 8, 10, 11, 12, 17, 19, 20, 21, 22, 23, 24]  Q:5 M:5 F:5
   236. [1, 2, 3, 5, 8, 10, 11, 12, 17, 19, 20, 21, 22, 23, 25]  Q:5 M:5 F:5
   237. [1, 2, 3, 5, 8, 10, 11, 12, 17, 19, 20, 21, 23, 24, 25]  Q:5 M:5 F:5
   238. [1, 2, 3, 5, 8, 10, 11, 12, 19, 20, 21, 22, 23, 24, 25]  Q:5 M:5 F:5
   239. [1, 2, 3, 5, 8, 10, 11, 17, 19, 20, 21, 22, 23, 24, 25]  Q:5 M:5 F:5
   240. [1, 2, 3, 5, 10, 11, 12, 17, 19, 20, 21, 22, 23, 24, 25]  Q:5 M:5 F:5
   241. [1, 2, 3, 5, 8, 10, 12, 13, 14, 17, 20, 21, 22, 23, 24]  Q:5 M:5 F:5
   242. [1, 2, 3, 5, 8, 10, 12, 13, 14, 17, 20, 21, 22, 23, 25]  Q:5 M:5 F:5
   243. [1, 2, 3, 5, 8, 10, 12, 13, 14, 17, 20, 21, 23, 24, 25]  Q:5 M:5 F:5
   244. [1, 2, 3, 5, 8, 10, 12, 13, 14, 20, 21, 22, 23, 24, 25]  Q:5 M:5 F:5
   245. [1, 2, 3, 5, 8, 10, 13, 14, 17, 20, 21, 22, 23, 24, 25]  Q:5 M:5 F:5
   246. [1, 2, 3, 5, 10, 12, 13, 14, 17, 20, 21, 22, 23, 24, 25]  Q:5 M:5 F:5
   247. [1, 2, 3, 5, 8, 10, 12, 13, 15, 17, 20, 21, 22, 23, 24]  Q:5 M:5 F:5
   248. [1, 2, 3, 5, 8, 10, 12, 13, 15, 17, 20, 21, 22, 23, 25]  Q:5 M:5 F:5
   249. [1, 2, 3, 5, 8, 10, 12, 13, 15, 17, 20, 21, 23, 24, 25]  Q:5 M:5 F:5
   250. [1, 2, 3, 5, 8, 10, 12, 13, 15, 20, 21, 22, 23, 24, 25]  Q:5 M:5 F:5
   251. [1, 2, 3, 5, 8, 10, 13, 15, 17, 20, 21, 22, 23, 24, 25]  Q:5 M:5 F:5
   252. [1, 2, 3, 5, 10, 12, 13, 15, 17, 20, 21, 22, 23, 24, 25]  Q:5 M:5 F:5
   253. [1, 2, 3, 5, 8, 10, 12, 13, 16, 17, 20, 21, 22, 23, 24]  Q:5 M:5 F:5
   254. [1, 2, 3, 5, 8, 10, 12, 13, 16, 17, 20, 21, 22, 23, 25]  Q:5 M:5 F:5
   255. [1, 2, 3, 5, 8, 10, 12, 13, 16, 17, 20, 21, 23, 24, 25]  Q:5 M:5 F:5
   256. [1, 2, 3, 5, 8, 10, 12, 13, 16, 20, 21, 22, 23, 24, 25]  Q:5 M:5 F:5
   257. [1, 2, 3, 5, 8, 10, 13, 16, 17, 20, 21, 22, 23, 24, 25]  Q:5 M:5 F:5
   258. [1, 2, 3, 5, 10, 12, 13, 16, 17, 20, 21, 22, 23, 24, 25]  Q:5 M:5 F:5
   259. [1, 2, 3, 5, 8, 10, 12, 13, 17, 18, 20, 21, 22, 23, 24]  Q:5 M:5 F:5
   260. [1, 2, 3, 5, 8, 10, 12, 13, 17, 18, 20, 21, 22, 23, 25]  Q:5 M:5 F:5
   261. [1, 2, 3, 5, 8, 10, 12, 13, 17, 18, 20, 21, 23, 24, 25]  Q:5 M:5 F:5
   262. [1, 2, 3, 5, 8, 10, 12, 13, 18, 20, 21, 22, 23, 24, 25]  Q:5 M:5 F:5
   263. [1, 2, 3, 5, 8, 10, 13, 17, 18, 20, 21, 22, 23, 24, 25]  Q:5 M:5 F:5
   264. [1, 2, 3, 5, 10, 12, 13, 17, 18, 20, 21, 22, 23, 24, 25]  Q:5 M:5 F:5
   265. [1, 2, 3, 5, 8, 10, 12, 13, 17, 19, 20, 21, 22, 23, 24]  Q:5 M:5 F:5
   266. [1, 2, 3, 5, 8, 10, 12, 13, 17, 19, 20, 21, 22, 23, 25]  Q:5 M:5 F:5
   267. [1, 2, 3, 5, 8, 10, 12, 13, 17, 19, 20, 21, 23, 24, 25]  Q:5 M:5 F:5
   268. [1, 2, 3, 5, 8, 10, 12, 13, 19, 20, 21, 22, 23, 24, 25]  Q:5 M:5 F:5
   269. [1, 2, 3, 5, 8, 10, 13, 17, 19, 20, 21, 22, 23, 24, 25]  Q:5 M:5 F:5
   270. [1, 2, 3, 5, 10, 12, 13, 17, 19, 20, 21, 22, 23, 24, 25]  Q:5 M:5 F:5
   271. [1, 2, 3, 5, 8, 10, 12, 14, 15, 17, 20, 21, 22, 23, 24]  Q:5 M:5 F:5
   272. [1, 2, 3, 5, 8, 10, 12, 14, 15, 17, 20, 21, 22, 23, 25]  Q:5 M:5 F:5
   273. [1, 2, 3, 5, 8, 10, 12, 14, 15, 17, 20, 21, 23, 24, 25]  Q:5 M:5 F:5
   274. [1, 2, 3, 5, 8, 10, 12, 14, 15, 20, 21, 22, 23, 24, 25]  Q:5 M:5 F:5
   275. [1, 2, 3, 5, 8, 10, 14, 15, 17, 20, 21, 22, 23, 24, 25]  Q:5 M:5 F:5
   276. [1, 2, 3, 5, 10, 12, 14, 15, 17, 20, 21, 22, 23, 24, 25]  Q:5 M:5 F:5
   277. [1, 2, 3, 5, 8, 10, 12, 14, 16, 17, 20, 21, 22, 23, 24]  Q:5 M:5 F:5
   278. [1, 2, 3, 5, 8, 10, 12, 14, 16, 17, 20, 21, 22, 23, 25]  Q:5 M:5 F:5
   279. [1, 2, 3, 5, 8, 10, 12, 14, 16, 17, 20, 21, 23, 24, 25]  Q:5 M:5 F:5
   280. [1, 2, 3, 5, 8, 10, 12, 14, 16, 20, 21, 22, 23, 24, 25]  Q:5 M:5 F:5
   281. [1, 2, 3, 5, 8, 10, 14, 16, 17, 20, 21, 22, 23, 24, 25]  Q:5 M:5 F:5
   282. [1, 2, 3, 5, 10, 12, 14, 16, 17, 20, 21, 22, 23, 24, 25]  Q:5 M:5 F:5
   283. [1, 2, 3, 5, 8, 10, 12, 14, 17, 18, 20, 21, 22, 23, 24]  Q:5 M:5 F:5
   284. [1, 2, 3, 5, 8, 10, 12, 14, 17, 18, 20, 21, 22, 23, 25]  Q:5 M:5 F:5
   285. [1, 2, 3, 5, 8, 10, 12, 14, 17, 18, 20, 21, 23, 24, 25]  Q:5 M:5 F:5
   286. [1, 2, 3, 5, 8, 10, 12, 14, 18, 20, 21, 22, 23, 24, 25]  Q:5 M:5 F:5
   287. [1, 2, 3, 5, 8, 10, 14, 17, 18, 20, 21, 22, 23, 24, 25]  Q:5 M:5 F:5
   288. [1, 2, 3, 5, 10, 12, 14, 17, 18, 20, 21, 22, 23, 24, 25]  Q:5 M:5 F:5
   289. [1, 2, 3, 5, 8, 10, 12, 14, 17, 19, 20, 21, 22, 23, 24]  Q:5 M:5 F:5
   290. [1, 2, 3, 5, 8, 10, 12, 14, 17, 19, 20, 21, 22, 23, 25]  Q:5 M:5 F:5
   291. [1, 2, 3, 5, 8, 10, 12, 14, 17, 19, 20, 21, 23, 24, 25]  Q:5 M:5 F:5
   292. [1, 2, 3, 5, 8, 10, 12, 14, 19, 20, 21, 22, 23, 24, 25]  Q:5 M:5 F:5
   293. [1, 2, 3, 5, 8, 10, 14, 17, 19, 20, 21, 22, 23, 24, 25]  Q:5 M:5 F:5
   294. [1, 2, 3, 5, 10, 12, 14, 17, 19, 20, 21, 22, 23, 24, 25]  Q:5 M:5 F:5
   295. [1, 2, 3, 5, 8, 10, 12, 15, 16, 17, 20, 21, 22, 23, 24]  Q:5 M:5 F:5
   296. [1, 2, 3, 5, 8, 10, 12, 15, 16, 17, 20, 21, 22, 23, 25]  Q:5 M:5 F:5
   297. [1, 2, 3, 5, 8, 10, 12, 15, 16, 17, 20, 21, 23, 24, 25]  Q:5 M:5 F:5
   298. [1, 2, 3, 5, 8, 10, 12, 15, 16, 20, 21, 22, 23, 24, 25]  Q:5 M:5 F:5
   299. [1, 2, 3, 5, 8, 10, 15, 16, 17, 20, 21, 22, 23, 24, 25]  Q:5 M:5 F:5
   300. [1, 2, 3, 5, 10, 12, 15, 16, 17, 20, 21, 22, 23, 24, 25]  Q:5 M:5 F:5
   301. [1, 2, 3, 5, 8, 10, 12, 15, 17, 18, 20, 21, 22, 23, 24]  Q:5 M:5 F:5
   302. [1, 2, 3, 5, 8, 10, 12, 15, 17, 18, 20, 21, 22, 23, 25]  Q:5 M:5 F:5
   303. [1, 2, 3, 5, 8, 10, 12, 15, 17, 18, 20, 21, 23, 24, 25]  Q:5 M:5 F:5
   304. [1, 2, 3, 5, 8, 10, 12, 15, 18, 20, 21, 22, 23, 24, 25]  Q:5 M:5 F:5
   305. [1, 2, 3, 5, 8, 10, 15, 17, 18, 20, 21, 22, 23, 24, 25]  Q:5 M:5 F:5
   306. [1, 2, 3, 5, 10, 12, 15, 17, 18, 20, 21, 22, 23, 24, 25]  Q:5 M:5 F:5
   307. [1, 2, 3, 5, 8, 10, 12, 15, 17, 19, 20, 21, 22, 23, 24]  Q:5 M:5 F:5
   308. [1, 2, 3, 5, 8, 10, 12, 15, 17, 19, 20, 21, 22, 23, 25]  Q:5 M:5 F:5
   309. [1, 2, 3, 5, 8, 10, 12, 15, 17, 19, 20, 21, 23, 24, 25]  Q:5 M:5 F:5
   310. [1, 2, 3, 5, 8, 10, 12, 15, 19, 20, 21, 22, 23, 24, 25]  Q:5 M:5 F:5
   311. [1, 2, 3, 5, 8, 10, 15, 17, 19, 20, 21, 22, 23, 24, 25]  Q:5 M:5 F:5
   312. [1, 2, 3, 5, 10, 12, 15, 17, 19, 20, 21, 22, 23, 24, 25]  Q:5 M:5 F:5
   313. [1, 2, 3, 5, 8, 10, 12, 16, 17, 18, 20, 21, 22, 23, 24]  Q:5 M:5 F:5
   314. [1, 2, 3, 5, 8, 10, 12, 16, 17, 18, 20, 21, 22, 23, 25]  Q:5 M:5 F:5
   315. [1, 2, 3, 5, 8, 10, 12, 16, 17, 18, 20, 21, 23, 24, 25]  Q:5 M:5 F:5
   316. [1, 2, 3, 5, 8, 10, 12, 16, 18, 20, 21, 22, 23, 24, 25]  Q:5 M:5 F:5
   317. [1, 2, 3, 5, 8, 10, 16, 17, 18, 20, 21, 22, 23, 24, 25]  Q:5 M:5 F:5
   318. [1, 2, 3, 5, 10, 12, 16, 17, 18, 20, 21, 22, 23, 24, 25]  Q:5 M:5 F:5
   319. [1, 2, 3, 5, 8, 10, 12, 16, 17, 19, 20, 21, 22, 23, 24]  Q:5 M:5 F:5
   320. [1, 2, 3, 5, 8, 10, 12, 16, 17, 19, 20, 21, 22, 23, 25]  Q:5 M:5 F:5
   321. [1, 2, 3, 5, 8, 10, 12, 16, 17, 19, 20, 21, 23, 24, 25]  Q:5 M:5 F:5
   322. [1, 2, 3, 5, 8, 10, 12, 16, 19, 20, 21, 22, 23, 24, 25]  Q:5 M:5 F:5
   323. [1, 2, 3, 5, 8, 10, 16, 17, 19, 20, 21, 22, 23, 24, 25]  Q:5 M:5 F:5
   324. [1, 2, 3, 5, 10, 12, 16, 17, 19, 20, 21, 22, 23, 24, 25]  Q:5 M:5 F:5
   325. [1, 2, 3, 5, 8, 10, 12, 17, 18, 19, 20, 21, 22, 23, 24]  Q:5 M:5 F:5
   326. [1, 2, 3, 5, 8, 10, 12, 17, 18, 19, 20, 21, 22, 23, 25]  Q:5 M:5 F:5
   327. [1, 2, 3, 5, 8, 10, 12, 17, 18, 19, 20, 21, 23, 24, 25]  Q:5 M:5 F:5
   328. [1, 2, 3, 5, 8, 10, 12, 18, 19, 20, 21, 22, 23, 24, 25]  Q:5 M:5 F:5
   329. [1, 2, 3, 5, 8, 10, 17, 18, 19, 20, 21, 22, 23, 24, 25]  Q:5 M:5 F:5
   330. [1, 2, 3, 5, 10, 12, 17, 18, 19, 20, 21, 22, 23, 24, 25]  Q:5 M:5 F:5
   331. [1, 2, 4, 5, 6, 7, 8, 10, 12, 17, 20, 21, 22, 23, 24]    Q:5 M:5 F:5
   332. [1, 2, 4, 5, 6, 7, 8, 10, 12, 17, 20, 21, 22, 23, 25]    Q:5 M:5 F:5
   333. [1, 2, 4, 5, 6, 7, 8, 10, 12, 17, 20, 21, 23, 24, 25]    Q:5 M:5 F:5
   334. [1, 2, 4, 5, 6, 7, 8, 10, 12, 20, 21, 22, 23, 24, 25]    Q:5 M:5 F:5
   335. [1, 2, 4, 5, 6, 7, 8, 10, 17, 20, 21, 22, 23, 24, 25]    Q:5 M:5 F:5
   336. [1, 2, 4, 5, 6, 7, 10, 12, 17, 20, 21, 22, 23, 24, 25]   Q:5 M:5 F:5
   337. [1, 2, 4, 5, 6, 8, 9, 10, 12, 17, 20, 21, 22, 23, 24]    Q:5 M:5 F:5
   338. [1, 2, 4, 5, 6, 8, 9, 10, 12, 17, 20, 21, 22, 23, 25]    Q:5 M:5 F:5
   339. [1, 2, 4, 5, 6, 8, 9, 10, 12, 17, 20, 21, 23, 24, 25]    Q:5 M:5 F:5
   340. [1, 2, 4, 5, 6, 8, 9, 10, 12, 20, 21, 22, 23, 24, 25]    Q:5 M:5 F:5
   341. [1, 2, 4, 5, 6, 8, 9, 10, 17, 20, 21, 22, 23, 24, 25]    Q:5 M:5 F:5
   342. [1, 2, 4, 5, 6, 9, 10, 12, 17, 20, 21, 22, 23, 24, 25]   Q:5 M:5 F:5
   343. [1, 2, 4, 5, 6, 8, 10, 11, 12, 17, 20, 21, 22, 23, 24]   Q:5 M:5 F:5
   344. [1, 2, 4, 5, 6, 8, 10, 11, 12, 17, 20, 21, 22, 23, 25]   Q:5 M:5 F:5
   345. [1, 2, 4, 5, 6, 8, 10, 11, 12, 17, 20, 21, 23, 24, 25]   Q:5 M:5 F:5
   346. [1, 2, 4, 5, 6, 8, 10, 11, 12, 20, 21, 22, 23, 24, 25]   Q:5 M:5 F:5
   347. [1, 2, 4, 5, 6, 8, 10, 11, 17, 20, 21, 22, 23, 24, 25]   Q:5 M:5 F:5
   348. [1, 2, 4, 5, 6, 10, 11, 12, 17, 20, 21, 22, 23, 24, 25]  Q:5 M:5 F:5
   349. [1, 2, 4, 5, 6, 8, 10, 12, 13, 17, 20, 21, 22, 23, 24]   Q:5 M:5 F:5
   350. [1, 2, 4, 5, 6, 8, 10, 12, 13, 17, 20, 21, 22, 23, 25]   Q:5 M:5 F:5
   351. [1, 2, 4, 5, 6, 8, 10, 12, 13, 17, 20, 21, 23, 24, 25]   Q:5 M:5 F:5
   352. [1, 2, 4, 5, 6, 8, 10, 12, 13, 20, 21, 22, 23, 24, 25]   Q:5 M:5 F:5
   353. [1, 2, 4, 5, 6, 8, 10, 13, 17, 20, 21, 22, 23, 24, 25]   Q:5 M:5 F:5
   354. [1, 2, 4, 5, 6, 10, 12, 13, 17, 20, 21, 22, 23, 24, 25]  Q:5 M:5 F:5
   355. [1, 2, 4, 5, 6, 8, 10, 12, 14, 17, 20, 21, 22, 23, 24]   Q:5 M:5 F:5
   356. [1, 2, 4, 5, 6, 8, 10, 12, 14, 17, 20, 21, 22, 23, 25]   Q:5 M:5 F:5
   357. [1, 2, 4, 5, 6, 8, 10, 12, 14, 17, 20, 21, 23, 24, 25]   Q:5 M:5 F:5
   358. [1, 2, 4, 5, 6, 8, 10, 12, 14, 20, 21, 22, 23, 24, 25]   Q:5 M:5 F:5
   359. [1, 2, 4, 5, 6, 8, 10, 14, 17, 20, 21, 22, 23, 24, 25]   Q:5 M:5 F:5
   360. [1, 2, 4, 5, 6, 10, 12, 14, 17, 20, 21, 22, 23, 24, 25]  Q:5 M:5 F:5
   361. [1, 2, 4, 5, 6, 8, 10, 12, 15, 17, 20, 21, 22, 23, 24]   Q:5 M:5 F:5
   362. [1, 2, 4, 5, 6, 8, 10, 12, 15, 17, 20, 21, 22, 23, 25]   Q:5 M:5 F:5
   363. [1, 2, 4, 5, 6, 8, 10, 12, 15, 17, 20, 21, 23, 24, 25]   Q:5 M:5 F:5
   364. [1, 2, 4, 5, 6, 8, 10, 12, 15, 20, 21, 22, 23, 24, 25]   Q:5 M:5 F:5
   365. [1, 2, 4, 5, 6, 8, 10, 15, 17, 20, 21, 22, 23, 24, 25]   Q:5 M:5 F:5
   366. [1, 2, 4, 5, 6, 10, 12, 15, 17, 20, 21, 22, 23, 24, 25]  Q:5 M:5 F:5
   367. [1, 2, 4, 5, 6, 8, 10, 12, 16, 17, 20, 21, 22, 23, 24]   Q:5 M:5 F:5
   368. [1, 2, 4, 5, 6, 8, 10, 12, 16, 17, 20, 21, 22, 23, 25]   Q:5 M:5 F:5
   369. [1, 2, 4, 5, 6, 8, 10, 12, 16, 17, 20, 21, 23, 24, 25]   Q:5 M:5 F:5
   370. [1, 2, 4, 5, 6, 8, 10, 12, 16, 20, 21, 22, 23, 24, 25]   Q:5 M:5 F:5
   371. [1, 2, 4, 5, 6, 8, 10, 16, 17, 20, 21, 22, 23, 24, 25]   Q:5 M:5 F:5
   372. [1, 2, 4, 5, 6, 10, 12, 16, 17, 20, 21, 22, 23, 24, 25]  Q:5 M:5 F:5
   373. [1, 2, 4, 5, 6, 8, 10, 12, 17, 18, 20, 21, 22, 23, 24]   Q:5 M:5 F:5
   374. [1, 2, 4, 5, 6, 8, 10, 12, 17, 18, 20, 21, 22, 23, 25]   Q:5 M:5 F:5
   375. [1, 2, 4, 5, 6, 8, 10, 12, 17, 18, 20, 21, 23, 24, 25]   Q:5 M:5 F:5
   376. [1, 2, 4, 5, 6, 8, 10, 12, 18, 20, 21, 22, 23, 24, 25]   Q:5 M:5 F:5
   377. [1, 2, 4, 5, 6, 8, 10, 17, 18, 20, 21, 22, 23, 24, 25]   Q:5 M:5 F:5
   378. [1, 2, 4, 5, 6, 10, 12, 17, 18, 20, 21, 22, 23, 24, 25]  Q:5 M:5 F:5
   379. [1, 2, 4, 5, 6, 8, 10, 12, 17, 19, 20, 21, 22, 23, 24]   Q:5 M:5 F:5
   380. [1, 2, 4, 5, 6, 8, 10, 12, 17, 19, 20, 21, 22, 23, 25]   Q:5 M:5 F:5
   381. [1, 2, 4, 5, 6, 8, 10, 12, 17, 19, 20, 21, 23, 24, 25]   Q:5 M:5 F:5
   382. [1, 2, 4, 5, 6, 8, 10, 12, 19, 20, 21, 22, 23, 24, 25]   Q:5 M:5 F:5
   383. [1, 2, 4, 5, 6, 8, 10, 17, 19, 20, 21, 22, 23, 24, 25]   Q:5 M:5 F:5
   384. [1, 2, 4, 5, 6, 10, 12, 17, 19, 20, 21, 22, 23, 24, 25]  Q:5 M:5 F:5
   385. [1, 2, 4, 5, 7, 8, 9, 10, 12, 17, 20, 21, 22, 23, 24]    Q:5 M:5 F:5
   386. [1, 2, 4, 5, 7, 8, 9, 10, 12, 17, 20, 21, 22, 23, 25]    Q:5 M:5 F:5
   387. [1, 2, 4, 5, 7, 8, 9, 10, 12, 17, 20, 21, 23, 24, 25]    Q:5 M:5 F:5
   388. [1, 2, 4, 5, 7, 8, 9, 10, 12, 20, 21, 22, 23, 24, 25]    Q:5 M:5 F:5
   389. [1, 2, 4, 5, 7, 8, 9, 10, 17, 20, 21, 22, 23, 24, 25]    Q:5 M:5 F:5
   390. [1, 2, 4, 5, 7, 9, 10, 12, 17, 20, 21, 22, 23, 24, 25]   Q:5 M:5 F:5
   391. [1, 2, 4, 5, 7, 8, 10, 11, 12, 17, 20, 21, 22, 23, 24]   Q:5 M:5 F:5
   392. [1, 2, 4, 5, 7, 8, 10, 11, 12, 17, 20, 21, 22, 23, 25]   Q:5 M:5 F:5
   393. [1, 2, 4, 5, 7, 8, 10, 11, 12, 17, 20, 21, 23, 24, 25]   Q:5 M:5 F:5
   394. [1, 2, 4, 5, 7, 8, 10, 11, 12, 20, 21, 22, 23, 24, 25]   Q:5 M:5 F:5
   395. [1, 2, 4, 5, 7, 8, 10, 11, 17, 20, 21, 22, 23, 24, 25]   Q:5 M:5 F:5
   396. [1, 2, 4, 5, 7, 10, 11, 12, 17, 20, 21, 22, 23, 24, 25]  Q:5 M:5 F:5
   397. [1, 2, 4, 5, 7, 8, 10, 12, 13, 17, 20, 21, 22, 23, 24]   Q:5 M:5 F:5
   398. [1, 2, 4, 5, 7, 8, 10, 12, 13, 17, 20, 21, 22, 23, 25]   Q:5 M:5 F:5
   399. [1, 2, 4, 5, 7, 8, 10, 12, 13, 17, 20, 21, 23, 24, 25]   Q:5 M:5 F:5
   400. [1, 2, 4, 5, 7, 8, 10, 12, 13, 20, 21, 22, 23, 24, 25]   Q:5 M:5 F:5
   401. [1, 2, 4, 5, 7, 8, 10, 13, 17, 20, 21, 22, 23, 24, 25]   Q:5 M:5 F:5
   402. [1, 2, 4, 5, 7, 10, 12, 13, 17, 20, 21, 22, 23, 24, 25]  Q:5 M:5 F:5
   403. [1, 2, 4, 5, 7, 8, 10, 12, 14, 17, 20, 21, 22, 23, 24]   Q:5 M:5 F:5
   404. [1, 2, 4, 5, 7, 8, 10, 12, 14, 17, 20, 21, 22, 23, 25]   Q:5 M:5 F:5
   405. [1, 2, 4, 5, 7, 8, 10, 12, 14, 17, 20, 21, 23, 24, 25]   Q:5 M:5 F:5
   406. [1, 2, 4, 5, 7, 8, 10, 12, 14, 20, 21, 22, 23, 24, 25]   Q:5 M:5 F:5
   407. [1, 2, 4, 5, 7, 8, 10, 14, 17, 20, 21, 22, 23, 24, 25]   Q:5 M:5 F:5
   408. [1, 2, 4, 5, 7, 10, 12, 14, 17, 20, 21, 22, 23, 24, 25]  Q:5 M:5 F:5
   409. [1, 2, 4, 5, 7, 8, 10, 12, 15, 17, 20, 21, 22, 23, 24]   Q:5 M:5 F:5
   410. [1, 2, 4, 5, 7, 8, 10, 12, 15, 17, 20, 21, 22, 23, 25]   Q:5 M:5 F:5
   411. [1, 2, 4, 5, 7, 8, 10, 12, 15, 17, 20, 21, 23, 24, 25]   Q:5 M:5 F:5
   412. [1, 2, 4, 5, 7, 8, 10, 12, 15, 20, 21, 22, 23, 24, 25]   Q:5 M:5 F:5
   413. [1, 2, 4, 5, 7, 8, 10, 15, 17, 20, 21, 22, 23, 24, 25]   Q:5 M:5 F:5
   414. [1, 2, 4, 5, 7, 10, 12, 15, 17, 20, 21, 22, 23, 24, 25]  Q:5 M:5 F:5
   415. [1, 2, 4, 5, 7, 8, 10, 12, 16, 17, 20, 21, 22, 23, 24]   Q:5 M:5 F:5
   416. [1, 2, 4, 5, 7, 8, 10, 12, 16, 17, 20, 21, 22, 23, 25]   Q:5 M:5 F:5
   417. [1, 2, 4, 5, 7, 8, 10, 12, 16, 17, 20, 21, 23, 24, 25]   Q:5 M:5 F:5
   418. [1, 2, 4, 5, 7, 8, 10, 12, 16, 20, 21, 22, 23, 24, 25]   Q:5 M:5 F:5
   419. [1, 2, 4, 5, 7, 8, 10, 16, 17, 20, 21, 22, 23, 24, 25]   Q:5 M:5 F:5
   420. [1, 2, 4, 5, 7, 10, 12, 16, 17, 20, 21, 22, 23, 24, 25]  Q:5 M:5 F:5
   421. [1, 2, 4, 5, 7, 8, 10, 12, 17, 18, 20, 21, 22, 23, 24]   Q:5 M:5 F:5
   422. [1, 2, 4, 5, 7, 8, 10, 12, 17, 18, 20, 21, 22, 23, 25]   Q:5 M:5 F:5
   423. [1, 2, 4, 5, 7, 8, 10, 12, 17, 18, 20, 21, 23, 24, 25]   Q:5 M:5 F:5
   424. [1, 2, 4, 5, 7, 8, 10, 12, 18, 20, 21, 22, 23, 24, 25]   Q:5 M:5 F:5
   425. [1, 2, 4, 5, 7, 8, 10, 17, 18, 20, 21, 22, 23, 24, 25]   Q:5 M:5 F:5
   426. [1, 2, 4, 5, 7, 10, 12, 17, 18, 20, 21, 22, 23, 24, 25]  Q:5 M:5 F:5
   427. [1, 2, 4, 5, 7, 8, 10, 12, 17, 19, 20, 21, 22, 23, 24]   Q:5 M:5 F:5
   428. [1, 2, 4, 5, 7, 8, 10, 12, 17, 19, 20, 21, 22, 23, 25]   Q:5 M:5 F:5
   429. [1, 2, 4, 5, 7, 8, 10, 12, 17, 19, 20, 21, 23, 24, 25]   Q:5 M:5 F:5
   430. [1, 2, 4, 5, 7, 8, 10, 12, 19, 20, 21, 22, 23, 24, 25]   Q:5 M:5 F:5
   431. [1, 2, 4, 5, 7, 8, 10, 17, 19, 20, 21, 22, 23, 24, 25]   Q:5 M:5 F:5
   432. [1, 2, 4, 5, 7, 10, 12, 17, 19, 20, 21, 22, 23, 24, 25]  Q:5 M:5 F:5
   433. [1, 2, 4, 5, 8, 9, 10, 11, 12, 17, 20, 21, 22, 23, 24]   Q:5 M:5 F:5
   434. [1, 2, 4, 5, 8, 9, 10, 11, 12, 17, 20, 21, 22, 23, 25]   Q:5 M:5 F:5
   435. [1, 2, 4, 5, 8, 9, 10, 11, 12, 17, 20, 21, 23, 24, 25]   Q:5 M:5 F:5
   436. [1, 2, 4, 5, 8, 9, 10, 11, 12, 20, 21, 22, 23, 24, 25]   Q:5 M:5 F:5
   437. [1, 2, 4, 5, 8, 9, 10, 11, 17, 20, 21, 22, 23, 24, 25]   Q:5 M:5 F:5
   438. [1, 2, 4, 5, 9, 10, 11, 12, 17, 20, 21, 22, 23, 24, 25]  Q:5 M:5 F:5
   439. [1, 2, 4, 5, 8, 9, 10, 12, 13, 17, 20, 21, 22, 23, 24]   Q:5 M:5 F:5
   440. [1, 2, 4, 5, 8, 9, 10, 12, 13, 17, 20, 21, 22, 23, 25]   Q:5 M:5 F:5
   441. [1, 2, 4, 5, 8, 9, 10, 12, 13, 17, 20, 21, 23, 24, 25]   Q:5 M:5 F:5
   442. [1, 2, 4, 5, 8, 9, 10, 12, 13, 20, 21, 22, 23, 24, 25]   Q:5 M:5 F:5
   443. [1, 2, 4, 5, 8, 9, 10, 13, 17, 20, 21, 22, 23, 24, 25]   Q:5 M:5 F:5
   444. [1, 2, 4, 5, 9, 10, 12, 13, 17, 20, 21, 22, 23, 24, 25]  Q:5 M:5 F:5
   445. [1, 2, 4, 5, 8, 9, 10, 12, 14, 17, 20, 21, 22, 23, 24]   Q:5 M:5 F:5
   446. [1, 2, 4, 5, 8, 9, 10, 12, 14, 17, 20, 21, 22, 23, 25]   Q:5 M:5 F:5
   447. [1, 2, 4, 5, 8, 9, 10, 12, 14, 17, 20, 21, 23, 24, 25]   Q:5 M:5 F:5
   448. [1, 2, 4, 5, 8, 9, 10, 12, 14, 20, 21, 22, 23, 24, 25]   Q:5 M:5 F:5
   449. [1, 2, 4, 5, 8, 9, 10, 14, 17, 20, 21, 22, 23, 24, 25]   Q:5 M:5 F:5
   450. [1, 2, 4, 5, 9, 10, 12, 14, 17, 20, 21, 22, 23, 24, 25]  Q:5 M:5 F:5
   451. [1, 2, 4, 5, 8, 9, 10, 12, 15, 17, 20, 21, 22, 23, 24]   Q:5 M:5 F:5
   452. [1, 2, 4, 5, 8, 9, 10, 12, 15, 17, 20, 21, 22, 23, 25]   Q:5 M:5 F:5
   453. [1, 2, 4, 5, 8, 9, 10, 12, 15, 17, 20, 21, 23, 24, 25]   Q:5 M:5 F:5
   454. [1, 2, 4, 5, 8, 9, 10, 12, 15, 20, 21, 22, 23, 24, 25]   Q:5 M:5 F:5
   455. [1, 2, 4, 5, 8, 9, 10, 15, 17, 20, 21, 22, 23, 24, 25]   Q:5 M:5 F:5
   456. [1, 2, 4, 5, 9, 10, 12, 15, 17, 20, 21, 22, 23, 24, 25]  Q:5 M:5 F:5
   457. [1, 2, 4, 5, 8, 9, 10, 12, 16, 17, 20, 21, 22, 23, 24]   Q:5 M:5 F:5
   458. [1, 2, 4, 5, 8, 9, 10, 12, 16, 17, 20, 21, 22, 23, 25]   Q:5 M:5 F:5
   459. [1, 2, 4, 5, 8, 9, 10, 12, 16, 17, 20, 21, 23, 24, 25]   Q:5 M:5 F:5
   460. [1, 2, 4, 5, 8, 9, 10, 12, 16, 20, 21, 22, 23, 24, 25]   Q:5 M:5 F:5
   461. [1, 2, 4, 5, 8, 9, 10, 16, 17, 20, 21, 22, 23, 24, 25]   Q:5 M:5 F:5
   462. [1, 2, 4, 5, 9, 10, 12, 16, 17, 20, 21, 22, 23, 24, 25]  Q:5 M:5 F:5
   463. [1, 2, 4, 5, 8, 9, 10, 12, 17, 18, 20, 21, 22, 23, 24]   Q:5 M:5 F:5
   464. [1, 2, 4, 5, 8, 9, 10, 12, 17, 18, 20, 21, 22, 23, 25]   Q:5 M:5 F:5
   465. [1, 2, 4, 5, 8, 9, 10, 12, 17, 18, 20, 21, 23, 24, 25]   Q:5 M:5 F:5
   466. [1, 2, 4, 5, 8, 9, 10, 12, 18, 20, 21, 22, 23, 24, 25]   Q:5 M:5 F:5
   467. [1, 2, 4, 5, 8, 9, 10, 17, 18, 20, 21, 22, 23, 24, 25]   Q:5 M:5 F:5
   468. [1, 2, 4, 5, 9, 10, 12, 17, 18, 20, 21, 22, 23, 24, 25]  Q:5 M:5 F:5
   469. [1, 2, 4, 5, 8, 9, 10, 12, 17, 19, 20, 21, 22, 23, 24]   Q:5 M:5 F:5
   470. [1, 2, 4, 5, 8, 9, 10, 12, 17, 19, 20, 21, 22, 23, 25]   Q:5 M:5 F:5
   471. [1, 2, 4, 5, 8, 9, 10, 12, 17, 19, 20, 21, 23, 24, 25]   Q:5 M:5 F:5
   472. [1, 2, 4, 5, 8, 9, 10, 12, 19, 20, 21, 22, 23, 24, 25]   Q:5 M:5 F:5
   473. [1, 2, 4, 5, 8, 9, 10, 17, 19, 20, 21, 22, 23, 24, 25]   Q:5 M:5 F:5
   474. [1, 2, 4, 5, 9, 10, 12, 17, 19, 20, 21, 22, 23, 24, 25]  Q:5 M:5 F:5
   475. [1, 2, 4, 5, 8, 10, 11, 12, 13, 17, 20, 21, 22, 23, 24]  Q:5 M:5 F:5
   476. [1, 2, 4, 5, 8, 10, 11, 12, 13, 17, 20, 21, 22, 23, 25]  Q:5 M:5 F:5
   477. [1, 2, 4, 5, 8, 10, 11, 12, 13, 17, 20, 21, 23, 24, 25]  Q:5 M:5 F:5
   478. [1, 2, 4, 5, 8, 10, 11, 12, 13, 20, 21, 22, 23, 24, 25]  Q:5 M:5 F:5
   479. [1, 2, 4, 5, 8, 10, 11, 13, 17, 20, 21, 22, 23, 24, 25]  Q:5 M:5 F:5
   480. [1, 2, 4, 5, 10, 11, 12, 13, 17, 20, 21, 22, 23, 24, 25]  Q:5 M:5 F:5
   481. [1, 2, 4, 5, 8, 10, 11, 12, 14, 17, 20, 21, 22, 23, 24]  Q:5 M:5 F:5
   482. [1, 2, 4, 5, 8, 10, 11, 12, 14, 17, 20, 21, 22, 23, 25]  Q:5 M:5 F:5
   483. [1, 2, 4, 5, 8, 10, 11, 12, 14, 17, 20, 21, 23, 24, 25]  Q:5 M:5 F:5
   484. [1, 2, 4, 5, 8, 10, 11, 12, 14, 20, 21, 22, 23, 24, 25]  Q:5 M:5 F:5
   485. [1, 2, 4, 5, 8, 10, 11, 14, 17, 20, 21, 22, 23, 24, 25]  Q:5 M:5 F:5
   486. [1, 2, 4, 5, 10, 11, 12, 14, 17, 20, 21, 22, 23, 24, 25]  Q:5 M:5 F:5
   487. [1, 2, 4, 5, 8, 10, 11, 12, 15, 17, 20, 21, 22, 23, 24]  Q:5 M:5 F:5
   488. [1, 2, 4, 5, 8, 10, 11, 12, 15, 17, 20, 21, 22, 23, 25]  Q:5 M:5 F:5
   489. [1, 2, 4, 5, 8, 10, 11, 12, 15, 17, 20, 21, 23, 24, 25]  Q:5 M:5 F:5
   490. [1, 2, 4, 5, 8, 10, 11, 12, 15, 20, 21, 22, 23, 24, 25]  Q:5 M:5 F:5
   491. [1, 2, 4, 5, 8, 10, 11, 15, 17, 20, 21, 22, 23, 24, 25]  Q:5 M:5 F:5
   492. [1, 2, 4, 5, 10, 11, 12, 15, 17, 20, 21, 22, 23, 24, 25]  Q:5 M:5 F:5
   493. [1, 2, 4, 5, 8, 10, 11, 12, 16, 17, 20, 21, 22, 23, 24]  Q:5 M:5 F:5
   494. [1, 2, 4, 5, 8, 10, 11, 12, 16, 17, 20, 21, 22, 23, 25]  Q:5 M:5 F:5
   495. [1, 2, 4, 5, 8, 10, 11, 12, 16, 17, 20, 21, 23, 24, 25]  Q:5 M:5 F:5
   496. [1, 2, 4, 5, 8, 10, 11, 12, 16, 20, 21, 22, 23, 24, 25]  Q:5 M:5 F:5
   497. [1, 2, 4, 5, 8, 10, 11, 16, 17, 20, 21, 22, 23, 24, 25]  Q:5 M:5 F:5
   498. [1, 2, 4, 5, 10, 11, 12, 16, 17, 20, 21, 22, 23, 24, 25]  Q:5 M:5 F:5
   499. [1, 2, 4, 5, 8, 10, 11, 12, 17, 18, 20, 21, 22, 23, 24]  Q:5 M:5 F:5
   500. [1, 2, 4, 5, 8, 10, 11, 12, 17, 18, 20, 21, 22, 23, 25]  Q:5 M:5 F:5
   501. [1, 2, 4, 5, 8, 10, 11, 12, 17, 18, 20, 21, 23, 24, 25]  Q:5 M:5 F:5
   502. [1, 2, 4, 5, 8, 10, 11, 12, 18, 20, 21, 22, 23, 24, 25]  Q:5 M:5 F:5
   503. [1, 2, 4, 5, 8, 10, 11, 17, 18, 20, 21, 22, 23, 24, 25]  Q:5 M:5 F:5
   504. [1, 2, 4, 5, 10, 11, 12, 17, 18, 20, 21, 22, 23, 24, 25]  Q:5 M:5 F:5
   505. [1, 2, 4, 5, 8, 10, 11, 12, 17, 19, 20, 21, 22, 23, 24]  Q:5 M:5 F:5
   506. [1, 2, 4, 5, 8, 10, 11, 12, 17, 19, 20, 21, 22, 23, 25]  Q:5 M:5 F:5
   507. [1, 2, 4, 5, 8, 10, 11, 12, 17, 19, 20, 21, 23, 24, 25]  Q:5 M:5 F:5
   508. [1, 2, 4, 5, 8, 10, 11, 12, 19, 20, 21, 22, 23, 24, 25]  Q:5 M:5 F:5
   509. [1, 2, 4, 5, 8, 10, 11, 17, 19, 20, 21, 22, 23, 24, 25]  Q:5 M:5 F:5
   510. [1, 2, 4, 5, 10, 11, 12, 17, 19, 20, 21, 22, 23, 24, 25]  Q:5 M:5 F:5
   511. [1, 2, 4, 5, 8, 10, 12, 13, 14, 17, 20, 21, 22, 23, 24]  Q:5 M:5 F:5
   512. [1, 2, 4, 5, 8, 10, 12, 13, 14, 17, 20, 21, 22, 23, 25]  Q:5 M:5 F:5
   513. [1, 2, 4, 5, 8, 10, 12, 13, 14, 17, 20, 21, 23, 24, 25]  Q:5 M:5 F:5
   514. [1, 2, 4, 5, 8, 10, 12, 13, 14, 20, 21, 22, 23, 24, 25]  Q:5 M:5 F:5
   515. [1, 2, 4, 5, 8, 10, 13, 14, 17, 20, 21, 22, 23, 24, 25]  Q:5 M:5 F:5
   516. [1, 2, 4, 5, 10, 12, 13, 14, 17, 20, 21, 22, 23, 24, 25]  Q:5 M:5 F:5
   517. [1, 2, 4, 5, 8, 10, 12, 13, 15, 17, 20, 21, 22, 23, 24]  Q:5 M:5 F:5
   518. [1, 2, 4, 5, 8, 10, 12, 13, 15, 17, 20, 21, 22, 23, 25]  Q:5 M:5 F:5
   519. [1, 2, 4, 5, 8, 10, 12, 13, 15, 17, 20, 21, 23, 24, 25]  Q:5 M:5 F:5
   520. [1, 2, 4, 5, 8, 10, 12, 13, 15, 20, 21, 22, 23, 24, 25]  Q:5 M:5 F:5
   521. [1, 2, 4, 5, 8, 10, 13, 15, 17, 20, 21, 22, 23, 24, 25]  Q:5 M:5 F:5
   522. [1, 2, 4, 5, 10, 12, 13, 15, 17, 20, 21, 22, 23, 24, 25]  Q:5 M:5 F:5
   523. [1, 2, 4, 5, 8, 10, 12, 13, 16, 17, 20, 21, 22, 23, 24]  Q:5 M:5 F:5
   524. [1, 2, 4, 5, 8, 10, 12, 13, 16, 17, 20, 21, 22, 23, 25]  Q:5 M:5 F:5
   525. [1, 2, 4, 5, 8, 10, 12, 13, 16, 17, 20, 21, 23, 24, 25]  Q:5 M:5 F:5
   526. [1, 2, 4, 5, 8, 10, 12, 13, 16, 20, 21, 22, 23, 24, 25]  Q:5 M:5 F:5
   527. [1, 2, 4, 5, 8, 10, 13, 16, 17, 20, 21, 22, 23, 24, 25]  Q:5 M:5 F:5
   528. [1, 2, 4, 5, 10, 12, 13, 16, 17, 20, 21, 22, 23, 24, 25]  Q:5 M:5 F:5
   529. [1, 2, 4, 5, 8, 10, 12, 13, 17, 18, 20, 21, 22, 23, 24]  Q:5 M:5 F:5
   530. [1, 2, 4, 5, 8, 10, 12, 13, 17, 18, 20, 21, 22, 23, 25]  Q:5 M:5 F:5
   531. [1, 2, 4, 5, 8, 10, 12, 13, 17, 18, 20, 21, 23, 24, 25]  Q:5 M:5 F:5
   532. [1, 2, 4, 5, 8, 10, 12, 13, 18, 20, 21, 22, 23, 24, 25]  Q:5 M:5 F:5
   533. [1, 2, 4, 5, 8, 10, 13, 17, 18, 20, 21, 22, 23, 24, 25]  Q:5 M:5 F:5
   534. [1, 2, 4, 5, 10, 12, 13, 17, 18, 20, 21, 22, 23, 24, 25]  Q:5 M:5 F:5
   535. [1, 2, 4, 5, 8, 10, 12, 13, 17, 19, 20, 21, 22, 23, 24]  Q:5 M:5 F:5
   536. [1, 2, 4, 5, 8, 10, 12, 13, 17, 19, 20, 21, 22, 23, 25]  Q:5 M:5 F:5
   537. [1, 2, 4, 5, 8, 10, 12, 13, 17, 19, 20, 21, 23, 24, 25]  Q:5 M:5 F:5
   538. [1, 2, 4, 5, 8, 10, 12, 13, 19, 20, 21, 22, 23, 24, 25]  Q:5 M:5 F:5
   539. [1, 2, 4, 5, 8, 10, 13, 17, 19, 20, 21, 22, 23, 24, 25]  Q:5 M:5 F:5
   540. [1, 2, 4, 5, 10, 12, 13, 17, 19, 20, 21, 22, 23, 24, 25]  Q:5 M:5 F:5
   541. [1, 2, 4, 5, 8, 10, 12, 14, 15, 17, 20, 21, 22, 23, 24]  Q:5 M:5 F:5
   542. [1, 2, 4, 5, 8, 10, 12, 14, 15, 17, 20, 21, 22, 23, 25]  Q:5 M:5 F:5
   543. [1, 2, 4, 5, 8, 10, 12, 14, 15, 17, 20, 21, 23, 24, 25]  Q:5 M:5 F:5
   544. [1, 2, 4, 5, 8, 10, 12, 14, 15, 20, 21, 22, 23, 24, 25]  Q:5 M:5 F:5
   545. [1, 2, 4, 5, 8, 10, 14, 15, 17, 20, 21, 22, 23, 24, 25]  Q:5 M:5 F:5
   546. [1, 2, 4, 5, 10, 12, 14, 15, 17, 20, 21, 22, 23, 24, 25]  Q:5 M:5 F:5
   547. [1, 2, 4, 5, 8, 10, 12, 14, 16, 17, 20, 21, 22, 23, 24]  Q:5 M:5 F:5
   548. [1, 2, 4, 5, 8, 10, 12, 14, 16, 17, 20, 21, 22, 23, 25]  Q:5 M:5 F:5
   549. [1, 2, 4, 5, 8, 10, 12, 14, 16, 17, 20, 21, 23, 24, 25]  Q:5 M:5 F:5
   550. [1, 2, 4, 5, 8, 10, 12, 14, 16, 20, 21, 22, 23, 24, 25]  Q:5 M:5 F:5
   551. [1, 2, 4, 5, 8, 10, 14, 16, 17, 20, 21, 22, 23, 24, 25]  Q:5 M:5 F:5
   552. [1, 2, 4, 5, 10, 12, 14, 16, 17, 20, 21, 22, 23, 24, 25]  Q:5 M:5 F:5
   553. [1, 2, 4, 5, 8, 10, 12, 14, 17, 18, 20, 21, 22, 23, 24]  Q:5 M:5 F:5
   554. [1, 2, 4, 5, 8, 10, 12, 14, 17, 18, 20, 21, 22, 23, 25]  Q:5 M:5 F:5
   555. [1, 2, 4, 5, 8, 10, 12, 14, 17, 18, 20, 21, 23, 24, 25]  Q:5 M:5 F:5
   556. [1, 2, 4, 5, 8, 10, 12, 14, 18, 20, 21, 22, 23, 24, 25]  Q:5 M:5 F:5
   557. [1, 2, 4, 5, 8, 10, 14, 17, 18, 20, 21, 22, 23, 24, 25]  Q:5 M:5 F:5
   558. [1, 2, 4, 5, 10, 12, 14, 17, 18, 20, 21, 22, 23, 24, 25]  Q:5 M:5 F:5
   559. [1, 2, 4, 5, 8, 10, 12, 14, 17, 19, 20, 21, 22, 23, 24]  Q:5 M:5 F:5
   560. [1, 2, 4, 5, 8, 10, 12, 14, 17, 19, 20, 21, 22, 23, 25]  Q:5 M:5 F:5
   561. [1, 2, 4, 5, 8, 10, 12, 14, 17, 19, 20, 21, 23, 24, 25]  Q:5 M:5 F:5
   562. [1, 2, 4, 5, 8, 10, 12, 14, 19, 20, 21, 22, 23, 24, 25]  Q:5 M:5 F:5
   563. [1, 2, 4, 5, 8, 10, 14, 17, 19, 20, 21, 22, 23, 24, 25]  Q:5 M:5 F:5
   564. [1, 2, 4, 5, 10, 12, 14, 17, 19, 20, 21, 22, 23, 24, 25]  Q:5 M:5 F:5
   565. [1, 2, 4, 5, 8, 10, 12, 15, 16, 17, 20, 21, 22, 23, 24]  Q:5 M:5 F:5
   566. [1, 2, 4, 5, 8, 10, 12, 15, 16, 17, 20, 21, 22, 23, 25]  Q:5 M:5 F:5
   567. [1, 2, 4, 5, 8, 10, 12, 15, 16, 17, 20, 21, 23, 24, 25]  Q:5 M:5 F:5
   568. [1, 2, 4, 5, 8, 10, 12, 15, 16, 20, 21, 22, 23, 24, 25]  Q:5 M:5 F:5
   569. [1, 2, 4, 5, 8, 10, 15, 16, 17, 20, 21, 22, 23, 24, 25]  Q:5 M:5 F:5
   570. [1, 2, 4, 5, 10, 12, 15, 16, 17, 20, 21, 22, 23, 24, 25]  Q:5 M:5 F:5
   571. [1, 2, 4, 5, 8, 10, 12, 15, 17, 18, 20, 21, 22, 23, 24]  Q:5 M:5 F:5
   572. [1, 2, 4, 5, 8, 10, 12, 15, 17, 18, 20, 21, 22, 23, 25]  Q:5 M:5 F:5
   573. [1, 2, 4, 5, 8, 10, 12, 15, 17, 18, 20, 21, 23, 24, 25]  Q:5 M:5 F:5
   574. [1, 2, 4, 5, 8, 10, 12, 15, 18, 20, 21, 22, 23, 24, 25]  Q:5 M:5 F:5
   575. [1, 2, 4, 5, 8, 10, 15, 17, 18, 20, 21, 22, 23, 24, 25]  Q:5 M:5 F:5
   576. [1, 2, 4, 5, 10, 12, 15, 17, 18, 20, 21, 22, 23, 24, 25]  Q:5 M:5 F:5
   577. [1, 2, 4, 5, 8, 10, 12, 15, 17, 19, 20, 21, 22, 23, 24]  Q:5 M:5 F:5
   578. [1, 2, 4, 5, 8, 10, 12, 15, 17, 19, 20, 21, 22, 23, 25]  Q:5 M:5 F:5
   579. [1, 2, 4, 5, 8, 10, 12, 15, 17, 19, 20, 21, 23, 24, 25]  Q:5 M:5 F:5
   580. [1, 2, 4, 5, 8, 10, 12, 15, 19, 20, 21, 22, 23, 24, 25]  Q:5 M:5 F:5
   581. [1, 2, 4, 5, 8, 10, 15, 17, 19, 20, 21, 22, 23, 24, 25]  Q:5 M:5 F:5
   582. [1, 2, 4, 5, 10, 12, 15, 17, 19, 20, 21, 22, 23, 24, 25]  Q:5 M:5 F:5
   583. [1, 2, 4, 5, 8, 10, 12, 16, 17, 18, 20, 21, 22, 23, 24]  Q:5 M:5 F:5
   584. [1, 2, 4, 5, 8, 10, 12, 16, 17, 18, 20, 21, 22, 23, 25]  Q:5 M:5 F:5
   585. [1, 2, 4, 5, 8, 10, 12, 16, 17, 18, 20, 21, 23, 24, 25]  Q:5 M:5 F:5
   586. [1, 2, 4, 5, 8, 10, 12, 16, 18, 20, 21, 22, 23, 24, 25]  Q:5 M:5 F:5
   587. [1, 2, 4, 5, 8, 10, 16, 17, 18, 20, 21, 22, 23, 24, 25]  Q:5 M:5 F:5
   588. [1, 2, 4, 5, 10, 12, 16, 17, 18, 20, 21, 22, 23, 24, 25]  Q:5 M:5 F:5
   589. [1, 2, 4, 5, 8, 10, 12, 16, 17, 19, 20, 21, 22, 23, 24]  Q:5 M:5 F:5
   590. [1, 2, 4, 5, 8, 10, 12, 16, 17, 19, 20, 21, 22, 23, 25]  Q:5 M:5 F:5
   591. [1, 2, 4, 5, 8, 10, 12, 16, 17, 19, 20, 21, 23, 24, 25]  Q:5 M:5 F:5
   592. [1, 2, 4, 5, 8, 10, 12, 16, 19, 20, 21, 22, 23, 24, 25]  Q:5 M:5 F:5
   593. [1, 2, 4, 5, 8, 10, 16, 17, 19, 20, 21, 22, 23, 24, 25]  Q:5 M:5 F:5
   594. [1, 2, 4, 5, 10, 12, 16, 17, 19, 20, 21, 22, 23, 24, 25]  Q:5 M:5 F:5
   595. [1, 2, 4, 5, 8, 10, 12, 17, 18, 19, 20, 21, 22, 23, 24]  Q:5 M:5 F:5
   596. [1, 2, 4, 5, 8, 10, 12, 17, 18, 19, 20, 21, 22, 23, 25]  Q:5 M:5 F:5
   597. [1, 2, 4, 5, 8, 10, 12, 17, 18, 19, 20, 21, 23, 24, 25]  Q:5 M:5 F:5
   598. [1, 2, 4, 5, 8, 10, 12, 18, 19, 20, 21, 22, 23, 24, 25]  Q:5 M:5 F:5
   599. [1, 2, 4, 5, 8, 10, 17, 18, 19, 20, 21, 22, 23, 24, 25]  Q:5 M:5 F:5
   600. [1, 2, 4, 5, 10, 12, 17, 18, 19, 20, 21, 22, 23, 24, 25]  Q:5 M:5 F:5
   601. [1, 2, 5, 6, 7, 8, 9, 10, 12, 17, 20, 21, 22, 23, 24]    Q:5 M:5 F:5
   602. [1, 2, 5, 6, 7, 8, 9, 10, 12, 17, 20, 21, 22, 23, 25]    Q:5 M:5 F:5
   603. [1, 2, 5, 6, 7, 8, 9, 10, 12, 17, 20, 21, 23, 24, 25]    Q:5 M:5 F:5
   604. [1, 2, 5, 6, 7, 8, 9, 10, 12, 20, 21, 22, 23, 24, 25]    Q:5 M:5 F:5
   605. [1, 2, 5, 6, 7, 8, 9, 10, 17, 20, 21, 22, 23, 24, 25]    Q:5 M:5 F:5
   606. [1, 2, 5, 6, 7, 9, 10, 12, 17, 20, 21, 22, 23, 24, 25]   Q:5 M:5 F:5
   607. [1, 2, 5, 6, 7, 8, 10, 11, 12, 17, 20, 21, 22, 23, 24]   Q:5 M:5 F:5
   608. [1, 2, 5, 6, 7, 8, 10, 11, 12, 17, 20, 21, 22, 23, 25]   Q:5 M:5 F:5
   609. [1, 2, 5, 6, 7, 8, 10, 11, 12, 17, 20, 21, 23, 24, 25]   Q:5 M:5 F:5
   610. [1, 2, 5, 6, 7, 8, 10, 11, 12, 20, 21, 22, 23, 24, 25]   Q:5 M:5 F:5
   611. [1, 2, 5, 6, 7, 8, 10, 11, 17, 20, 21, 22, 23, 24, 25]   Q:5 M:5 F:5
   612. [1, 2, 5, 6, 7, 10, 11, 12, 17, 20, 21, 22, 23, 24, 25]  Q:5 M:5 F:5
   613. [1, 2, 5, 6, 7, 8, 10, 12, 13, 17, 20, 21, 22, 23, 24]   Q:5 M:5 F:5
   614. [1, 2, 5, 6, 7, 8, 10, 12, 13, 17, 20, 21, 22, 23, 25]   Q:5 M:5 F:5
   615. [1, 2, 5, 6, 7, 8, 10, 12, 13, 17, 20, 21, 23, 24, 25]   Q:5 M:5 F:5
   616. [1, 2, 5, 6, 7, 8, 10, 12, 13, 20, 21, 22, 23, 24, 25]   Q:5 M:5 F:5
   617. [1, 2, 5, 6, 7, 8, 10, 13, 17, 20, 21, 22, 23, 24, 25]   Q:5 M:5 F:5
   618. [1, 2, 5, 6, 7, 10, 12, 13, 17, 20, 21, 22, 23, 24, 25]  Q:5 M:5 F:5
   619. [1, 2, 5, 6, 7, 8, 10, 12, 14, 17, 20, 21, 22, 23, 24]   Q:5 M:5 F:5
   620. [1, 2, 5, 6, 7, 8, 10, 12, 14, 17, 20, 21, 22, 23, 25]   Q:5 M:5 F:5
   621. [1, 2, 5, 6, 7, 8, 10, 12, 14, 17, 20, 21, 23, 24, 25]   Q:5 M:5 F:5
   622. [1, 2, 5, 6, 7, 8, 10, 12, 14, 20, 21, 22, 23, 24, 25]   Q:5 M:5 F:5
   623. [1, 2, 5, 6, 7, 8, 10, 14, 17, 20, 21, 22, 23, 24, 25]   Q:5 M:5 F:5
   624. [1, 2, 5, 6, 7, 10, 12, 14, 17, 20, 21, 22, 23, 24, 25]  Q:5 M:5 F:5
   625. [1, 2, 5, 6, 7, 8, 10, 12, 15, 17, 20, 21, 22, 23, 24]   Q:5 M:5 F:5
   626. [1, 2, 5, 6, 7, 8, 10, 12, 15, 17, 20, 21, 22, 23, 25]   Q:5 M:5 F:5
   627. [1, 2, 5, 6, 7, 8, 10, 12, 15, 17, 20, 21, 23, 24, 25]   Q:5 M:5 F:5
   628. [1, 2, 5, 6, 7, 8, 10, 12, 15, 20, 21, 22, 23, 24, 25]   Q:5 M:5 F:5
   629. [1, 2, 5, 6, 7, 8, 10, 15, 17, 20, 21, 22, 23, 24, 25]   Q:5 M:5 F:5
   630. [1, 2, 5, 6, 7, 10, 12, 15, 17, 20, 21, 22, 23, 24, 25]  Q:5 M:5 F:5
   631. [1, 2, 5, 6, 7, 8, 10, 12, 16, 17, 20, 21, 22, 23, 24]   Q:5 M:5 F:5
   632. [1, 2, 5, 6, 7, 8, 10, 12, 16, 17, 20, 21, 22, 23, 25]   Q:5 M:5 F:5
   633. [1, 2, 5, 6, 7, 8, 10, 12, 16, 17, 20, 21, 23, 24, 25]   Q:5 M:5 F:5
   634. [1, 2, 5, 6, 7, 8, 10, 12, 16, 20, 21, 22, 23, 24, 25]   Q:5 M:5 F:5
   635. [1, 2, 5, 6, 7, 8, 10, 16, 17, 20, 21, 22, 23, 24, 25]   Q:5 M:5 F:5
   636. [1, 2, 5, 6, 7, 10, 12, 16, 17, 20, 21, 22, 23, 24, 25]  Q:5 M:5 F:5
   637. [1, 2, 5, 6, 7, 8, 10, 12, 17, 18, 20, 21, 22, 23, 24]   Q:5 M:5 F:5
   638. [1, 2, 5, 6, 7, 8, 10, 12, 17, 18, 20, 21, 22, 23, 25]   Q:5 M:5 F:5
   639. [1, 2, 5, 6, 7, 8, 10, 12, 17, 18, 20, 21, 23, 24, 25]   Q:5 M:5 F:5
   640. [1, 2, 5, 6, 7, 8, 10, 12, 18, 20, 21, 22, 23, 24, 25]   Q:5 M:5 F:5
   641. [1, 2, 5, 6, 7, 8, 10, 17, 18, 20, 21, 22, 23, 24, 25]   Q:5 M:5 F:5
   642. [1, 2, 5, 6, 7, 10, 12, 17, 18, 20, 21, 22, 23, 24, 25]  Q:5 M:5 F:5
   643. [1, 2, 5, 6, 7, 8, 10, 12, 17, 19, 20, 21, 22, 23, 24]   Q:5 M:5 F:5
   644. [1, 2, 5, 6, 7, 8, 10, 12, 17, 19, 20, 21, 22, 23, 25]   Q:5 M:5 F:5
   645. [1, 2, 5, 6, 7, 8, 10, 12, 17, 19, 20, 21, 23, 24, 25]   Q:5 M:5 F:5
   646. [1, 2, 5, 6, 7, 8, 10, 12, 19, 20, 21, 22, 23, 24, 25]   Q:5 M:5 F:5
   647. [1, 2, 5, 6, 7, 8, 10, 17, 19, 20, 21, 22, 23, 24, 25]   Q:5 M:5 F:5
   648. [1, 2, 5, 6, 7, 10, 12, 17, 19, 20, 21, 22, 23, 24, 25]  Q:5 M:5 F:5
   649. [1, 2, 5, 6, 8, 9, 10, 11, 12, 17, 20, 21, 22, 23, 24]   Q:5 M:5 F:5
   650. [1, 2, 5, 6, 8, 9, 10, 11, 12, 17, 20, 21, 22, 23, 25]   Q:5 M:5 F:5
   651. [1, 2, 5, 6, 8, 9, 10, 11, 12, 17, 20, 21, 23, 24, 25]   Q:5 M:5 F:5
   652. [1, 2, 5, 6, 8, 9, 10, 11, 12, 20, 21, 22, 23, 24, 25]   Q:5 M:5 F:5
   653. [1, 2, 5, 6, 8, 9, 10, 11, 17, 20, 21, 22, 23, 24, 25]   Q:5 M:5 F:5
   654. [1, 2, 5, 6, 9, 10, 11, 12, 17, 20, 21, 22, 23, 24, 25]  Q:5 M:5 F:5
   655. [1, 2, 5, 6, 8, 9, 10, 12, 13, 17, 20, 21, 22, 23, 24]   Q:5 M:5 F:5
   656. [1, 2, 5, 6, 8, 9, 10, 12, 13, 17, 20, 21, 22, 23, 25]   Q:5 M:5 F:5
   657. [1, 2, 5, 6, 8, 9, 10, 12, 13, 17, 20, 21, 23, 24, 25]   Q:5 M:5 F:5
   658. [1, 2, 5, 6, 8, 9, 10, 12, 13, 20, 21, 22, 23, 24, 25]   Q:5 M:5 F:5
   659. [1, 2, 5, 6, 8, 9, 10, 13, 17, 20, 21, 22, 23, 24, 25]   Q:5 M:5 F:5
   660. [1, 2, 5, 6, 9, 10, 12, 13, 17, 20, 21, 22, 23, 24, 25]  Q:5 M:5 F:5
   661. [1, 2, 5, 6, 8, 9, 10, 12, 14, 17, 20, 21, 22, 23, 24]   Q:5 M:5 F:5
   662. [1, 2, 5, 6, 8, 9, 10, 12, 14, 17, 20, 21, 22, 23, 25]   Q:5 M:5 F:5
   663. [1, 2, 5, 6, 8, 9, 10, 12, 14, 17, 20, 21, 23, 24, 25]   Q:5 M:5 F:5
   664. [1, 2, 5, 6, 8, 9, 10, 12, 14, 20, 21, 22, 23, 24, 25]   Q:5 M:5 F:5
   665. [1, 2, 5, 6, 8, 9, 10, 14, 17, 20, 21, 22, 23, 24, 25]   Q:5 M:5 F:5
   666. [1, 2, 5, 6, 9, 10, 12, 14, 17, 20, 21, 22, 23, 24, 25]  Q:5 M:5 F:5
   667. [1, 2, 5, 6, 8, 9, 10, 12, 15, 17, 20, 21, 22, 23, 24]   Q:5 M:5 F:5
   668. [1, 2, 5, 6, 8, 9, 10, 12, 15, 17, 20, 21, 22, 23, 25]   Q:5 M:5 F:5
   669. [1, 2, 5, 6, 8, 9, 10, 12, 15, 17, 20, 21, 23, 24, 25]   Q:5 M:5 F:5
   670. [1, 2, 5, 6, 8, 9, 10, 12, 15, 20, 21, 22, 23, 24, 25]   Q:5 M:5 F:5
   671. [1, 2, 5, 6, 8, 9, 10, 15, 17, 20, 21, 22, 23, 24, 25]   Q:5 M:5 F:5
   672. [1, 2, 5, 6, 9, 10, 12, 15, 17, 20, 21, 22, 23, 24, 25]  Q:5 M:5 F:5
   673. [1, 2, 5, 6, 8, 9, 10, 12, 16, 17, 20, 21, 22, 23, 24]   Q:5 M:5 F:5
   674. [1, 2, 5, 6, 8, 9, 10, 12, 16, 17, 20, 21, 22, 23, 25]   Q:5 M:5 F:5
   675. [1, 2, 5, 6, 8, 9, 10, 12, 16, 17, 20, 21, 23, 24, 25]   Q:5 M:5 F:5
   676. [1, 2, 5, 6, 8, 9, 10, 12, 16, 20, 21, 22, 23, 24, 25]   Q:5 M:5 F:5
   677. [1, 2, 5, 6, 8, 9, 10, 16, 17, 20, 21, 22, 23, 24, 25]   Q:5 M:5 F:5
   678. [1, 2, 5, 6, 9, 10, 12, 16, 17, 20, 21, 22, 23, 24, 25]  Q:5 M:5 F:5
   679. [1, 2, 5, 6, 8, 9, 10, 12, 17, 18, 20, 21, 22, 23, 24]   Q:5 M:5 F:5
   680. [1, 2, 5, 6, 8, 9, 10, 12, 17, 18, 20, 21, 22, 23, 25]   Q:5 M:5 F:5
   681. [1, 2, 5, 6, 8, 9, 10, 12, 17, 18, 20, 21, 23, 24, 25]   Q:5 M:5 F:5
   682. [1, 2, 5, 6, 8, 9, 10, 12, 18, 20, 21, 22, 23, 24, 25]   Q:5 M:5 F:5
   683. [1, 2, 5, 6, 8, 9, 10, 17, 18, 20, 21, 22, 23, 24, 25]   Q:5 M:5 F:5
   684. [1, 2, 5, 6, 9, 10, 12, 17, 18, 20, 21, 22, 23, 24, 25]  Q:5 M:5 F:5
   685. [1, 2, 5, 6, 8, 9, 10, 12, 17, 19, 20, 21, 22, 23, 24]   Q:5 M:5 F:5
   686. [1, 2, 5, 6, 8, 9, 10, 12, 17, 19, 20, 21, 22, 23, 25]   Q:5 M:5 F:5
   687. [1, 2, 5, 6, 8, 9, 10, 12, 17, 19, 20, 21, 23, 24, 25]   Q:5 M:5 F:5
   688. [1, 2, 5, 6, 8, 9, 10, 12, 19, 20, 21, 22, 23, 24, 25]   Q:5 M:5 F:5
   689. [1, 2, 5, 6, 8, 9, 10, 17, 19, 20, 21, 22, 23, 24, 25]   Q:5 M:5 F:5
   690. [1, 2, 5, 6, 9, 10, 12, 17, 19, 20, 21, 22, 23, 24, 25]  Q:5 M:5 F:5
   691. [1, 2, 5, 6, 8, 10, 11, 12, 13, 17, 20, 21, 22, 23, 24]  Q:5 M:5 F:5
   692. [1, 2, 5, 6, 8, 10, 11, 12, 13, 17, 20, 21, 22, 23, 25]  Q:5 M:5 F:5
   693. [1, 2, 5, 6, 8, 10, 11, 12, 13, 17, 20, 21, 23, 24, 25]  Q:5 M:5 F:5
   694. [1, 2, 5, 6, 8, 10, 11, 12, 13, 20, 21, 22, 23, 24, 25]  Q:5 M:5 F:5
   695. [1, 2, 5, 6, 8, 10, 11, 13, 17, 20, 21, 22, 23, 24, 25]  Q:5 M:5 F:5
   696. [1, 2, 5, 6, 10, 11, 12, 13, 17, 20, 21, 22, 23, 24, 25]  Q:5 M:5 F:5
   697. [1, 2, 5, 6, 8, 10, 11, 12, 14, 17, 20, 21, 22, 23, 24]  Q:5 M:5 F:5
   698. [1, 2, 5, 6, 8, 10, 11, 12, 14, 17, 20, 21, 22, 23, 25]  Q:5 M:5 F:5
   699. [1, 2, 5, 6, 8, 10, 11, 12, 14, 17, 20, 21, 23, 24, 25]  Q:5 M:5 F:5
   700. [1, 2, 5, 6, 8, 10, 11, 12, 14, 20, 21, 22, 23, 24, 25]  Q:5 M:5 F:5
   701. [1, 2, 5, 6, 8, 10, 11, 14, 17, 20, 21, 22, 23, 24, 25]  Q:5 M:5 F:5
   702. [1, 2, 5, 6, 10, 11, 12, 14, 17, 20, 21, 22, 23, 24, 25]  Q:5 M:5 F:5
   703. [1, 2, 5, 6, 8, 10, 11, 12, 15, 17, 20, 21, 22, 23, 24]  Q:5 M:5 F:5
   704. [1, 2, 5, 6, 8, 10, 11, 12, 15, 17, 20, 21, 22, 23, 25]  Q:5 M:5 F:5
   705. [1, 2, 5, 6, 8, 10, 11, 12, 15, 17, 20, 21, 23, 24, 25]  Q:5 M:5 F:5
   706. [1, 2, 5, 6, 8, 10, 11, 12, 15, 20, 21, 22, 23, 24, 25]  Q:5 M:5 F:5
   707. [1, 2, 5, 6, 8, 10, 11, 15, 17, 20, 21, 22, 23, 24, 25]  Q:5 M:5 F:5
   708. [1, 2, 5, 6, 10, 11, 12, 15, 17, 20, 21, 22, 23, 24, 25]  Q:5 M:5 F:5
   709. [1, 2, 5, 6, 8, 10, 11, 12, 16, 17, 20, 21, 22, 23, 24]  Q:5 M:5 F:5
   710. [1, 2, 5, 6, 8, 10, 11, 12, 16, 17, 20, 21, 22, 23, 25]  Q:5 M:5 F:5
   711. [1, 2, 5, 6, 8, 10, 11, 12, 16, 17, 20, 21, 23, 24, 25]  Q:5 M:5 F:5
   712. [1, 2, 5, 6, 8, 10, 11, 12, 16, 20, 21, 22, 23, 24, 25]  Q:5 M:5 F:5
   713. [1, 2, 5, 6, 8, 10, 11, 16, 17, 20, 21, 22, 23, 24, 25]  Q:5 M:5 F:5
   714. [1, 2, 5, 6, 10, 11, 12, 16, 17, 20, 21, 22, 23, 24, 25]  Q:5 M:5 F:5
   715. [1, 2, 5, 6, 8, 10, 11, 12, 17, 18, 20, 21, 22, 23, 24]  Q:5 M:5 F:5
   716. [1, 2, 5, 6, 8, 10, 11, 12, 17, 18, 20, 21, 22, 23, 25]  Q:5 M:5 F:5
   717. [1, 2, 5, 6, 8, 10, 11, 12, 17, 18, 20, 21, 23, 24, 25]  Q:5 M:5 F:5
   718. [1, 2, 5, 6, 8, 10, 11, 12, 18, 20, 21, 22, 23, 24, 25]  Q:5 M:5 F:5
   719. [1, 2, 5, 6, 8, 10, 11, 17, 18, 20, 21, 22, 23, 24, 25]  Q:5 M:5 F:5
   720. [1, 2, 5, 6, 10, 11, 12, 17, 18, 20, 21, 22, 23, 24, 25]  Q:5 M:5 F:5
   721. [1, 2, 5, 6, 8, 10, 11, 12, 17, 19, 20, 21, 22, 23, 24]  Q:5 M:5 F:5
   722. [1, 2, 5, 6, 8, 10, 11, 12, 17, 19, 20, 21, 22, 23, 25]  Q:5 M:5 F:5
   723. [1, 2, 5, 6, 8, 10, 11, 12, 17, 19, 20, 21, 23, 24, 25]  Q:5 M:5 F:5
   724. [1, 2, 5, 6, 8, 10, 11, 12, 19, 20, 21, 22, 23, 24, 25]  Q:5 M:5 F:5
   725. [1, 2, 5, 6, 8, 10, 11, 17, 19, 20, 21, 22, 23, 24, 25]  Q:5 M:5 F:5
   726. [1, 2, 5, 6, 10, 11, 12, 17, 19, 20, 21, 22, 23, 24, 25]  Q:5 M:5 F:5
   727. [1, 2, 5, 6, 8, 10, 12, 13, 14, 17, 20, 21, 22, 23, 24]  Q:5 M:5 F:5
   728. [1, 2, 5, 6, 8, 10, 12, 13, 14, 17, 20, 21, 22, 23, 25]  Q:5 M:5 F:5
   729. [1, 2, 5, 6, 8, 10, 12, 13, 14, 17, 20, 21, 23, 24, 25]  Q:5 M:5 F:5
   730. [1, 2, 5, 6, 8, 10, 12, 13, 14, 20, 21, 22, 23, 24, 25]  Q:5 M:5 F:5
   731. [1, 2, 5, 6, 8, 10, 13, 14, 17, 20, 21, 22, 23, 24, 25]  Q:5 M:5 F:5
   732. [1, 2, 5, 6, 10, 12, 13, 14, 17, 20, 21, 22, 23, 24, 25]  Q:5 M:5 F:5
   733. [1, 2, 5, 6, 8, 10, 12, 13, 15, 17, 20, 21, 22, 23, 24]  Q:5 M:5 F:5
   734. [1, 2, 5, 6, 8, 10, 12, 13, 15, 17, 20, 21, 22, 23, 25]  Q:5 M:5 F:5
   735. [1, 2, 5, 6, 8, 10, 12, 13, 15, 17, 20, 21, 23, 24, 25]  Q:5 M:5 F:5
   736. [1, 2, 5, 6, 8, 10, 12, 13, 15, 20, 21, 22, 23, 24, 25]  Q:5 M:5 F:5
   737. [1, 2, 5, 6, 8, 10, 13, 15, 17, 20, 21, 22, 23, 24, 25]  Q:5 M:5 F:5
   738. [1, 2, 5, 6, 10, 12, 13, 15, 17, 20, 21, 22, 23, 24, 25]  Q:5 M:5 F:5
   739. [1, 2, 5, 6, 8, 10, 12, 13, 16, 17, 20, 21, 22, 23, 24]  Q:5 M:5 F:5
   740. [1, 2, 5, 6, 8, 10, 12, 13, 16, 17, 20, 21, 22, 23, 25]  Q:5 M:5 F:5
   741. [1, 2, 5, 6, 8, 10, 12, 13, 16, 17, 20, 21, 23, 24, 25]  Q:5 M:5 F:5
   742. [1, 2, 5, 6, 8, 10, 12, 13, 16, 20, 21, 22, 23, 24, 25]  Q:5 M:5 F:5
   743. [1, 2, 5, 6, 8, 10, 13, 16, 17, 20, 21, 22, 23, 24, 25]  Q:5 M:5 F:5
   744. [1, 2, 5, 6, 10, 12, 13, 16, 17, 20, 21, 22, 23, 24, 25]  Q:5 M:5 F:5
   745. [1, 2, 5, 6, 8, 10, 12, 13, 17, 18, 20, 21, 22, 23, 24]  Q:5 M:5 F:5
   746. [1, 2, 5, 6, 8, 10, 12, 13, 17, 18, 20, 21, 22, 23, 25]  Q:5 M:5 F:5
   747. [1, 2, 5, 6, 8, 10, 12, 13, 17, 18, 20, 21, 23, 24, 25]  Q:5 M:5 F:5
   748. [1, 2, 5, 6, 8, 10, 12, 13, 18, 20, 21, 22, 23, 24, 25]  Q:5 M:5 F:5
   749. [1, 2, 5, 6, 8, 10, 13, 17, 18, 20, 21, 22, 23, 24, 25]  Q:5 M:5 F:5
   750. [1, 2, 5, 6, 10, 12, 13, 17, 18, 20, 21, 22, 23, 24, 25]  Q:5 M:5 F:5
   751. [1, 2, 5, 6, 8, 10, 12, 13, 17, 19, 20, 21, 22, 23, 24]  Q:5 M:5 F:5
   752. [1, 2, 5, 6, 8, 10, 12, 13, 17, 19, 20, 21, 22, 23, 25]  Q:5 M:5 F:5
   753. [1, 2, 5, 6, 8, 10, 12, 13, 17, 19, 20, 21, 23, 24, 25]  Q:5 M:5 F:5
   754. [1, 2, 5, 6, 8, 10, 12, 13, 19, 20, 21, 22, 23, 24, 25]  Q:5 M:5 F:5
   755. [1, 2, 5, 6, 8, 10, 13, 17, 19, 20, 21, 22, 23, 24, 25]  Q:5 M:5 F:5
   756. [1, 2, 5, 6, 10, 12, 13, 17, 19, 20, 21, 22, 23, 24, 25]  Q:5 M:5 F:5
   757. [1, 2, 5, 6, 8, 10, 12, 14, 15, 17, 20, 21, 22, 23, 24]  Q:5 M:5 F:5
   758. [1, 2, 5, 6, 8, 10, 12, 14, 15, 17, 20, 21, 22, 23, 25]  Q:5 M:5 F:5
   759. [1, 2, 5, 6, 8, 10, 12, 14, 15, 17, 20, 21, 23, 24, 25]  Q:5 M:5 F:5
   760. [1, 2, 5, 6, 8, 10, 12, 14, 15, 20, 21, 22, 23, 24, 25]  Q:5 M:5 F:5
   761. [1, 2, 5, 6, 8, 10, 14, 15, 17, 20, 21, 22, 23, 24, 25]  Q:5 M:5 F:5
   762. [1, 2, 5, 6, 10, 12, 14, 15, 17, 20, 21, 22, 23, 24, 25]  Q:5 M:5 F:5
   763. [1, 2, 5, 6, 8, 10, 12, 14, 16, 17, 20, 21, 22, 23, 24]  Q:5 M:5 F:5
   764. [1, 2, 5, 6, 8, 10, 12, 14, 16, 17, 20, 21, 22, 23, 25]  Q:5 M:5 F:5
   765. [1, 2, 5, 6, 8, 10, 12, 14, 16, 17, 20, 21, 23, 24, 25]  Q:5 M:5 F:5
   766. [1, 2, 5, 6, 8, 10, 12, 14, 16, 20, 21, 22, 23, 24, 25]  Q:5 M:5 F:5
   767. [1, 2, 5, 6, 8, 10, 14, 16, 17, 20, 21, 22, 23, 24, 25]  Q:5 M:5 F:5
   768. [1, 2, 5, 6, 10, 12, 14, 16, 17, 20, 21, 22, 23, 24, 25]  Q:5 M:5 F:5
   769. [1, 2, 5, 6, 8, 10, 12, 14, 17, 18, 20, 21, 22, 23, 24]  Q:5 M:5 F:5
   770. [1, 2, 5, 6, 8, 10, 12, 14, 17, 18, 20, 21, 22, 23, 25]  Q:5 M:5 F:5
   771. [1, 2, 5, 6, 8, 10, 12, 14, 17, 18, 20, 21, 23, 24, 25]  Q:5 M:5 F:5
   772. [1, 2, 5, 6, 8, 10, 12, 14, 18, 20, 21, 22, 23, 24, 25]  Q:5 M:5 F:5
   773. [1, 2, 5, 6, 8, 10, 14, 17, 18, 20, 21, 22, 23, 24, 25]  Q:5 M:5 F:5
   774. [1, 2, 5, 6, 10, 12, 14, 17, 18, 20, 21, 22, 23, 24, 25]  Q:5 M:5 F:5
   775. [1, 2, 5, 6, 8, 10, 12, 14, 17, 19, 20, 21, 22, 23, 24]  Q:5 M:5 F:5
   776. [1, 2, 5, 6, 8, 10, 12, 14, 17, 19, 20, 21, 22, 23, 25]  Q:5 M:5 F:5
   777. [1, 2, 5, 6, 8, 10, 12, 14, 17, 19, 20, 21, 23, 24, 25]  Q:5 M:5 F:5
   778. [1, 2, 5, 6, 8, 10, 12, 14, 19, 20, 21, 22, 23, 24, 25]  Q:5 M:5 F:5
   779. [1, 2, 5, 6, 8, 10, 14, 17, 19, 20, 21, 22, 23, 24, 25]  Q:5 M:5 F:5
   780. [1, 2, 5, 6, 10, 12, 14, 17, 19, 20, 21, 22, 23, 24, 25]  Q:5 M:5 F:5
   781. [1, 2, 5, 6, 8, 10, 12, 15, 16, 17, 20, 21, 22, 23, 24]  Q:5 M:5 F:5
   782. [1, 2, 5, 6, 8, 10, 12, 15, 16, 17, 20, 21, 22, 23, 25]  Q:5 M:5 F:5
   783. [1, 2, 5, 6, 8, 10, 12, 15, 16, 17, 20, 21, 23, 24, 25]  Q:5 M:5 F:5
   784. [1, 2, 5, 6, 8, 10, 12, 15, 16, 20, 21, 22, 23, 24, 25]  Q:5 M:5 F:5
   785. [1, 2, 5, 6, 8, 10, 15, 16, 17, 20, 21, 22, 23, 24, 25]  Q:5 M:5 F:5
   786. [1, 2, 5, 6, 10, 12, 15, 16, 17, 20, 21, 22, 23, 24, 25]  Q:5 M:5 F:5
   787. [1, 2, 5, 6, 8, 10, 12, 15, 17, 18, 20, 21, 22, 23, 24]  Q:5 M:5 F:5
   788. [1, 2, 5, 6, 8, 10, 12, 15, 17, 18, 20, 21, 22, 23, 25]  Q:5 M:5 F:5
   789. [1, 2, 5, 6, 8, 10, 12, 15, 17, 18, 20, 21, 23, 24, 25]  Q:5 M:5 F:5
   790. [1, 2, 5, 6, 8, 10, 12, 15, 18, 20, 21, 22, 23, 24, 25]  Q:5 M:5 F:5
   791. [1, 2, 5, 6, 8, 10, 15, 17, 18, 20, 21, 22, 23, 24, 25]  Q:5 M:5 F:5
   792. [1, 2, 5, 6, 10, 12, 15, 17, 18, 20, 21, 22, 23, 24, 25]  Q:5 M:5 F:5
   793. [1, 2, 5, 6, 8, 10, 12, 15, 17, 19, 20, 21, 22, 23, 24]  Q:5 M:5 F:5
   794. [1, 2, 5, 6, 8, 10, 12, 15, 17, 19, 20, 21, 22, 23, 25]  Q:5 M:5 F:5
   795. [1, 2, 5, 6, 8, 10, 12, 15, 17, 19, 20, 21, 23, 24, 25]  Q:5 M:5 F:5
   796. [1, 2, 5, 6, 8, 10, 12, 15, 19, 20, 21, 22, 23, 24, 25]  Q:5 M:5 F:5
   797. [1, 2, 5, 6, 8, 10, 15, 17, 19, 20, 21, 22, 23, 24, 25]  Q:5 M:5 F:5
   798. [1, 2, 5, 6, 10, 12, 15, 17, 19, 20, 21, 22, 23, 24, 25]  Q:5 M:5 F:5
   799. [1, 2, 5, 6, 8, 10, 12, 16, 17, 18, 20, 21, 22, 23, 24]  Q:5 M:5 F:5
   800. [1, 2, 5, 6, 8, 10, 12, 16, 17, 18, 20, 21, 22, 23, 25]  Q:5 M:5 F:5
   801. [1, 2, 5, 6, 8, 10, 12, 16, 17, 18, 20, 21, 23, 24, 25]  Q:5 M:5 F:5
   802. [1, 2, 5, 6, 8, 10, 12, 16, 18, 20, 21, 22, 23, 24, 25]  Q:5 M:5 F:5
   803. [1, 2, 5, 6, 8, 10, 16, 17, 18, 20, 21, 22, 23, 24, 25]  Q:5 M:5 F:5
   804. [1, 2, 5, 6, 10, 12, 16, 17, 18, 20, 21, 22, 23, 24, 25]  Q:5 M:5 F:5
   805. [1, 2, 5, 6, 8, 10, 12, 16, 17, 19, 20, 21, 22, 23, 24]  Q:5 M:5 F:5
   806. [1, 2, 5, 6, 8, 10, 12, 16, 17, 19, 20, 21, 22, 23, 25]  Q:5 M:5 F:5
   807. [1, 2, 5, 6, 8, 10, 12, 16, 17, 19, 20, 21, 23, 24, 25]  Q:5 M:5 F:5
   808. [1, 2, 5, 6, 8, 10, 12, 16, 19, 20, 21, 22, 23, 24, 25]  Q:5 M:5 F:5
   809. [1, 2, 5, 6, 8, 10, 16, 17, 19, 20, 21, 22, 23, 24, 25]  Q:5 M:5 F:5
   810. [1, 2, 5, 6, 10, 12, 16, 17, 19, 20, 21, 22, 23, 24, 25]  Q:5 M:5 F:5
   811. [1, 2, 5, 6, 8, 10, 12, 17, 18, 19, 20, 21, 22, 23, 24]  Q:5 M:5 F:5
   812. [1, 2, 5, 6, 8, 10, 12, 17, 18, 19, 20, 21, 22, 23, 25]  Q:5 M:5 F:5
   813. [1, 2, 5, 6, 8, 10, 12, 17, 18, 19, 20, 21, 23, 24, 25]  Q:5 M:5 F:5
   814. [1, 2, 5, 6, 8, 10, 12, 18, 19, 20, 21, 22, 23, 24, 25]  Q:5 M:5 F:5
   815. [1, 2, 5, 6, 8, 10, 17, 18, 19, 20, 21, 22, 23, 24, 25]  Q:5 M:5 F:5
   816. [1, 2, 5, 6, 10, 12, 17, 18, 19, 20, 21, 22, 23, 24, 25]  Q:5 M:5 F:5
   817. [1, 2, 5, 7, 8, 9, 10, 11, 12, 17, 20, 21, 22, 23, 24]   Q:5 M:5 F:5
   818. [1, 2, 5, 7, 8, 9, 10, 11, 12, 17, 20, 21, 22, 23, 25]   Q:5 M:5 F:5
   819. [1, 2, 5, 7, 8, 9, 10, 11, 12, 17, 20, 21, 23, 24, 25]   Q:5 M:5 F:5
   820. [1, 2, 5, 7, 8, 9, 10, 11, 12, 20, 21, 22, 23, 24, 25]   Q:5 M:5 F:5
   821. [1, 2, 5, 7, 8, 9, 10, 11, 17, 20, 21, 22, 23, 24, 25]   Q:5 M:5 F:5
   822. [1, 2, 5, 7, 9, 10, 11, 12, 17, 20, 21, 22, 23, 24, 25]  Q:5 M:5 F:5
   823. [1, 2, 5, 7, 8, 9, 10, 12, 13, 17, 20, 21, 22, 23, 24]   Q:5 M:5 F:5
   824. [1, 2, 5, 7, 8, 9, 10, 12, 13, 17, 20, 21, 22, 23, 25]   Q:5 M:5 F:5
   825. [1, 2, 5, 7, 8, 9, 10, 12, 13, 17, 20, 21, 23, 24, 25]   Q:5 M:5 F:5
   826. [1, 2, 5, 7, 8, 9, 10, 12, 13, 20, 21, 22, 23, 24, 25]   Q:5 M:5 F:5
   827. [1, 2, 5, 7, 8, 9, 10, 13, 17, 20, 21, 22, 23, 24, 25]   Q:5 M:5 F:5
   828. [1, 2, 5, 7, 9, 10, 12, 13, 17, 20, 21, 22, 23, 24, 25]  Q:5 M:5 F:5
   829. [1, 2, 5, 7, 8, 9, 10, 12, 14, 17, 20, 21, 22, 23, 24]   Q:5 M:5 F:5
   830. [1, 2, 5, 7, 8, 9, 10, 12, 14, 17, 20, 21, 22, 23, 25]   Q:5 M:5 F:5
   831. [1, 2, 5, 7, 8, 9, 10, 12, 14, 17, 20, 21, 23, 24, 25]   Q:5 M:5 F:5
   832. [1, 2, 5, 7, 8, 9, 10, 12, 14, 20, 21, 22, 23, 24, 25]   Q:5 M:5 F:5
   833. [1, 2, 5, 7, 8, 9, 10, 14, 17, 20, 21, 22, 23, 24, 25]   Q:5 M:5 F:5
   834. [1, 2, 5, 7, 9, 10, 12, 14, 17, 20, 21, 22, 23, 24, 25]  Q:5 M:5 F:5
   835. [1, 2, 5, 7, 8, 9, 10, 12, 15, 17, 20, 21, 22, 23, 24]   Q:5 M:5 F:5
   836. [1, 2, 5, 7, 8, 9, 10, 12, 15, 17, 20, 21, 22, 23, 25]   Q:5 M:5 F:5
   837. [1, 2, 5, 7, 8, 9, 10, 12, 15, 17, 20, 21, 23, 24, 25]   Q:5 M:5 F:5
   838. [1, 2, 5, 7, 8, 9, 10, 12, 15, 20, 21, 22, 23, 24, 25]   Q:5 M:5 F:5
   839. [1, 2, 5, 7, 8, 9, 10, 15, 17, 20, 21, 22, 23, 24, 25]   Q:5 M:5 F:5
   840. [1, 2, 5, 7, 9, 10, 12, 15, 17, 20, 21, 22, 23, 24, 25]  Q:5 M:5 F:5
   841. [1, 2, 5, 7, 8, 9, 10, 12, 16, 17, 20, 21, 22, 23, 24]   Q:5 M:5 F:5
   842. [1, 2, 5, 7, 8, 9, 10, 12, 16, 17, 20, 21, 22, 23, 25]   Q:5 M:5 F:5
   843. [1, 2, 5, 7, 8, 9, 10, 12, 16, 17, 20, 21, 23, 24, 25]   Q:5 M:5 F:5
   844. [1, 2, 5, 7, 8, 9, 10, 12, 16, 20, 21, 22, 23, 24, 25]   Q:5 M:5 F:5
   845. [1, 2, 5, 7, 8, 9, 10, 16, 17, 20, 21, 22, 23, 24, 25]   Q:5 M:5 F:5
   846. [1, 2, 5, 7, 9, 10, 12, 16, 17, 20, 21, 22, 23, 24, 25]  Q:5 M:5 F:5
   847. [1, 2, 5, 7, 8, 9, 10, 12, 17, 18, 20, 21, 22, 23, 24]   Q:5 M:5 F:5
   848. [1, 2, 5, 7, 8, 9, 10, 12, 17, 18, 20, 21, 22, 23, 25]   Q:5 M:5 F:5
   849. [1, 2, 5, 7, 8, 9, 10, 12, 17, 18, 20, 21, 23, 24, 25]   Q:5 M:5 F:5
   850. [1, 2, 5, 7, 8, 9, 10, 12, 18, 20, 21, 22, 23, 24, 25]   Q:5 M:5 F:5
   851. [1, 2, 5, 7, 8, 9, 10, 17, 18, 20, 21, 22, 23, 24, 25]   Q:5 M:5 F:5
   852. [1, 2, 5, 7, 9, 10, 12, 17, 18, 20, 21, 22, 23, 24, 25]  Q:5 M:5 F:5
   853. [1, 2, 5, 7, 8, 9, 10, 12, 17, 19, 20, 21, 22, 23, 24]   Q:5 M:5 F:5
   854. [1, 2, 5, 7, 8, 9, 10, 12, 17, 19, 20, 21, 22, 23, 25]   Q:5 M:5 F:5
   855. [1, 2, 5, 7, 8, 9, 10, 12, 17, 19, 20, 21, 23, 24, 25]   Q:5 M:5 F:5
   856. [1, 2, 5, 7, 8, 9, 10, 12, 19, 20, 21, 22, 23, 24, 25]   Q:5 M:5 F:5
   857. [1, 2, 5, 7, 8, 9, 10, 17, 19, 20, 21, 22, 23, 24, 25]   Q:5 M:5 F:5
   858. [1, 2, 5, 7, 9, 10, 12, 17, 19, 20, 21, 22, 23, 24, 25]  Q:5 M:5 F:5
   859. [1, 2, 5, 7, 8, 10, 11, 12, 13, 17, 20, 21, 22, 23, 24]  Q:5 M:5 F:5
   860. [1, 2, 5, 7, 8, 10, 11, 12, 13, 17, 20, 21, 22, 23, 25]  Q:5 M:5 F:5
   861. [1, 2, 5, 7, 8, 10, 11, 12, 13, 17, 20, 21, 23, 24, 25]  Q:5 M:5 F:5
   862. [1, 2, 5, 7, 8, 10, 11, 12, 13, 20, 21, 22, 23, 24, 25]  Q:5 M:5 F:5
   863. [1, 2, 5, 7, 8, 10, 11, 13, 17, 20, 21, 22, 23, 24, 25]  Q:5 M:5 F:5
   864. [1, 2, 5, 7, 10, 11, 12, 13, 17, 20, 21, 22, 23, 24, 25]  Q:5 M:5 F:5
   865. [1, 2, 5, 7, 8, 10, 11, 12, 14, 17, 20, 21, 22, 23, 24]  Q:5 M:5 F:5
   866. [1, 2, 5, 7, 8, 10, 11, 12, 14, 17, 20, 21, 22, 23, 25]  Q:5 M:5 F:5
   867. [1, 2, 5, 7, 8, 10, 11, 12, 14, 17, 20, 21, 23, 24, 25]  Q:5 M:5 F:5
   868. [1, 2, 5, 7, 8, 10, 11, 12, 14, 20, 21, 22, 23, 24, 25]  Q:5 M:5 F:5
   869. [1, 2, 5, 7, 8, 10, 11, 14, 17, 20, 21, 22, 23, 24, 25]  Q:5 M:5 F:5
   870. [1, 2, 5, 7, 10, 11, 12, 14, 17, 20, 21, 22, 23, 24, 25]  Q:5 M:5 F:5
   871. [1, 2, 5, 7, 8, 10, 11, 12, 15, 17, 20, 21, 22, 23, 24]  Q:5 M:5 F:5
   872. [1, 2, 5, 7, 8, 10, 11, 12, 15, 17, 20, 21, 22, 23, 25]  Q:5 M:5 F:5
   873. [1, 2, 5, 7, 8, 10, 11, 12, 15, 17, 20, 21, 23, 24, 25]  Q:5 M:5 F:5
   874. [1, 2, 5, 7, 8, 10, 11, 12, 15, 20, 21, 22, 23, 24, 25]  Q:5 M:5 F:5
   875. [1, 2, 5, 7, 8, 10, 11, 15, 17, 20, 21, 22, 23, 24, 25]  Q:5 M:5 F:5
   876. [1, 2, 5, 7, 10, 11, 12, 15, 17, 20, 21, 22, 23, 24, 25]  Q:5 M:5 F:5
   877. [1, 2, 5, 7, 8, 10, 11, 12, 16, 17, 20, 21, 22, 23, 24]  Q:5 M:5 F:5
   878. [1, 2, 5, 7, 8, 10, 11, 12, 16, 17, 20, 21, 22, 23, 25]  Q:5 M:5 F:5
   879. [1, 2, 5, 7, 8, 10, 11, 12, 16, 17, 20, 21, 23, 24, 25]  Q:5 M:5 F:5
   880. [1, 2, 5, 7, 8, 10, 11, 12, 16, 20, 21, 22, 23, 24, 25]  Q:5 M:5 F:5
   881. [1, 2, 5, 7, 8, 10, 11, 16, 17, 20, 21, 22, 23, 24, 25]  Q:5 M:5 F:5
   882. [1, 2, 5, 7, 10, 11, 12, 16, 17, 20, 21, 22, 23, 24, 25]  Q:5 M:5 F:5
   883. [1, 2, 5, 7, 8, 10, 11, 12, 17, 18, 20, 21, 22, 23, 24]  Q:5 M:5 F:5
   884. [1, 2, 5, 7, 8, 10, 11, 12, 17, 18, 20, 21, 22, 23, 25]  Q:5 M:5 F:5
   885. [1, 2, 5, 7, 8, 10, 11, 12, 17, 18, 20, 21, 23, 24, 25]  Q:5 M:5 F:5
   886. [1, 2, 5, 7, 8, 10, 11, 12, 18, 20, 21, 22, 23, 24, 25]  Q:5 M:5 F:5
   887. [1, 2, 5, 7, 8, 10, 11, 17, 18, 20, 21, 22, 23, 24, 25]  Q:5 M:5 F:5
   888. [1, 2, 5, 7, 10, 11, 12, 17, 18, 20, 21, 22, 23, 24, 25]  Q:5 M:5 F:5
   889. [1, 2, 5, 7, 8, 10, 11, 12, 17, 19, 20, 21, 22, 23, 24]  Q:5 M:5 F:5
   890. [1, 2, 5, 7, 8, 10, 11, 12, 17, 19, 20, 21, 22, 23, 25]  Q:5 M:5 F:5
   891. [1, 2, 5, 7, 8, 10, 11, 12, 17, 19, 20, 21, 23, 24, 25]  Q:5 M:5 F:5
   892. [1, 2, 5, 7, 8, 10, 11, 12, 19, 20, 21, 22, 23, 24, 25]  Q:5 M:5 F:5
   893. [1, 2, 5, 7, 8, 10, 11, 17, 19, 20, 21, 22, 23, 24, 25]  Q:5 M:5 F:5
   894. [1, 2, 5, 7, 10, 11, 12, 17, 19, 20, 21, 22, 23, 24, 25]  Q:5 M:5 F:5
   895. [1, 2, 5, 7, 8, 10, 12, 13, 14, 17, 20, 21, 22, 23, 24]  Q:5 M:5 F:5
   896. [1, 2, 5, 7, 8, 10, 12, 13, 14, 17, 20, 21, 22, 23, 25]  Q:5 M:5 F:5
   897. [1, 2, 5, 7, 8, 10, 12, 13, 14, 17, 20, 21, 23, 24, 25]  Q:5 M:5 F:5
   898. [1, 2, 5, 7, 8, 10, 12, 13, 14, 20, 21, 22, 23, 24, 25]  Q:5 M:5 F:5
   899. [1, 2, 5, 7, 8, 10, 13, 14, 17, 20, 21, 22, 23, 24, 25]  Q:5 M:5 F:5
   900. [1, 2, 5, 7, 10, 12, 13, 14, 17, 20, 21, 22, 23, 24, 25]  Q:5 M:5 F:5
   901. [1, 2, 5, 7, 8, 10, 12, 13, 15, 17, 20, 21, 22, 23, 24]  Q:5 M:5 F:5
   902. [1, 2, 5, 7, 8, 10, 12, 13, 15, 17, 20, 21, 22, 23, 25]  Q:5 M:5 F:5
   903. [1, 2, 5, 7, 8, 10, 12, 13, 15, 17, 20, 21, 23, 24, 25]  Q:5 M:5 F:5
   904. [1, 2, 5, 7, 8, 10, 12, 13, 15, 20, 21, 22, 23, 24, 25]  Q:5 M:5 F:5
   905. [1, 2, 5, 7, 8, 10, 13, 15, 17, 20, 21, 22, 23, 24, 25]  Q:5 M:5 F:5
   906. [1, 2, 5, 7, 10, 12, 13, 15, 17, 20, 21, 22, 23, 24, 25]  Q:5 M:5 F:5
   907. [1, 2, 5, 7, 8, 10, 12, 13, 16, 17, 20, 21, 22, 23, 24]  Q:5 M:5 F:5
   908. [1, 2, 5, 7, 8, 10, 12, 13, 16, 17, 20, 21, 22, 23, 25]  Q:5 M:5 F:5
   909. [1, 2, 5, 7, 8, 10, 12, 13, 16, 17, 20, 21, 23, 24, 25]  Q:5 M:5 F:5
   910. [1, 2, 5, 7, 8, 10, 12, 13, 16, 20, 21, 22, 23, 24, 25]  Q:5 M:5 F:5
   911. [1, 2, 5, 7, 8, 10, 13, 16, 17, 20, 21, 22, 23, 24, 25]  Q:5 M:5 F:5
   912. [1, 2, 5, 7, 10, 12, 13, 16, 17, 20, 21, 22, 23, 24, 25]  Q:5 M:5 F:5
   913. [1, 2, 5, 7, 8, 10, 12, 13, 17, 18, 20, 21, 22, 23, 24]  Q:5 M:5 F:5
   914. [1, 2, 5, 7, 8, 10, 12, 13, 17, 18, 20, 21, 22, 23, 25]  Q:5 M:5 F:5
   915. [1, 2, 5, 7, 8, 10, 12, 13, 17, 18, 20, 21, 23, 24, 25]  Q:5 M:5 F:5
   916. [1, 2, 5, 7, 8, 10, 12, 13, 18, 20, 21, 22, 23, 24, 25]  Q:5 M:5 F:5
   917. [1, 2, 5, 7, 8, 10, 13, 17, 18, 20, 21, 22, 23, 24, 25]  Q:5 M:5 F:5
   918. [1, 2, 5, 7, 10, 12, 13, 17, 18, 20, 21, 22, 23, 24, 25]  Q:5 M:5 F:5
   919. [1, 2, 5, 7, 8, 10, 12, 13, 17, 19, 20, 21, 22, 23, 24]  Q:5 M:5 F:5
   920. [1, 2, 5, 7, 8, 10, 12, 13, 17, 19, 20, 21, 22, 23, 25]  Q:5 M:5 F:5
   921. [1, 2, 5, 7, 8, 10, 12, 13, 17, 19, 20, 21, 23, 24, 25]  Q:5 M:5 F:5
   922. [1, 2, 5, 7, 8, 10, 12, 13, 19, 20, 21, 22, 23, 24, 25]  Q:5 M:5 F:5
   923. [1, 2, 5, 7, 8, 10, 13, 17, 19, 20, 21, 22, 23, 24, 25]  Q:5 M:5 F:5
   924. [1, 2, 5, 7, 10, 12, 13, 17, 19, 20, 21, 22, 23, 24, 25]  Q:5 M:5 F:5
   925. [1, 2, 5, 7, 8, 10, 12, 14, 15, 17, 20, 21, 22, 23, 24]  Q:5 M:5 F:5
   926. [1, 2, 5, 7, 8, 10, 12, 14, 15, 17, 20, 21, 22, 23, 25]  Q:5 M:5 F:5
   927. [1, 2, 5, 7, 8, 10, 12, 14, 15, 17, 20, 21, 23, 24, 25]  Q:5 M:5 F:5
   928. [1, 2, 5, 7, 8, 10, 12, 14, 15, 20, 21, 22, 23, 24, 25]  Q:5 M:5 F:5
   929. [1, 2, 5, 7, 8, 10, 14, 15, 17, 20, 21, 22, 23, 24, 25]  Q:5 M:5 F:5
   930. [1, 2, 5, 7, 10, 12, 14, 15, 17, 20, 21, 22, 23, 24, 25]  Q:5 M:5 F:5
   931. [1, 2, 5, 7, 8, 10, 12, 14, 16, 17, 20, 21, 22, 23, 24]  Q:5 M:5 F:5
   932. [1, 2, 5, 7, 8, 10, 12, 14, 16, 17, 20, 21, 22, 23, 25]  Q:5 M:5 F:5
   933. [1, 2, 5, 7, 8, 10, 12, 14, 16, 17, 20, 21, 23, 24, 25]  Q:5 M:5 F:5
   934. [1, 2, 5, 7, 8, 10, 12, 14, 16, 20, 21, 22, 23, 24, 25]  Q:5 M:5 F:5
   935. [1, 2, 5, 7, 8, 10, 14, 16, 17, 20, 21, 22, 23, 24, 25]  Q:5 M:5 F:5
   936. [1, 2, 5, 7, 10, 12, 14, 16, 17, 20, 21, 22, 23, 24, 25]  Q:5 M:5 F:5
   937. [1, 2, 5, 7, 8, 10, 12, 14, 17, 18, 20, 21, 22, 23, 24]  Q:5 M:5 F:5
   938. [1, 2, 5, 7, 8, 10, 12, 14, 17, 18, 20, 21, 22, 23, 25]  Q:5 M:5 F:5
   939. [1, 2, 5, 7, 8, 10, 12, 14, 17, 18, 20, 21, 23, 24, 25]  Q:5 M:5 F:5
   940. [1, 2, 5, 7, 8, 10, 12, 14, 18, 20, 21, 22, 23, 24, 25]  Q:5 M:5 F:5
   941. [1, 2, 5, 7, 8, 10, 14, 17, 18, 20, 21, 22, 23, 24, 25]  Q:5 M:5 F:5
   942. [1, 2, 5, 7, 10, 12, 14, 17, 18, 20, 21, 22, 23, 24, 25]  Q:5 M:5 F:5
   943. [1, 2, 5, 7, 8, 10, 12, 14, 17, 19, 20, 21, 22, 23, 24]  Q:5 M:5 F:5
   944. [1, 2, 5, 7, 8, 10, 12, 14, 17, 19, 20, 21, 22, 23, 25]  Q:5 M:5 F:5
   945. [1, 2, 5, 7, 8, 10, 12, 14, 17, 19, 20, 21, 23, 24, 25]  Q:5 M:5 F:5
   946. [1, 2, 5, 7, 8, 10, 12, 14, 19, 20, 21, 22, 23, 24, 25]  Q:5 M:5 F:5
   947. [1, 2, 5, 7, 8, 10, 14, 17, 19, 20, 21, 22, 23, 24, 25]  Q:5 M:5 F:5
   948. [1, 2, 5, 7, 10, 12, 14, 17, 19, 20, 21, 22, 23, 24, 25]  Q:5 M:5 F:5
   949. [1, 2, 5, 7, 8, 10, 12, 15, 16, 17, 20, 21, 22, 23, 24]  Q:5 M:5 F:5
   950. [1, 2, 5, 7, 8, 10, 12, 15, 16, 17, 20, 21, 22, 23, 25]  Q:5 M:5 F:5
   951. [1, 2, 5, 7, 8, 10, 12, 15, 16, 17, 20, 21, 23, 24, 25]  Q:5 M:5 F:5
   952. [1, 2, 5, 7, 8, 10, 12, 15, 16, 20, 21, 22, 23, 24, 25]  Q:5 M:5 F:5
   953. [1, 2, 5, 7, 8, 10, 15, 16, 17, 20, 21, 22, 23, 24, 25]  Q:5 M:5 F:5
   954. [1, 2, 5, 7, 10, 12, 15, 16, 17, 20, 21, 22, 23, 24, 25]  Q:5 M:5 F:5
   955. [1, 2, 5, 7, 8, 10, 12, 15, 17, 18, 20, 21, 22, 23, 24]  Q:5 M:5 F:5
   956. [1, 2, 5, 7, 8, 10, 12, 15, 17, 18, 20, 21, 22, 23, 25]  Q:5 M:5 F:5
   957. [1, 2, 5, 7, 8, 10, 12, 15, 17, 18, 20, 21, 23, 24, 25]  Q:5 M:5 F:5
   958. [1, 2, 5, 7, 8, 10, 12, 15, 18, 20, 21, 22, 23, 24, 25]  Q:5 M:5 F:5
   959. [1, 2, 5, 7, 8, 10, 15, 17, 18, 20, 21, 22, 23, 24, 25]  Q:5 M:5 F:5
   960. [1, 2, 5, 7, 10, 12, 15, 17, 18, 20, 21, 22, 23, 24, 25]  Q:5 M:5 F:5
   961. [1, 2, 5, 7, 8, 10, 12, 15, 17, 19, 20, 21, 22, 23, 24]  Q:5 M:5 F:5
   962. [1, 2, 5, 7, 8, 10, 12, 15, 17, 19, 20, 21, 22, 23, 25]  Q:5 M:5 F:5
   963. [1, 2, 5, 7, 8, 10, 12, 15, 17, 19, 20, 21, 23, 24, 25]  Q:5 M:5 F:5
   964. [1, 2, 5, 7, 8, 10, 12, 15, 19, 20, 21, 22, 23, 24, 25]  Q:5 M:5 F:5
   965. [1, 2, 5, 7, 8, 10, 15, 17, 19, 20, 21, 22, 23, 24, 25]  Q:5 M:5 F:5
   966. [1, 2, 5, 7, 10, 12, 15, 17, 19, 20, 21, 22, 23, 24, 25]  Q:5 M:5 F:5
   967. [1, 2, 5, 7, 8, 10, 12, 16, 17, 18, 20, 21, 22, 23, 24]  Q:5 M:5 F:5
   968. [1, 2, 5, 7, 8, 10, 12, 16, 17, 18, 20, 21, 22, 23, 25]  Q:5 M:5 F:5
   969. [1, 2, 5, 7, 8, 10, 12, 16, 17, 18, 20, 21, 23, 24, 25]  Q:5 M:5 F:5
   970. [1, 2, 5, 7, 8, 10, 12, 16, 18, 20, 21, 22, 23, 24, 25]  Q:5 M:5 F:5
   971. [1, 2, 5, 7, 8, 10, 16, 17, 18, 20, 21, 22, 23, 24, 25]  Q:5 M:5 F:5
   972. [1, 2, 5, 7, 10, 12, 16, 17, 18, 20, 21, 22, 23, 24, 25]  Q:5 M:5 F:5
   973. [1, 2, 5, 7, 8, 10, 12, 16, 17, 19, 20, 21, 22, 23, 24]  Q:5 M:5 F:5
   974. [1, 2, 5, 7, 8, 10, 12, 16, 17, 19, 20, 21, 22, 23, 25]  Q:5 M:5 F:5
   975. [1, 2, 5, 7, 8, 10, 12, 16, 17, 19, 20, 21, 23, 24, 25]  Q:5 M:5 F:5
   976. [1, 2, 5, 7, 8, 10, 12, 16, 19, 20, 21, 22, 23, 24, 25]  Q:5 M:5 F:5
   977. [1, 2, 5, 7, 8, 10, 16, 17, 19, 20, 21, 22, 23, 24, 25]  Q:5 M:5 F:5
   978. [1, 2, 5, 7, 10, 12, 16, 17, 19, 20, 21, 22, 23, 24, 25]  Q:5 M:5 F:5
   979. [1, 2, 5, 7, 8, 10, 12, 17, 18, 19, 20, 21, 22, 23, 24]  Q:5 M:5 F:5
   980. [1, 2, 5, 7, 8, 10, 12, 17, 18, 19, 20, 21, 22, 23, 25]  Q:5 M:5 F:5
   981. [1, 2, 5, 7, 8, 10, 12, 17, 18, 19, 20, 21, 23, 24, 25]  Q:5 M:5 F:5
   982. [1, 2, 5, 7, 8, 10, 12, 18, 19, 20, 21, 22, 23, 24, 25]  Q:5 M:5 F:5
   983. [1, 2, 5, 7, 8, 10, 17, 18, 19, 20, 21, 22, 23, 24, 25]  Q:5 M:5 F:5
   984. [1, 2, 5, 7, 10, 12, 17, 18, 19, 20, 21, 22, 23, 24, 25]  Q:5 M:5 F:5
   985. [1, 2, 5, 8, 9, 10, 11, 12, 13, 17, 20, 21, 22, 23, 24]  Q:5 M:5 F:5
   986. [1, 2, 5, 8, 9, 10, 11, 12, 13, 17, 20, 21, 22, 23, 25]  Q:5 M:5 F:5
   987. [1, 2, 5, 8, 9, 10, 11, 12, 13, 17, 20, 21, 23, 24, 25]  Q:5 M:5 F:5
   988. [1, 2, 5, 8, 9, 10, 11, 12, 13, 20, 21, 22, 23, 24, 25]  Q:5 M:5 F:5
   989. [1, 2, 5, 8, 9, 10, 11, 13, 17, 20, 21, 22, 23, 24, 25]  Q:5 M:5 F:5
   990. [1, 2, 5, 9, 10, 11, 12, 13, 17, 20, 21, 22, 23, 24, 25]  Q:5 M:5 F:5
   991. [1, 2, 5, 8, 9, 10, 11, 12, 14, 17, 20, 21, 22, 23, 24]  Q:5 M:5 F:5
   992. [1, 2, 5, 8, 9, 10, 11, 12, 14, 17, 20, 21, 22, 23, 25]  Q:5 M:5 F:5
   993. [1, 2, 5, 8, 9, 10, 11, 12, 14, 17, 20, 21, 23, 24, 25]  Q:5 M:5 F:5
   994. [1, 2, 5, 8, 9, 10, 11, 12, 14, 20, 21, 22, 23, 24, 25]  Q:5 M:5 F:5
   995. [1, 2, 5, 8, 9, 10, 11, 14, 17, 20, 21, 22, 23, 24, 25]  Q:5 M:5 F:5
   996. [1, 2, 5, 9, 10, 11, 12, 14, 17, 20, 21, 22, 23, 24, 25]  Q:5 M:5 F:5
   997. [1, 2, 5, 8, 9, 10, 11, 12, 15, 17, 20, 21, 22, 23, 24]  Q:5 M:5 F:5
   998. [1, 2, 5, 8, 9, 10, 11, 12, 15, 17, 20, 21, 22, 23, 25]  Q:5 M:5 F:5
   999. [1, 2, 5, 8, 9, 10, 11, 12, 15, 17, 20, 21, 23, 24, 25]  Q:5 M:5 F:5
  1000. [1, 2, 5, 8, 9, 10, 11, 12, 15, 20, 21, 22, 23, 24, 25]  Q:5 M:5 F:5
  1001. [1, 2, 5, 8, 9, 10, 11, 15, 17, 20, 21, 22, 23, 24, 25]  Q:5 M:5 F:5
  1002. [1, 2, 5, 9, 10, 11, 12, 15, 17, 20, 21, 22, 23, 24, 25]  Q:5 M:5 F:5
  1003. [1, 2, 5, 8, 9, 10, 11, 12, 16, 17, 20, 21, 22, 23, 24]  Q:5 M:5 F:5
  1004. [1, 2, 5, 8, 9, 10, 11, 12, 16, 17, 20, 21, 22, 23, 25]  Q:5 M:5 F:5
  1005. [1, 2, 5, 8, 9, 10, 11, 12, 16, 17, 20, 21, 23, 24, 25]  Q:5 M:5 F:5
  1006. [1, 2, 5, 8, 9, 10, 11, 12, 16, 20, 21, 22, 23, 24, 25]  Q:5 M:5 F:5
  1007. [1, 2, 5, 8, 9, 10, 11, 16, 17, 20, 21, 22, 23, 24, 25]  Q:5 M:5 F:5
  1008. [1, 2, 5, 9, 10, 11, 12, 16, 17, 20, 21, 22, 23, 24, 25]  Q:5 M:5 F:5
  1009. [1, 2, 5, 8, 9, 10, 11, 12, 17, 18, 20, 21, 22, 23, 24]  Q:5 M:5 F:5
  1010. [1, 2, 5, 8, 9, 10, 11, 12, 17, 18, 20, 21, 22, 23, 25]  Q:5 M:5 F:5
  1011. [1, 2, 5, 8, 9, 10, 11, 12, 17, 18, 20, 21, 23, 24, 25]  Q:5 M:5 F:5
  1012. [1, 2, 5, 8, 9, 10, 11, 12, 18, 20, 21, 22, 23, 24, 25]  Q:5 M:5 F:5
  1013. [1, 2, 5, 8, 9, 10, 11, 17, 18, 20, 21, 22, 23, 24, 25]  Q:5 M:5 F:5
  1014. [1, 2, 5, 9, 10, 11, 12, 17, 18, 20, 21, 22, 23, 24, 25]  Q:5 M:5 F:5
  1015. [1, 2, 5, 8, 9, 10, 11, 12, 17, 19, 20, 21, 22, 23, 24]  Q:5 M:5 F:5
  1016. [1, 2, 5, 8, 9, 10, 11, 12, 17, 19, 20, 21, 22, 23, 25]  Q:5 M:5 F:5
  1017. [1, 2, 5, 8, 9, 10, 11, 12, 17, 19, 20, 21, 23, 24, 25]  Q:5 M:5 F:5
  1018. [1, 2, 5, 8, 9, 10, 11, 12, 19, 20, 21, 22, 23, 24, 25]  Q:5 M:5 F:5
  1019. [1, 2, 5, 8, 9, 10, 11, 17, 19, 20, 21, 22, 23, 24, 25]  Q:5 M:5 F:5
  1020. [1, 2, 5, 9, 10, 11, 12, 17, 19, 20, 21, 22, 23, 24, 25]  Q:5 M:5 F:5
  1021. [1, 2, 5, 8, 9, 10, 12, 13, 14, 17, 20, 21, 22, 23, 24]  Q:5 M:5 F:5
  1022. [1, 2, 5, 8, 9, 10, 12, 13, 14, 17, 20, 21, 22, 23, 25]  Q:5 M:5 F:5
  1023. [1, 2, 5, 8, 9, 10, 12, 13, 14, 17, 20, 21, 23, 24, 25]  Q:5 M:5 F:5
  1024. [1, 2, 5, 8, 9, 10, 12, 13, 14, 20, 21, 22, 23, 24, 25]  Q:5 M:5 F:5
  1025. [1, 2, 5, 8, 9, 10, 13, 14, 17, 20, 21, 22, 23, 24, 25]  Q:5 M:5 F:5
  1026. [1, 2, 5, 9, 10, 12, 13, 14, 17, 20, 21, 22, 23, 24, 25]  Q:5 M:5 F:5
  1027. [1, 2, 5, 8, 9, 10, 12, 13, 15, 17, 20, 21, 22, 23, 24]  Q:5 M:5 F:5
  1028. [1, 2, 5, 8, 9, 10, 12, 13, 15, 17, 20, 21, 22, 23, 25]  Q:5 M:5 F:5
  1029. [1, 2, 5, 8, 9, 10, 12, 13, 15, 17, 20, 21, 23, 24, 25]  Q:5 M:5 F:5
  1030. [1, 2, 5, 8, 9, 10, 12, 13, 15, 20, 21, 22, 23, 24, 25]  Q:5 M:5 F:5
  1031. [1, 2, 5, 8, 9, 10, 13, 15, 17, 20, 21, 22, 23, 24, 25]  Q:5 M:5 F:5
  1032. [1, 2, 5, 9, 10, 12, 13, 15, 17, 20, 21, 22, 23, 24, 25]  Q:5 M:5 F:5
  1033. [1, 2, 5, 8, 9, 10, 12, 13, 16, 17, 20, 21, 22, 23, 24]  Q:5 M:5 F:5
  1034. [1, 2, 5, 8, 9, 10, 12, 13, 16, 17, 20, 21, 22, 23, 25]  Q:5 M:5 F:5
  1035. [1, 2, 5, 8, 9, 10, 12, 13, 16, 17, 20, 21, 23, 24, 25]  Q:5 M:5 F:5
  1036. [1, 2, 5, 8, 9, 10, 12, 13, 16, 20, 21, 22, 23, 24, 25]  Q:5 M:5 F:5
  1037. [1, 2, 5, 8, 9, 10, 13, 16, 17, 20, 21, 22, 23, 24, 25]  Q:5 M:5 F:5
  1038. [1, 2, 5, 9, 10, 12, 13, 16, 17, 20, 21, 22, 23, 24, 25]  Q:5 M:5 F:5
  1039. [1, 2, 5, 8, 9, 10, 12, 13, 17, 18, 20, 21, 22, 23, 24]  Q:5 M:5 F:5
  1040. [1, 2, 5, 8, 9, 10, 12, 13, 17, 18, 20, 21, 22, 23, 25]  Q:5 M:5 F:5
  1041. [1, 2, 5, 8, 9, 10, 12, 13, 17, 18, 20, 21, 23, 24, 25]  Q:5 M:5 F:5
  1042. [1, 2, 5, 8, 9, 10, 12, 13, 18, 20, 21, 22, 23, 24, 25]  Q:5 M:5 F:5
  1043. [1, 2, 5, 8, 9, 10, 13, 17, 18, 20, 21, 22, 23, 24, 25]  Q:5 M:5 F:5
  1044. [1, 2, 5, 9, 10, 12, 13, 17, 18, 20, 21, 22, 23, 24, 25]  Q:5 M:5 F:5
  1045. [1, 2, 5, 8, 9, 10, 12, 13, 17, 19, 20, 21, 22, 23, 24]  Q:5 M:5 F:5
  1046. [1, 2, 5, 8, 9, 10, 12, 13, 17, 19, 20, 21, 22, 23, 25]  Q:5 M:5 F:5
  1047. [1, 2, 5, 8, 9, 10, 12, 13, 17, 19, 20, 21, 23, 24, 25]  Q:5 M:5 F:5
  1048. [1, 2, 5, 8, 9, 10, 12, 13, 19, 20, 21, 22, 23, 24, 25]  Q:5 M:5 F:5
  1049. [1, 2, 5, 8, 9, 10, 13, 17, 19, 20, 21, 22, 23, 24, 25]  Q:5 M:5 F:5
  1050. [1, 2, 5, 9, 10, 12, 13, 17, 19, 20, 21, 22, 23, 24, 25]  Q:5 M:5 F:5
  1051. [1, 2, 5, 8, 9, 10, 12, 14, 15, 17, 20, 21, 22, 23, 24]  Q:5 M:5 F:5
  1052. [1, 2, 5, 8, 9, 10, 12, 14, 15, 17, 20, 21, 22, 23, 25]  Q:5 M:5 F:5
  1053. [1, 2, 5, 8, 9, 10, 12, 14, 15, 17, 20, 21, 23, 24, 25]  Q:5 M:5 F:5
  1054. [1, 2, 5, 8, 9, 10, 12, 14, 15, 20, 21, 22, 23, 24, 25]  Q:5 M:5 F:5
  1055. [1, 2, 5, 8, 9, 10, 14, 15, 17, 20, 21, 22, 23, 24, 25]  Q:5 M:5 F:5
  1056. [1, 2, 5, 9, 10, 12, 14, 15, 17, 20, 21, 22, 23, 24, 25]  Q:5 M:5 F:5
  1057. [1, 2, 5, 8, 9, 10, 12, 14, 16, 17, 20, 21, 22, 23, 24]  Q:5 M:5 F:5
  1058. [1, 2, 5, 8, 9, 10, 12, 14, 16, 17, 20, 21, 22, 23, 25]  Q:5 M:5 F:5
  1059. [1, 2, 5, 8, 9, 10, 12, 14, 16, 17, 20, 21, 23, 24, 25]  Q:5 M:5 F:5
  1060. [1, 2, 5, 8, 9, 10, 12, 14, 16, 20, 21, 22, 23, 24, 25]  Q:5 M:5 F:5
  1061. [1, 2, 5, 8, 9, 10, 14, 16, 17, 20, 21, 22, 23, 24, 25]  Q:5 M:5 F:5
  1062. [1, 2, 5, 9, 10, 12, 14, 16, 17, 20, 21, 22, 23, 24, 25]  Q:5 M:5 F:5
  1063. [1, 2, 5, 8, 9, 10, 12, 14, 17, 18, 20, 21, 22, 23, 24]  Q:5 M:5 F:5
  1064. [1, 2, 5, 8, 9, 10, 12, 14, 17, 18, 20, 21, 22, 23, 25]  Q:5 M:5 F:5
  1065. [1, 2, 5, 8, 9, 10, 12, 14, 17, 18, 20, 21, 23, 24, 25]  Q:5 M:5 F:5
  1066. [1, 2, 5, 8, 9, 10, 12, 14, 18, 20, 21, 22, 23, 24, 25]  Q:5 M:5 F:5
  1067. [1, 2, 5, 8, 9, 10, 14, 17, 18, 20, 21, 22, 23, 24, 25]  Q:5 M:5 F:5
  1068. [1, 2, 5, 9, 10, 12, 14, 17, 18, 20, 21, 22, 23, 24, 25]  Q:5 M:5 F:5
  1069. [1, 2, 5, 8, 9, 10, 12, 14, 17, 19, 20, 21, 22, 23, 24]  Q:5 M:5 F:5
  1070. [1, 2, 5, 8, 9, 10, 12, 14, 17, 19, 20, 21, 22, 23, 25]  Q:5 M:5 F:5
  1071. [1, 2, 5, 8, 9, 10, 12, 14, 17, 19, 20, 21, 23, 24, 25]  Q:5 M:5 F:5
  1072. [1, 2, 5, 8, 9, 10, 12, 14, 19, 20, 21, 22, 23, 24, 25]  Q:5 M:5 F:5
  1073. [1, 2, 5, 8, 9, 10, 14, 17, 19, 20, 21, 22, 23, 24, 25]  Q:5 M:5 F:5
  1074. [1, 2, 5, 9, 10, 12, 14, 17, 19, 20, 21, 22, 23, 24, 25]  Q:5 M:5 F:5
  1075. [1, 2, 5, 8, 9, 10, 12, 15, 16, 17, 20, 21, 22, 23, 24]  Q:5 M:5 F:5
  1076. [1, 2, 5, 8, 9, 10, 12, 15, 16, 17, 20, 21, 22, 23, 25]  Q:5 M:5 F:5
  1077. [1, 2, 5, 8, 9, 10, 12, 15, 16, 17, 20, 21, 23, 24, 25]  Q:5 M:5 F:5
  1078. [1, 2, 5, 8, 9, 10, 12, 15, 16, 20, 21, 22, 23, 24, 25]  Q:5 M:5 F:5
  1079. [1, 2, 5, 8, 9, 10, 15, 16, 17, 20, 21, 22, 23, 24, 25]  Q:5 M:5 F:5
  1080. [1, 2, 5, 9, 10, 12, 15, 16, 17, 20, 21, 22, 23, 24, 25]  Q:5 M:5 F:5
  1081. [1, 2, 5, 8, 9, 10, 12, 15, 17, 18, 20, 21, 22, 23, 24]  Q:5 M:5 F:5
  1082. [1, 2, 5, 8, 9, 10, 12, 15, 17, 18, 20, 21, 22, 23, 25]  Q:5 M:5 F:5
  1083. [1, 2, 5, 8, 9, 10, 12, 15, 17, 18, 20, 21, 23, 24, 25]  Q:5 M:5 F:5
  1084. [1, 2, 5, 8, 9, 10, 12, 15, 18, 20, 21, 22, 23, 24, 25]  Q:5 M:5 F:5
  1085. [1, 2, 5, 8, 9, 10, 15, 17, 18, 20, 21, 22, 23, 24, 25]  Q:5 M:5 F:5
  1086. [1, 2, 5, 9, 10, 12, 15, 17, 18, 20, 21, 22, 23, 24, 25]  Q:5 M:5 F:5
  1087. [1, 2, 5, 8, 9, 10, 12, 15, 17, 19, 20, 21, 22, 23, 24]  Q:5 M:5 F:5
  1088. [1, 2, 5, 8, 9, 10, 12, 15, 17, 19, 20, 21, 22, 23, 25]  Q:5 M:5 F:5
  1089. [1, 2, 5, 8, 9, 10, 12, 15, 17, 19, 20, 21, 23, 24, 25]  Q:5 M:5 F:5
  1090. [1, 2, 5, 8, 9, 10, 12, 15, 19, 20, 21, 22, 23, 24, 25]  Q:5 M:5 F:5
  1091. [1, 2, 5, 8, 9, 10, 15, 17, 19, 20, 21, 22, 23, 24, 25]  Q:5 M:5 F:5
  1092. [1, 2, 5, 9, 10, 12, 15, 17, 19, 20, 21, 22, 23, 24, 25]  Q:5 M:5 F:5
  1093. [1, 2, 5, 8, 9, 10, 12, 16, 17, 18, 20, 21, 22, 23, 24]  Q:5 M:5 F:5
  1094. [1, 2, 5, 8, 9, 10, 12, 16, 17, 18, 20, 21, 22, 23, 25]  Q:5 M:5 F:5
  1095. [1, 2, 5, 8, 9, 10, 12, 16, 17, 18, 20, 21, 23, 24, 25]  Q:5 M:5 F:5
  1096. [1, 2, 5, 8, 9, 10, 12, 16, 18, 20, 21, 22, 23, 24, 25]  Q:5 M:5 F:5
  1097. [1, 2, 5, 8, 9, 10, 16, 17, 18, 20, 21, 22, 23, 24, 25]  Q:5 M:5 F:5
  1098. [1, 2, 5, 9, 10, 12, 16, 17, 18, 20, 21, 22, 23, 24, 25]  Q:5 M:5 F:5
  1099. [1, 2, 5, 8, 9, 10, 12, 16, 17, 19, 20, 21, 22, 23, 24]  Q:5 M:5 F:5
  1100. [1, 2, 5, 8, 9, 10, 12, 16, 17, 19, 20, 21, 22, 23, 25]  Q:5 M:5 F:5
  1101. [1, 2, 5, 8, 9, 10, 12, 16, 17, 19, 20, 21, 23, 24, 25]  Q:5 M:5 F:5
  1102. [1, 2, 5, 8, 9, 10, 12, 16, 19, 20, 21, 22, 23, 24, 25]  Q:5 M:5 F:5
  1103. [1, 2, 5, 8, 9, 10, 16, 17, 19, 20, 21, 22, 23, 24, 25]  Q:5 M:5 F:5
  1104. [1, 2, 5, 9, 10, 12, 16, 17, 19, 20, 21, 22, 23, 24, 25]  Q:5 M:5 F:5
  1105. [1, 2, 5, 8, 9, 10, 12, 17, 18, 19, 20, 21, 22, 23, 24]  Q:5 M:5 F:5
  1106. [1, 2, 5, 8, 9, 10, 12, 17, 18, 19, 20, 21, 22, 23, 25]  Q:5 M:5 F:5
  1107. [1, 2, 5, 8, 9, 10, 12, 17, 18, 19, 20, 21, 23, 24, 25]  Q:5 M:5 F:5
  1108. [1, 2, 5, 8, 9, 10, 12, 18, 19, 20, 21, 22, 23, 24, 25]  Q:5 M:5 F:5
  1109. [1, 2, 5, 8, 9, 10, 17, 18, 19, 20, 21, 22, 23, 24, 25]  Q:5 M:5 F:5
  1110. [1, 2, 5, 9, 10, 12, 17, 18, 19, 20, 21, 22, 23, 24, 25]  Q:5 M:5 F:5
  1111. [1, 2, 5, 8, 10, 11, 12, 13, 14, 17, 20, 21, 22, 23, 24]  Q:5 M:5 F:5
  1112. [1, 2, 5, 8, 10, 11, 12, 13, 14, 17, 20, 21, 22, 23, 25]  Q:5 M:5 F:5
  1113. [1, 2, 5, 8, 10, 11, 12, 13, 14, 17, 20, 21, 23, 24, 25]  Q:5 M:5 F:5
  1114. [1, 2, 5, 8, 10, 11, 12, 13, 14, 20, 21, 22, 23, 24, 25]  Q:5 M:5 F:5
  1115. [1, 2, 5, 8, 10, 11, 13, 14, 17, 20, 21, 22, 23, 24, 25]  Q:5 M:5 F:5
  1116. [1, 2, 5, 10, 11, 12, 13, 14, 17, 20, 21, 22, 23, 24, 25]  Q:5 M:5 F:5
  1117. [1, 2, 5, 8, 10, 11, 12, 13, 15, 17, 20, 21, 22, 23, 24]  Q:5 M:5 F:5
  1118. [1, 2, 5, 8, 10, 11, 12, 13, 15, 17, 20, 21, 22, 23, 25]  Q:5 M:5 F:5
  1119. [1, 2, 5, 8, 10, 11, 12, 13, 15, 17, 20, 21, 23, 24, 25]  Q:5 M:5 F:5
  1120. [1, 2, 5, 8, 10, 11, 12, 13, 15, 20, 21, 22, 23, 24, 25]  Q:5 M:5 F:5
  1121. [1, 2, 5, 8, 10, 11, 13, 15, 17, 20, 21, 22, 23, 24, 25]  Q:5 M:5 F:5
  1122. [1, 2, 5, 10, 11, 12, 13, 15, 17, 20, 21, 22, 23, 24, 25]  Q:5 M:5 F:5
  1123. [1, 2, 5, 8, 10, 11, 12, 13, 16, 17, 20, 21, 22, 23, 24]  Q:5 M:5 F:5
  1124. [1, 2, 5, 8, 10, 11, 12, 13, 16, 17, 20, 21, 22, 23, 25]  Q:5 M:5 F:5
  1125. [1, 2, 5, 8, 10, 11, 12, 13, 16, 17, 20, 21, 23, 24, 25]  Q:5 M:5 F:5
  1126. [1, 2, 5, 8, 10, 11, 12, 13, 16, 20, 21, 22, 23, 24, 25]  Q:5 M:5 F:5
  1127. [1, 2, 5, 8, 10, 11, 13, 16, 17, 20, 21, 22, 23, 24, 25]  Q:5 M:5 F:5
  1128. [1, 2, 5, 10, 11, 12, 13, 16, 17, 20, 21, 22, 23, 24, 25]  Q:5 M:5 F:5
  1129. [1, 2, 5, 8, 10, 11, 12, 13, 17, 18, 20, 21, 22, 23, 24]  Q:5 M:5 F:5
  1130. [1, 2, 5, 8, 10, 11, 12, 13, 17, 18, 20, 21, 22, 23, 25]  Q:5 M:5 F:5
  1131. [1, 2, 5, 8, 10, 11, 12, 13, 17, 18, 20, 21, 23, 24, 25]  Q:5 M:5 F:5
  1132. [1, 2, 5, 8, 10, 11, 12, 13, 18, 20, 21, 22, 23, 24, 25]  Q:5 M:5 F:5
  1133. [1, 2, 5, 8, 10, 11, 13, 17, 18, 20, 21, 22, 23, 24, 25]  Q:5 M:5 F:5
  1134. [1, 2, 5, 10, 11, 12, 13, 17, 18, 20, 21, 22, 23, 24, 25]  Q:5 M:5 F:5
  1135. [1, 2, 5, 8, 10, 11, 12, 13, 17, 19, 20, 21, 22, 23, 24]  Q:5 M:5 F:5
  1136. [1, 2, 5, 8, 10, 11, 12, 13, 17, 19, 20, 21, 22, 23, 25]  Q:5 M:5 F:5
  1137. [1, 2, 5, 8, 10, 11, 12, 13, 17, 19, 20, 21, 23, 24, 25]  Q:5 M:5 F:5
  1138. [1, 2, 5, 8, 10, 11, 12, 13, 19, 20, 21, 22, 23, 24, 25]  Q:5 M:5 F:5
  1139. [1, 2, 5, 8, 10, 11, 13, 17, 19, 20, 21, 22, 23, 24, 25]  Q:5 M:5 F:5
  1140. [1, 2, 5, 10, 11, 12, 13, 17, 19, 20, 21, 22, 23, 24, 25]  Q:5 M:5 F:5
  1141. [1, 2, 5, 8, 10, 11, 12, 14, 15, 17, 20, 21, 22, 23, 24]  Q:5 M:5 F:5
  1142. [1, 2, 5, 8, 10, 11, 12, 14, 15, 17, 20, 21, 22, 23, 25]  Q:5 M:5 F:5
  1143. [1, 2, 5, 8, 10, 11, 12, 14, 15, 17, 20, 21, 23, 24, 25]  Q:5 M:5 F:5
  1144. [1, 2, 5, 8, 10, 11, 12, 14, 15, 20, 21, 22, 23, 24, 25]  Q:5 M:5 F:5
  1145. [1, 2, 5, 8, 10, 11, 14, 15, 17, 20, 21, 22, 23, 24, 25]  Q:5 M:5 F:5
  1146. [1, 2, 5, 10, 11, 12, 14, 15, 17, 20, 21, 22, 23, 24, 25]  Q:5 M:5 F:5
  1147. [1, 2, 5, 8, 10, 11, 12, 14, 16, 17, 20, 21, 22, 23, 24]  Q:5 M:5 F:5
  1148. [1, 2, 5, 8, 10, 11, 12, 14, 16, 17, 20, 21, 22, 23, 25]  Q:5 M:5 F:5
  1149. [1, 2, 5, 8, 10, 11, 12, 14, 16, 17, 20, 21, 23, 24, 25]  Q:5 M:5 F:5
  1150. [1, 2, 5, 8, 10, 11, 12, 14, 16, 20, 21, 22, 23, 24, 25]  Q:5 M:5 F:5
  1151. [1, 2, 5, 8, 10, 11, 14, 16, 17, 20, 21, 22, 23, 24, 25]  Q:5 M:5 F:5
  1152. [1, 2, 5, 10, 11, 12, 14, 16, 17, 20, 21, 22, 23, 24, 25]  Q:5 M:5 F:5
  1153. [1, 2, 5, 8, 10, 11, 12, 14, 17, 18, 20, 21, 22, 23, 24]  Q:5 M:5 F:5
  1154. [1, 2, 5, 8, 10, 11, 12, 14, 17, 18, 20, 21, 22, 23, 25]  Q:5 M:5 F:5
  1155. [1, 2, 5, 8, 10, 11, 12, 14, 17, 18, 20, 21, 23, 24, 25]  Q:5 M:5 F:5
  1156. [1, 2, 5, 8, 10, 11, 12, 14, 18, 20, 21, 22, 23, 24, 25]  Q:5 M:5 F:5
  1157. [1, 2, 5, 8, 10, 11, 14, 17, 18, 20, 21, 22, 23, 24, 25]  Q:5 M:5 F:5
  1158. [1, 2, 5, 10, 11, 12, 14, 17, 18, 20, 21, 22, 23, 24, 25]  Q:5 M:5 F:5
  1159. [1, 2, 5, 8, 10, 11, 12, 14, 17, 19, 20, 21, 22, 23, 24]  Q:5 M:5 F:5
  1160. [1, 2, 5, 8, 10, 11, 12, 14, 17, 19, 20, 21, 22, 23, 25]  Q:5 M:5 F:5
  1161. [1, 2, 5, 8, 10, 11, 12, 14, 17, 19, 20, 21, 23, 24, 25]  Q:5 M:5 F:5
  1162. [1, 2, 5, 8, 10, 11, 12, 14, 19, 20, 21, 22, 23, 24, 25]  Q:5 M:5 F:5
  1163. [1, 2, 5, 8, 10, 11, 14, 17, 19, 20, 21, 22, 23, 24, 25]  Q:5 M:5 F:5
  1164. [1, 2, 5, 10, 11, 12, 14, 17, 19, 20, 21, 22, 23, 24, 25]  Q:5 M:5 F:5
  1165. [1, 2, 5, 8, 10, 11, 12, 15, 16, 17, 20, 21, 22, 23, 24]  Q:5 M:5 F:5
  1166. [1, 2, 5, 8, 10, 11, 12, 15, 16, 17, 20, 21, 22, 23, 25]  Q:5 M:5 F:5
  1167. [1, 2, 5, 8, 10, 11, 12, 15, 16, 17, 20, 21, 23, 24, 25]  Q:5 M:5 F:5
  1168. [1, 2, 5, 8, 10, 11, 12, 15, 16, 20, 21, 22, 23, 24, 25]  Q:5 M:5 F:5
  1169. [1, 2, 5, 8, 10, 11, 15, 16, 17, 20, 21, 22, 23, 24, 25]  Q:5 M:5 F:5
  1170. [1, 2, 5, 10, 11, 12, 15, 16, 17, 20, 21, 22, 23, 24, 25]  Q:5 M:5 F:5
  1171. [1, 2, 5, 8, 10, 11, 12, 15, 17, 18, 20, 21, 22, 23, 24]  Q:5 M:5 F:5
  1172. [1, 2, 5, 8, 10, 11, 12, 15, 17, 18, 20, 21, 22, 23, 25]  Q:5 M:5 F:5
  1173. [1, 2, 5, 8, 10, 11, 12, 15, 17, 18, 20, 21, 23, 24, 25]  Q:5 M:5 F:5
  1174. [1, 2, 5, 8, 10, 11, 12, 15, 18, 20, 21, 22, 23, 24, 25]  Q:5 M:5 F:5
  1175. [1, 2, 5, 8, 10, 11, 15, 17, 18, 20, 21, 22, 23, 24, 25]  Q:5 M:5 F:5
  1176. [1, 2, 5, 10, 11, 12, 15, 17, 18, 20, 21, 22, 23, 24, 25]  Q:5 M:5 F:5
  1177. [1, 2, 5, 8, 10, 11, 12, 15, 17, 19, 20, 21, 22, 23, 24]  Q:5 M:5 F:5
  1178. [1, 2, 5, 8, 10, 11, 12, 15, 17, 19, 20, 21, 22, 23, 25]  Q:5 M:5 F:5
  1179. [1, 2, 5, 8, 10, 11, 12, 15, 17, 19, 20, 21, 23, 24, 25]  Q:5 M:5 F:5
  1180. [1, 2, 5, 8, 10, 11, 12, 15, 19, 20, 21, 22, 23, 24, 25]  Q:5 M:5 F:5
  1181. [1, 2, 5, 8, 10, 11, 15, 17, 19, 20, 21, 22, 23, 24, 25]  Q:5 M:5 F:5
  1182. [1, 2, 5, 10, 11, 12, 15, 17, 19, 20, 21, 22, 23, 24, 25]  Q:5 M:5 F:5
  1183. [1, 2, 5, 8, 10, 11, 12, 16, 17, 18, 20, 21, 22, 23, 24]  Q:5 M:5 F:5
  1184. [1, 2, 5, 8, 10, 11, 12, 16, 17, 18, 20, 21, 22, 23, 25]  Q:5 M:5 F:5
  1185. [1, 2, 5, 8, 10, 11, 12, 16, 17, 18, 20, 21, 23, 24, 25]  Q:5 M:5 F:5
  1186. [1, 2, 5, 8, 10, 11, 12, 16, 18, 20, 21, 22, 23, 24, 25]  Q:5 M:5 F:5
  1187. [1, 2, 5, 8, 10, 11, 16, 17, 18, 20, 21, 22, 23, 24, 25]  Q:5 M:5 F:5
  1188. [1, 2, 5, 10, 11, 12, 16, 17, 18, 20, 21, 22, 23, 24, 25]  Q:5 M:5 F:5
  1189. [1, 2, 5, 8, 10, 11, 12, 16, 17, 19, 20, 21, 22, 23, 24]  Q:5 M:5 F:5
  1190. [1, 2, 5, 8, 10, 11, 12, 16, 17, 19, 20, 21, 22, 23, 25]  Q:5 M:5 F:5
  1191. [1, 2, 5, 8, 10, 11, 12, 16, 17, 19, 20, 21, 23, 24, 25]  Q:5 M:5 F:5
  1192. [1, 2, 5, 8, 10, 11, 12, 16, 19, 20, 21, 22, 23, 24, 25]  Q:5 M:5 F:5
  1193. [1, 2, 5, 8, 10, 11, 16, 17, 19, 20, 21, 22, 23, 24, 25]  Q:5 M:5 F:5
  1194. [1, 2, 5, 10, 11, 12, 16, 17, 19, 20, 21, 22, 23, 24, 25]  Q:5 M:5 F:5
  1195. [1, 2, 5, 8, 10, 11, 12, 17, 18, 19, 20, 21, 22, 23, 24]  Q:5 M:5 F:5
  1196. [1, 2, 5, 8, 10, 11, 12, 17, 18, 19, 20, 21, 22, 23, 25]  Q:5 M:5 F:5
  1197. [1, 2, 5, 8, 10, 11, 12, 17, 18, 19, 20, 21, 23, 24, 25]  Q:5 M:5 F:5
  1198. [1, 2, 5, 8, 10, 11, 12, 18, 19, 20, 21, 22, 23, 24, 25]  Q:5 M:5 F:5
  1199. [1, 2, 5, 8, 10, 11, 17, 18, 19, 20, 21, 22, 23, 24, 25]  Q:5 M:5 F:5
  1200. [1, 2, 5, 10, 11, 12, 17, 18, 19, 20, 21, 22, 23, 24, 25]  Q:5 M:5 F:5
  1201. [1, 2, 5, 8, 10, 12, 13, 14, 15, 17, 20, 21, 22, 23, 24]  Q:5 M:5 F:5
  1202. [1, 2, 5, 8, 10, 12, 13, 14, 15, 17, 20, 21, 22, 23, 25]  Q:5 M:5 F:5
  1203. [1, 2, 5, 8, 10, 12, 13, 14, 15, 17, 20, 21, 23, 24, 25]  Q:5 M:5 F:5
  1204. [1, 2, 5, 8, 10, 12, 13, 14, 15, 20, 21, 22, 23, 24, 25]  Q:5 M:5 F:5
  1205. [1, 2, 5, 8, 10, 13, 14, 15, 17, 20, 21, 22, 23, 24, 25]  Q:5 M:5 F:5
  1206. [1, 2, 5, 10, 12, 13, 14, 15, 17, 20, 21, 22, 23, 24, 25]  Q:5 M:5 F:5
  1207. [1, 2, 5, 8, 10, 12, 13, 14, 16, 17, 20, 21, 22, 23, 24]  Q:5 M:5 F:5
  1208. [1, 2, 5, 8, 10, 12, 13, 14, 16, 17, 20, 21, 22, 23, 25]  Q:5 M:5 F:5
  1209. [1, 2, 5, 8, 10, 12, 13, 14, 16, 17, 20, 21, 23, 24, 25]  Q:5 M:5 F:5
  1210. [1, 2, 5, 8, 10, 12, 13, 14, 16, 20, 21, 22, 23, 24, 25]  Q:5 M:5 F:5
  1211. [1, 2, 5, 8, 10, 13, 14, 16, 17, 20, 21, 22, 23, 24, 25]  Q:5 M:5 F:5
  1212. [1, 2, 5, 10, 12, 13, 14, 16, 17, 20, 21, 22, 23, 24, 25]  Q:5 M:5 F:5
  1213. [1, 2, 5, 8, 10, 12, 13, 14, 17, 18, 20, 21, 22, 23, 24]  Q:5 M:5 F:5
  1214. [1, 2, 5, 8, 10, 12, 13, 14, 17, 18, 20, 21, 22, 23, 25]  Q:5 M:5 F:5
  1215. [1, 2, 5, 8, 10, 12, 13, 14, 17, 18, 20, 21, 23, 24, 25]  Q:5 M:5 F:5
  1216. [1, 2, 5, 8, 10, 12, 13, 14, 18, 20, 21, 22, 23, 24, 25]  Q:5 M:5 F:5
  1217. [1, 2, 5, 8, 10, 13, 14, 17, 18, 20, 21, 22, 23, 24, 25]  Q:5 M:5 F:5
  1218. [1, 2, 5, 10, 12, 13, 14, 17, 18, 20, 21, 22, 23, 24, 25]  Q:5 M:5 F:5
  1219. [1, 2, 5, 8, 10, 12, 13, 14, 17, 19, 20, 21, 22, 23, 24]  Q:5 M:5 F:5
  1220. [1, 2, 5, 8, 10, 12, 13, 14, 17, 19, 20, 21, 22, 23, 25]  Q:5 M:5 F:5
  1221. [1, 2, 5, 8, 10, 12, 13, 14, 17, 19, 20, 21, 23, 24, 25]  Q:5 M:5 F:5
  1222. [1, 2, 5, 8, 10, 12, 13, 14, 19, 20, 21, 22, 23, 24, 25]  Q:5 M:5 F:5
  1223. [1, 2, 5, 8, 10, 13, 14, 17, 19, 20, 21, 22, 23, 24, 25]  Q:5 M:5 F:5
  1224. [1, 2, 5, 10, 12, 13, 14, 17, 19, 20, 21, 22, 23, 24, 25]  Q:5 M:5 F:5
  1225. [1, 2, 5, 8, 10, 12, 13, 15, 16, 17, 20, 21, 22, 23, 24]  Q:5 M:5 F:5
  1226. [1, 2, 5, 8, 10, 12, 13, 15, 16, 17, 20, 21, 22, 23, 25]  Q:5 M:5 F:5
  1227. [1, 2, 5, 8, 10, 12, 13, 15, 16, 17, 20, 21, 23, 24, 25]  Q:5 M:5 F:5
  1228. [1, 2, 5, 8, 10, 12, 13, 15, 16, 20, 21, 22, 23, 24, 25]  Q:5 M:5 F:5
  1229. [1, 2, 5, 8, 10, 13, 15, 16, 17, 20, 21, 22, 23, 24, 25]  Q:5 M:5 F:5
  1230. [1, 2, 5, 10, 12, 13, 15, 16, 17, 20, 21, 22, 23, 24, 25]  Q:5 M:5 F:5
  1231. [1, 2, 5, 8, 10, 12, 13, 15, 17, 18, 20, 21, 22, 23, 24]  Q:5 M:5 F:5
  1232. [1, 2, 5, 8, 10, 12, 13, 15, 17, 18, 20, 21, 22, 23, 25]  Q:5 M:5 F:5
  1233. [1, 2, 5, 8, 10, 12, 13, 15, 17, 18, 20, 21, 23, 24, 25]  Q:5 M:5 F:5
  1234. [1, 2, 5, 8, 10, 12, 13, 15, 18, 20, 21, 22, 23, 24, 25]  Q:5 M:5 F:5
  1235. [1, 2, 5, 8, 10, 13, 15, 17, 18, 20, 21, 22, 23, 24, 25]  Q:5 M:5 F:5
  1236. [1, 2, 5, 10, 12, 13, 15, 17, 18, 20, 21, 22, 23, 24, 25]  Q:5 M:5 F:5
  1237. [1, 2, 5, 8, 10, 12, 13, 15, 17, 19, 20, 21, 22, 23, 24]  Q:5 M:5 F:5
  1238. [1, 2, 5, 8, 10, 12, 13, 15, 17, 19, 20, 21, 22, 23, 25]  Q:5 M:5 F:5
  1239. [1, 2, 5, 8, 10, 12, 13, 15, 17, 19, 20, 21, 23, 24, 25]  Q:5 M:5 F:5
  1240. [1, 2, 5, 8, 10, 12, 13, 15, 19, 20, 21, 22, 23, 24, 25]  Q:5 M:5 F:5
  1241. [1, 2, 5, 8, 10, 13, 15, 17, 19, 20, 21, 22, 23, 24, 25]  Q:5 M:5 F:5
  1242. [1, 2, 5, 10, 12, 13, 15, 17, 19, 20, 21, 22, 23, 24, 25]  Q:5 M:5 F:5
  1243. [1, 2, 5, 8, 10, 12, 13, 16, 17, 18, 20, 21, 22, 23, 24]  Q:5 M:5 F:5
  1244. [1, 2, 5, 8, 10, 12, 13, 16, 17, 18, 20, 21, 22, 23, 25]  Q:5 M:5 F:5
  1245. [1, 2, 5, 8, 10, 12, 13, 16, 17, 18, 20, 21, 23, 24, 25]  Q:5 M:5 F:5
  1246. [1, 2, 5, 8, 10, 12, 13, 16, 18, 20, 21, 22, 23, 24, 25]  Q:5 M:5 F:5
  1247. [1, 2, 5, 8, 10, 13, 16, 17, 18, 20, 21, 22, 23, 24, 25]  Q:5 M:5 F:5
  1248. [1, 2, 5, 10, 12, 13, 16, 17, 18, 20, 21, 22, 23, 24, 25]  Q:5 M:5 F:5
  1249. [1, 2, 5, 8, 10, 12, 13, 16, 17, 19, 20, 21, 22, 23, 24]  Q:5 M:5 F:5
  1250. [1, 2, 5, 8, 10, 12, 13, 16, 17, 19, 20, 21, 22, 23, 25]  Q:5 M:5 F:5
  1251. [1, 2, 5, 8, 10, 12, 13, 16, 17, 19, 20, 21, 23, 24, 25]  Q:5 M:5 F:5
  1252. [1, 2, 5, 8, 10, 12, 13, 16, 19, 20, 21, 22, 23, 24, 25]  Q:5 M:5 F:5
  1253. [1, 2, 5, 8, 10, 13, 16, 17, 19, 20, 21, 22, 23, 24, 25]  Q:5 M:5 F:5
  1254. [1, 2, 5, 10, 12, 13, 16, 17, 19, 20, 21, 22, 23, 24, 25]  Q:5 M:5 F:5
  1255. [1, 2, 5, 8, 10, 12, 13, 17, 18, 19, 20, 21, 22, 23, 24]  Q:5 M:5 F:5
  1256. [1, 2, 5, 8, 10, 12, 13, 17, 18, 19, 20, 21, 22, 23, 25]  Q:5 M:5 F:5
  1257. [1, 2, 5, 8, 10, 12, 13, 17, 18, 19, 20, 21, 23, 24, 25]  Q:5 M:5 F:5
  1258. [1, 2, 5, 8, 10, 12, 13, 18, 19, 20, 21, 22, 23, 24, 25]  Q:5 M:5 F:5
  1259. [1, 2, 5, 8, 10, 13, 17, 18, 19, 20, 21, 22, 23, 24, 25]  Q:5 M:5 F:5
  1260. [1, 2, 5, 10, 12, 13, 17, 18, 19, 20, 21, 22, 23, 24, 25]  Q:5 M:5 F:5
  1261. [1, 2, 5, 8, 10, 12, 14, 15, 16, 17, 20, 21, 22, 23, 24]  Q:5 M:5 F:5
  1262. [1, 2, 5, 8, 10, 12, 14, 15, 16, 17, 20, 21, 22, 23, 25]  Q:5 M:5 F:5
  1263. [1, 2, 5, 8, 10, 12, 14, 15, 16, 17, 20, 21, 23, 24, 25]  Q:5 M:5 F:5
  1264. [1, 2, 5, 8, 10, 12, 14, 15, 16, 20, 21, 22, 23, 24, 25]  Q:5 M:5 F:5
  1265. [1, 2, 5, 8, 10, 14, 15, 16, 17, 20, 21, 22, 23, 24, 25]  Q:5 M:5 F:5
  1266. [1, 2, 5, 10, 12, 14, 15, 16, 17, 20, 21, 22, 23, 24, 25]  Q:5 M:5 F:5
  1267. [1, 2, 5, 8, 10, 12, 14, 15, 17, 18, 20, 21, 22, 23, 24]  Q:5 M:5 F:5
  1268. [1, 2, 5, 8, 10, 12, 14, 15, 17, 18, 20, 21, 22, 23, 25]  Q:5 M:5 F:5
  1269. [1, 2, 5, 8, 10, 12, 14, 15, 17, 18, 20, 21, 23, 24, 25]  Q:5 M:5 F:5
  1270. [1, 2, 5, 8, 10, 12, 14, 15, 18, 20, 21, 22, 23, 24, 25]  Q:5 M:5 F:5
  1271. [1, 2, 5, 8, 10, 14, 15, 17, 18, 20, 21, 22, 23, 24, 25]  Q:5 M:5 F:5
  1272. [1, 2, 5, 10, 12, 14, 15, 17, 18, 20, 21, 22, 23, 24, 25]  Q:5 M:5 F:5
  1273. [1, 2, 5, 8, 10, 12, 14, 15, 17, 19, 20, 21, 22, 23, 24]  Q:5 M:5 F:5
  1274. [1, 2, 5, 8, 10, 12, 14, 15, 17, 19, 20, 21, 22, 23, 25]  Q:5 M:5 F:5
  1275. [1, 2, 5, 8, 10, 12, 14, 15, 17, 19, 20, 21, 23, 24, 25]  Q:5 M:5 F:5
  1276. [1, 2, 5, 8, 10, 12, 14, 15, 19, 20, 21, 22, 23, 24, 25]  Q:5 M:5 F:5
  1277. [1, 2, 5, 8, 10, 14, 15, 17, 19, 20, 21, 22, 23, 24, 25]  Q:5 M:5 F:5
  1278. [1, 2, 5, 10, 12, 14, 15, 17, 19, 20, 21, 22, 23, 24, 25]  Q:5 M:5 F:5
  1279. [1, 2, 5, 8, 10, 12, 14, 16, 17, 18, 20, 21, 22, 23, 24]  Q:5 M:5 F:5
  1280. [1, 2, 5, 8, 10, 12, 14, 16, 17, 18, 20, 21, 22, 23, 25]  Q:5 M:5 F:5
  1281. [1, 2, 5, 8, 10, 12, 14, 16, 17, 18, 20, 21, 23, 24, 25]  Q:5 M:5 F:5
  1282. [1, 2, 5, 8, 10, 12, 14, 16, 18, 20, 21, 22, 23, 24, 25]  Q:5 M:5 F:5
  1283. [1, 2, 5, 8, 10, 14, 16, 17, 18, 20, 21, 22, 23, 24, 25]  Q:5 M:5 F:5
  1284. [1, 2, 5, 10, 12, 14, 16, 17, 18, 20, 21, 22, 23, 24, 25]  Q:5 M:5 F:5
  1285. [1, 2, 5, 8, 10, 12, 14, 16, 17, 19, 20, 21, 22, 23, 24]  Q:5 M:5 F:5
  1286. [1, 2, 5, 8, 10, 12, 14, 16, 17, 19, 20, 21, 22, 23, 25]  Q:5 M:5 F:5
  1287. [1, 2, 5, 8, 10, 12, 14, 16, 17, 19, 20, 21, 23, 24, 25]  Q:5 M:5 F:5
  1288. [1, 2, 5, 8, 10, 12, 14, 16, 19, 20, 21, 22, 23, 24, 25]  Q:5 M:5 F:5
  1289. [1, 2, 5, 8, 10, 14, 16, 17, 19, 20, 21, 22, 23, 24, 25]  Q:5 M:5 F:5
  1290. [1, 2, 5, 10, 12, 14, 16, 17, 19, 20, 21, 22, 23, 24, 25]  Q:5 M:5 F:5
  1291. [1, 2, 5, 8, 10, 12, 14, 17, 18, 19, 20, 21, 22, 23, 24]  Q:5 M:5 F:5
  1292. [1, 2, 5, 8, 10, 12, 14, 17, 18, 19, 20, 21, 22, 23, 25]  Q:5 M:5 F:5
  1293. [1, 2, 5, 8, 10, 12, 14, 17, 18, 19, 20, 21, 23, 24, 25]  Q:5 M:5 F:5
  1294. [1, 2, 5, 8, 10, 12, 14, 18, 19, 20, 21, 22, 23, 24, 25]  Q:5 M:5 F:5
  1295. [1, 2, 5, 8, 10, 14, 17, 18, 19, 20, 21, 22, 23, 24, 25]  Q:5 M:5 F:5
  1296. [1, 2, 5, 10, 12, 14, 17, 18, 19, 20, 21, 22, 23, 24, 25]  Q:5 M:5 F:5
  1297. [1, 2, 5, 8, 10, 12, 15, 16, 17, 18, 20, 21, 22, 23, 24]  Q:5 M:5 F:5
  1298. [1, 2, 5, 8, 10, 12, 15, 16, 17, 18, 20, 21, 22, 23, 25]  Q:5 M:5 F:5
  1299. [1, 2, 5, 8, 10, 12, 15, 16, 17, 18, 20, 21, 23, 24, 25]  Q:5 M:5 F:5
  1300. [1, 2, 5, 8, 10, 12, 15, 16, 18, 20, 21, 22, 23, 24, 25]  Q:5 M:5 F:5
  1301. [1, 2, 5, 8, 10, 15, 16, 17, 18, 20, 21, 22, 23, 24, 25]  Q:5 M:5 F:5
  1302. [1, 2, 5, 10, 12, 15, 16, 17, 18, 20, 21, 22, 23, 24, 25]  Q:5 M:5 F:5
  1303. [1, 2, 5, 8, 10, 12, 15, 16, 17, 19, 20, 21, 22, 23, 24]  Q:5 M:5 F:5
  1304. [1, 2, 5, 8, 10, 12, 15, 16, 17, 19, 20, 21, 22, 23, 25]  Q:5 M:5 F:5
  1305. [1, 2, 5, 8, 10, 12, 15, 16, 17, 19, 20, 21, 23, 24, 25]  Q:5 M:5 F:5
  1306. [1, 2, 5, 8, 10, 12, 15, 16, 19, 20, 21, 22, 23, 24, 25]  Q:5 M:5 F:5
  1307. [1, 2, 5, 8, 10, 15, 16, 17, 19, 20, 21, 22, 23, 24, 25]  Q:5 M:5 F:5
  1308. [1, 2, 5, 10, 12, 15, 16, 17, 19, 20, 21, 22, 23, 24, 25]  Q:5 M:5 F:5
  1309. [1, 2, 5, 8, 10, 12, 15, 17, 18, 19, 20, 21, 22, 23, 24]  Q:5 M:5 F:5
  1310. [1, 2, 5, 8, 10, 12, 15, 17, 18, 19, 20, 21, 22, 23, 25]  Q:5 M:5 F:5
  1311. [1, 2, 5, 8, 10, 12, 15, 17, 18, 19, 20, 21, 23, 24, 25]  Q:5 M:5 F:5
  1312. [1, 2, 5, 8, 10, 12, 15, 18, 19, 20, 21, 22, 23, 24, 25]  Q:5 M:5 F:5
  1313. [1, 2, 5, 8, 10, 15, 17, 18, 19, 20, 21, 22, 23, 24, 25]  Q:5 M:5 F:5
  1314. [1, 2, 5, 10, 12, 15, 17, 18, 19, 20, 21, 22, 23, 24, 25]  Q:5 M:5 F:5
  1315. [1, 2, 5, 8, 10, 12, 16, 17, 18, 19, 20, 21, 22, 23, 24]  Q:5 M:5 F:5
  1316. [1, 2, 5, 8, 10, 12, 16, 17, 18, 19, 20, 21, 22, 23, 25]  Q:5 M:5 F:5
  1317. [1, 2, 5, 8, 10, 12, 16, 17, 18, 19, 20, 21, 23, 24, 25]  Q:5 M:5 F:5
  1318. [1, 2, 5, 8, 10, 12, 16, 18, 19, 20, 21, 22, 23, 24, 25]  Q:5 M:5 F:5
  1319. [1, 2, 5, 8, 10, 16, 17, 18, 19, 20, 21, 22, 23, 24, 25]  Q:5 M:5 F:5
  1320. [1, 2, 5, 10, 12, 16, 17, 18, 19, 20, 21, 22, 23, 24, 25]  Q:5 M:5 F:5
  1321. [1, 3, 4, 5, 6, 7, 8, 10, 12, 17, 20, 21, 22, 23, 24]    Q:5 M:5 F:5
  1322. [1, 3, 4, 5, 6, 7, 8, 10, 12, 17, 20, 21, 22, 23, 25]    Q:5 M:5 F:5
  1323. [1, 3, 4, 5, 6, 7, 8, 10, 12, 17, 20, 21, 23, 24, 25]    Q:5 M:5 F:5
  1324. [1, 3, 4, 5, 6, 7, 8, 10, 12, 20, 21, 22, 23, 24, 25]    Q:5 M:5 F:5
  1325. [1, 3, 4, 5, 6, 7, 8, 10, 17, 20, 21, 22, 23, 24, 25]    Q:5 M:5 F:5
  1326. [1, 3, 4, 5, 6, 7, 10, 12, 17, 20, 21, 22, 23, 24, 25]   Q:5 M:5 F:5
  1327. [1, 3, 4, 5, 6, 8, 9, 10, 12, 17, 20, 21, 22, 23, 24]    Q:5 M:5 F:5
  1328. [1, 3, 4, 5, 6, 8, 9, 10, 12, 17, 20, 21, 22, 23, 25]    Q:5 M:5 F:5
  1329. [1, 3, 4, 5, 6, 8, 9, 10, 12, 17, 20, 21, 23, 24, 25]    Q:5 M:5 F:5
  1330. [1, 3, 4, 5, 6, 8, 9, 10, 12, 20, 21, 22, 23, 24, 25]    Q:5 M:5 F:5
  1331. [1, 3, 4, 5, 6, 8, 9, 10, 17, 20, 21, 22, 23, 24, 25]    Q:5 M:5 F:5
  1332. [1, 3, 4, 5, 6, 9, 10, 12, 17, 20, 21, 22, 23, 24, 25]   Q:5 M:5 F:5
  1333. [1, 3, 4, 5, 6, 8, 10, 11, 12, 17, 20, 21, 22, 23, 24]   Q:5 M:5 F:5
  1334. [1, 3, 4, 5, 6, 8, 10, 11, 12, 17, 20, 21, 22, 23, 25]   Q:5 M:5 F:5
  1335. [1, 3, 4, 5, 6, 8, 10, 11, 12, 17, 20, 21, 23, 24, 25]   Q:5 M:5 F:5
  1336. [1, 3, 4, 5, 6, 8, 10, 11, 12, 20, 21, 22, 23, 24, 25]   Q:5 M:5 F:5
  1337. [1, 3, 4, 5, 6, 8, 10, 11, 17, 20, 21, 22, 23, 24, 25]   Q:5 M:5 F:5
  1338. [1, 3, 4, 5, 6, 10, 11, 12, 17, 20, 21, 22, 23, 24, 25]  Q:5 M:5 F:5
  1339. [1, 3, 4, 5, 6, 8, 10, 12, 13, 17, 20, 21, 22, 23, 24]   Q:5 M:5 F:5
  1340. [1, 3, 4, 5, 6, 8, 10, 12, 13, 17, 20, 21, 22, 23, 25]   Q:5 M:5 F:5
  1341. [1, 3, 4, 5, 6, 8, 10, 12, 13, 17, 20, 21, 23, 24, 25]   Q:5 M:5 F:5
  1342. [1, 3, 4, 5, 6, 8, 10, 12, 13, 20, 21, 22, 23, 24, 25]   Q:5 M:5 F:5
  1343. [1, 3, 4, 5, 6, 8, 10, 13, 17, 20, 21, 22, 23, 24, 25]   Q:5 M:5 F:5
  1344. [1, 3, 4, 5, 6, 10, 12, 13, 17, 20, 21, 22, 23, 24, 25]  Q:5 M:5 F:5
  1345. [1, 3, 4, 5, 6, 8, 10, 12, 14, 17, 20, 21, 22, 23, 24]   Q:5 M:5 F:5
  1346. [1, 3, 4, 5, 6, 8, 10, 12, 14, 17, 20, 21, 22, 23, 25]   Q:5 M:5 F:5
  1347. [1, 3, 4, 5, 6, 8, 10, 12, 14, 17, 20, 21, 23, 24, 25]   Q:5 M:5 F:5
  1348. [1, 3, 4, 5, 6, 8, 10, 12, 14, 20, 21, 22, 23, 24, 25]   Q:5 M:5 F:5
  1349. [1, 3, 4, 5, 6, 8, 10, 14, 17, 20, 21, 22, 23, 24, 25]   Q:5 M:5 F:5
  1350. [1, 3, 4, 5, 6, 10, 12, 14, 17, 20, 21, 22, 23, 24, 25]  Q:5 M:5 F:5
  1351. [1, 3, 4, 5, 6, 8, 10, 12, 15, 17, 20, 21, 22, 23, 24]   Q:5 M:5 F:5
  1352. [1, 3, 4, 5, 6, 8, 10, 12, 15, 17, 20, 21, 22, 23, 25]   Q:5 M:5 F:5
  1353. [1, 3, 4, 5, 6, 8, 10, 12, 15, 17, 20, 21, 23, 24, 25]   Q:5 M:5 F:5
  1354. [1, 3, 4, 5, 6, 8, 10, 12, 15, 20, 21, 22, 23, 24, 25]   Q:5 M:5 F:5
  1355. [1, 3, 4, 5, 6, 8, 10, 15, 17, 20, 21, 22, 23, 24, 25]   Q:5 M:5 F:5
  1356. [1, 3, 4, 5, 6, 10, 12, 15, 17, 20, 21, 22, 23, 24, 25]  Q:5 M:5 F:5
  1357. [1, 3, 4, 5, 6, 8, 10, 12, 16, 17, 20, 21, 22, 23, 24]   Q:5 M:5 F:5
  1358. [1, 3, 4, 5, 6, 8, 10, 12, 16, 17, 20, 21, 22, 23, 25]   Q:5 M:5 F:5
  1359. [1, 3, 4, 5, 6, 8, 10, 12, 16, 17, 20, 21, 23, 24, 25]   Q:5 M:5 F:5
  1360. [1, 3, 4, 5, 6, 8, 10, 12, 16, 20, 21, 22, 23, 24, 25]   Q:5 M:5 F:5
  1361. [1, 3, 4, 5, 6, 8, 10, 16, 17, 20, 21, 22, 23, 24, 25]   Q:5 M:5 F:5
  1362. [1, 3, 4, 5, 6, 10, 12, 16, 17, 20, 21, 22, 23, 24, 25]  Q:5 M:5 F:5
  1363. [1, 3, 4, 5, 6, 8, 10, 12, 17, 18, 20, 21, 22, 23, 24]   Q:5 M:5 F:5
  1364. [1, 3, 4, 5, 6, 8, 10, 12, 17, 18, 20, 21, 22, 23, 25]   Q:5 M:5 F:5
  1365. [1, 3, 4, 5, 6, 8, 10, 12, 17, 18, 20, 21, 23, 24, 25]   Q:5 M:5 F:5
  1366. [1, 3, 4, 5, 6, 8, 10, 12, 18, 20, 21, 22, 23, 24, 25]   Q:5 M:5 F:5
  1367. [1, 3, 4, 5, 6, 8, 10, 17, 18, 20, 21, 22, 23, 24, 25]   Q:5 M:5 F:5
  1368. [1, 3, 4, 5, 6, 10, 12, 17, 18, 20, 21, 22, 23, 24, 25]  Q:5 M:5 F:5
  1369. [1, 3, 4, 5, 6, 8, 10, 12, 17, 19, 20, 21, 22, 23, 24]   Q:5 M:5 F:5
  1370. [1, 3, 4, 5, 6, 8, 10, 12, 17, 19, 20, 21, 22, 23, 25]   Q:5 M:5 F:5
  1371. [1, 3, 4, 5, 6, 8, 10, 12, 17, 19, 20, 21, 23, 24, 25]   Q:5 M:5 F:5
  1372. [1, 3, 4, 5, 6, 8, 10, 12, 19, 20, 21, 22, 23, 24, 25]   Q:5 M:5 F:5
  1373. [1, 3, 4, 5, 6, 8, 10, 17, 19, 20, 21, 22, 23, 24, 25]   Q:5 M:5 F:5
  1374. [1, 3, 4, 5, 6, 10, 12, 17, 19, 20, 21, 22, 23, 24, 25]  Q:5 M:5 F:5
  1375. [1, 3, 4, 5, 7, 8, 9, 10, 12, 17, 20, 21, 22, 23, 24]    Q:5 M:5 F:5
  1376. [1, 3, 4, 5, 7, 8, 9, 10, 12, 17, 20, 21, 22, 23, 25]    Q:5 M:5 F:5
  1377. [1, 3, 4, 5, 7, 8, 9, 10, 12, 17, 20, 21, 23, 24, 25]    Q:5 M:5 F:5
  1378. [1, 3, 4, 5, 7, 8, 9, 10, 12, 20, 21, 22, 23, 24, 25]    Q:5 M:5 F:5
  1379. [1, 3, 4, 5, 7, 8, 9, 10, 17, 20, 21, 22, 23, 24, 25]    Q:5 M:5 F:5
  1380. [1, 3, 4, 5, 7, 9, 10, 12, 17, 20, 21, 22, 23, 24, 25]   Q:5 M:5 F:5
  1381. [1, 3, 4, 5, 7, 8, 10, 11, 12, 17, 20, 21, 22, 23, 24]   Q:5 M:5 F:5
  1382. [1, 3, 4, 5, 7, 8, 10, 11, 12, 17, 20, 21, 22, 23, 25]   Q:5 M:5 F:5
  1383. [1, 3, 4, 5, 7, 8, 10, 11, 12, 17, 20, 21, 23, 24, 25]   Q:5 M:5 F:5
  1384. [1, 3, 4, 5, 7, 8, 10, 11, 12, 20, 21, 22, 23, 24, 25]   Q:5 M:5 F:5
  1385. [1, 3, 4, 5, 7, 8, 10, 11, 17, 20, 21, 22, 23, 24, 25]   Q:5 M:5 F:5
  1386. [1, 3, 4, 5, 7, 10, 11, 12, 17, 20, 21, 22, 23, 24, 25]  Q:5 M:5 F:5
  1387. [1, 3, 4, 5, 7, 8, 10, 12, 13, 17, 20, 21, 22, 23, 24]   Q:5 M:5 F:5
  1388. [1, 3, 4, 5, 7, 8, 10, 12, 13, 17, 20, 21, 22, 23, 25]   Q:5 M:5 F:5
  1389. [1, 3, 4, 5, 7, 8, 10, 12, 13, 17, 20, 21, 23, 24, 25]   Q:5 M:5 F:5
  1390. [1, 3, 4, 5, 7, 8, 10, 12, 13, 20, 21, 22, 23, 24, 25]   Q:5 M:5 F:5
  1391. [1, 3, 4, 5, 7, 8, 10, 13, 17, 20, 21, 22, 23, 24, 25]   Q:5 M:5 F:5
  1392. [1, 3, 4, 5, 7, 10, 12, 13, 17, 20, 21, 22, 23, 24, 25]  Q:5 M:5 F:5
  1393. [1, 3, 4, 5, 7, 8, 10, 12, 14, 17, 20, 21, 22, 23, 24]   Q:5 M:5 F:5
  1394. [1, 3, 4, 5, 7, 8, 10, 12, 14, 17, 20, 21, 22, 23, 25]   Q:5 M:5 F:5
  1395. [1, 3, 4, 5, 7, 8, 10, 12, 14, 17, 20, 21, 23, 24, 25]   Q:5 M:5 F:5
  1396. [1, 3, 4, 5, 7, 8, 10, 12, 14, 20, 21, 22, 23, 24, 25]   Q:5 M:5 F:5
  1397. [1, 3, 4, 5, 7, 8, 10, 14, 17, 20, 21, 22, 23, 24, 25]   Q:5 M:5 F:5
  1398. [1, 3, 4, 5, 7, 10, 12, 14, 17, 20, 21, 22, 23, 24, 25]  Q:5 M:5 F:5
  1399. [1, 3, 4, 5, 7, 8, 10, 12, 15, 17, 20, 21, 22, 23, 24]   Q:5 M:5 F:5
  1400. [1, 3, 4, 5, 7, 8, 10, 12, 15, 17, 20, 21, 22, 23, 25]   Q:5 M:5 F:5
  1401. [1, 3, 4, 5, 7, 8, 10, 12, 15, 17, 20, 21, 23, 24, 25]   Q:5 M:5 F:5
  1402. [1, 3, 4, 5, 7, 8, 10, 12, 15, 20, 21, 22, 23, 24, 25]   Q:5 M:5 F:5
  1403. [1, 3, 4, 5, 7, 8, 10, 15, 17, 20, 21, 22, 23, 24, 25]   Q:5 M:5 F:5
  1404. [1, 3, 4, 5, 7, 10, 12, 15, 17, 20, 21, 22, 23, 24, 25]  Q:5 M:5 F:5
  1405. [1, 3, 4, 5, 7, 8, 10, 12, 16, 17, 20, 21, 22, 23, 24]   Q:5 M:5 F:5
  1406. [1, 3, 4, 5, 7, 8, 10, 12, 16, 17, 20, 21, 22, 23, 25]   Q:5 M:5 F:5
  1407. [1, 3, 4, 5, 7, 8, 10, 12, 16, 17, 20, 21, 23, 24, 25]   Q:5 M:5 F:5
  1408. [1, 3, 4, 5, 7, 8, 10, 12, 16, 20, 21, 22, 23, 24, 25]   Q:5 M:5 F:5
  1409. [1, 3, 4, 5, 7, 8, 10, 16, 17, 20, 21, 22, 23, 24, 25]   Q:5 M:5 F:5
  1410. [1, 3, 4, 5, 7, 10, 12, 16, 17, 20, 21, 22, 23, 24, 25]  Q:5 M:5 F:5
  1411. [1, 3, 4, 5, 7, 8, 10, 12, 17, 18, 20, 21, 22, 23, 24]   Q:5 M:5 F:5
  1412. [1, 3, 4, 5, 7, 8, 10, 12, 17, 18, 20, 21, 22, 23, 25]   Q:5 M:5 F:5
  1413. [1, 3, 4, 5, 7, 8, 10, 12, 17, 18, 20, 21, 23, 24, 25]   Q:5 M:5 F:5
  1414. [1, 3, 4, 5, 7, 8, 10, 12, 18, 20, 21, 22, 23, 24, 25]   Q:5 M:5 F:5
  1415. [1, 3, 4, 5, 7, 8, 10, 17, 18, 20, 21, 22, 23, 24, 25]   Q:5 M:5 F:5
  1416. [1, 3, 4, 5, 7, 10, 12, 17, 18, 20, 21, 22, 23, 24, 25]  Q:5 M:5 F:5
  1417. [1, 3, 4, 5, 7, 8, 10, 12, 17, 19, 20, 21, 22, 23, 24]   Q:5 M:5 F:5
  1418. [1, 3, 4, 5, 7, 8, 10, 12, 17, 19, 20, 21, 22, 23, 25]   Q:5 M:5 F:5
  1419. [1, 3, 4, 5, 7, 8, 10, 12, 17, 19, 20, 21, 23, 24, 25]   Q:5 M:5 F:5
  1420. [1, 3, 4, 5, 7, 8, 10, 12, 19, 20, 21, 22, 23, 24, 25]   Q:5 M:5 F:5
  1421. [1, 3, 4, 5, 7, 8, 10, 17, 19, 20, 21, 22, 23, 24, 25]   Q:5 M:5 F:5
  1422. [1, 3, 4, 5, 7, 10, 12, 17, 19, 20, 21, 22, 23, 24, 25]  Q:5 M:5 F:5
  1423. [1, 3, 4, 5, 8, 9, 10, 11, 12, 17, 20, 21, 22, 23, 24]   Q:5 M:5 F:5
  1424. [1, 3, 4, 5, 8, 9, 10, 11, 12, 17, 20, 21, 22, 23, 25]   Q:5 M:5 F:5
  1425. [1, 3, 4, 5, 8, 9, 10, 11, 12, 17, 20, 21, 23, 24, 25]   Q:5 M:5 F:5
  1426. [1, 3, 4, 5, 8, 9, 10, 11, 12, 20, 21, 22, 23, 24, 25]   Q:5 M:5 F:5
  1427. [1, 3, 4, 5, 8, 9, 10, 11, 17, 20, 21, 22, 23, 24, 25]   Q:5 M:5 F:5
  1428. [1, 3, 4, 5, 9, 10, 11, 12, 17, 20, 21, 22, 23, 24, 25]  Q:5 M:5 F:5
  1429. [1, 3, 4, 5, 8, 9, 10, 12, 13, 17, 20, 21, 22, 23, 24]   Q:5 M:5 F:5
  1430. [1, 3, 4, 5, 8, 9, 10, 12, 13, 17, 20, 21, 22, 23, 25]   Q:5 M:5 F:5
  1431. [1, 3, 4, 5, 8, 9, 10, 12, 13, 17, 20, 21, 23, 24, 25]   Q:5 M:5 F:5
  1432. [1, 3, 4, 5, 8, 9, 10, 12, 13, 20, 21, 22, 23, 24, 25]   Q:5 M:5 F:5
  1433. [1, 3, 4, 5, 8, 9, 10, 13, 17, 20, 21, 22, 23, 24, 25]   Q:5 M:5 F:5
  1434. [1, 3, 4, 5, 9, 10, 12, 13, 17, 20, 21, 22, 23, 24, 25]  Q:5 M:5 F:5
  1435. [1, 3, 4, 5, 8, 9, 10, 12, 14, 17, 20, 21, 22, 23, 24]   Q:5 M:5 F:5
  1436. [1, 3, 4, 5, 8, 9, 10, 12, 14, 17, 20, 21, 22, 23, 25]   Q:5 M:5 F:5
  1437. [1, 3, 4, 5, 8, 9, 10, 12, 14, 17, 20, 21, 23, 24, 25]   Q:5 M:5 F:5
  1438. [1, 3, 4, 5, 8, 9, 10, 12, 14, 20, 21, 22, 23, 24, 25]   Q:5 M:5 F:5
  1439. [1, 3, 4, 5, 8, 9, 10, 14, 17, 20, 21, 22, 23, 24, 25]   Q:5 M:5 F:5
  1440. [1, 3, 4, 5, 9, 10, 12, 14, 17, 20, 21, 22, 23, 24, 25]  Q:5 M:5 F:5
  1441. [1, 3, 4, 5, 8, 9, 10, 12, 15, 17, 20, 21, 22, 23, 24]   Q:5 M:5 F:5
  1442. [1, 3, 4, 5, 8, 9, 10, 12, 15, 17, 20, 21, 22, 23, 25]   Q:5 M:5 F:5
  1443. [1, 3, 4, 5, 8, 9, 10, 12, 15, 17, 20, 21, 23, 24, 25]   Q:5 M:5 F:5
  1444. [1, 3, 4, 5, 8, 9, 10, 12, 15, 20, 21, 22, 23, 24, 25]   Q:5 M:5 F:5
  1445. [1, 3, 4, 5, 8, 9, 10, 15, 17, 20, 21, 22, 23, 24, 25]   Q:5 M:5 F:5
  1446. [1, 3, 4, 5, 9, 10, 12, 15, 17, 20, 21, 22, 23, 24, 25]  Q:5 M:5 F:5
  1447. [1, 3, 4, 5, 8, 9, 10, 12, 16, 17, 20, 21, 22, 23, 24]   Q:5 M:5 F:5
  1448. [1, 3, 4, 5, 8, 9, 10, 12, 16, 17, 20, 21, 22, 23, 25]   Q:5 M:5 F:5
  1449. [1, 3, 4, 5, 8, 9, 10, 12, 16, 17, 20, 21, 23, 24, 25]   Q:5 M:5 F:5
  1450. [1, 3, 4, 5, 8, 9, 10, 12, 16, 20, 21, 22, 23, 24, 25]   Q:5 M:5 F:5
  1451. [1, 3, 4, 5, 8, 9, 10, 16, 17, 20, 21, 22, 23, 24, 25]   Q:5 M:5 F:5
  1452. [1, 3, 4, 5, 9, 10, 12, 16, 17, 20, 21, 22, 23, 24, 25]  Q:5 M:5 F:5
  1453. [1, 3, 4, 5, 8, 9, 10, 12, 17, 18, 20, 21, 22, 23, 24]   Q:5 M:5 F:5
  1454. [1, 3, 4, 5, 8, 9, 10, 12, 17, 18, 20, 21, 22, 23, 25]   Q:5 M:5 F:5
  1455. [1, 3, 4, 5, 8, 9, 10, 12, 17, 18, 20, 21, 23, 24, 25]   Q:5 M:5 F:5
  1456. [1, 3, 4, 5, 8, 9, 10, 12, 18, 20, 21, 22, 23, 24, 25]   Q:5 M:5 F:5
  1457. [1, 3, 4, 5, 8, 9, 10, 17, 18, 20, 21, 22, 23, 24, 25]   Q:5 M:5 F:5
  1458. [1, 3, 4, 5, 9, 10, 12, 17, 18, 20, 21, 22, 23, 24, 25]  Q:5 M:5 F:5
  1459. [1, 3, 4, 5, 8, 9, 10, 12, 17, 19, 20, 21, 22, 23, 24]   Q:5 M:5 F:5
  1460. [1, 3, 4, 5, 8, 9, 10, 12, 17, 19, 20, 21, 22, 23, 25]   Q:5 M:5 F:5
  1461. [1, 3, 4, 5, 8, 9, 10, 12, 17, 19, 20, 21, 23, 24, 25]   Q:5 M:5 F:5
  1462. [1, 3, 4, 5, 8, 9, 10, 12, 19, 20, 21, 22, 23, 24, 25]   Q:5 M:5 F:5
  1463. [1, 3, 4, 5, 8, 9, 10, 17, 19, 20, 21, 22, 23, 24, 25]   Q:5 M:5 F:5
  1464. [1, 3, 4, 5, 9, 10, 12, 17, 19, 20, 21, 22, 23, 24, 25]  Q:5 M:5 F:5
  1465. [1, 3, 4, 5, 8, 10, 11, 12, 13, 17, 20, 21, 22, 23, 24]  Q:5 M:5 F:5
  1466. [1, 3, 4, 5, 8, 10, 11, 12, 13, 17, 20, 21, 22, 23, 25]  Q:5 M:5 F:5
  1467. [1, 3, 4, 5, 8, 10, 11, 12, 13, 17, 20, 21, 23, 24, 25]  Q:5 M:5 F:5
  1468. [1, 3, 4, 5, 8, 10, 11, 12, 13, 20, 21, 22, 23, 24, 25]  Q:5 M:5 F:5
  1469. [1, 3, 4, 5, 8, 10, 11, 13, 17, 20, 21, 22, 23, 24, 25]  Q:5 M:5 F:5
  1470. [1, 3, 4, 5, 10, 11, 12, 13, 17, 20, 21, 22, 23, 24, 25]  Q:5 M:5 F:5
  1471. [1, 3, 4, 5, 8, 10, 11, 12, 14, 17, 20, 21, 22, 23, 24]  Q:5 M:5 F:5
  1472. [1, 3, 4, 5, 8, 10, 11, 12, 14, 17, 20, 21, 22, 23, 25]  Q:5 M:5 F:5
  1473. [1, 3, 4, 5, 8, 10, 11, 12, 14, 17, 20, 21, 23, 24, 25]  Q:5 M:5 F:5
  1474. [1, 3, 4, 5, 8, 10, 11, 12, 14, 20, 21, 22, 23, 24, 25]  Q:5 M:5 F:5
  1475. [1, 3, 4, 5, 8, 10, 11, 14, 17, 20, 21, 22, 23, 24, 25]  Q:5 M:5 F:5
  1476. [1, 3, 4, 5, 10, 11, 12, 14, 17, 20, 21, 22, 23, 24, 25]  Q:5 M:5 F:5
  1477. [1, 3, 4, 5, 8, 10, 11, 12, 15, 17, 20, 21, 22, 23, 24]  Q:5 M:5 F:5
  1478. [1, 3, 4, 5, 8, 10, 11, 12, 15, 17, 20, 21, 22, 23, 25]  Q:5 M:5 F:5
  1479. [1, 3, 4, 5, 8, 10, 11, 12, 15, 17, 20, 21, 23, 24, 25]  Q:5 M:5 F:5
  1480. [1, 3, 4, 5, 8, 10, 11, 12, 15, 20, 21, 22, 23, 24, 25]  Q:5 M:5 F:5
  1481. [1, 3, 4, 5, 8, 10, 11, 15, 17, 20, 21, 22, 23, 24, 25]  Q:5 M:5 F:5
  1482. [1, 3, 4, 5, 10, 11, 12, 15, 17, 20, 21, 22, 23, 24, 25]  Q:5 M:5 F:5
  1483. [1, 3, 4, 5, 8, 10, 11, 12, 16, 17, 20, 21, 22, 23, 24]  Q:5 M:5 F:5
  1484. [1, 3, 4, 5, 8, 10, 11, 12, 16, 17, 20, 21, 22, 23, 25]  Q:5 M:5 F:5
  1485. [1, 3, 4, 5, 8, 10, 11, 12, 16, 17, 20, 21, 23, 24, 25]  Q:5 M:5 F:5
  1486. [1, 3, 4, 5, 8, 10, 11, 12, 16, 20, 21, 22, 23, 24, 25]  Q:5 M:5 F:5
  1487. [1, 3, 4, 5, 8, 10, 11, 16, 17, 20, 21, 22, 23, 24, 25]  Q:5 M:5 F:5
  1488. [1, 3, 4, 5, 10, 11, 12, 16, 17, 20, 21, 22, 23, 24, 25]  Q:5 M:5 F:5
  1489. [1, 3, 4, 5, 8, 10, 11, 12, 17, 18, 20, 21, 22, 23, 24]  Q:5 M:5 F:5
  1490. [1, 3, 4, 5, 8, 10, 11, 12, 17, 18, 20, 21, 22, 23, 25]  Q:5 M:5 F:5
  1491. [1, 3, 4, 5, 8, 10, 11, 12, 17, 18, 20, 21, 23, 24, 25]  Q:5 M:5 F:5
  1492. [1, 3, 4, 5, 8, 10, 11, 12, 18, 20, 21, 22, 23, 24, 25]  Q:5 M:5 F:5
  1493. [1, 3, 4, 5, 8, 10, 11, 17, 18, 20, 21, 22, 23, 24, 25]  Q:5 M:5 F:5
  1494. [1, 3, 4, 5, 10, 11, 12, 17, 18, 20, 21, 22, 23, 24, 25]  Q:5 M:5 F:5
  1495. [1, 3, 4, 5, 8, 10, 11, 12, 17, 19, 20, 21, 22, 23, 24]  Q:5 M:5 F:5
  1496. [1, 3, 4, 5, 8, 10, 11, 12, 17, 19, 20, 21, 22, 23, 25]  Q:5 M:5 F:5
  1497. [1, 3, 4, 5, 8, 10, 11, 12, 17, 19, 20, 21, 23, 24, 25]  Q:5 M:5 F:5
  1498. [1, 3, 4, 5, 8, 10, 11, 12, 19, 20, 21, 22, 23, 24, 25]  Q:5 M:5 F:5
  1499. [1, 3, 4, 5, 8, 10, 11, 17, 19, 20, 21, 22, 23, 24, 25]  Q:5 M:5 F:5
  1500. [1, 3, 4, 5, 10, 11, 12, 17, 19, 20, 21, 22, 23, 24, 25]  Q:5 M:5 F:5
  1501. [1, 3, 4, 5, 8, 10, 12, 13, 14, 17, 20, 21, 22, 23, 24]  Q:5 M:5 F:5
  1502. [1, 3, 4, 5, 8, 10, 12, 13, 14, 17, 20, 21, 22, 23, 25]  Q:5 M:5 F:5
  1503. [1, 3, 4, 5, 8, 10, 12, 13, 14, 17, 20, 21, 23, 24, 25]  Q:5 M:5 F:5
  1504. [1, 3, 4, 5, 8, 10, 12, 13, 14, 20, 21, 22, 23, 24, 25]  Q:5 M:5 F:5
  1505. [1, 3, 4, 5, 8, 10, 13, 14, 17, 20, 21, 22, 23, 24, 25]  Q:5 M:5 F:5
  1506. [1, 3, 4, 5, 10, 12, 13, 14, 17, 20, 21, 22, 23, 24, 25]  Q:5 M:5 F:5
  1507. [1, 3, 4, 5, 8, 10, 12, 13, 15, 17, 20, 21, 22, 23, 24]  Q:5 M:5 F:5
  1508. [1, 3, 4, 5, 8, 10, 12, 13, 15, 17, 20, 21, 22, 23, 25]  Q:5 M:5 F:5
  1509. [1, 3, 4, 5, 8, 10, 12, 13, 15, 17, 20, 21, 23, 24, 25]  Q:5 M:5 F:5
  1510. [1, 3, 4, 5, 8, 10, 12, 13, 15, 20, 21, 22, 23, 24, 25]  Q:5 M:5 F:5
  1511. [1, 3, 4, 5, 8, 10, 13, 15, 17, 20, 21, 22, 23, 24, 25]  Q:5 M:5 F:5
  1512. [1, 3, 4, 5, 10, 12, 13, 15, 17, 20, 21, 22, 23, 24, 25]  Q:5 M:5 F:5
  1513. [1, 3, 4, 5, 8, 10, 12, 13, 16, 17, 20, 21, 22, 23, 24]  Q:5 M:5 F:5
  1514. [1, 3, 4, 5, 8, 10, 12, 13, 16, 17, 20, 21, 22, 23, 25]  Q:5 M:5 F:5
  1515. [1, 3, 4, 5, 8, 10, 12, 13, 16, 17, 20, 21, 23, 24, 25]  Q:5 M:5 F:5
  1516. [1, 3, 4, 5, 8, 10, 12, 13, 16, 20, 21, 22, 23, 24, 25]  Q:5 M:5 F:5
  1517. [1, 3, 4, 5, 8, 10, 13, 16, 17, 20, 21, 22, 23, 24, 25]  Q:5 M:5 F:5
  1518. [1, 3, 4, 5, 10, 12, 13, 16, 17, 20, 21, 22, 23, 24, 25]  Q:5 M:5 F:5
  1519. [1, 3, 4, 5, 8, 10, 12, 13, 17, 18, 20, 21, 22, 23, 24]  Q:5 M:5 F:5
  1520. [1, 3, 4, 5, 8, 10, 12, 13, 17, 18, 20, 21, 22, 23, 25]  Q:5 M:5 F:5
  1521. [1, 3, 4, 5, 8, 10, 12, 13, 17, 18, 20, 21, 23, 24, 25]  Q:5 M:5 F:5
  1522. [1, 3, 4, 5, 8, 10, 12, 13, 18, 20, 21, 22, 23, 24, 25]  Q:5 M:5 F:5
  1523. [1, 3, 4, 5, 8, 10, 13, 17, 18, 20, 21, 22, 23, 24, 25]  Q:5 M:5 F:5
  1524. [1, 3, 4, 5, 10, 12, 13, 17, 18, 20, 21, 22, 23, 24, 25]  Q:5 M:5 F:5
  1525. [1, 3, 4, 5, 8, 10, 12, 13, 17, 19, 20, 21, 22, 23, 24]  Q:5 M:5 F:5
  1526. [1, 3, 4, 5, 8, 10, 12, 13, 17, 19, 20, 21, 22, 23, 25]  Q:5 M:5 F:5
  1527. [1, 3, 4, 5, 8, 10, 12, 13, 17, 19, 20, 21, 23, 24, 25]  Q:5 M:5 F:5
  1528. [1, 3, 4, 5, 8, 10, 12, 13, 19, 20, 21, 22, 23, 24, 25]  Q:5 M:5 F:5
  1529. [1, 3, 4, 5, 8, 10, 13, 17, 19, 20, 21, 22, 23, 24, 25]  Q:5 M:5 F:5
  1530. [1, 3, 4, 5, 10, 12, 13, 17, 19, 20, 21, 22, 23, 24, 25]  Q:5 M:5 F:5
  1531. [1, 3, 4, 5, 8, 10, 12, 14, 15, 17, 20, 21, 22, 23, 24]  Q:5 M:5 F:5
  1532. [1, 3, 4, 5, 8, 10, 12, 14, 15, 17, 20, 21, 22, 23, 25]  Q:5 M:5 F:5
  1533. [1, 3, 4, 5, 8, 10, 12, 14, 15, 17, 20, 21, 23, 24, 25]  Q:5 M:5 F:5
  1534. [1, 3, 4, 5, 8, 10, 12, 14, 15, 20, 21, 22, 23, 24, 25]  Q:5 M:5 F:5
  1535. [1, 3, 4, 5, 8, 10, 14, 15, 17, 20, 21, 22, 23, 24, 25]  Q:5 M:5 F:5
  1536. [1, 3, 4, 5, 10, 12, 14, 15, 17, 20, 21, 22, 23, 24, 25]  Q:5 M:5 F:5
  1537. [1, 3, 4, 5, 8, 10, 12, 14, 16, 17, 20, 21, 22, 23, 24]  Q:5 M:5 F:5
  1538. [1, 3, 4, 5, 8, 10, 12, 14, 16, 17, 20, 21, 22, 23, 25]  Q:5 M:5 F:5
  1539. [1, 3, 4, 5, 8, 10, 12, 14, 16, 17, 20, 21, 23, 24, 25]  Q:5 M:5 F:5
  1540. [1, 3, 4, 5, 8, 10, 12, 14, 16, 20, 21, 22, 23, 24, 25]  Q:5 M:5 F:5
  1541. [1, 3, 4, 5, 8, 10, 14, 16, 17, 20, 21, 22, 23, 24, 25]  Q:5 M:5 F:5
  1542. [1, 3, 4, 5, 10, 12, 14, 16, 17, 20, 21, 22, 23, 24, 25]  Q:5 M:5 F:5
  1543. [1, 3, 4, 5, 8, 10, 12, 14, 17, 18, 20, 21, 22, 23, 24]  Q:5 M:5 F:5
  1544. [1, 3, 4, 5, 8, 10, 12, 14, 17, 18, 20, 21, 22, 23, 25]  Q:5 M:5 F:5
  1545. [1, 3, 4, 5, 8, 10, 12, 14, 17, 18, 20, 21, 23, 24, 25]  Q:5 M:5 F:5
  1546. [1, 3, 4, 5, 8, 10, 12, 14, 18, 20, 21, 22, 23, 24, 25]  Q:5 M:5 F:5
  1547. [1, 3, 4, 5, 8, 10, 14, 17, 18, 20, 21, 22, 23, 24, 25]  Q:5 M:5 F:5
  1548. [1, 3, 4, 5, 10, 12, 14, 17, 18, 20, 21, 22, 23, 24, 25]  Q:5 M:5 F:5
  1549. [1, 3, 4, 5, 8, 10, 12, 14, 17, 19, 20, 21, 22, 23, 24]  Q:5 M:5 F:5
  1550. [1, 3, 4, 5, 8, 10, 12, 14, 17, 19, 20, 21, 22, 23, 25]  Q:5 M:5 F:5
  1551. [1, 3, 4, 5, 8, 10, 12, 14, 17, 19, 20, 21, 23, 24, 25]  Q:5 M:5 F:5
  1552. [1, 3, 4, 5, 8, 10, 12, 14, 19, 20, 21, 22, 23, 24, 25]  Q:5 M:5 F:5
  1553. [1, 3, 4, 5, 8, 10, 14, 17, 19, 20, 21, 22, 23, 24, 25]  Q:5 M:5 F:5
  1554. [1, 3, 4, 5, 10, 12, 14, 17, 19, 20, 21, 22, 23, 24, 25]  Q:5 M:5 F:5
  1555. [1, 3, 4, 5, 8, 10, 12, 15, 16, 17, 20, 21, 22, 23, 24]  Q:5 M:5 F:5
  1556. [1, 3, 4, 5, 8, 10, 12, 15, 16, 17, 20, 21, 22, 23, 25]  Q:5 M:5 F:5
  1557. [1, 3, 4, 5, 8, 10, 12, 15, 16, 17, 20, 21, 23, 24, 25]  Q:5 M:5 F:5
  1558. [1, 3, 4, 5, 8, 10, 12, 15, 16, 20, 21, 22, 23, 24, 25]  Q:5 M:5 F:5
  1559. [1, 3, 4, 5, 8, 10, 15, 16, 17, 20, 21, 22, 23, 24, 25]  Q:5 M:5 F:5
  1560. [1, 3, 4, 5, 10, 12, 15, 16, 17, 20, 21, 22, 23, 24, 25]  Q:5 M:5 F:5
  1561. [1, 3, 4, 5, 8, 10, 12, 15, 17, 18, 20, 21, 22, 23, 24]  Q:5 M:5 F:5
  1562. [1, 3, 4, 5, 8, 10, 12, 15, 17, 18, 20, 21, 22, 23, 25]  Q:5 M:5 F:5
  1563. [1, 3, 4, 5, 8, 10, 12, 15, 17, 18, 20, 21, 23, 24, 25]  Q:5 M:5 F:5
  1564. [1, 3, 4, 5, 8, 10, 12, 15, 18, 20, 21, 22, 23, 24, 25]  Q:5 M:5 F:5
  1565. [1, 3, 4, 5, 8, 10, 15, 17, 18, 20, 21, 22, 23, 24, 25]  Q:5 M:5 F:5
  1566. [1, 3, 4, 5, 10, 12, 15, 17, 18, 20, 21, 22, 23, 24, 25]  Q:5 M:5 F:5
  1567. [1, 3, 4, 5, 8, 10, 12, 15, 17, 19, 20, 21, 22, 23, 24]  Q:5 M:5 F:5
  1568. [1, 3, 4, 5, 8, 10, 12, 15, 17, 19, 20, 21, 22, 23, 25]  Q:5 M:5 F:5
  1569. [1, 3, 4, 5, 8, 10, 12, 15, 17, 19, 20, 21, 23, 24, 25]  Q:5 M:5 F:5
  1570. [1, 3, 4, 5, 8, 10, 12, 15, 19, 20, 21, 22, 23, 24, 25]  Q:5 M:5 F:5
  1571. [1, 3, 4, 5, 8, 10, 15, 17, 19, 20, 21, 22, 23, 24, 25]  Q:5 M:5 F:5
  1572. [1, 3, 4, 5, 10, 12, 15, 17, 19, 20, 21, 22, 23, 24, 25]  Q:5 M:5 F:5
  1573. [1, 3, 4, 5, 8, 10, 12, 16, 17, 18, 20, 21, 22, 23, 24]  Q:5 M:5 F:5
  1574. [1, 3, 4, 5, 8, 10, 12, 16, 17, 18, 20, 21, 22, 23, 25]  Q:5 M:5 F:5
  1575. [1, 3, 4, 5, 8, 10, 12, 16, 17, 18, 20, 21, 23, 24, 25]  Q:5 M:5 F:5
  1576. [1, 3, 4, 5, 8, 10, 12, 16, 18, 20, 21, 22, 23, 24, 25]  Q:5 M:5 F:5
  1577. [1, 3, 4, 5, 8, 10, 16, 17, 18, 20, 21, 22, 23, 24, 25]  Q:5 M:5 F:5
  1578. [1, 3, 4, 5, 10, 12, 16, 17, 18, 20, 21, 22, 23, 24, 25]  Q:5 M:5 F:5
  1579. [1, 3, 4, 5, 8, 10, 12, 16, 17, 19, 20, 21, 22, 23, 24]  Q:5 M:5 F:5
  1580. [1, 3, 4, 5, 8, 10, 12, 16, 17, 19, 20, 21, 22, 23, 25]  Q:5 M:5 F:5
  1581. [1, 3, 4, 5, 8, 10, 12, 16, 17, 19, 20, 21, 23, 24, 25]  Q:5 M:5 F:5
  1582. [1, 3, 4, 5, 8, 10, 12, 16, 19, 20, 21, 22, 23, 24, 25]  Q:5 M:5 F:5
  1583. [1, 3, 4, 5, 8, 10, 16, 17, 19, 20, 21, 22, 23, 24, 25]  Q:5 M:5 F:5
  1584. [1, 3, 4, 5, 10, 12, 16, 17, 19, 20, 21, 22, 23, 24, 25]  Q:5 M:5 F:5
  1585. [1, 3, 4, 5, 8, 10, 12, 17, 18, 19, 20, 21, 22, 23, 24]  Q:5 M:5 F:5
  1586. [1, 3, 4, 5, 8, 10, 12, 17, 18, 19, 20, 21, 22, 23, 25]  Q:5 M:5 F:5
  1587. [1, 3, 4, 5, 8, 10, 12, 17, 18, 19, 20, 21, 23, 24, 25]  Q:5 M:5 F:5
  1588. [1, 3, 4, 5, 8, 10, 12, 18, 19, 20, 21, 22, 23, 24, 25]  Q:5 M:5 F:5
  1589. [1, 3, 4, 5, 8, 10, 17, 18, 19, 20, 21, 22, 23, 24, 25]  Q:5 M:5 F:5
  1590. [1, 3, 4, 5, 10, 12, 17, 18, 19, 20, 21, 22, 23, 24, 25]  Q:5 M:5 F:5
  1591. [1, 3, 5, 6, 7, 8, 9, 10, 12, 17, 20, 21, 22, 23, 24]    Q:5 M:5 F:5
  1592. [1, 3, 5, 6, 7, 8, 9, 10, 12, 17, 20, 21, 22, 23, 25]    Q:5 M:5 F:5
  1593. [1, 3, 5, 6, 7, 8, 9, 10, 12, 17, 20, 21, 23, 24, 25]    Q:5 M:5 F:5
  1594. [1, 3, 5, 6, 7, 8, 9, 10, 12, 20, 21, 22, 23, 24, 25]    Q:5 M:5 F:5
  1595. [1, 3, 5, 6, 7, 8, 9, 10, 17, 20, 21, 22, 23, 24, 25]    Q:5 M:5 F:5
  1596. [1, 3, 5, 6, 7, 9, 10, 12, 17, 20, 21, 22, 23, 24, 25]   Q:5 M:5 F:5
  1597. [1, 3, 5, 6, 7, 8, 10, 11, 12, 17, 20, 21, 22, 23, 24]   Q:5 M:5 F:5
  1598. [1, 3, 5, 6, 7, 8, 10, 11, 12, 17, 20, 21, 22, 23, 25]   Q:5 M:5 F:5
  1599. [1, 3, 5, 6, 7, 8, 10, 11, 12, 17, 20, 21, 23, 24, 25]   Q:5 M:5 F:5
  1600. [1, 3, 5, 6, 7, 8, 10, 11, 12, 20, 21, 22, 23, 24, 25]   Q:5 M:5 F:5
  1601. [1, 3, 5, 6, 7, 8, 10, 11, 17, 20, 21, 22, 23, 24, 25]   Q:5 M:5 F:5
  1602. [1, 3, 5, 6, 7, 10, 11, 12, 17, 20, 21, 22, 23, 24, 25]  Q:5 M:5 F:5
  1603. [1, 3, 5, 6, 7, 8, 10, 12, 13, 17, 20, 21, 22, 23, 24]   Q:5 M:5 F:5
  1604. [1, 3, 5, 6, 7, 8, 10, 12, 13, 17, 20, 21, 22, 23, 25]   Q:5 M:5 F:5
  1605. [1, 3, 5, 6, 7, 8, 10, 12, 13, 17, 20, 21, 23, 24, 25]   Q:5 M:5 F:5
  1606. [1, 3, 5, 6, 7, 8, 10, 12, 13, 20, 21, 22, 23, 24, 25]   Q:5 M:5 F:5
  1607. [1, 3, 5, 6, 7, 8, 10, 13, 17, 20, 21, 22, 23, 24, 25]   Q:5 M:5 F:5
  1608. [1, 3, 5, 6, 7, 10, 12, 13, 17, 20, 21, 22, 23, 24, 25]  Q:5 M:5 F:5
  1609. [1, 3, 5, 6, 7, 8, 10, 12, 14, 17, 20, 21, 22, 23, 24]   Q:5 M:5 F:5
  1610. [1, 3, 5, 6, 7, 8, 10, 12, 14, 17, 20, 21, 22, 23, 25]   Q:5 M:5 F:5
  1611. [1, 3, 5, 6, 7, 8, 10, 12, 14, 17, 20, 21, 23, 24, 25]   Q:5 M:5 F:5
  1612. [1, 3, 5, 6, 7, 8, 10, 12, 14, 20, 21, 22, 23, 24, 25]   Q:5 M:5 F:5
  1613. [1, 3, 5, 6, 7, 8, 10, 14, 17, 20, 21, 22, 23, 24, 25]   Q:5 M:5 F:5
  1614. [1, 3, 5, 6, 7, 10, 12, 14, 17, 20, 21, 22, 23, 24, 25]  Q:5 M:5 F:5
  1615. [1, 3, 5, 6, 7, 8, 10, 12, 15, 17, 20, 21, 22, 23, 24]   Q:5 M:5 F:5
  1616. [1, 3, 5, 6, 7, 8, 10, 12, 15, 17, 20, 21, 22, 23, 25]   Q:5 M:5 F:5
  1617. [1, 3, 5, 6, 7, 8, 10, 12, 15, 17, 20, 21, 23, 24, 25]   Q:5 M:5 F:5
  1618. [1, 3, 5, 6, 7, 8, 10, 12, 15, 20, 21, 22, 23, 24, 25]   Q:5 M:5 F:5
  1619. [1, 3, 5, 6, 7, 8, 10, 15, 17, 20, 21, 22, 23, 24, 25]   Q:5 M:5 F:5
  1620. [1, 3, 5, 6, 7, 10, 12, 15, 17, 20, 21, 22, 23, 24, 25]  Q:5 M:5 F:5
  1621. [1, 3, 5, 6, 7, 8, 10, 12, 16, 17, 20, 21, 22, 23, 24]   Q:5 M:5 F:5
  1622. [1, 3, 5, 6, 7, 8, 10, 12, 16, 17, 20, 21, 22, 23, 25]   Q:5 M:5 F:5
  1623. [1, 3, 5, 6, 7, 8, 10, 12, 16, 17, 20, 21, 23, 24, 25]   Q:5 M:5 F:5
  1624. [1, 3, 5, 6, 7, 8, 10, 12, 16, 20, 21, 22, 23, 24, 25]   Q:5 M:5 F:5
  1625. [1, 3, 5, 6, 7, 8, 10, 16, 17, 20, 21, 22, 23, 24, 25]   Q:5 M:5 F:5
  1626. [1, 3, 5, 6, 7, 10, 12, 16, 17, 20, 21, 22, 23, 24, 25]  Q:5 M:5 F:5
  1627. [1, 3, 5, 6, 7, 8, 10, 12, 17, 18, 20, 21, 22, 23, 24]   Q:5 M:5 F:5
  1628. [1, 3, 5, 6, 7, 8, 10, 12, 17, 18, 20, 21, 22, 23, 25]   Q:5 M:5 F:5
  1629. [1, 3, 5, 6, 7, 8, 10, 12, 17, 18, 20, 21, 23, 24, 25]   Q:5 M:5 F:5
  1630. [1, 3, 5, 6, 7, 8, 10, 12, 18, 20, 21, 22, 23, 24, 25]   Q:5 M:5 F:5
  1631. [1, 3, 5, 6, 7, 8, 10, 17, 18, 20, 21, 22, 23, 24, 25]   Q:5 M:5 F:5
  1632. [1, 3, 5, 6, 7, 10, 12, 17, 18, 20, 21, 22, 23, 24, 25]  Q:5 M:5 F:5
  1633. [1, 3, 5, 6, 7, 8, 10, 12, 17, 19, 20, 21, 22, 23, 24]   Q:5 M:5 F:5
  1634. [1, 3, 5, 6, 7, 8, 10, 12, 17, 19, 20, 21, 22, 23, 25]   Q:5 M:5 F:5
  1635. [1, 3, 5, 6, 7, 8, 10, 12, 17, 19, 20, 21, 23, 24, 25]   Q:5 M:5 F:5
  1636. [1, 3, 5, 6, 7, 8, 10, 12, 19, 20, 21, 22, 23, 24, 25]   Q:5 M:5 F:5
  1637. [1, 3, 5, 6, 7, 8, 10, 17, 19, 20, 21, 22, 23, 24, 25]   Q:5 M:5 F:5
  1638. [1, 3, 5, 6, 7, 10, 12, 17, 19, 20, 21, 22, 23, 24, 25]  Q:5 M:5 F:5
  1639. [1, 3, 5, 6, 8, 9, 10, 11, 12, 17, 20, 21, 22, 23, 24]   Q:5 M:5 F:5
  1640. [1, 3, 5, 6, 8, 9, 10, 11, 12, 17, 20, 21, 22, 23, 25]   Q:5 M:5 F:5
  1641. [1, 3, 5, 6, 8, 9, 10, 11, 12, 17, 20, 21, 23, 24, 25]   Q:5 M:5 F:5
  1642. [1, 3, 5, 6, 8, 9, 10, 11, 12, 20, 21, 22, 23, 24, 25]   Q:5 M:5 F:5
  1643. [1, 3, 5, 6, 8, 9, 10, 11, 17, 20, 21, 22, 23, 24, 25]   Q:5 M:5 F:5
  1644. [1, 3, 5, 6, 9, 10, 11, 12, 17, 20, 21, 22, 23, 24, 25]  Q:5 M:5 F:5
  1645. [1, 3, 5, 6, 8, 9, 10, 12, 13, 17, 20, 21, 22, 23, 24]   Q:5 M:5 F:5
  1646. [1, 3, 5, 6, 8, 9, 10, 12, 13, 17, 20, 21, 22, 23, 25]   Q:5 M:5 F:5
  1647. [1, 3, 5, 6, 8, 9, 10, 12, 13, 17, 20, 21, 23, 24, 25]   Q:5 M:5 F:5
  1648. [1, 3, 5, 6, 8, 9, 10, 12, 13, 20, 21, 22, 23, 24, 25]   Q:5 M:5 F:5
  1649. [1, 3, 5, 6, 8, 9, 10, 13, 17, 20, 21, 22, 23, 24, 25]   Q:5 M:5 F:5
  1650. [1, 3, 5, 6, 9, 10, 12, 13, 17, 20, 21, 22, 23, 24, 25]  Q:5 M:5 F:5
  1651. [1, 3, 5, 6, 8, 9, 10, 12, 14, 17, 20, 21, 22, 23, 24]   Q:5 M:5 F:5
  1652. [1, 3, 5, 6, 8, 9, 10, 12, 14, 17, 20, 21, 22, 23, 25]   Q:5 M:5 F:5
  1653. [1, 3, 5, 6, 8, 9, 10, 12, 14, 17, 20, 21, 23, 24, 25]   Q:5 M:5 F:5
  1654. [1, 3, 5, 6, 8, 9, 10, 12, 14, 20, 21, 22, 23, 24, 25]   Q:5 M:5 F:5
  1655. [1, 3, 5, 6, 8, 9, 10, 14, 17, 20, 21, 22, 23, 24, 25]   Q:5 M:5 F:5
  1656. [1, 3, 5, 6, 9, 10, 12, 14, 17, 20, 21, 22, 23, 24, 25]  Q:5 M:5 F:5
  1657. [1, 3, 5, 6, 8, 9, 10, 12, 15, 17, 20, 21, 22, 23, 24]   Q:5 M:5 F:5
  1658. [1, 3, 5, 6, 8, 9, 10, 12, 15, 17, 20, 21, 22, 23, 25]   Q:5 M:5 F:5
  1659. [1, 3, 5, 6, 8, 9, 10, 12, 15, 17, 20, 21, 23, 24, 25]   Q:5 M:5 F:5
  1660. [1, 3, 5, 6, 8, 9, 10, 12, 15, 20, 21, 22, 23, 24, 25]   Q:5 M:5 F:5
  1661. [1, 3, 5, 6, 8, 9, 10, 15, 17, 20, 21, 22, 23, 24, 25]   Q:5 M:5 F:5
  1662. [1, 3, 5, 6, 9, 10, 12, 15, 17, 20, 21, 22, 23, 24, 25]  Q:5 M:5 F:5
  1663. [1, 3, 5, 6, 8, 9, 10, 12, 16, 17, 20, 21, 22, 23, 24]   Q:5 M:5 F:5
  1664. [1, 3, 5, 6, 8, 9, 10, 12, 16, 17, 20, 21, 22, 23, 25]   Q:5 M:5 F:5
  1665. [1, 3, 5, 6, 8, 9, 10, 12, 16, 17, 20, 21, 23, 24, 25]   Q:5 M:5 F:5
  1666. [1, 3, 5, 6, 8, 9, 10, 12, 16, 20, 21, 22, 23, 24, 25]   Q:5 M:5 F:5
  1667. [1, 3, 5, 6, 8, 9, 10, 16, 17, 20, 21, 22, 23, 24, 25]   Q:5 M:5 F:5
  1668. [1, 3, 5, 6, 9, 10, 12, 16, 17, 20, 21, 22, 23, 24, 25]  Q:5 M:5 F:5
  1669. [1, 3, 5, 6, 8, 9, 10, 12, 17, 18, 20, 21, 22, 23, 24]   Q:5 M:5 F:5
  1670. [1, 3, 5, 6, 8, 9, 10, 12, 17, 18, 20, 21, 22, 23, 25]   Q:5 M:5 F:5
  1671. [1, 3, 5, 6, 8, 9, 10, 12, 17, 18, 20, 21, 23, 24, 25]   Q:5 M:5 F:5
  1672. [1, 3, 5, 6, 8, 9, 10, 12, 18, 20, 21, 22, 23, 24, 25]   Q:5 M:5 F:5
  1673. [1, 3, 5, 6, 8, 9, 10, 17, 18, 20, 21, 22, 23, 24, 25]   Q:5 M:5 F:5
  1674. [1, 3, 5, 6, 9, 10, 12, 17, 18, 20, 21, 22, 23, 24, 25]  Q:5 M:5 F:5
  1675. [1, 3, 5, 6, 8, 9, 10, 12, 17, 19, 20, 21, 22, 23, 24]   Q:5 M:5 F:5
  1676. [1, 3, 5, 6, 8, 9, 10, 12, 17, 19, 20, 21, 22, 23, 25]   Q:5 M:5 F:5
  1677. [1, 3, 5, 6, 8, 9, 10, 12, 17, 19, 20, 21, 23, 24, 25]   Q:5 M:5 F:5
  1678. [1, 3, 5, 6, 8, 9, 10, 12, 19, 20, 21, 22, 23, 24, 25]   Q:5 M:5 F:5
  1679. [1, 3, 5, 6, 8, 9, 10, 17, 19, 20, 21, 22, 23, 24, 25]   Q:5 M:5 F:5
  1680. [1, 3, 5, 6, 9, 10, 12, 17, 19, 20, 21, 22, 23, 24, 25]  Q:5 M:5 F:5
  1681. [1, 3, 5, 6, 8, 10, 11, 12, 13, 17, 20, 21, 22, 23, 24]  Q:5 M:5 F:5
  1682. [1, 3, 5, 6, 8, 10, 11, 12, 13, 17, 20, 21, 22, 23, 25]  Q:5 M:5 F:5
  1683. [1, 3, 5, 6, 8, 10, 11, 12, 13, 17, 20, 21, 23, 24, 25]  Q:5 M:5 F:5
  1684. [1, 3, 5, 6, 8, 10, 11, 12, 13, 20, 21, 22, 23, 24, 25]  Q:5 M:5 F:5
  1685. [1, 3, 5, 6, 8, 10, 11, 13, 17, 20, 21, 22, 23, 24, 25]  Q:5 M:5 F:5
  1686. [1, 3, 5, 6, 10, 11, 12, 13, 17, 20, 21, 22, 23, 24, 25]  Q:5 M:5 F:5
  1687. [1, 3, 5, 6, 8, 10, 11, 12, 14, 17, 20, 21, 22, 23, 24]  Q:5 M:5 F:5
  1688. [1, 3, 5, 6, 8, 10, 11, 12, 14, 17, 20, 21, 22, 23, 25]  Q:5 M:5 F:5
  1689. [1, 3, 5, 6, 8, 10, 11, 12, 14, 17, 20, 21, 23, 24, 25]  Q:5 M:5 F:5
  1690. [1, 3, 5, 6, 8, 10, 11, 12, 14, 20, 21, 22, 23, 24, 25]  Q:5 M:5 F:5
  1691. [1, 3, 5, 6, 8, 10, 11, 14, 17, 20, 21, 22, 23, 24, 25]  Q:5 M:5 F:5
  1692. [1, 3, 5, 6, 10, 11, 12, 14, 17, 20, 21, 22, 23, 24, 25]  Q:5 M:5 F:5
  1693. [1, 3, 5, 6, 8, 10, 11, 12, 15, 17, 20, 21, 22, 23, 24]  Q:5 M:5 F:5
  1694. [1, 3, 5, 6, 8, 10, 11, 12, 15, 17, 20, 21, 22, 23, 25]  Q:5 M:5 F:5
  1695. [1, 3, 5, 6, 8, 10, 11, 12, 15, 17, 20, 21, 23, 24, 25]  Q:5 M:5 F:5
  1696. [1, 3, 5, 6, 8, 10, 11, 12, 15, 20, 21, 22, 23, 24, 25]  Q:5 M:5 F:5
  1697. [1, 3, 5, 6, 8, 10, 11, 15, 17, 20, 21, 22, 23, 24, 25]  Q:5 M:5 F:5
  1698. [1, 3, 5, 6, 10, 11, 12, 15, 17, 20, 21, 22, 23, 24, 25]  Q:5 M:5 F:5
  1699. [1, 3, 5, 6, 8, 10, 11, 12, 16, 17, 20, 21, 22, 23, 24]  Q:5 M:5 F:5
  1700. [1, 3, 5, 6, 8, 10, 11, 12, 16, 17, 20, 21, 22, 23, 25]  Q:5 M:5 F:5
  1701. [1, 3, 5, 6, 8, 10, 11, 12, 16, 17, 20, 21, 23, 24, 25]  Q:5 M:5 F:5
  1702. [1, 3, 5, 6, 8, 10, 11, 12, 16, 20, 21, 22, 23, 24, 25]  Q:5 M:5 F:5
  1703. [1, 3, 5, 6, 8, 10, 11, 16, 17, 20, 21, 22, 23, 24, 25]  Q:5 M:5 F:5
  1704. [1, 3, 5, 6, 10, 11, 12, 16, 17, 20, 21, 22, 23, 24, 25]  Q:5 M:5 F:5
  1705. [1, 3, 5, 6, 8, 10, 11, 12, 17, 18, 20, 21, 22, 23, 24]  Q:5 M:5 F:5
  1706. [1, 3, 5, 6, 8, 10, 11, 12, 17, 18, 20, 21, 22, 23, 25]  Q:5 M:5 F:5
  1707. [1, 3, 5, 6, 8, 10, 11, 12, 17, 18, 20, 21, 23, 24, 25]  Q:5 M:5 F:5
  1708. [1, 3, 5, 6, 8, 10, 11, 12, 18, 20, 21, 22, 23, 24, 25]  Q:5 M:5 F:5
  1709. [1, 3, 5, 6, 8, 10, 11, 17, 18, 20, 21, 22, 23, 24, 25]  Q:5 M:5 F:5
  1710. [1, 3, 5, 6, 10, 11, 12, 17, 18, 20, 21, 22, 23, 24, 25]  Q:5 M:5 F:5
  1711. [1, 3, 5, 6, 8, 10, 11, 12, 17, 19, 20, 21, 22, 23, 24]  Q:5 M:5 F:5
  1712. [1, 3, 5, 6, 8, 10, 11, 12, 17, 19, 20, 21, 22, 23, 25]  Q:5 M:5 F:5
  1713. [1, 3, 5, 6, 8, 10, 11, 12, 17, 19, 20, 21, 23, 24, 25]  Q:5 M:5 F:5
  1714. [1, 3, 5, 6, 8, 10, 11, 12, 19, 20, 21, 22, 23, 24, 25]  Q:5 M:5 F:5
  1715. [1, 3, 5, 6, 8, 10, 11, 17, 19, 20, 21, 22, 23, 24, 25]  Q:5 M:5 F:5
  1716. [1, 3, 5, 6, 10, 11, 12, 17, 19, 20, 21, 22, 23, 24, 25]  Q:5 M:5 F:5
  1717. [1, 3, 5, 6, 8, 10, 12, 13, 14, 17, 20, 21, 22, 23, 24]  Q:5 M:5 F:5
  1718. [1, 3, 5, 6, 8, 10, 12, 13, 14, 17, 20, 21, 22, 23, 25]  Q:5 M:5 F:5
  1719. [1, 3, 5, 6, 8, 10, 12, 13, 14, 17, 20, 21, 23, 24, 25]  Q:5 M:5 F:5
  1720. [1, 3, 5, 6, 8, 10, 12, 13, 14, 20, 21, 22, 23, 24, 25]  Q:5 M:5 F:5
  1721. [1, 3, 5, 6, 8, 10, 13, 14, 17, 20, 21, 22, 23, 24, 25]  Q:5 M:5 F:5
  1722. [1, 3, 5, 6, 10, 12, 13, 14, 17, 20, 21, 22, 23, 24, 25]  Q:5 M:5 F:5
  1723. [1, 3, 5, 6, 8, 10, 12, 13, 15, 17, 20, 21, 22, 23, 24]  Q:5 M:5 F:5
  1724. [1, 3, 5, 6, 8, 10, 12, 13, 15, 17, 20, 21, 22, 23, 25]  Q:5 M:5 F:5
  1725. [1, 3, 5, 6, 8, 10, 12, 13, 15, 17, 20, 21, 23, 24, 25]  Q:5 M:5 F:5
  1726. [1, 3, 5, 6, 8, 10, 12, 13, 15, 20, 21, 22, 23, 24, 25]  Q:5 M:5 F:5
  1727. [1, 3, 5, 6, 8, 10, 13, 15, 17, 20, 21, 22, 23, 24, 25]  Q:5 M:5 F:5
  1728. [1, 3, 5, 6, 10, 12, 13, 15, 17, 20, 21, 22, 23, 24, 25]  Q:5 M:5 F:5
  1729. [1, 3, 5, 6, 8, 10, 12, 13, 16, 17, 20, 21, 22, 23, 24]  Q:5 M:5 F:5
  1730. [1, 3, 5, 6, 8, 10, 12, 13, 16, 17, 20, 21, 22, 23, 25]  Q:5 M:5 F:5
  1731. [1, 3, 5, 6, 8, 10, 12, 13, 16, 17, 20, 21, 23, 24, 25]  Q:5 M:5 F:5
  1732. [1, 3, 5, 6, 8, 10, 12, 13, 16, 20, 21, 22, 23, 24, 25]  Q:5 M:5 F:5
  1733. [1, 3, 5, 6, 8, 10, 13, 16, 17, 20, 21, 22, 23, 24, 25]  Q:5 M:5 F:5
  1734. [1, 3, 5, 6, 10, 12, 13, 16, 17, 20, 21, 22, 23, 24, 25]  Q:5 M:5 F:5
  1735. [1, 3, 5, 6, 8, 10, 12, 13, 17, 18, 20, 21, 22, 23, 24]  Q:5 M:5 F:5
  1736. [1, 3, 5, 6, 8, 10, 12, 13, 17, 18, 20, 21, 22, 23, 25]  Q:5 M:5 F:5
  1737. [1, 3, 5, 6, 8, 10, 12, 13, 17, 18, 20, 21, 23, 24, 25]  Q:5 M:5 F:5
  1738. [1, 3, 5, 6, 8, 10, 12, 13, 18, 20, 21, 22, 23, 24, 25]  Q:5 M:5 F:5
  1739. [1, 3, 5, 6, 8, 10, 13, 17, 18, 20, 21, 22, 23, 24, 25]  Q:5 M:5 F:5
  1740. [1, 3, 5, 6, 10, 12, 13, 17, 18, 20, 21, 22, 23, 24, 25]  Q:5 M:5 F:5
  1741. [1, 3, 5, 6, 8, 10, 12, 13, 17, 19, 20, 21, 22, 23, 24]  Q:5 M:5 F:5
  1742. [1, 3, 5, 6, 8, 10, 12, 13, 17, 19, 20, 21, 22, 23, 25]  Q:5 M:5 F:5
  1743. [1, 3, 5, 6, 8, 10, 12, 13, 17, 19, 20, 21, 23, 24, 25]  Q:5 M:5 F:5
  1744. [1, 3, 5, 6, 8, 10, 12, 13, 19, 20, 21, 22, 23, 24, 25]  Q:5 M:5 F:5
  1745. [1, 3, 5, 6, 8, 10, 13, 17, 19, 20, 21, 22, 23, 24, 25]  Q:5 M:5 F:5
  1746. [1, 3, 5, 6, 10, 12, 13, 17, 19, 20, 21, 22, 23, 24, 25]  Q:5 M:5 F:5
  1747. [1, 3, 5, 6, 8, 10, 12, 14, 15, 17, 20, 21, 22, 23, 24]  Q:5 M:5 F:5
  1748. [1, 3, 5, 6, 8, 10, 12, 14, 15, 17, 20, 21, 22, 23, 25]  Q:5 M:5 F:5
  1749. [1, 3, 5, 6, 8, 10, 12, 14, 15, 17, 20, 21, 23, 24, 25]  Q:5 M:5 F:5
  1750. [1, 3, 5, 6, 8, 10, 12, 14, 15, 20, 21, 22, 23, 24, 25]  Q:5 M:5 F:5
  1751. [1, 3, 5, 6, 8, 10, 14, 15, 17, 20, 21, 22, 23, 24, 25]  Q:5 M:5 F:5
  1752. [1, 3, 5, 6, 10, 12, 14, 15, 17, 20, 21, 22, 23, 24, 25]  Q:5 M:5 F:5
  1753. [1, 3, 5, 6, 8, 10, 12, 14, 16, 17, 20, 21, 22, 23, 24]  Q:5 M:5 F:5
  1754. [1, 3, 5, 6, 8, 10, 12, 14, 16, 17, 20, 21, 22, 23, 25]  Q:5 M:5 F:5
  1755. [1, 3, 5, 6, 8, 10, 12, 14, 16, 17, 20, 21, 23, 24, 25]  Q:5 M:5 F:5
  1756. [1, 3, 5, 6, 8, 10, 12, 14, 16, 20, 21, 22, 23, 24, 25]  Q:5 M:5 F:5
  1757. [1, 3, 5, 6, 8, 10, 14, 16, 17, 20, 21, 22, 23, 24, 25]  Q:5 M:5 F:5
  1758. [1, 3, 5, 6, 10, 12, 14, 16, 17, 20, 21, 22, 23, 24, 25]  Q:5 M:5 F:5
  1759. [1, 3, 5, 6, 8, 10, 12, 14, 17, 18, 20, 21, 22, 23, 24]  Q:5 M:5 F:5
  1760. [1, 3, 5, 6, 8, 10, 12, 14, 17, 18, 20, 21, 22, 23, 25]  Q:5 M:5 F:5
  1761. [1, 3, 5, 6, 8, 10, 12, 14, 17, 18, 20, 21, 23, 24, 25]  Q:5 M:5 F:5
  1762. [1, 3, 5, 6, 8, 10, 12, 14, 18, 20, 21, 22, 23, 24, 25]  Q:5 M:5 F:5
  1763. [1, 3, 5, 6, 8, 10, 14, 17, 18, 20, 21, 22, 23, 24, 25]  Q:5 M:5 F:5
  1764. [1, 3, 5, 6, 10, 12, 14, 17, 18, 20, 21, 22, 23, 24, 25]  Q:5 M:5 F:5
  1765. [1, 3, 5, 6, 8, 10, 12, 14, 17, 19, 20, 21, 22, 23, 24]  Q:5 M:5 F:5
  1766. [1, 3, 5, 6, 8, 10, 12, 14, 17, 19, 20, 21, 22, 23, 25]  Q:5 M:5 F:5
  1767. [1, 3, 5, 6, 8, 10, 12, 14, 17, 19, 20, 21, 23, 24, 25]  Q:5 M:5 F:5
  1768. [1, 3, 5, 6, 8, 10, 12, 14, 19, 20, 21, 22, 23, 24, 25]  Q:5 M:5 F:5
  1769. [1, 3, 5, 6, 8, 10, 14, 17, 19, 20, 21, 22, 23, 24, 25]  Q:5 M:5 F:5
  1770. [1, 3, 5, 6, 10, 12, 14, 17, 19, 20, 21, 22, 23, 24, 25]  Q:5 M:5 F:5
  1771. [1, 3, 5, 6, 8, 10, 12, 15, 16, 17, 20, 21, 22, 23, 24]  Q:5 M:5 F:5
  1772. [1, 3, 5, 6, 8, 10, 12, 15, 16, 17, 20, 21, 22, 23, 25]  Q:5 M:5 F:5
  1773. [1, 3, 5, 6, 8, 10, 12, 15, 16, 17, 20, 21, 23, 24, 25]  Q:5 M:5 F:5
  1774. [1, 3, 5, 6, 8, 10, 12, 15, 16, 20, 21, 22, 23, 24, 25]  Q:5 M:5 F:5
  1775. [1, 3, 5, 6, 8, 10, 15, 16, 17, 20, 21, 22, 23, 24, 25]  Q:5 M:5 F:5
  1776. [1, 3, 5, 6, 10, 12, 15, 16, 17, 20, 21, 22, 23, 24, 25]  Q:5 M:5 F:5
  1777. [1, 3, 5, 6, 8, 10, 12, 15, 17, 18, 20, 21, 22, 23, 24]  Q:5 M:5 F:5
  1778. [1, 3, 5, 6, 8, 10, 12, 15, 17, 18, 20, 21, 22, 23, 25]  Q:5 M:5 F:5
  1779. [1, 3, 5, 6, 8, 10, 12, 15, 17, 18, 20, 21, 23, 24, 25]  Q:5 M:5 F:5
  1780. [1, 3, 5, 6, 8, 10, 12, 15, 18, 20, 21, 22, 23, 24, 25]  Q:5 M:5 F:5
  1781. [1, 3, 5, 6, 8, 10, 15, 17, 18, 20, 21, 22, 23, 24, 25]  Q:5 M:5 F:5
  1782. [1, 3, 5, 6, 10, 12, 15, 17, 18, 20, 21, 22, 23, 24, 25]  Q:5 M:5 F:5
  1783. [1, 3, 5, 6, 8, 10, 12, 15, 17, 19, 20, 21, 22, 23, 24]  Q:5 M:5 F:5
  1784. [1, 3, 5, 6, 8, 10, 12, 15, 17, 19, 20, 21, 22, 23, 25]  Q:5 M:5 F:5
  1785. [1, 3, 5, 6, 8, 10, 12, 15, 17, 19, 20, 21, 23, 24, 25]  Q:5 M:5 F:5
  1786. [1, 3, 5, 6, 8, 10, 12, 15, 19, 20, 21, 22, 23, 24, 25]  Q:5 M:5 F:5
  1787. [1, 3, 5, 6, 8, 10, 15, 17, 19, 20, 21, 22, 23, 24, 25]  Q:5 M:5 F:5
  1788. [1, 3, 5, 6, 10, 12, 15, 17, 19, 20, 21, 22, 23, 24, 25]  Q:5 M:5 F:5
  1789. [1, 3, 5, 6, 8, 10, 12, 16, 17, 18, 20, 21, 22, 23, 24]  Q:5 M:5 F:5
  1790. [1, 3, 5, 6, 8, 10, 12, 16, 17, 18, 20, 21, 22, 23, 25]  Q:5 M:5 F:5
  1791. [1, 3, 5, 6, 8, 10, 12, 16, 17, 18, 20, 21, 23, 24, 25]  Q:5 M:5 F:5
  1792. [1, 3, 5, 6, 8, 10, 12, 16, 18, 20, 21, 22, 23, 24, 25]  Q:5 M:5 F:5
  1793. [1, 3, 5, 6, 8, 10, 16, 17, 18, 20, 21, 22, 23, 24, 25]  Q:5 M:5 F:5
  1794. [1, 3, 5, 6, 10, 12, 16, 17, 18, 20, 21, 22, 23, 24, 25]  Q:5 M:5 F:5
  1795. [1, 3, 5, 6, 8, 10, 12, 16, 17, 19, 20, 21, 22, 23, 24]  Q:5 M:5 F:5
  1796. [1, 3, 5, 6, 8, 10, 12, 16, 17, 19, 20, 21, 22, 23, 25]  Q:5 M:5 F:5
  1797. [1, 3, 5, 6, 8, 10, 12, 16, 17, 19, 20, 21, 23, 24, 25]  Q:5 M:5 F:5
  1798. [1, 3, 5, 6, 8, 10, 12, 16, 19, 20, 21, 22, 23, 24, 25]  Q:5 M:5 F:5
  1799. [1, 3, 5, 6, 8, 10, 16, 17, 19, 20, 21, 22, 23, 24, 25]  Q:5 M:5 F:5
  1800. [1, 3, 5, 6, 10, 12, 16, 17, 19, 20, 21, 22, 23, 24, 25]  Q:5 M:5 F:5
  1801. [1, 3, 5, 6, 8, 10, 12, 17, 18, 19, 20, 21, 22, 23, 24]  Q:5 M:5 F:5
  1802. [1, 3, 5, 6, 8, 10, 12, 17, 18, 19, 20, 21, 22, 23, 25]  Q:5 M:5 F:5
  1803. [1, 3, 5, 6, 8, 10, 12, 17, 18, 19, 20, 21, 23, 24, 25]  Q:5 M:5 F:5
  1804. [1, 3, 5, 6, 8, 10, 12, 18, 19, 20, 21, 22, 23, 24, 25]  Q:5 M:5 F:5
  1805. [1, 3, 5, 6, 8, 10, 17, 18, 19, 20, 21, 22, 23, 24, 25]  Q:5 M:5 F:5
  1806. [1, 3, 5, 6, 10, 12, 17, 18, 19, 20, 21, 22, 23, 24, 25]  Q:5 M:5 F:5
  1807. [1, 3, 5, 7, 8, 9, 10, 11, 12, 17, 20, 21, 22, 23, 24]   Q:5 M:5 F:5
  1808. [1, 3, 5, 7, 8, 9, 10, 11, 12, 17, 20, 21, 22, 23, 25]   Q:5 M:5 F:5
  1809. [1, 3, 5, 7, 8, 9, 10, 11, 12, 17, 20, 21, 23, 24, 25]   Q:5 M:5 F:5
  1810. [1, 3, 5, 7, 8, 9, 10, 11, 12, 20, 21, 22, 23, 24, 25]   Q:5 M:5 F:5
  1811. [1, 3, 5, 7, 8, 9, 10, 11, 17, 20, 21, 22, 23, 24, 25]   Q:5 M:5 F:5
  1812. [1, 3, 5, 7, 9, 10, 11, 12, 17, 20, 21, 22, 23, 24, 25]  Q:5 M:5 F:5
  1813. [1, 3, 5, 7, 8, 9, 10, 12, 13, 17, 20, 21, 22, 23, 24]   Q:5 M:5 F:5
  1814. [1, 3, 5, 7, 8, 9, 10, 12, 13, 17, 20, 21, 22, 23, 25]   Q:5 M:5 F:5
  1815. [1, 3, 5, 7, 8, 9, 10, 12, 13, 17, 20, 21, 23, 24, 25]   Q:5 M:5 F:5
  1816. [1, 3, 5, 7, 8, 9, 10, 12, 13, 20, 21, 22, 23, 24, 25]   Q:5 M:5 F:5
  1817. [1, 3, 5, 7, 8, 9, 10, 13, 17, 20, 21, 22, 23, 24, 25]   Q:5 M:5 F:5
  1818. [1, 3, 5, 7, 9, 10, 12, 13, 17, 20, 21, 22, 23, 24, 25]  Q:5 M:5 F:5
  1819. [1, 3, 5, 7, 8, 9, 10, 12, 14, 17, 20, 21, 22, 23, 24]   Q:5 M:5 F:5
  1820. [1, 3, 5, 7, 8, 9, 10, 12, 14, 17, 20, 21, 22, 23, 25]   Q:5 M:5 F:5
  1821. [1, 3, 5, 7, 8, 9, 10, 12, 14, 17, 20, 21, 23, 24, 25]   Q:5 M:5 F:5
  1822. [1, 3, 5, 7, 8, 9, 10, 12, 14, 20, 21, 22, 23, 24, 25]   Q:5 M:5 F:5
  1823. [1, 3, 5, 7, 8, 9, 10, 14, 17, 20, 21, 22, 23, 24, 25]   Q:5 M:5 F:5
  1824. [1, 3, 5, 7, 9, 10, 12, 14, 17, 20, 21, 22, 23, 24, 25]  Q:5 M:5 F:5
  1825. [1, 3, 5, 7, 8, 9, 10, 12, 15, 17, 20, 21, 22, 23, 24]   Q:5 M:5 F:5
  1826. [1, 3, 5, 7, 8, 9, 10, 12, 15, 17, 20, 21, 22, 23, 25]   Q:5 M:5 F:5
  1827. [1, 3, 5, 7, 8, 9, 10, 12, 15, 17, 20, 21, 23, 24, 25]   Q:5 M:5 F:5
  1828. [1, 3, 5, 7, 8, 9, 10, 12, 15, 20, 21, 22, 23, 24, 25]   Q:5 M:5 F:5
  1829. [1, 3, 5, 7, 8, 9, 10, 15, 17, 20, 21, 22, 23, 24, 25]   Q:5 M:5 F:5
  1830. [1, 3, 5, 7, 9, 10, 12, 15, 17, 20, 21, 22, 23, 24, 25]  Q:5 M:5 F:5
  1831. [1, 3, 5, 7, 8, 9, 10, 12, 16, 17, 20, 21, 22, 23, 24]   Q:5 M:5 F:5
  1832. [1, 3, 5, 7, 8, 9, 10, 12, 16, 17, 20, 21, 22, 23, 25]   Q:5 M:5 F:5
  1833. [1, 3, 5, 7, 8, 9, 10, 12, 16, 17, 20, 21, 23, 24, 25]   Q:5 M:5 F:5
  1834. [1, 3, 5, 7, 8, 9, 10, 12, 16, 20, 21, 22, 23, 24, 25]   Q:5 M:5 F:5
  1835. [1, 3, 5, 7, 8, 9, 10, 16, 17, 20, 21, 22, 23, 24, 25]   Q:5 M:5 F:5
  1836. [1, 3, 5, 7, 9, 10, 12, 16, 17, 20, 21, 22, 23, 24, 25]  Q:5 M:5 F:5
  1837. [1, 3, 5, 7, 8, 9, 10, 12, 17, 18, 20, 21, 22, 23, 24]   Q:5 M:5 F:5
  1838. [1, 3, 5, 7, 8, 9, 10, 12, 17, 18, 20, 21, 22, 23, 25]   Q:5 M:5 F:5
  1839. [1, 3, 5, 7, 8, 9, 10, 12, 17, 18, 20, 21, 23, 24, 25]   Q:5 M:5 F:5
  1840. [1, 3, 5, 7, 8, 9, 10, 12, 18, 20, 21, 22, 23, 24, 25]   Q:5 M:5 F:5
  1841. [1, 3, 5, 7, 8, 9, 10, 17, 18, 20, 21, 22, 23, 24, 25]   Q:5 M:5 F:5
  1842. [1, 3, 5, 7, 9, 10, 12, 17, 18, 20, 21, 22, 23, 24, 25]  Q:5 M:5 F:5
  1843. [1, 3, 5, 7, 8, 9, 10, 12, 17, 19, 20, 21, 22, 23, 24]   Q:5 M:5 F:5
  1844. [1, 3, 5, 7, 8, 9, 10, 12, 17, 19, 20, 21, 22, 23, 25]   Q:5 M:5 F:5
  1845. [1, 3, 5, 7, 8, 9, 10, 12, 17, 19, 20, 21, 23, 24, 25]   Q:5 M:5 F:5
  1846. [1, 3, 5, 7, 8, 9, 10, 12, 19, 20, 21, 22, 23, 24, 25]   Q:5 M:5 F:5
  1847. [1, 3, 5, 7, 8, 9, 10, 17, 19, 20, 21, 22, 23, 24, 25]   Q:5 M:5 F:5
  1848. [1, 3, 5, 7, 9, 10, 12, 17, 19, 20, 21, 22, 23, 24, 25]  Q:5 M:5 F:5
  1849. [1, 3, 5, 7, 8, 10, 11, 12, 13, 17, 20, 21, 22, 23, 24]  Q:5 M:5 F:5
  1850. [1, 3, 5, 7, 8, 10, 11, 12, 13, 17, 20, 21, 22, 23, 25]  Q:5 M:5 F:5
  1851. [1, 3, 5, 7, 8, 10, 11, 12, 13, 17, 20, 21, 23, 24, 25]  Q:5 M:5 F:5
  1852. [1, 3, 5, 7, 8, 10, 11, 12, 13, 20, 21, 22, 23, 24, 25]  Q:5 M:5 F:5
  1853. [1, 3, 5, 7, 8, 10, 11, 13, 17, 20, 21, 22, 23, 24, 25]  Q:5 M:5 F:5
  1854. [1, 3, 5, 7, 10, 11, 12, 13, 17, 20, 21, 22, 23, 24, 25]  Q:5 M:5 F:5
  1855. [1, 3, 5, 7, 8, 10, 11, 12, 14, 17, 20, 21, 22, 23, 24]  Q:5 M:5 F:5
  1856. [1, 3, 5, 7, 8, 10, 11, 12, 14, 17, 20, 21, 22, 23, 25]  Q:5 M:5 F:5
  1857. [1, 3, 5, 7, 8, 10, 11, 12, 14, 17, 20, 21, 23, 24, 25]  Q:5 M:5 F:5
  1858. [1, 3, 5, 7, 8, 10, 11, 12, 14, 20, 21, 22, 23, 24, 25]  Q:5 M:5 F:5
  1859. [1, 3, 5, 7, 8, 10, 11, 14, 17, 20, 21, 22, 23, 24, 25]  Q:5 M:5 F:5
  1860. [1, 3, 5, 7, 10, 11, 12, 14, 17, 20, 21, 22, 23, 24, 25]  Q:5 M:5 F:5
  1861. [1, 3, 5, 7, 8, 10, 11, 12, 15, 17, 20, 21, 22, 23, 24]  Q:5 M:5 F:5
  1862. [1, 3, 5, 7, 8, 10, 11, 12, 15, 17, 20, 21, 22, 23, 25]  Q:5 M:5 F:5
  1863. [1, 3, 5, 7, 8, 10, 11, 12, 15, 17, 20, 21, 23, 24, 25]  Q:5 M:5 F:5
  1864. [1, 3, 5, 7, 8, 10, 11, 12, 15, 20, 21, 22, 23, 24, 25]  Q:5 M:5 F:5
  1865. [1, 3, 5, 7, 8, 10, 11, 15, 17, 20, 21, 22, 23, 24, 25]  Q:5 M:5 F:5
  1866. [1, 3, 5, 7, 10, 11, 12, 15, 17, 20, 21, 22, 23, 24, 25]  Q:5 M:5 F:5
  1867. [1, 3, 5, 7, 8, 10, 11, 12, 16, 17, 20, 21, 22, 23, 24]  Q:5 M:5 F:5
  1868. [1, 3, 5, 7, 8, 10, 11, 12, 16, 17, 20, 21, 22, 23, 25]  Q:5 M:5 F:5
  1869. [1, 3, 5, 7, 8, 10, 11, 12, 16, 17, 20, 21, 23, 24, 25]  Q:5 M:5 F:5
  1870. [1, 3, 5, 7, 8, 10, 11, 12, 16, 20, 21, 22, 23, 24, 25]  Q:5 M:5 F:5
  1871. [1, 3, 5, 7, 8, 10, 11, 16, 17, 20, 21, 22, 23, 24, 25]  Q:5 M:5 F:5
  1872. [1, 3, 5, 7, 10, 11, 12, 16, 17, 20, 21, 22, 23, 24, 25]  Q:5 M:5 F:5
  1873. [1, 3, 5, 7, 8, 10, 11, 12, 17, 18, 20, 21, 22, 23, 24]  Q:5 M:5 F:5
  1874. [1, 3, 5, 7, 8, 10, 11, 12, 17, 18, 20, 21, 22, 23, 25]  Q:5 M:5 F:5
  1875. [1, 3, 5, 7, 8, 10, 11, 12, 17, 18, 20, 21, 23, 24, 25]  Q:5 M:5 F:5
  1876. [1, 3, 5, 7, 8, 10, 11, 12, 18, 20, 21, 22, 23, 24, 25]  Q:5 M:5 F:5
  1877. [1, 3, 5, 7, 8, 10, 11, 17, 18, 20, 21, 22, 23, 24, 25]  Q:5 M:5 F:5
  1878. [1, 3, 5, 7, 10, 11, 12, 17, 18, 20, 21, 22, 23, 24, 25]  Q:5 M:5 F:5
  1879. [1, 3, 5, 7, 8, 10, 11, 12, 17, 19, 20, 21, 22, 23, 24]  Q:5 M:5 F:5
  1880. [1, 3, 5, 7, 8, 10, 11, 12, 17, 19, 20, 21, 22, 23, 25]  Q:5 M:5 F:5
  1881. [1, 3, 5, 7, 8, 10, 11, 12, 17, 19, 20, 21, 23, 24, 25]  Q:5 M:5 F:5
  1882. [1, 3, 5, 7, 8, 10, 11, 12, 19, 20, 21, 22, 23, 24, 25]  Q:5 M:5 F:5
  1883. [1, 3, 5, 7, 8, 10, 11, 17, 19, 20, 21, 22, 23, 24, 25]  Q:5 M:5 F:5
  1884. [1, 3, 5, 7, 10, 11, 12, 17, 19, 20, 21, 22, 23, 24, 25]  Q:5 M:5 F:5
  1885. [1, 3, 5, 7, 8, 10, 12, 13, 14, 17, 20, 21, 22, 23, 24]  Q:5 M:5 F:5
  1886. [1, 3, 5, 7, 8, 10, 12, 13, 14, 17, 20, 21, 22, 23, 25]  Q:5 M:5 F:5
  1887. [1, 3, 5, 7, 8, 10, 12, 13, 14, 17, 20, 21, 23, 24, 25]  Q:5 M:5 F:5
  1888. [1, 3, 5, 7, 8, 10, 12, 13, 14, 20, 21, 22, 23, 24, 25]  Q:5 M:5 F:5
  1889. [1, 3, 5, 7, 8, 10, 13, 14, 17, 20, 21, 22, 23, 24, 25]  Q:5 M:5 F:5
  1890. [1, 3, 5, 7, 10, 12, 13, 14, 17, 20, 21, 22, 23, 24, 25]  Q:5 M:5 F:5
  1891. [1, 3, 5, 7, 8, 10, 12, 13, 15, 17, 20, 21, 22, 23, 24]  Q:5 M:5 F:5
  1892. [1, 3, 5, 7, 8, 10, 12, 13, 15, 17, 20, 21, 22, 23, 25]  Q:5 M:5 F:5
  1893. [1, 3, 5, 7, 8, 10, 12, 13, 15, 17, 20, 21, 23, 24, 25]  Q:5 M:5 F:5
  1894. [1, 3, 5, 7, 8, 10, 12, 13, 15, 20, 21, 22, 23, 24, 25]  Q:5 M:5 F:5
  1895. [1, 3, 5, 7, 8, 10, 13, 15, 17, 20, 21, 22, 23, 24, 25]  Q:5 M:5 F:5
  1896. [1, 3, 5, 7, 10, 12, 13, 15, 17, 20, 21, 22, 23, 24, 25]  Q:5 M:5 F:5
  1897. [1, 3, 5, 7, 8, 10, 12, 13, 16, 17, 20, 21, 22, 23, 24]  Q:5 M:5 F:5
  1898. [1, 3, 5, 7, 8, 10, 12, 13, 16, 17, 20, 21, 22, 23, 25]  Q:5 M:5 F:5
  1899. [1, 3, 5, 7, 8, 10, 12, 13, 16, 17, 20, 21, 23, 24, 25]  Q:5 M:5 F:5
  1900. [1, 3, 5, 7, 8, 10, 12, 13, 16, 20, 21, 22, 23, 24, 25]  Q:5 M:5 F:5
  1901. [1, 3, 5, 7, 8, 10, 13, 16, 17, 20, 21, 22, 23, 24, 25]  Q:5 M:5 F:5
  1902. [1, 3, 5, 7, 10, 12, 13, 16, 17, 20, 21, 22, 23, 24, 25]  Q:5 M:5 F:5
  1903. [1, 3, 5, 7, 8, 10, 12, 13, 17, 18, 20, 21, 22, 23, 24]  Q:5 M:5 F:5
  1904. [1, 3, 5, 7, 8, 10, 12, 13, 17, 18, 20, 21, 22, 23, 25]  Q:5 M:5 F:5
  1905. [1, 3, 5, 7, 8, 10, 12, 13, 17, 18, 20, 21, 23, 24, 25]  Q:5 M:5 F:5
  1906. [1, 3, 5, 7, 8, 10, 12, 13, 18, 20, 21, 22, 23, 24, 25]  Q:5 M:5 F:5
  1907. [1, 3, 5, 7, 8, 10, 13, 17, 18, 20, 21, 22, 23, 24, 25]  Q:5 M:5 F:5
  1908. [1, 3, 5, 7, 10, 12, 13, 17, 18, 20, 21, 22, 23, 24, 25]  Q:5 M:5 F:5
  1909. [1, 3, 5, 7, 8, 10, 12, 13, 17, 19, 20, 21, 22, 23, 24]  Q:5 M:5 F:5
  1910. [1, 3, 5, 7, 8, 10, 12, 13, 17, 19, 20, 21, 22, 23, 25]  Q:5 M:5 F:5
  1911. [1, 3, 5, 7, 8, 10, 12, 13, 17, 19, 20, 21, 23, 24, 25]  Q:5 M:5 F:5
  1912. [1, 3, 5, 7, 8, 10, 12, 13, 19, 20, 21, 22, 23, 24, 25]  Q:5 M:5 F:5
  1913. [1, 3, 5, 7, 8, 10, 13, 17, 19, 20, 21, 22, 23, 24, 25]  Q:5 M:5 F:5
  1914. [1, 3, 5, 7, 10, 12, 13, 17, 19, 20, 21, 22, 23, 24, 25]  Q:5 M:5 F:5
  1915. [1, 3, 5, 7, 8, 10, 12, 14, 15, 17, 20, 21, 22, 23, 24]  Q:5 M:5 F:5
  1916. [1, 3, 5, 7, 8, 10, 12, 14, 15, 17, 20, 21, 22, 23, 25]  Q:5 M:5 F:5
  1917. [1, 3, 5, 7, 8, 10, 12, 14, 15, 17, 20, 21, 23, 24, 25]  Q:5 M:5 F:5
  1918. [1, 3, 5, 7, 8, 10, 12, 14, 15, 20, 21, 22, 23, 24, 25]  Q:5 M:5 F:5
  1919. [1, 3, 5, 7, 8, 10, 14, 15, 17, 20, 21, 22, 23, 24, 25]  Q:5 M:5 F:5
  1920. [1, 3, 5, 7, 10, 12, 14, 15, 17, 20, 21, 22, 23, 24, 25]  Q:5 M:5 F:5
  1921. [1, 3, 5, 7, 8, 10, 12, 14, 16, 17, 20, 21, 22, 23, 24]  Q:5 M:5 F:5
  1922. [1, 3, 5, 7, 8, 10, 12, 14, 16, 17, 20, 21, 22, 23, 25]  Q:5 M:5 F:5
  1923. [1, 3, 5, 7, 8, 10, 12, 14, 16, 17, 20, 21, 23, 24, 25]  Q:5 M:5 F:5
  1924. [1, 3, 5, 7, 8, 10, 12, 14, 16, 20, 21, 22, 23, 24, 25]  Q:5 M:5 F:5
  1925. [1, 3, 5, 7, 8, 10, 14, 16, 17, 20, 21, 22, 23, 24, 25]  Q:5 M:5 F:5
  1926. [1, 3, 5, 7, 10, 12, 14, 16, 17, 20, 21, 22, 23, 24, 25]  Q:5 M:5 F:5
  1927. [1, 3, 5, 7, 8, 10, 12, 14, 17, 18, 20, 21, 22, 23, 24]  Q:5 M:5 F:5
  1928. [1, 3, 5, 7, 8, 10, 12, 14, 17, 18, 20, 21, 22, 23, 25]  Q:5 M:5 F:5
  1929. [1, 3, 5, 7, 8, 10, 12, 14, 17, 18, 20, 21, 23, 24, 25]  Q:5 M:5 F:5
  1930. [1, 3, 5, 7, 8, 10, 12, 14, 18, 20, 21, 22, 23, 24, 25]  Q:5 M:5 F:5
  1931. [1, 3, 5, 7, 8, 10, 14, 17, 18, 20, 21, 22, 23, 24, 25]  Q:5 M:5 F:5
  1932. [1, 3, 5, 7, 10, 12, 14, 17, 18, 20, 21, 22, 23, 24, 25]  Q:5 M:5 F:5
  1933. [1, 3, 5, 7, 8, 10, 12, 14, 17, 19, 20, 21, 22, 23, 24]  Q:5 M:5 F:5
  1934. [1, 3, 5, 7, 8, 10, 12, 14, 17, 19, 20, 21, 22, 23, 25]  Q:5 M:5 F:5
  1935. [1, 3, 5, 7, 8, 10, 12, 14, 17, 19, 20, 21, 23, 24, 25]  Q:5 M:5 F:5
  1936. [1, 3, 5, 7, 8, 10, 12, 14, 19, 20, 21, 22, 23, 24, 25]  Q:5 M:5 F:5
  1937. [1, 3, 5, 7, 8, 10, 14, 17, 19, 20, 21, 22, 23, 24, 25]  Q:5 M:5 F:5
  1938. [1, 3, 5, 7, 10, 12, 14, 17, 19, 20, 21, 22, 23, 24, 25]  Q:5 M:5 F:5
  1939. [1, 3, 5, 7, 8, 10, 12, 15, 16, 17, 20, 21, 22, 23, 24]  Q:5 M:5 F:5
  1940. [1, 3, 5, 7, 8, 10, 12, 15, 16, 17, 20, 21, 22, 23, 25]  Q:5 M:5 F:5
  1941. [1, 3, 5, 7, 8, 10, 12, 15, 16, 17, 20, 21, 23, 24, 25]  Q:5 M:5 F:5
  1942. [1, 3, 5, 7, 8, 10, 12, 15, 16, 20, 21, 22, 23, 24, 25]  Q:5 M:5 F:5
  1943. [1, 3, 5, 7, 8, 10, 15, 16, 17, 20, 21, 22, 23, 24, 25]  Q:5 M:5 F:5
  1944. [1, 3, 5, 7, 10, 12, 15, 16, 17, 20, 21, 22, 23, 24, 25]  Q:5 M:5 F:5
  1945. [1, 3, 5, 7, 8, 10, 12, 15, 17, 18, 20, 21, 22, 23, 24]  Q:5 M:5 F:5
  1946. [1, 3, 5, 7, 8, 10, 12, 15, 17, 18, 20, 21, 22, 23, 25]  Q:5 M:5 F:5
  1947. [1, 3, 5, 7, 8, 10, 12, 15, 17, 18, 20, 21, 23, 24, 25]  Q:5 M:5 F:5
  1948. [1, 3, 5, 7, 8, 10, 12, 15, 18, 20, 21, 22, 23, 24, 25]  Q:5 M:5 F:5
  1949. [1, 3, 5, 7, 8, 10, 15, 17, 18, 20, 21, 22, 23, 24, 25]  Q:5 M:5 F:5
  1950. [1, 3, 5, 7, 10, 12, 15, 17, 18, 20, 21, 22, 23, 24, 25]  Q:5 M:5 F:5
  1951. [1, 3, 5, 7, 8, 10, 12, 15, 17, 19, 20, 21, 22, 23, 24]  Q:5 M:5 F:5
  1952. [1, 3, 5, 7, 8, 10, 12, 15, 17, 19, 20, 21, 22, 23, 25]  Q:5 M:5 F:5
  1953. [1, 3, 5, 7, 8, 10, 12, 15, 17, 19, 20, 21, 23, 24, 25]  Q:5 M:5 F:5
  1954. [1, 3, 5, 7, 8, 10, 12, 15, 19, 20, 21, 22, 23, 24, 25]  Q:5 M:5 F:5
  1955. [1, 3, 5, 7, 8, 10, 15, 17, 19, 20, 21, 22, 23, 24, 25]  Q:5 M:5 F:5
  1956. [1, 3, 5, 7, 10, 12, 15, 17, 19, 20, 21, 22, 23, 24, 25]  Q:5 M:5 F:5
  1957. [1, 3, 5, 7, 8, 10, 12, 16, 17, 18, 20, 21, 22, 23, 24]  Q:5 M:5 F:5
  1958. [1, 3, 5, 7, 8, 10, 12, 16, 17, 18, 20, 21, 22, 23, 25]  Q:5 M:5 F:5
  1959. [1, 3, 5, 7, 8, 10, 12, 16, 17, 18, 20, 21, 23, 24, 25]  Q:5 M:5 F:5
  1960. [1, 3, 5, 7, 8, 10, 12, 16, 18, 20, 21, 22, 23, 24, 25]  Q:5 M:5 F:5
  1961. [1, 3, 5, 7, 8, 10, 16, 17, 18, 20, 21, 22, 23, 24, 25]  Q:5 M:5 F:5
  1962. [1, 3, 5, 7, 10, 12, 16, 17, 18, 20, 21, 22, 23, 24, 25]  Q:5 M:5 F:5
  1963. [1, 3, 5, 7, 8, 10, 12, 16, 17, 19, 20, 21, 22, 23, 24]  Q:5 M:5 F:5
  1964. [1, 3, 5, 7, 8, 10, 12, 16, 17, 19, 20, 21, 22, 23, 25]  Q:5 M:5 F:5
  1965. [1, 3, 5, 7, 8, 10, 12, 16, 17, 19, 20, 21, 23, 24, 25]  Q:5 M:5 F:5
  1966. [1, 3, 5, 7, 8, 10, 12, 16, 19, 20, 21, 22, 23, 24, 25]  Q:5 M:5 F:5
  1967. [1, 3, 5, 7, 8, 10, 16, 17, 19, 20, 21, 22, 23, 24, 25]  Q:5 M:5 F:5
  1968. [1, 3, 5, 7, 10, 12, 16, 17, 19, 20, 21, 22, 23, 24, 25]  Q:5 M:5 F:5
  1969. [1, 3, 5, 7, 8, 10, 12, 17, 18, 19, 20, 21, 22, 23, 24]  Q:5 M:5 F:5
  1970. [1, 3, 5, 7, 8, 10, 12, 17, 18, 19, 20, 21, 22, 23, 25]  Q:5 M:5 F:5
  1971. [1, 3, 5, 7, 8, 10, 12, 17, 18, 19, 20, 21, 23, 24, 25]  Q:5 M:5 F:5
  1972. [1, 3, 5, 7, 8, 10, 12, 18, 19, 20, 21, 22, 23, 24, 25]  Q:5 M:5 F:5
  1973. [1, 3, 5, 7, 8, 10, 17, 18, 19, 20, 21, 22, 23, 24, 25]  Q:5 M:5 F:5
  1974. [1, 3, 5, 7, 10, 12, 17, 18, 19, 20, 21, 22, 23, 24, 25]  Q:5 M:5 F:5
  1975. [1, 3, 5, 8, 9, 10, 11, 12, 13, 17, 20, 21, 22, 23, 24]  Q:5 M:5 F:5
  1976. [1, 3, 5, 8, 9, 10, 11, 12, 13, 17, 20, 21, 22, 23, 25]  Q:5 M:5 F:5
  1977. [1, 3, 5, 8, 9, 10, 11, 12, 13, 17, 20, 21, 23, 24, 25]  Q:5 M:5 F:5
  1978. [1, 3, 5, 8, 9, 10, 11, 12, 13, 20, 21, 22, 23, 24, 25]  Q:5 M:5 F:5
  1979. [1, 3, 5, 8, 9, 10, 11, 13, 17, 20, 21, 22, 23, 24, 25]  Q:5 M:5 F:5
  1980. [1, 3, 5, 9, 10, 11, 12, 13, 17, 20, 21, 22, 23, 24, 25]  Q:5 M:5 F:5
  1981. [1, 3, 5, 8, 9, 10, 11, 12, 14, 17, 20, 21, 22, 23, 24]  Q:5 M:5 F:5
  1982. [1, 3, 5, 8, 9, 10, 11, 12, 14, 17, 20, 21, 22, 23, 25]  Q:5 M:5 F:5
  1983. [1, 3, 5, 8, 9, 10, 11, 12, 14, 17, 20, 21, 23, 24, 25]  Q:5 M:5 F:5
  1984. [1, 3, 5, 8, 9, 10, 11, 12, 14, 20, 21, 22, 23, 24, 25]  Q:5 M:5 F:5
  1985. [1, 3, 5, 8, 9, 10, 11, 14, 17, 20, 21, 22, 23, 24, 25]  Q:5 M:5 F:5
  1986. [1, 3, 5, 9, 10, 11, 12, 14, 17, 20, 21, 22, 23, 24, 25]  Q:5 M:5 F:5
  1987. [1, 3, 5, 8, 9, 10, 11, 12, 15, 17, 20, 21, 22, 23, 24]  Q:5 M:5 F:5
  1988. [1, 3, 5, 8, 9, 10, 11, 12, 15, 17, 20, 21, 22, 23, 25]  Q:5 M:5 F:5
  1989. [1, 3, 5, 8, 9, 10, 11, 12, 15, 17, 20, 21, 23, 24, 25]  Q:5 M:5 F:5
  1990. [1, 3, 5, 8, 9, 10, 11, 12, 15, 20, 21, 22, 23, 24, 25]  Q:5 M:5 F:5
  1991. [1, 3, 5, 8, 9, 10, 11, 15, 17, 20, 21, 22, 23, 24, 25]  Q:5 M:5 F:5
  1992. [1, 3, 5, 9, 10, 11, 12, 15, 17, 20, 21, 22, 23, 24, 25]  Q:5 M:5 F:5
  1993. [1, 3, 5, 8, 9, 10, 11, 12, 16, 17, 20, 21, 22, 23, 24]  Q:5 M:5 F:5
  1994. [1, 3, 5, 8, 9, 10, 11, 12, 16, 17, 20, 21, 22, 23, 25]  Q:5 M:5 F:5
  1995. [1, 3, 5, 8, 9, 10, 11, 12, 16, 17, 20, 21, 23, 24, 25]  Q:5 M:5 F:5
  1996. [1, 3, 5, 8, 9, 10, 11, 12, 16, 20, 21, 22, 23, 24, 25]  Q:5 M:5 F:5
  1997. [1, 3, 5, 8, 9, 10, 11, 16, 17, 20, 21, 22, 23, 24, 25]  Q:5 M:5 F:5
  1998. [1, 3, 5, 9, 10, 11, 12, 16, 17, 20, 21, 22, 23, 24, 25]  Q:5 M:5 F:5
  1999. [1, 3, 5, 8, 9, 10, 11, 12, 17, 18, 20, 21, 22, 23, 24]  Q:5 M:5 F:5
  2000. [1, 3, 5, 8, 9, 10, 11, 12, 17, 18, 20, 21, 22, 23, 25]  Q:5 M:5 F:5
  2001. [1, 3, 5, 8, 9, 10, 11, 12, 17, 18, 20, 21, 23, 24, 25]  Q:5 M:5 F:5
  2002. [1, 3, 5, 8, 9, 10, 11, 12, 18, 20, 21, 22, 23, 24, 25]  Q:5 M:5 F:5
  2003. [1, 3, 5, 8, 9, 10, 11, 17, 18, 20, 21, 22, 23, 24, 25]  Q:5 M:5 F:5
  2004. [1, 3, 5, 9, 10, 11, 12, 17, 18, 20, 21, 22, 23, 24, 25]  Q:5 M:5 F:5
  2005. [1, 3, 5, 8, 9, 10, 11, 12, 17, 19, 20, 21, 22, 23, 24]  Q:5 M:5 F:5
  2006. [1, 3, 5, 8, 9, 10, 11, 12, 17, 19, 20, 21, 22, 23, 25]  Q:5 M:5 F:5
  2007. [1, 3, 5, 8, 9, 10, 11, 12, 17, 19, 20, 21, 23, 24, 25]  Q:5 M:5 F:5
  2008. [1, 3, 5, 8, 9, 10, 11, 12, 19, 20, 21, 22, 23, 24, 25]  Q:5 M:5 F:5
  2009. [1, 3, 5, 8, 9, 10, 11, 17, 19, 20, 21, 22, 23, 24, 25]  Q:5 M:5 F:5
  2010. [1, 3, 5, 9, 10, 11, 12, 17, 19, 20, 21, 22, 23, 24, 25]  Q:5 M:5 F:5
  2011. [1, 3, 5, 8, 9, 10, 12, 13, 14, 17, 20, 21, 22, 23, 24]  Q:5 M:5 F:5
  2012. [1, 3, 5, 8, 9, 10, 12, 13, 14, 17, 20, 21, 22, 23, 25]  Q:5 M:5 F:5
  2013. [1, 3, 5, 8, 9, 10, 12, 13, 14, 17, 20, 21, 23, 24, 25]  Q:5 M:5 F:5
  2014. [1, 3, 5, 8, 9, 10, 12, 13, 14, 20, 21, 22, 23, 24, 25]  Q:5 M:5 F:5
  2015. [1, 3, 5, 8, 9, 10, 13, 14, 17, 20, 21, 22, 23, 24, 25]  Q:5 M:5 F:5
  2016. [1, 3, 5, 9, 10, 12, 13, 14, 17, 20, 21, 22, 23, 24, 25]  Q:5 M:5 F:5
  2017. [1, 3, 5, 8, 9, 10, 12, 13, 15, 17, 20, 21, 22, 23, 24]  Q:5 M:5 F:5
  2018. [1, 3, 5, 8, 9, 10, 12, 13, 15, 17, 20, 21, 22, 23, 25]  Q:5 M:5 F:5
  2019. [1, 3, 5, 8, 9, 10, 12, 13, 15, 17, 20, 21, 23, 24, 25]  Q:5 M:5 F:5
  2020. [1, 3, 5, 8, 9, 10, 12, 13, 15, 20, 21, 22, 23, 24, 25]  Q:5 M:5 F:5
  2021. [1, 3, 5, 8, 9, 10, 13, 15, 17, 20, 21, 22, 23, 24, 25]  Q:5 M:5 F:5
  2022. [1, 3, 5, 9, 10, 12, 13, 15, 17, 20, 21, 22, 23, 24, 25]  Q:5 M:5 F:5
  2023. [1, 3, 5, 8, 9, 10, 12, 13, 16, 17, 20, 21, 22, 23, 24]  Q:5 M:5 F:5
  2024. [1, 3, 5, 8, 9, 10, 12, 13, 16, 17, 20, 21, 22, 23, 25]  Q:5 M:5 F:5
  2025. [1, 3, 5, 8, 9, 10, 12, 13, 16, 17, 20, 21, 23, 24, 25]  Q:5 M:5 F:5
  2026. [1, 3, 5, 8, 9, 10, 12, 13, 16, 20, 21, 22, 23, 24, 25]  Q:5 M:5 F:5
  2027. [1, 3, 5, 8, 9, 10, 13, 16, 17, 20, 21, 22, 23, 24, 25]  Q:5 M:5 F:5
  2028. [1, 3, 5, 9, 10, 12, 13, 16, 17, 20, 21, 22, 23, 24, 25]  Q:5 M:5 F:5
  2029. [1, 3, 5, 8, 9, 10, 12, 13, 17, 18, 20, 21, 22, 23, 24]  Q:5 M:5 F:5
  2030. [1, 3, 5, 8, 9, 10, 12, 13, 17, 18, 20, 21, 22, 23, 25]  Q:5 M:5 F:5
  2031. [1, 3, 5, 8, 9, 10, 12, 13, 17, 18, 20, 21, 23, 24, 25]  Q:5 M:5 F:5
  2032. [1, 3, 5, 8, 9, 10, 12, 13, 18, 20, 21, 22, 23, 24, 25]  Q:5 M:5 F:5
  2033. [1, 3, 5, 8, 9, 10, 13, 17, 18, 20, 21, 22, 23, 24, 25]  Q:5 M:5 F:5
  2034. [1, 3, 5, 9, 10, 12, 13, 17, 18, 20, 21, 22, 23, 24, 25]  Q:5 M:5 F:5
  2035. [1, 3, 5, 8, 9, 10, 12, 13, 17, 19, 20, 21, 22, 23, 24]  Q:5 M:5 F:5
  2036. [1, 3, 5, 8, 9, 10, 12, 13, 17, 19, 20, 21, 22, 23, 25]  Q:5 M:5 F:5
  2037. [1, 3, 5, 8, 9, 10, 12, 13, 17, 19, 20, 21, 23, 24, 25]  Q:5 M:5 F:5
  2038. [1, 3, 5, 8, 9, 10, 12, 13, 19, 20, 21, 22, 23, 24, 25]  Q:5 M:5 F:5
  2039. [1, 3, 5, 8, 9, 10, 13, 17, 19, 20, 21, 22, 23, 24, 25]  Q:5 M:5 F:5
  2040. [1, 3, 5, 9, 10, 12, 13, 17, 19, 20, 21, 22, 23, 24, 25]  Q:5 M:5 F:5
  2041. [1, 3, 5, 8, 9, 10, 12, 14, 15, 17, 20, 21, 22, 23, 24]  Q:5 M:5 F:5
  2042. [1, 3, 5, 8, 9, 10, 12, 14, 15, 17, 20, 21, 22, 23, 25]  Q:5 M:5 F:5
  2043. [1, 3, 5, 8, 9, 10, 12, 14, 15, 17, 20, 21, 23, 24, 25]  Q:5 M:5 F:5
  2044. [1, 3, 5, 8, 9, 10, 12, 14, 15, 20, 21, 22, 23, 24, 25]  Q:5 M:5 F:5
  2045. [1, 3, 5, 8, 9, 10, 14, 15, 17, 20, 21, 22, 23, 24, 25]  Q:5 M:5 F:5
  2046. [1, 3, 5, 9, 10, 12, 14, 15, 17, 20, 21, 22, 23, 24, 25]  Q:5 M:5 F:5
  2047. [1, 3, 5, 8, 9, 10, 12, 14, 16, 17, 20, 21, 22, 23, 24]  Q:5 M:5 F:5
  2048. [1, 3, 5, 8, 9, 10, 12, 14, 16, 17, 20, 21, 22, 23, 25]  Q:5 M:5 F:5
  2049. [1, 3, 5, 8, 9, 10, 12, 14, 16, 17, 20, 21, 23, 24, 25]  Q:5 M:5 F:5
  2050. [1, 3, 5, 8, 9, 10, 12, 14, 16, 20, 21, 22, 23, 24, 25]  Q:5 M:5 F:5
  2051. [1, 3, 5, 8, 9, 10, 14, 16, 17, 20, 21, 22, 23, 24, 25]  Q:5 M:5 F:5
  2052. [1, 3, 5, 9, 10, 12, 14, 16, 17, 20, 21, 22, 23, 24, 25]  Q:5 M:5 F:5
  2053. [1, 3, 5, 8, 9, 10, 12, 14, 17, 18, 20, 21, 22, 23, 24]  Q:5 M:5 F:5
  2054. [1, 3, 5, 8, 9, 10, 12, 14, 17, 18, 20, 21, 22, 23, 25]  Q:5 M:5 F:5
  2055. [1, 3, 5, 8, 9, 10, 12, 14, 17, 18, 20, 21, 23, 24, 25]  Q:5 M:5 F:5
  2056. [1, 3, 5, 8, 9, 10, 12, 14, 18, 20, 21, 22, 23, 24, 25]  Q:5 M:5 F:5
  2057. [1, 3, 5, 8, 9, 10, 14, 17, 18, 20, 21, 22, 23, 24, 25]  Q:5 M:5 F:5
  2058. [1, 3, 5, 9, 10, 12, 14, 17, 18, 20, 21, 22, 23, 24, 25]  Q:5 M:5 F:5
  2059. [1, 3, 5, 8, 9, 10, 12, 14, 17, 19, 20, 21, 22, 23, 24]  Q:5 M:5 F:5
  2060. [1, 3, 5, 8, 9, 10, 12, 14, 17, 19, 20, 21, 22, 23, 25]  Q:5 M:5 F:5
  2061. [1, 3, 5, 8, 9, 10, 12, 14, 17, 19, 20, 21, 23, 24, 25]  Q:5 M:5 F:5
  2062. [1, 3, 5, 8, 9, 10, 12, 14, 19, 20, 21, 22, 23, 24, 25]  Q:5 M:5 F:5
  2063. [1, 3, 5, 8, 9, 10, 14, 17, 19, 20, 21, 22, 23, 24, 25]  Q:5 M:5 F:5
  2064. [1, 3, 5, 9, 10, 12, 14, 17, 19, 20, 21, 22, 23, 24, 25]  Q:5 M:5 F:5
  2065. [1, 3, 5, 8, 9, 10, 12, 15, 16, 17, 20, 21, 22, 23, 24]  Q:5 M:5 F:5
  2066. [1, 3, 5, 8, 9, 10, 12, 15, 16, 17, 20, 21, 22, 23, 25]  Q:5 M:5 F:5
  2067. [1, 3, 5, 8, 9, 10, 12, 15, 16, 17, 20, 21, 23, 24, 25]  Q:5 M:5 F:5
  2068. [1, 3, 5, 8, 9, 10, 12, 15, 16, 20, 21, 22, 23, 24, 25]  Q:5 M:5 F:5
  2069. [1, 3, 5, 8, 9, 10, 15, 16, 17, 20, 21, 22, 23, 24, 25]  Q:5 M:5 F:5
  2070. [1, 3, 5, 9, 10, 12, 15, 16, 17, 20, 21, 22, 23, 24, 25]  Q:5 M:5 F:5
  2071. [1, 3, 5, 8, 9, 10, 12, 15, 17, 18, 20, 21, 22, 23, 24]  Q:5 M:5 F:5
  2072. [1, 3, 5, 8, 9, 10, 12, 15, 17, 18, 20, 21, 22, 23, 25]  Q:5 M:5 F:5
  2073. [1, 3, 5, 8, 9, 10, 12, 15, 17, 18, 20, 21, 23, 24, 25]  Q:5 M:5 F:5
  2074. [1, 3, 5, 8, 9, 10, 12, 15, 18, 20, 21, 22, 23, 24, 25]  Q:5 M:5 F:5
  2075. [1, 3, 5, 8, 9, 10, 15, 17, 18, 20, 21, 22, 23, 24, 25]  Q:5 M:5 F:5
  2076. [1, 3, 5, 9, 10, 12, 15, 17, 18, 20, 21, 22, 23, 24, 25]  Q:5 M:5 F:5
  2077. [1, 3, 5, 8, 9, 10, 12, 15, 17, 19, 20, 21, 22, 23, 24]  Q:5 M:5 F:5
  2078. [1, 3, 5, 8, 9, 10, 12, 15, 17, 19, 20, 21, 22, 23, 25]  Q:5 M:5 F:5
  2079. [1, 3, 5, 8, 9, 10, 12, 15, 17, 19, 20, 21, 23, 24, 25]  Q:5 M:5 F:5
  2080. [1, 3, 5, 8, 9, 10, 12, 15, 19, 20, 21, 22, 23, 24, 25]  Q:5 M:5 F:5
  2081. [1, 3, 5, 8, 9, 10, 15, 17, 19, 20, 21, 22, 23, 24, 25]  Q:5 M:5 F:5
  2082. [1, 3, 5, 9, 10, 12, 15, 17, 19, 20, 21, 22, 23, 24, 25]  Q:5 M:5 F:5
  2083. [1, 3, 5, 8, 9, 10, 12, 16, 17, 18, 20, 21, 22, 23, 24]  Q:5 M:5 F:5
  2084. [1, 3, 5, 8, 9, 10, 12, 16, 17, 18, 20, 21, 22, 23, 25]  Q:5 M:5 F:5
  2085. [1, 3, 5, 8, 9, 10, 12, 16, 17, 18, 20, 21, 23, 24, 25]  Q:5 M:5 F:5
  2086. [1, 3, 5, 8, 9, 10, 12, 16, 18, 20, 21, 22, 23, 24, 25]  Q:5 M:5 F:5
  2087. [1, 3, 5, 8, 9, 10, 16, 17, 18, 20, 21, 22, 23, 24, 25]  Q:5 M:5 F:5
  2088. [1, 3, 5, 9, 10, 12, 16, 17, 18, 20, 21, 22, 23, 24, 25]  Q:5 M:5 F:5
  2089. [1, 3, 5, 8, 9, 10, 12, 16, 17, 19, 20, 21, 22, 23, 24]  Q:5 M:5 F:5
  2090. [1, 3, 5, 8, 9, 10, 12, 16, 17, 19, 20, 21, 22, 23, 25]  Q:5 M:5 F:5
  2091. [1, 3, 5, 8, 9, 10, 12, 16, 17, 19, 20, 21, 23, 24, 25]  Q:5 M:5 F:5
  2092. [1, 3, 5, 8, 9, 10, 12, 16, 19, 20, 21, 22, 23, 24, 25]  Q:5 M:5 F:5
  2093. [1, 3, 5, 8, 9, 10, 16, 17, 19, 20, 21, 22, 23, 24, 25]  Q:5 M:5 F:5
  2094. [1, 3, 5, 9, 10, 12, 16, 17, 19, 20, 21, 22, 23, 24, 25]  Q:5 M:5 F:5
  2095. [1, 3, 5, 8, 9, 10, 12, 17, 18, 19, 20, 21, 22, 23, 24]  Q:5 M:5 F:5
  2096. [1, 3, 5, 8, 9, 10, 12, 17, 18, 19, 20, 21, 22, 23, 25]  Q:5 M:5 F:5
  2097. [1, 3, 5, 8, 9, 10, 12, 17, 18, 19, 20, 21, 23, 24, 25]  Q:5 M:5 F:5
  2098. [1, 3, 5, 8, 9, 10, 12, 18, 19, 20, 21, 22, 23, 24, 25]  Q:5 M:5 F:5
  2099. [1, 3, 5, 8, 9, 10, 17, 18, 19, 20, 21, 22, 23, 24, 25]  Q:5 M:5 F:5
  2100. [1, 3, 5, 9, 10, 12, 17, 18, 19, 20, 21, 22, 23, 24, 25]  Q:5 M:5 F:5
  2101. [1, 3, 5, 8, 10, 11, 12, 13, 14, 17, 20, 21, 22, 23, 24]  Q:5 M:5 F:5
  2102. [1, 3, 5, 8, 10, 11, 12, 13, 14, 17, 20, 21, 22, 23, 25]  Q:5 M:5 F:5
  2103. [1, 3, 5, 8, 10, 11, 12, 13, 14, 17, 20, 21, 23, 24, 25]  Q:5 M:5 F:5
  2104. [1, 3, 5, 8, 10, 11, 12, 13, 14, 20, 21, 22, 23, 24, 25]  Q:5 M:5 F:5
  2105. [1, 3, 5, 8, 10, 11, 13, 14, 17, 20, 21, 22, 23, 24, 25]  Q:5 M:5 F:5
  2106. [1, 3, 5, 10, 11, 12, 13, 14, 17, 20, 21, 22, 23, 24, 25]  Q:5 M:5 F:5
  2107. [1, 3, 5, 8, 10, 11, 12, 13, 15, 17, 20, 21, 22, 23, 24]  Q:5 M:5 F:5
  2108. [1, 3, 5, 8, 10, 11, 12, 13, 15, 17, 20, 21, 22, 23, 25]  Q:5 M:5 F:5
  2109. [1, 3, 5, 8, 10, 11, 12, 13, 15, 17, 20, 21, 23, 24, 25]  Q:5 M:5 F:5
  2110. [1, 3, 5, 8, 10, 11, 12, 13, 15, 20, 21, 22, 23, 24, 25]  Q:5 M:5 F:5
  2111. [1, 3, 5, 8, 10, 11, 13, 15, 17, 20, 21, 22, 23, 24, 25]  Q:5 M:5 F:5
  2112. [1, 3, 5, 10, 11, 12, 13, 15, 17, 20, 21, 22, 23, 24, 25]  Q:5 M:5 F:5
  2113. [1, 3, 5, 8, 10, 11, 12, 13, 16, 17, 20, 21, 22, 23, 24]  Q:5 M:5 F:5
  2114. [1, 3, 5, 8, 10, 11, 12, 13, 16, 17, 20, 21, 22, 23, 25]  Q:5 M:5 F:5
  2115. [1, 3, 5, 8, 10, 11, 12, 13, 16, 17, 20, 21, 23, 24, 25]  Q:5 M:5 F:5
  2116. [1, 3, 5, 8, 10, 11, 12, 13, 16, 20, 21, 22, 23, 24, 25]  Q:5 M:5 F:5
  2117. [1, 3, 5, 8, 10, 11, 13, 16, 17, 20, 21, 22, 23, 24, 25]  Q:5 M:5 F:5
  2118. [1, 3, 5, 10, 11, 12, 13, 16, 17, 20, 21, 22, 23, 24, 25]  Q:5 M:5 F:5
  2119. [1, 3, 5, 8, 10, 11, 12, 13, 17, 18, 20, 21, 22, 23, 24]  Q:5 M:5 F:5
  2120. [1, 3, 5, 8, 10, 11, 12, 13, 17, 18, 20, 21, 22, 23, 25]  Q:5 M:5 F:5
  2121. [1, 3, 5, 8, 10, 11, 12, 13, 17, 18, 20, 21, 23, 24, 25]  Q:5 M:5 F:5
  2122. [1, 3, 5, 8, 10, 11, 12, 13, 18, 20, 21, 22, 23, 24, 25]  Q:5 M:5 F:5
  2123. [1, 3, 5, 8, 10, 11, 13, 17, 18, 20, 21, 22, 23, 24, 25]  Q:5 M:5 F:5
  2124. [1, 3, 5, 10, 11, 12, 13, 17, 18, 20, 21, 22, 23, 24, 25]  Q:5 M:5 F:5
  2125. [1, 3, 5, 8, 10, 11, 12, 13, 17, 19, 20, 21, 22, 23, 24]  Q:5 M:5 F:5
  2126. [1, 3, 5, 8, 10, 11, 12, 13, 17, 19, 20, 21, 22, 23, 25]  Q:5 M:5 F:5
  2127. [1, 3, 5, 8, 10, 11, 12, 13, 17, 19, 20, 21, 23, 24, 25]  Q:5 M:5 F:5
  2128. [1, 3, 5, 8, 10, 11, 12, 13, 19, 20, 21, 22, 23, 24, 25]  Q:5 M:5 F:5
  2129. [1, 3, 5, 8, 10, 11, 13, 17, 19, 20, 21, 22, 23, 24, 25]  Q:5 M:5 F:5
  2130. [1, 3, 5, 10, 11, 12, 13, 17, 19, 20, 21, 22, 23, 24, 25]  Q:5 M:5 F:5
  2131. [1, 3, 5, 8, 10, 11, 12, 14, 15, 17, 20, 21, 22, 23, 24]  Q:5 M:5 F:5
  2132. [1, 3, 5, 8, 10, 11, 12, 14, 15, 17, 20, 21, 22, 23, 25]  Q:5 M:5 F:5
  2133. [1, 3, 5, 8, 10, 11, 12, 14, 15, 17, 20, 21, 23, 24, 25]  Q:5 M:5 F:5
  2134. [1, 3, 5, 8, 10, 11, 12, 14, 15, 20, 21, 22, 23, 24, 25]  Q:5 M:5 F:5
  2135. [1, 3, 5, 8, 10, 11, 14, 15, 17, 20, 21, 22, 23, 24, 25]  Q:5 M:5 F:5
  2136. [1, 3, 5, 10, 11, 12, 14, 15, 17, 20, 21, 22, 23, 24, 25]  Q:5 M:5 F:5
  2137. [1, 3, 5, 8, 10, 11, 12, 14, 16, 17, 20, 21, 22, 23, 24]  Q:5 M:5 F:5
  2138. [1, 3, 5, 8, 10, 11, 12, 14, 16, 17, 20, 21, 22, 23, 25]  Q:5 M:5 F:5
  2139. [1, 3, 5, 8, 10, 11, 12, 14, 16, 17, 20, 21, 23, 24, 25]  Q:5 M:5 F:5
  2140. [1, 3, 5, 8, 10, 11, 12, 14, 16, 20, 21, 22, 23, 24, 25]  Q:5 M:5 F:5
  2141. [1, 3, 5, 8, 10, 11, 14, 16, 17, 20, 21, 22, 23, 24, 25]  Q:5 M:5 F:5
  2142. [1, 3, 5, 10, 11, 12, 14, 16, 17, 20, 21, 22, 23, 24, 25]  Q:5 M:5 F:5
  2143. [1, 3, 5, 8, 10, 11, 12, 14, 17, 18, 20, 21, 22, 23, 24]  Q:5 M:5 F:5
  2144. [1, 3, 5, 8, 10, 11, 12, 14, 17, 18, 20, 21, 22, 23, 25]  Q:5 M:5 F:5
  2145. [1, 3, 5, 8, 10, 11, 12, 14, 17, 18, 20, 21, 23, 24, 25]  Q:5 M:5 F:5
  2146. [1, 3, 5, 8, 10, 11, 12, 14, 18, 20, 21, 22, 23, 24, 25]  Q:5 M:5 F:5
  2147. [1, 3, 5, 8, 10, 11, 14, 17, 18, 20, 21, 22, 23, 24, 25]  Q:5 M:5 F:5
  2148. [1, 3, 5, 10, 11, 12, 14, 17, 18, 20, 21, 22, 23, 24, 25]  Q:5 M:5 F:5
  2149. [1, 3, 5, 8, 10, 11, 12, 14, 17, 19, 20, 21, 22, 23, 24]  Q:5 M:5 F:5
  2150. [1, 3, 5, 8, 10, 11, 12, 14, 17, 19, 20, 21, 22, 23, 25]  Q:5 M:5 F:5
  2151. [1, 3, 5, 8, 10, 11, 12, 14, 17, 19, 20, 21, 23, 24, 25]  Q:5 M:5 F:5
  2152. [1, 3, 5, 8, 10, 11, 12, 14, 19, 20, 21, 22, 23, 24, 25]  Q:5 M:5 F:5
  2153. [1, 3, 5, 8, 10, 11, 14, 17, 19, 20, 21, 22, 23, 24, 25]  Q:5 M:5 F:5
  2154. [1, 3, 5, 10, 11, 12, 14, 17, 19, 20, 21, 22, 23, 24, 25]  Q:5 M:5 F:5
  2155. [1, 3, 5, 8, 10, 11, 12, 15, 16, 17, 20, 21, 22, 23, 24]  Q:5 M:5 F:5
  2156. [1, 3, 5, 8, 10, 11, 12, 15, 16, 17, 20, 21, 22, 23, 25]  Q:5 M:5 F:5
  2157. [1, 3, 5, 8, 10, 11, 12, 15, 16, 17, 20, 21, 23, 24, 25]  Q:5 M:5 F:5
  2158. [1, 3, 5, 8, 10, 11, 12, 15, 16, 20, 21, 22, 23, 24, 25]  Q:5 M:5 F:5
  2159. [1, 3, 5, 8, 10, 11, 15, 16, 17, 20, 21, 22, 23, 24, 25]  Q:5 M:5 F:5
  2160. [1, 3, 5, 10, 11, 12, 15, 16, 17, 20, 21, 22, 23, 24, 25]  Q:5 M:5 F:5
  2161. [1, 3, 5, 8, 10, 11, 12, 15, 17, 18, 20, 21, 22, 23, 24]  Q:5 M:5 F:5
  2162. [1, 3, 5, 8, 10, 11, 12, 15, 17, 18, 20, 21, 22, 23, 25]  Q:5 M:5 F:5
  2163. [1, 3, 5, 8, 10, 11, 12, 15, 17, 18, 20, 21, 23, 24, 25]  Q:5 M:5 F:5
  2164. [1, 3, 5, 8, 10, 11, 12, 15, 18, 20, 21, 22, 23, 24, 25]  Q:5 M:5 F:5
  2165. [1, 3, 5, 8, 10, 11, 15, 17, 18, 20, 21, 22, 23, 24, 25]  Q:5 M:5 F:5
  2166. [1, 3, 5, 10, 11, 12, 15, 17, 18, 20, 21, 22, 23, 24, 25]  Q:5 M:5 F:5
  2167. [1, 3, 5, 8, 10, 11, 12, 15, 17, 19, 20, 21, 22, 23, 24]  Q:5 M:5 F:5
  2168. [1, 3, 5, 8, 10, 11, 12, 15, 17, 19, 20, 21, 22, 23, 25]  Q:5 M:5 F:5
  2169. [1, 3, 5, 8, 10, 11, 12, 15, 17, 19, 20, 21, 23, 24, 25]  Q:5 M:5 F:5
  2170. [1, 3, 5, 8, 10, 11, 12, 15, 19, 20, 21, 22, 23, 24, 25]  Q:5 M:5 F:5
  2171. [1, 3, 5, 8, 10, 11, 15, 17, 19, 20, 21, 22, 23, 24, 25]  Q:5 M:5 F:5
  2172. [1, 3, 5, 10, 11, 12, 15, 17, 19, 20, 21, 22, 23, 24, 25]  Q:5 M:5 F:5
  2173. [1, 3, 5, 8, 10, 11, 12, 16, 17, 18, 20, 21, 22, 23, 24]  Q:5 M:5 F:5
  2174. [1, 3, 5, 8, 10, 11, 12, 16, 17, 18, 20, 21, 22, 23, 25]  Q:5 M:5 F:5
  2175. [1, 3, 5, 8, 10, 11, 12, 16, 17, 18, 20, 21, 23, 24, 25]  Q:5 M:5 F:5
  2176. [1, 3, 5, 8, 10, 11, 12, 16, 18, 20, 21, 22, 23, 24, 25]  Q:5 M:5 F:5
  2177. [1, 3, 5, 8, 10, 11, 16, 17, 18, 20, 21, 22, 23, 24, 25]  Q:5 M:5 F:5
  2178. [1, 3, 5, 10, 11, 12, 16, 17, 18, 20, 21, 22, 23, 24, 25]  Q:5 M:5 F:5
  2179. [1, 3, 5, 8, 10, 11, 12, 16, 17, 19, 20, 21, 22, 23, 24]  Q:5 M:5 F:5
  2180. [1, 3, 5, 8, 10, 11, 12, 16, 17, 19, 20, 21, 22, 23, 25]  Q:5 M:5 F:5
  2181. [1, 3, 5, 8, 10, 11, 12, 16, 17, 19, 20, 21, 23, 24, 25]  Q:5 M:5 F:5
  2182. [1, 3, 5, 8, 10, 11, 12, 16, 19, 20, 21, 22, 23, 24, 25]  Q:5 M:5 F:5
  2183. [1, 3, 5, 8, 10, 11, 16, 17, 19, 20, 21, 22, 23, 24, 25]  Q:5 M:5 F:5
  2184. [1, 3, 5, 10, 11, 12, 16, 17, 19, 20, 21, 22, 23, 24, 25]  Q:5 M:5 F:5
  2185. [1, 3, 5, 8, 10, 11, 12, 17, 18, 19, 20, 21, 22, 23, 24]  Q:5 M:5 F:5
  2186. [1, 3, 5, 8, 10, 11, 12, 17, 18, 19, 20, 21, 22, 23, 25]  Q:5 M:5 F:5
  2187. [1, 3, 5, 8, 10, 11, 12, 17, 18, 19, 20, 21, 23, 24, 25]  Q:5 M:5 F:5
  2188. [1, 3, 5, 8, 10, 11, 12, 18, 19, 20, 21, 22, 23, 24, 25]  Q:5 M:5 F:5
  2189. [1, 3, 5, 8, 10, 11, 17, 18, 19, 20, 21, 22, 23, 24, 25]  Q:5 M:5 F:5
  2190. [1, 3, 5, 10, 11, 12, 17, 18, 19, 20, 21, 22, 23, 24, 25]  Q:5 M:5 F:5
  2191. [1, 3, 5, 8, 10, 12, 13, 14, 15, 17, 20, 21, 22, 23, 24]  Q:5 M:5 F:5
  2192. [1, 3, 5, 8, 10, 12, 13, 14, 15, 17, 20, 21, 22, 23, 25]  Q:5 M:5 F:5
  2193. [1, 3, 5, 8, 10, 12, 13, 14, 15, 17, 20, 21, 23, 24, 25]  Q:5 M:5 F:5
  2194. [1, 3, 5, 8, 10, 12, 13, 14, 15, 20, 21, 22, 23, 24, 25]  Q:5 M:5 F:5
  2195. [1, 3, 5, 8, 10, 13, 14, 15, 17, 20, 21, 22, 23, 24, 25]  Q:5 M:5 F:5
  2196. [1, 3, 5, 10, 12, 13, 14, 15, 17, 20, 21, 22, 23, 24, 25]  Q:5 M:5 F:5
  2197. [1, 3, 5, 8, 10, 12, 13, 14, 16, 17, 20, 21, 22, 23, 24]  Q:5 M:5 F:5
  2198. [1, 3, 5, 8, 10, 12, 13, 14, 16, 17, 20, 21, 22, 23, 25]  Q:5 M:5 F:5
  2199. [1, 3, 5, 8, 10, 12, 13, 14, 16, 17, 20, 21, 23, 24, 25]  Q:5 M:5 F:5
  2200. [1, 3, 5, 8, 10, 12, 13, 14, 16, 20, 21, 22, 23, 24, 25]  Q:5 M:5 F:5
  2201. [1, 3, 5, 8, 10, 13, 14, 16, 17, 20, 21, 22, 23, 24, 25]  Q:5 M:5 F:5
  2202. [1, 3, 5, 10, 12, 13, 14, 16, 17, 20, 21, 22, 23, 24, 25]  Q:5 M:5 F:5
  2203. [1, 3, 5, 8, 10, 12, 13, 14, 17, 18, 20, 21, 22, 23, 24]  Q:5 M:5 F:5
  2204. [1, 3, 5, 8, 10, 12, 13, 14, 17, 18, 20, 21, 22, 23, 25]  Q:5 M:5 F:5
  2205. [1, 3, 5, 8, 10, 12, 13, 14, 17, 18, 20, 21, 23, 24, 25]  Q:5 M:5 F:5
  2206. [1, 3, 5, 8, 10, 12, 13, 14, 18, 20, 21, 22, 23, 24, 25]  Q:5 M:5 F:5
  2207. [1, 3, 5, 8, 10, 13, 14, 17, 18, 20, 21, 22, 23, 24, 25]  Q:5 M:5 F:5
  2208. [1, 3, 5, 10, 12, 13, 14, 17, 18, 20, 21, 22, 23, 24, 25]  Q:5 M:5 F:5
  2209. [1, 3, 5, 8, 10, 12, 13, 14, 17, 19, 20, 21, 22, 23, 24]  Q:5 M:5 F:5
  2210. [1, 3, 5, 8, 10, 12, 13, 14, 17, 19, 20, 21, 22, 23, 25]  Q:5 M:5 F:5
  2211. [1, 3, 5, 8, 10, 12, 13, 14, 17, 19, 20, 21, 23, 24, 25]  Q:5 M:5 F:5
  2212. [1, 3, 5, 8, 10, 12, 13, 14, 19, 20, 21, 22, 23, 24, 25]  Q:5 M:5 F:5
  2213. [1, 3, 5, 8, 10, 13, 14, 17, 19, 20, 21, 22, 23, 24, 25]  Q:5 M:5 F:5
  2214. [1, 3, 5, 10, 12, 13, 14, 17, 19, 20, 21, 22, 23, 24, 25]  Q:5 M:5 F:5
  2215. [1, 3, 5, 8, 10, 12, 13, 15, 16, 17, 20, 21, 22, 23, 24]  Q:5 M:5 F:5
  2216. [1, 3, 5, 8, 10, 12, 13, 15, 16, 17, 20, 21, 22, 23, 25]  Q:5 M:5 F:5
  2217. [1, 3, 5, 8, 10, 12, 13, 15, 16, 17, 20, 21, 23, 24, 25]  Q:5 M:5 F:5
  2218. [1, 3, 5, 8, 10, 12, 13, 15, 16, 20, 21, 22, 23, 24, 25]  Q:5 M:5 F:5
  2219. [1, 3, 5, 8, 10, 13, 15, 16, 17, 20, 21, 22, 23, 24, 25]  Q:5 M:5 F:5
  2220. [1, 3, 5, 10, 12, 13, 15, 16, 17, 20, 21, 22, 23, 24, 25]  Q:5 M:5 F:5
  2221. [1, 3, 5, 8, 10, 12, 13, 15, 17, 18, 20, 21, 22, 23, 24]  Q:5 M:5 F:5
  2222. [1, 3, 5, 8, 10, 12, 13, 15, 17, 18, 20, 21, 22, 23, 25]  Q:5 M:5 F:5
  2223. [1, 3, 5, 8, 10, 12, 13, 15, 17, 18, 20, 21, 23, 24, 25]  Q:5 M:5 F:5
  2224. [1, 3, 5, 8, 10, 12, 13, 15, 18, 20, 21, 22, 23, 24, 25]  Q:5 M:5 F:5
  2225. [1, 3, 5, 8, 10, 13, 15, 17, 18, 20, 21, 22, 23, 24, 25]  Q:5 M:5 F:5
  2226. [1, 3, 5, 10, 12, 13, 15, 17, 18, 20, 21, 22, 23, 24, 25]  Q:5 M:5 F:5
  2227. [1, 3, 5, 8, 10, 12, 13, 15, 17, 19, 20, 21, 22, 23, 24]  Q:5 M:5 F:5
  2228. [1, 3, 5, 8, 10, 12, 13, 15, 17, 19, 20, 21, 22, 23, 25]  Q:5 M:5 F:5
  2229. [1, 3, 5, 8, 10, 12, 13, 15, 17, 19, 20, 21, 23, 24, 25]  Q:5 M:5 F:5
  2230. [1, 3, 5, 8, 10, 12, 13, 15, 19, 20, 21, 22, 23, 24, 25]  Q:5 M:5 F:5
  2231. [1, 3, 5, 8, 10, 13, 15, 17, 19, 20, 21, 22, 23, 24, 25]  Q:5 M:5 F:5
  2232. [1, 3, 5, 10, 12, 13, 15, 17, 19, 20, 21, 22, 23, 24, 25]  Q:5 M:5 F:5
  2233. [1, 3, 5, 8, 10, 12, 13, 16, 17, 18, 20, 21, 22, 23, 24]  Q:5 M:5 F:5
  2234. [1, 3, 5, 8, 10, 12, 13, 16, 17, 18, 20, 21, 22, 23, 25]  Q:5 M:5 F:5
  2235. [1, 3, 5, 8, 10, 12, 13, 16, 17, 18, 20, 21, 23, 24, 25]  Q:5 M:5 F:5
  2236. [1, 3, 5, 8, 10, 12, 13, 16, 18, 20, 21, 22, 23, 24, 25]  Q:5 M:5 F:5
  2237. [1, 3, 5, 8, 10, 13, 16, 17, 18, 20, 21, 22, 23, 24, 25]  Q:5 M:5 F:5
  2238. [1, 3, 5, 10, 12, 13, 16, 17, 18, 20, 21, 22, 23, 24, 25]  Q:5 M:5 F:5
  2239. [1, 3, 5, 8, 10, 12, 13, 16, 17, 19, 20, 21, 22, 23, 24]  Q:5 M:5 F:5
  2240. [1, 3, 5, 8, 10, 12, 13, 16, 17, 19, 20, 21, 22, 23, 25]  Q:5 M:5 F:5
  2241. [1, 3, 5, 8, 10, 12, 13, 16, 17, 19, 20, 21, 23, 24, 25]  Q:5 M:5 F:5
  2242. [1, 3, 5, 8, 10, 12, 13, 16, 19, 20, 21, 22, 23, 24, 25]  Q:5 M:5 F:5
  2243. [1, 3, 5, 8, 10, 13, 16, 17, 19, 20, 21, 22, 23, 24, 25]  Q:5 M:5 F:5
  2244. [1, 3, 5, 10, 12, 13, 16, 17, 19, 20, 21, 22, 23, 24, 25]  Q:5 M:5 F:5
  2245. [1, 3, 5, 8, 10, 12, 13, 17, 18, 19, 20, 21, 22, 23, 24]  Q:5 M:5 F:5
  2246. [1, 3, 5, 8, 10, 12, 13, 17, 18, 19, 20, 21, 22, 23, 25]  Q:5 M:5 F:5
  2247. [1, 3, 5, 8, 10, 12, 13, 17, 18, 19, 20, 21, 23, 24, 25]  Q:5 M:5 F:5
  2248. [1, 3, 5, 8, 10, 12, 13, 18, 19, 20, 21, 22, 23, 24, 25]  Q:5 M:5 F:5
  2249. [1, 3, 5, 8, 10, 13, 17, 18, 19, 20, 21, 22, 23, 24, 25]  Q:5 M:5 F:5
  2250. [1, 3, 5, 10, 12, 13, 17, 18, 19, 20, 21, 22, 23, 24, 25]  Q:5 M:5 F:5
  2251. [1, 3, 5, 8, 10, 12, 14, 15, 16, 17, 20, 21, 22, 23, 24]  Q:5 M:5 F:5
  2252. [1, 3, 5, 8, 10, 12, 14, 15, 16, 17, 20, 21, 22, 23, 25]  Q:5 M:5 F:5
  2253. [1, 3, 5, 8, 10, 12, 14, 15, 16, 17, 20, 21, 23, 24, 25]  Q:5 M:5 F:5
  2254. [1, 3, 5, 8, 10, 12, 14, 15, 16, 20, 21, 22, 23, 24, 25]  Q:5 M:5 F:5
  2255. [1, 3, 5, 8, 10, 14, 15, 16, 17, 20, 21, 22, 23, 24, 25]  Q:5 M:5 F:5
  2256. [1, 3, 5, 10, 12, 14, 15, 16, 17, 20, 21, 22, 23, 24, 25]  Q:5 M:5 F:5
  2257. [1, 3, 5, 8, 10, 12, 14, 15, 17, 18, 20, 21, 22, 23, 24]  Q:5 M:5 F:5
  2258. [1, 3, 5, 8, 10, 12, 14, 15, 17, 18, 20, 21, 22, 23, 25]  Q:5 M:5 F:5
  2259. [1, 3, 5, 8, 10, 12, 14, 15, 17, 18, 20, 21, 23, 24, 25]  Q:5 M:5 F:5
  2260. [1, 3, 5, 8, 10, 12, 14, 15, 18, 20, 21, 22, 23, 24, 25]  Q:5 M:5 F:5
  2261. [1, 3, 5, 8, 10, 14, 15, 17, 18, 20, 21, 22, 23, 24, 25]  Q:5 M:5 F:5
  2262. [1, 3, 5, 10, 12, 14, 15, 17, 18, 20, 21, 22, 23, 24, 25]  Q:5 M:5 F:5
  2263. [1, 3, 5, 8, 10, 12, 14, 15, 17, 19, 20, 21, 22, 23, 24]  Q:5 M:5 F:5
  2264. [1, 3, 5, 8, 10, 12, 14, 15, 17, 19, 20, 21, 22, 23, 25]  Q:5 M:5 F:5
  2265. [1, 3, 5, 8, 10, 12, 14, 15, 17, 19, 20, 21, 23, 24, 25]  Q:5 M:5 F:5
  2266. [1, 3, 5, 8, 10, 12, 14, 15, 19, 20, 21, 22, 23, 24, 25]  Q:5 M:5 F:5
  2267. [1, 3, 5, 8, 10, 14, 15, 17, 19, 20, 21, 22, 23, 24, 25]  Q:5 M:5 F:5
  2268. [1, 3, 5, 10, 12, 14, 15, 17, 19, 20, 21, 22, 23, 24, 25]  Q:5 M:5 F:5
  2269. [1, 3, 5, 8, 10, 12, 14, 16, 17, 18, 20, 21, 22, 23, 24]  Q:5 M:5 F:5
  2270. [1, 3, 5, 8, 10, 12, 14, 16, 17, 18, 20, 21, 22, 23, 25]  Q:5 M:5 F:5
  2271. [1, 3, 5, 8, 10, 12, 14, 16, 17, 18, 20, 21, 23, 24, 25]  Q:5 M:5 F:5
  2272. [1, 3, 5, 8, 10, 12, 14, 16, 18, 20, 21, 22, 23, 24, 25]  Q:5 M:5 F:5
  2273. [1, 3, 5, 8, 10, 14, 16, 17, 18, 20, 21, 22, 23, 24, 25]  Q:5 M:5 F:5
  2274. [1, 3, 5, 10, 12, 14, 16, 17, 18, 20, 21, 22, 23, 24, 25]  Q:5 M:5 F:5
  2275. [1, 3, 5, 8, 10, 12, 14, 16, 17, 19, 20, 21, 22, 23, 24]  Q:5 M:5 F:5
  2276. [1, 3, 5, 8, 10, 12, 14, 16, 17, 19, 20, 21, 22, 23, 25]  Q:5 M:5 F:5
  2277. [1, 3, 5, 8, 10, 12, 14, 16, 17, 19, 20, 21, 23, 24, 25]  Q:5 M:5 F:5
  2278. [1, 3, 5, 8, 10, 12, 14, 16, 19, 20, 21, 22, 23, 24, 25]  Q:5 M:5 F:5
  2279. [1, 3, 5, 8, 10, 14, 16, 17, 19, 20, 21, 22, 23, 24, 25]  Q:5 M:5 F:5
  2280. [1, 3, 5, 10, 12, 14, 16, 17, 19, 20, 21, 22, 23, 24, 25]  Q:5 M:5 F:5
  2281. [1, 3, 5, 8, 10, 12, 14, 17, 18, 19, 20, 21, 22, 23, 24]  Q:5 M:5 F:5
  2282. [1, 3, 5, 8, 10, 12, 14, 17, 18, 19, 20, 21, 22, 23, 25]  Q:5 M:5 F:5
  2283. [1, 3, 5, 8, 10, 12, 14, 17, 18, 19, 20, 21, 23, 24, 25]  Q:5 M:5 F:5
  2284. [1, 3, 5, 8, 10, 12, 14, 18, 19, 20, 21, 22, 23, 24, 25]  Q:5 M:5 F:5
  2285. [1, 3, 5, 8, 10, 14, 17, 18, 19, 20, 21, 22, 23, 24, 25]  Q:5 M:5 F:5
  2286. [1, 3, 5, 10, 12, 14, 17, 18, 19, 20, 21, 22, 23, 24, 25]  Q:5 M:5 F:5
  2287. [1, 3, 5, 8, 10, 12, 15, 16, 17, 18, 20, 21, 22, 23, 24]  Q:5 M:5 F:5
  2288. [1, 3, 5, 8, 10, 12, 15, 16, 17, 18, 20, 21, 22, 23, 25]  Q:5 M:5 F:5
  2289. [1, 3, 5, 8, 10, 12, 15, 16, 17, 18, 20, 21, 23, 24, 25]  Q:5 M:5 F:5
  2290. [1, 3, 5, 8, 10, 12, 15, 16, 18, 20, 21, 22, 23, 24, 25]  Q:5 M:5 F:5
  2291. [1, 3, 5, 8, 10, 15, 16, 17, 18, 20, 21, 22, 23, 24, 25]  Q:5 M:5 F:5
  2292. [1, 3, 5, 10, 12, 15, 16, 17, 18, 20, 21, 22, 23, 24, 25]  Q:5 M:5 F:5
  2293. [1, 3, 5, 8, 10, 12, 15, 16, 17, 19, 20, 21, 22, 23, 24]  Q:5 M:5 F:5
  2294. [1, 3, 5, 8, 10, 12, 15, 16, 17, 19, 20, 21, 22, 23, 25]  Q:5 M:5 F:5
  2295. [1, 3, 5, 8, 10, 12, 15, 16, 17, 19, 20, 21, 23, 24, 25]  Q:5 M:5 F:5
  2296. [1, 3, 5, 8, 10, 12, 15, 16, 19, 20, 21, 22, 23, 24, 25]  Q:5 M:5 F:5
  2297. [1, 3, 5, 8, 10, 15, 16, 17, 19, 20, 21, 22, 23, 24, 25]  Q:5 M:5 F:5
  2298. [1, 3, 5, 10, 12, 15, 16, 17, 19, 20, 21, 22, 23, 24, 25]  Q:5 M:5 F:5
  2299. [1, 3, 5, 8, 10, 12, 15, 17, 18, 19, 20, 21, 22, 23, 24]  Q:5 M:5 F:5
  2300. [1, 3, 5, 8, 10, 12, 15, 17, 18, 19, 20, 21, 22, 23, 25]  Q:5 M:5 F:5
  2301. [1, 3, 5, 8, 10, 12, 15, 17, 18, 19, 20, 21, 23, 24, 25]  Q:5 M:5 F:5
  2302. [1, 3, 5, 8, 10, 12, 15, 18, 19, 20, 21, 22, 23, 24, 25]  Q:5 M:5 F:5
  2303. [1, 3, 5, 8, 10, 15, 17, 18, 19, 20, 21, 22, 23, 24, 25]  Q:5 M:5 F:5
  2304. [1, 3, 5, 10, 12, 15, 17, 18, 19, 20, 21, 22, 23, 24, 25]  Q:5 M:5 F:5
  2305. [1, 3, 5, 8, 10, 12, 16, 17, 18, 19, 20, 21, 22, 23, 24]  Q:5 M:5 F:5
  2306. [1, 3, 5, 8, 10, 12, 16, 17, 18, 19, 20, 21, 22, 23, 25]  Q:5 M:5 F:5
  2307. [1, 3, 5, 8, 10, 12, 16, 17, 18, 19, 20, 21, 23, 24, 25]  Q:5 M:5 F:5
  2308. [1, 3, 5, 8, 10, 12, 16, 18, 19, 20, 21, 22, 23, 24, 25]  Q:5 M:5 F:5
  2309. [1, 3, 5, 8, 10, 16, 17, 18, 19, 20, 21, 22, 23, 24, 25]  Q:5 M:5 F:5
  2310. [1, 3, 5, 10, 12, 16, 17, 18, 19, 20, 21, 22, 23, 24, 25]  Q:5 M:5 F:5
  2311. [1, 4, 5, 6, 7, 8, 9, 10, 12, 17, 20, 21, 22, 23, 24]    Q:5 M:5 F:5
  2312. [1, 4, 5, 6, 7, 8, 9, 10, 12, 17, 20, 21, 22, 23, 25]    Q:5 M:5 F:5
  2313. [1, 4, 5, 6, 7, 8, 9, 10, 12, 17, 20, 21, 23, 24, 25]    Q:5 M:5 F:5
  2314. [1, 4, 5, 6, 7, 8, 9, 10, 12, 20, 21, 22, 23, 24, 25]    Q:5 M:5 F:5
  2315. [1, 4, 5, 6, 7, 8, 9, 10, 17, 20, 21, 22, 23, 24, 25]    Q:5 M:5 F:5
  2316. [1, 4, 5, 6, 7, 9, 10, 12, 17, 20, 21, 22, 23, 24, 25]   Q:5 M:5 F:5
  2317. [1, 4, 5, 6, 7, 8, 10, 11, 12, 17, 20, 21, 22, 23, 24]   Q:5 M:5 F:5
  2318. [1, 4, 5, 6, 7, 8, 10, 11, 12, 17, 20, 21, 22, 23, 25]   Q:5 M:5 F:5
  2319. [1, 4, 5, 6, 7, 8, 10, 11, 12, 17, 20, 21, 23, 24, 25]   Q:5 M:5 F:5
  2320. [1, 4, 5, 6, 7, 8, 10, 11, 12, 20, 21, 22, 23, 24, 25]   Q:5 M:5 F:5
  2321. [1, 4, 5, 6, 7, 8, 10, 11, 17, 20, 21, 22, 23, 24, 25]   Q:5 M:5 F:5
  2322. [1, 4, 5, 6, 7, 10, 11, 12, 17, 20, 21, 22, 23, 24, 25]  Q:5 M:5 F:5
  2323. [1, 4, 5, 6, 7, 8, 10, 12, 13, 17, 20, 21, 22, 23, 24]   Q:5 M:5 F:5
  2324. [1, 4, 5, 6, 7, 8, 10, 12, 13, 17, 20, 21, 22, 23, 25]   Q:5 M:5 F:5
  2325. [1, 4, 5, 6, 7, 8, 10, 12, 13, 17, 20, 21, 23, 24, 25]   Q:5 M:5 F:5
  2326. [1, 4, 5, 6, 7, 8, 10, 12, 13, 20, 21, 22, 23, 24, 25]   Q:5 M:5 F:5
  2327. [1, 4, 5, 6, 7, 8, 10, 13, 17, 20, 21, 22, 23, 24, 25]   Q:5 M:5 F:5
  2328. [1, 4, 5, 6, 7, 10, 12, 13, 17, 20, 21, 22, 23, 24, 25]  Q:5 M:5 F:5
  2329. [1, 4, 5, 6, 7, 8, 10, 12, 14, 17, 20, 21, 22, 23, 24]   Q:5 M:5 F:5
  2330. [1, 4, 5, 6, 7, 8, 10, 12, 14, 17, 20, 21, 22, 23, 25]   Q:5 M:5 F:5
  2331. [1, 4, 5, 6, 7, 8, 10, 12, 14, 17, 20, 21, 23, 24, 25]   Q:5 M:5 F:5
  2332. [1, 4, 5, 6, 7, 8, 10, 12, 14, 20, 21, 22, 23, 24, 25]   Q:5 M:5 F:5
  2333. [1, 4, 5, 6, 7, 8, 10, 14, 17, 20, 21, 22, 23, 24, 25]   Q:5 M:5 F:5
  2334. [1, 4, 5, 6, 7, 10, 12, 14, 17, 20, 21, 22, 23, 24, 25]  Q:5 M:5 F:5
  2335. [1, 4, 5, 6, 7, 8, 10, 12, 15, 17, 20, 21, 22, 23, 24]   Q:5 M:5 F:5
  2336. [1, 4, 5, 6, 7, 8, 10, 12, 15, 17, 20, 21, 22, 23, 25]   Q:5 M:5 F:5
  2337. [1, 4, 5, 6, 7, 8, 10, 12, 15, 17, 20, 21, 23, 24, 25]   Q:5 M:5 F:5
  2338. [1, 4, 5, 6, 7, 8, 10, 12, 15, 20, 21, 22, 23, 24, 25]   Q:5 M:5 F:5
  2339. [1, 4, 5, 6, 7, 8, 10, 15, 17, 20, 21, 22, 23, 24, 25]   Q:5 M:5 F:5
  2340. [1, 4, 5, 6, 7, 10, 12, 15, 17, 20, 21, 22, 23, 24, 25]  Q:5 M:5 F:5
  2341. [1, 4, 5, 6, 7, 8, 10, 12, 16, 17, 20, 21, 22, 23, 24]   Q:5 M:5 F:5
  2342. [1, 4, 5, 6, 7, 8, 10, 12, 16, 17, 20, 21, 22, 23, 25]   Q:5 M:5 F:5
  2343. [1, 4, 5, 6, 7, 8, 10, 12, 16, 17, 20, 21, 23, 24, 25]   Q:5 M:5 F:5
  2344. [1, 4, 5, 6, 7, 8, 10, 12, 16, 20, 21, 22, 23, 24, 25]   Q:5 M:5 F:5
  2345. [1, 4, 5, 6, 7, 8, 10, 16, 17, 20, 21, 22, 23, 24, 25]   Q:5 M:5 F:5
  2346. [1, 4, 5, 6, 7, 10, 12, 16, 17, 20, 21, 22, 23, 24, 25]  Q:5 M:5 F:5
  2347. [1, 4, 5, 6, 7, 8, 10, 12, 17, 18, 20, 21, 22, 23, 24]   Q:5 M:5 F:5
  2348. [1, 4, 5, 6, 7, 8, 10, 12, 17, 18, 20, 21, 22, 23, 25]   Q:5 M:5 F:5
  2349. [1, 4, 5, 6, 7, 8, 10, 12, 17, 18, 20, 21, 23, 24, 25]   Q:5 M:5 F:5
  2350. [1, 4, 5, 6, 7, 8, 10, 12, 18, 20, 21, 22, 23, 24, 25]   Q:5 M:5 F:5
  2351. [1, 4, 5, 6, 7, 8, 10, 17, 18, 20, 21, 22, 23, 24, 25]   Q:5 M:5 F:5
  2352. [1, 4, 5, 6, 7, 10, 12, 17, 18, 20, 21, 22, 23, 24, 25]  Q:5 M:5 F:5
  2353. [1, 4, 5, 6, 7, 8, 10, 12, 17, 19, 20, 21, 22, 23, 24]   Q:5 M:5 F:5
  2354. [1, 4, 5, 6, 7, 8, 10, 12, 17, 19, 20, 21, 22, 23, 25]   Q:5 M:5 F:5
  2355. [1, 4, 5, 6, 7, 8, 10, 12, 17, 19, 20, 21, 23, 24, 25]   Q:5 M:5 F:5
  2356. [1, 4, 5, 6, 7, 8, 10, 12, 19, 20, 21, 22, 23, 24, 25]   Q:5 M:5 F:5
  2357. [1, 4, 5, 6, 7, 8, 10, 17, 19, 20, 21, 22, 23, 24, 25]   Q:5 M:5 F:5
  2358. [1, 4, 5, 6, 7, 10, 12, 17, 19, 20, 21, 22, 23, 24, 25]  Q:5 M:5 F:5
  2359. [1, 4, 5, 6, 8, 9, 10, 11, 12, 17, 20, 21, 22, 23, 24]   Q:5 M:5 F:5
  2360. [1, 4, 5, 6, 8, 9, 10, 11, 12, 17, 20, 21, 22, 23, 25]   Q:5 M:5 F:5
  2361. [1, 4, 5, 6, 8, 9, 10, 11, 12, 17, 20, 21, 23, 24, 25]   Q:5 M:5 F:5
  2362. [1, 4, 5, 6, 8, 9, 10, 11, 12, 20, 21, 22, 23, 24, 25]   Q:5 M:5 F:5
  2363. [1, 4, 5, 6, 8, 9, 10, 11, 17, 20, 21, 22, 23, 24, 25]   Q:5 M:5 F:5
  2364. [1, 4, 5, 6, 9, 10, 11, 12, 17, 20, 21, 22, 23, 24, 25]  Q:5 M:5 F:5
  2365. [1, 4, 5, 6, 8, 9, 10, 12, 13, 17, 20, 21, 22, 23, 24]   Q:5 M:5 F:5
  2366. [1, 4, 5, 6, 8, 9, 10, 12, 13, 17, 20, 21, 22, 23, 25]   Q:5 M:5 F:5
  2367. [1, 4, 5, 6, 8, 9, 10, 12, 13, 17, 20, 21, 23, 24, 25]   Q:5 M:5 F:5
  2368. [1, 4, 5, 6, 8, 9, 10, 12, 13, 20, 21, 22, 23, 24, 25]   Q:5 M:5 F:5
  2369. [1, 4, 5, 6, 8, 9, 10, 13, 17, 20, 21, 22, 23, 24, 25]   Q:5 M:5 F:5
  2370. [1, 4, 5, 6, 9, 10, 12, 13, 17, 20, 21, 22, 23, 24, 25]  Q:5 M:5 F:5
  2371. [1, 4, 5, 6, 8, 9, 10, 12, 14, 17, 20, 21, 22, 23, 24]   Q:5 M:5 F:5
  2372. [1, 4, 5, 6, 8, 9, 10, 12, 14, 17, 20, 21, 22, 23, 25]   Q:5 M:5 F:5
  2373. [1, 4, 5, 6, 8, 9, 10, 12, 14, 17, 20, 21, 23, 24, 25]   Q:5 M:5 F:5
  2374. [1, 4, 5, 6, 8, 9, 10, 12, 14, 20, 21, 22, 23, 24, 25]   Q:5 M:5 F:5
  2375. [1, 4, 5, 6, 8, 9, 10, 14, 17, 20, 21, 22, 23, 24, 25]   Q:5 M:5 F:5
  2376. [1, 4, 5, 6, 9, 10, 12, 14, 17, 20, 21, 22, 23, 24, 25]  Q:5 M:5 F:5
  2377. [1, 4, 5, 6, 8, 9, 10, 12, 15, 17, 20, 21, 22, 23, 24]   Q:5 M:5 F:5
  2378. [1, 4, 5, 6, 8, 9, 10, 12, 15, 17, 20, 21, 22, 23, 25]   Q:5 M:5 F:5
  2379. [1, 4, 5, 6, 8, 9, 10, 12, 15, 17, 20, 21, 23, 24, 25]   Q:5 M:5 F:5
  2380. [1, 4, 5, 6, 8, 9, 10, 12, 15, 20, 21, 22, 23, 24, 25]   Q:5 M:5 F:5
  2381. [1, 4, 5, 6, 8, 9, 10, 15, 17, 20, 21, 22, 23, 24, 25]   Q:5 M:5 F:5
  2382. [1, 4, 5, 6, 9, 10, 12, 15, 17, 20, 21, 22, 23, 24, 25]  Q:5 M:5 F:5
  2383. [1, 4, 5, 6, 8, 9, 10, 12, 16, 17, 20, 21, 22, 23, 24]   Q:5 M:5 F:5
  2384. [1, 4, 5, 6, 8, 9, 10, 12, 16, 17, 20, 21, 22, 23, 25]   Q:5 M:5 F:5
  2385. [1, 4, 5, 6, 8, 9, 10, 12, 16, 17, 20, 21, 23, 24, 25]   Q:5 M:5 F:5
  2386. [1, 4, 5, 6, 8, 9, 10, 12, 16, 20, 21, 22, 23, 24, 25]   Q:5 M:5 F:5
  2387. [1, 4, 5, 6, 8, 9, 10, 16, 17, 20, 21, 22, 23, 24, 25]   Q:5 M:5 F:5
  2388. [1, 4, 5, 6, 9, 10, 12, 16, 17, 20, 21, 22, 23, 24, 25]  Q:5 M:5 F:5
  2389. [1, 4, 5, 6, 8, 9, 10, 12, 17, 18, 20, 21, 22, 23, 24]   Q:5 M:5 F:5
  2390. [1, 4, 5, 6, 8, 9, 10, 12, 17, 18, 20, 21, 22, 23, 25]   Q:5 M:5 F:5
  2391. [1, 4, 5, 6, 8, 9, 10, 12, 17, 18, 20, 21, 23, 24, 25]   Q:5 M:5 F:5
  2392. [1, 4, 5, 6, 8, 9, 10, 12, 18, 20, 21, 22, 23, 24, 25]   Q:5 M:5 F:5
  2393. [1, 4, 5, 6, 8, 9, 10, 17, 18, 20, 21, 22, 23, 24, 25]   Q:5 M:5 F:5
  2394. [1, 4, 5, 6, 9, 10, 12, 17, 18, 20, 21, 22, 23, 24, 25]  Q:5 M:5 F:5
  2395. [1, 4, 5, 6, 8, 9, 10, 12, 17, 19, 20, 21, 22, 23, 24]   Q:5 M:5 F:5
  2396. [1, 4, 5, 6, 8, 9, 10, 12, 17, 19, 20, 21, 22, 23, 25]   Q:5 M:5 F:5
  2397. [1, 4, 5, 6, 8, 9, 10, 12, 17, 19, 20, 21, 23, 24, 25]   Q:5 M:5 F:5
  2398. [1, 4, 5, 6, 8, 9, 10, 12, 19, 20, 21, 22, 23, 24, 25]   Q:5 M:5 F:5
  2399. [1, 4, 5, 6, 8, 9, 10, 17, 19, 20, 21, 22, 23, 24, 25]   Q:5 M:5 F:5
  2400. [1, 4, 5, 6, 9, 10, 12, 17, 19, 20, 21, 22, 23, 24, 25]  Q:5 M:5 F:5
  2401. [1, 4, 5, 6, 8, 10, 11, 12, 13, 17, 20, 21, 22, 23, 24]  Q:5 M:5 F:5
  2402. [1, 4, 5, 6, 8, 10, 11, 12, 13, 17, 20, 21, 22, 23, 25]  Q:5 M:5 F:5
  2403. [1, 4, 5, 6, 8, 10, 11, 12, 13, 17, 20, 21, 23, 24, 25]  Q:5 M:5 F:5
  2404. [1, 4, 5, 6, 8, 10, 11, 12, 13, 20, 21, 22, 23, 24, 25]  Q:5 M:5 F:5
  2405. [1, 4, 5, 6, 8, 10, 11, 13, 17, 20, 21, 22, 23, 24, 25]  Q:5 M:5 F:5
  2406. [1, 4, 5, 6, 10, 11, 12, 13, 17, 20, 21, 22, 23, 24, 25]  Q:5 M:5 F:5
  2407. [1, 4, 5, 6, 8, 10, 11, 12, 14, 17, 20, 21, 22, 23, 24]  Q:5 M:5 F:5
  2408. [1, 4, 5, 6, 8, 10, 11, 12, 14, 17, 20, 21, 22, 23, 25]  Q:5 M:5 F:5
  2409. [1, 4, 5, 6, 8, 10, 11, 12, 14, 17, 20, 21, 23, 24, 25]  Q:5 M:5 F:5
  2410. [1, 4, 5, 6, 8, 10, 11, 12, 14, 20, 21, 22, 23, 24, 25]  Q:5 M:5 F:5
  2411. [1, 4, 5, 6, 8, 10, 11, 14, 17, 20, 21, 22, 23, 24, 25]  Q:5 M:5 F:5
  2412. [1, 4, 5, 6, 10, 11, 12, 14, 17, 20, 21, 22, 23, 24, 25]  Q:5 M:5 F:5
  2413. [1, 4, 5, 6, 8, 10, 11, 12, 15, 17, 20, 21, 22, 23, 24]  Q:5 M:5 F:5
  2414. [1, 4, 5, 6, 8, 10, 11, 12, 15, 17, 20, 21, 22, 23, 25]  Q:5 M:5 F:5
  2415. [1, 4, 5, 6, 8, 10, 11, 12, 15, 17, 20, 21, 23, 24, 25]  Q:5 M:5 F:5
  2416. [1, 4, 5, 6, 8, 10, 11, 12, 15, 20, 21, 22, 23, 24, 25]  Q:5 M:5 F:5
  2417. [1, 4, 5, 6, 8, 10, 11, 15, 17, 20, 21, 22, 23, 24, 25]  Q:5 M:5 F:5
  2418. [1, 4, 5, 6, 10, 11, 12, 15, 17, 20, 21, 22, 23, 24, 25]  Q:5 M:5 F:5
  2419. [1, 4, 5, 6, 8, 10, 11, 12, 16, 17, 20, 21, 22, 23, 24]  Q:5 M:5 F:5
  2420. [1, 4, 5, 6, 8, 10, 11, 12, 16, 17, 20, 21, 22, 23, 25]  Q:5 M:5 F:5
  2421. [1, 4, 5, 6, 8, 10, 11, 12, 16, 17, 20, 21, 23, 24, 25]  Q:5 M:5 F:5
  2422. [1, 4, 5, 6, 8, 10, 11, 12, 16, 20, 21, 22, 23, 24, 25]  Q:5 M:5 F:5
  2423. [1, 4, 5, 6, 8, 10, 11, 16, 17, 20, 21, 22, 23, 24, 25]  Q:5 M:5 F:5
  2424. [1, 4, 5, 6, 10, 11, 12, 16, 17, 20, 21, 22, 23, 24, 25]  Q:5 M:5 F:5
  2425. [1, 4, 5, 6, 8, 10, 11, 12, 17, 18, 20, 21, 22, 23, 24]  Q:5 M:5 F:5
  2426. [1, 4, 5, 6, 8, 10, 11, 12, 17, 18, 20, 21, 22, 23, 25]  Q:5 M:5 F:5
  2427. [1, 4, 5, 6, 8, 10, 11, 12, 17, 18, 20, 21, 23, 24, 25]  Q:5 M:5 F:5
  2428. [1, 4, 5, 6, 8, 10, 11, 12, 18, 20, 21, 22, 23, 24, 25]  Q:5 M:5 F:5
  2429. [1, 4, 5, 6, 8, 10, 11, 17, 18, 20, 21, 22, 23, 24, 25]  Q:5 M:5 F:5
  2430. [1, 4, 5, 6, 10, 11, 12, 17, 18, 20, 21, 22, 23, 24, 25]  Q:5 M:5 F:5
  2431. [1, 4, 5, 6, 8, 10, 11, 12, 17, 19, 20, 21, 22, 23, 24]  Q:5 M:5 F:5
  2432. [1, 4, 5, 6, 8, 10, 11, 12, 17, 19, 20, 21, 22, 23, 25]  Q:5 M:5 F:5
  2433. [1, 4, 5, 6, 8, 10, 11, 12, 17, 19, 20, 21, 23, 24, 25]  Q:5 M:5 F:5
  2434. [1, 4, 5, 6, 8, 10, 11, 12, 19, 20, 21, 22, 23, 24, 25]  Q:5 M:5 F:5
  2435. [1, 4, 5, 6, 8, 10, 11, 17, 19, 20, 21, 22, 23, 24, 25]  Q:5 M:5 F:5
  2436. [1, 4, 5, 6, 10, 11, 12, 17, 19, 20, 21, 22, 23, 24, 25]  Q:5 M:5 F:5
  2437. [1, 4, 5, 6, 8, 10, 12, 13, 14, 17, 20, 21, 22, 23, 24]  Q:5 M:5 F:5
  2438. [1, 4, 5, 6, 8, 10, 12, 13, 14, 17, 20, 21, 22, 23, 25]  Q:5 M:5 F:5
  2439. [1, 4, 5, 6, 8, 10, 12, 13, 14, 17, 20, 21, 23, 24, 25]  Q:5 M:5 F:5
  2440. [1, 4, 5, 6, 8, 10, 12, 13, 14, 20, 21, 22, 23, 24, 25]  Q:5 M:5 F:5
  2441. [1, 4, 5, 6, 8, 10, 13, 14, 17, 20, 21, 22, 23, 24, 25]  Q:5 M:5 F:5
  2442. [1, 4, 5, 6, 10, 12, 13, 14, 17, 20, 21, 22, 23, 24, 25]  Q:5 M:5 F:5
  2443. [1, 4, 5, 6, 8, 10, 12, 13, 15, 17, 20, 21, 22, 23, 24]  Q:5 M:5 F:5
  2444. [1, 4, 5, 6, 8, 10, 12, 13, 15, 17, 20, 21, 22, 23, 25]  Q:5 M:5 F:5
  2445. [1, 4, 5, 6, 8, 10, 12, 13, 15, 17, 20, 21, 23, 24, 25]  Q:5 M:5 F:5
  2446. [1, 4, 5, 6, 8, 10, 12, 13, 15, 20, 21, 22, 23, 24, 25]  Q:5 M:5 F:5
  2447. [1, 4, 5, 6, 8, 10, 13, 15, 17, 20, 21, 22, 23, 24, 25]  Q:5 M:5 F:5
  2448. [1, 4, 5, 6, 10, 12, 13, 15, 17, 20, 21, 22, 23, 24, 25]  Q:5 M:5 F:5
  2449. [1, 4, 5, 6, 8, 10, 12, 13, 16, 17, 20, 21, 22, 23, 24]  Q:5 M:5 F:5
  2450. [1, 4, 5, 6, 8, 10, 12, 13, 16, 17, 20, 21, 22, 23, 25]  Q:5 M:5 F:5
  2451. [1, 4, 5, 6, 8, 10, 12, 13, 16, 17, 20, 21, 23, 24, 25]  Q:5 M:5 F:5
  2452. [1, 4, 5, 6, 8, 10, 12, 13, 16, 20, 21, 22, 23, 24, 25]  Q:5 M:5 F:5
  2453. [1, 4, 5, 6, 8, 10, 13, 16, 17, 20, 21, 22, 23, 24, 25]  Q:5 M:5 F:5
  2454. [1, 4, 5, 6, 10, 12, 13, 16, 17, 20, 21, 22, 23, 24, 25]  Q:5 M:5 F:5
  2455. [1, 4, 5, 6, 8, 10, 12, 13, 17, 18, 20, 21, 22, 23, 24]  Q:5 M:5 F:5
  2456. [1, 4, 5, 6, 8, 10, 12, 13, 17, 18, 20, 21, 22, 23, 25]  Q:5 M:5 F:5
  2457. [1, 4, 5, 6, 8, 10, 12, 13, 17, 18, 20, 21, 23, 24, 25]  Q:5 M:5 F:5
  2458. [1, 4, 5, 6, 8, 10, 12, 13, 18, 20, 21, 22, 23, 24, 25]  Q:5 M:5 F:5
  2459. [1, 4, 5, 6, 8, 10, 13, 17, 18, 20, 21, 22, 23, 24, 25]  Q:5 M:5 F:5
  2460. [1, 4, 5, 6, 10, 12, 13, 17, 18, 20, 21, 22, 23, 24, 25]  Q:5 M:5 F:5
  2461. [1, 4, 5, 6, 8, 10, 12, 13, 17, 19, 20, 21, 22, 23, 24]  Q:5 M:5 F:5
  2462. [1, 4, 5, 6, 8, 10, 12, 13, 17, 19, 20, 21, 22, 23, 25]  Q:5 M:5 F:5
  2463. [1, 4, 5, 6, 8, 10, 12, 13, 17, 19, 20, 21, 23, 24, 25]  Q:5 M:5 F:5
  2464. [1, 4, 5, 6, 8, 10, 12, 13, 19, 20, 21, 22, 23, 24, 25]  Q:5 M:5 F:5
  2465. [1, 4, 5, 6, 8, 10, 13, 17, 19, 20, 21, 22, 23, 24, 25]  Q:5 M:5 F:5
  2466. [1, 4, 5, 6, 10, 12, 13, 17, 19, 20, 21, 22, 23, 24, 25]  Q:5 M:5 F:5
  2467. [1, 4, 5, 6, 8, 10, 12, 14, 15, 17, 20, 21, 22, 23, 24]  Q:5 M:5 F:5
  2468. [1, 4, 5, 6, 8, 10, 12, 14, 15, 17, 20, 21, 22, 23, 25]  Q:5 M:5 F:5
  2469. [1, 4, 5, 6, 8, 10, 12, 14, 15, 17, 20, 21, 23, 24, 25]  Q:5 M:5 F:5
  2470. [1, 4, 5, 6, 8, 10, 12, 14, 15, 20, 21, 22, 23, 24, 25]  Q:5 M:5 F:5
  2471. [1, 4, 5, 6, 8, 10, 14, 15, 17, 20, 21, 22, 23, 24, 25]  Q:5 M:5 F:5
  2472. [1, 4, 5, 6, 10, 12, 14, 15, 17, 20, 21, 22, 23, 24, 25]  Q:5 M:5 F:5
  2473. [1, 4, 5, 6, 8, 10, 12, 14, 16, 17, 20, 21, 22, 23, 24]  Q:5 M:5 F:5
  2474. [1, 4, 5, 6, 8, 10, 12, 14, 16, 17, 20, 21, 22, 23, 25]  Q:5 M:5 F:5
  2475. [1, 4, 5, 6, 8, 10, 12, 14, 16, 17, 20, 21, 23, 24, 25]  Q:5 M:5 F:5
  2476. [1, 4, 5, 6, 8, 10, 12, 14, 16, 20, 21, 22, 23, 24, 25]  Q:5 M:5 F:5
  2477. [1, 4, 5, 6, 8, 10, 14, 16, 17, 20, 21, 22, 23, 24, 25]  Q:5 M:5 F:5
  2478. [1, 4, 5, 6, 10, 12, 14, 16, 17, 20, 21, 22, 23, 24, 25]  Q:5 M:5 F:5
  2479. [1, 4, 5, 6, 8, 10, 12, 14, 17, 18, 20, 21, 22, 23, 24]  Q:5 M:5 F:5
  2480. [1, 4, 5, 6, 8, 10, 12, 14, 17, 18, 20, 21, 22, 23, 25]  Q:5 M:5 F:5
  2481. [1, 4, 5, 6, 8, 10, 12, 14, 17, 18, 20, 21, 23, 24, 25]  Q:5 M:5 F:5
  2482. [1, 4, 5, 6, 8, 10, 12, 14, 18, 20, 21, 22, 23, 24, 25]  Q:5 M:5 F:5
  2483. [1, 4, 5, 6, 8, 10, 14, 17, 18, 20, 21, 22, 23, 24, 25]  Q:5 M:5 F:5
  2484. [1, 4, 5, 6, 10, 12, 14, 17, 18, 20, 21, 22, 23, 24, 25]  Q:5 M:5 F:5
  2485. [1, 4, 5, 6, 8, 10, 12, 14, 17, 19, 20, 21, 22, 23, 24]  Q:5 M:5 F:5
  2486. [1, 4, 5, 6, 8, 10, 12, 14, 17, 19, 20, 21, 22, 23, 25]  Q:5 M:5 F:5
  2487. [1, 4, 5, 6, 8, 10, 12, 14, 17, 19, 20, 21, 23, 24, 25]  Q:5 M:5 F:5
  2488. [1, 4, 5, 6, 8, 10, 12, 14, 19, 20, 21, 22, 23, 24, 25]  Q:5 M:5 F:5
  2489. [1, 4, 5, 6, 8, 10, 14, 17, 19, 20, 21, 22, 23, 24, 25]  Q:5 M:5 F:5
  2490. [1, 4, 5, 6, 10, 12, 14, 17, 19, 20, 21, 22, 23, 24, 25]  Q:5 M:5 F:5
  2491. [1, 4, 5, 6, 8, 10, 12, 15, 16, 17, 20, 21, 22, 23, 24]  Q:5 M:5 F:5
  2492. [1, 4, 5, 6, 8, 10, 12, 15, 16, 17, 20, 21, 22, 23, 25]  Q:5 M:5 F:5
  2493. [1, 4, 5, 6, 8, 10, 12, 15, 16, 17, 20, 21, 23, 24, 25]  Q:5 M:5 F:5
  2494. [1, 4, 5, 6, 8, 10, 12, 15, 16, 20, 21, 22, 23, 24, 25]  Q:5 M:5 F:5
  2495. [1, 4, 5, 6, 8, 10, 15, 16, 17, 20, 21, 22, 23, 24, 25]  Q:5 M:5 F:5
  2496. [1, 4, 5, 6, 10, 12, 15, 16, 17, 20, 21, 22, 23, 24, 25]  Q:5 M:5 F:5
  2497. [1, 4, 5, 6, 8, 10, 12, 15, 17, 18, 20, 21, 22, 23, 24]  Q:5 M:5 F:5
  2498. [1, 4, 5, 6, 8, 10, 12, 15, 17, 18, 20, 21, 22, 23, 25]  Q:5 M:5 F:5
  2499. [1, 4, 5, 6, 8, 10, 12, 15, 17, 18, 20, 21, 23, 24, 25]  Q:5 M:5 F:5
  2500. [1, 4, 5, 6, 8, 10, 12, 15, 18, 20, 21, 22, 23, 24, 25]  Q:5 M:5 F:5
  2501. [1, 4, 5, 6, 8, 10, 15, 17, 18, 20, 21, 22, 23, 24, 25]  Q:5 M:5 F:5
  2502. [1, 4, 5, 6, 10, 12, 15, 17, 18, 20, 21, 22, 23, 24, 25]  Q:5 M:5 F:5
  2503. [1, 4, 5, 6, 8, 10, 12, 15, 17, 19, 20, 21, 22, 23, 24]  Q:5 M:5 F:5
  2504. [1, 4, 5, 6, 8, 10, 12, 15, 17, 19, 20, 21, 22, 23, 25]  Q:5 M:5 F:5
  2505. [1, 4, 5, 6, 8, 10, 12, 15, 17, 19, 20, 21, 23, 24, 25]  Q:5 M:5 F:5
  2506. [1, 4, 5, 6, 8, 10, 12, 15, 19, 20, 21, 22, 23, 24, 25]  Q:5 M:5 F:5
  2507. [1, 4, 5, 6, 8, 10, 15, 17, 19, 20, 21, 22, 23, 24, 25]  Q:5 M:5 F:5
  2508. [1, 4, 5, 6, 10, 12, 15, 17, 19, 20, 21, 22, 23, 24, 25]  Q:5 M:5 F:5
  2509. [1, 4, 5, 6, 8, 10, 12, 16, 17, 18, 20, 21, 22, 23, 24]  Q:5 M:5 F:5
  2510. [1, 4, 5, 6, 8, 10, 12, 16, 17, 18, 20, 21, 22, 23, 25]  Q:5 M:5 F:5
  2511. [1, 4, 5, 6, 8, 10, 12, 16, 17, 18, 20, 21, 23, 24, 25]  Q:5 M:5 F:5
  2512. [1, 4, 5, 6, 8, 10, 12, 16, 18, 20, 21, 22, 23, 24, 25]  Q:5 M:5 F:5
  2513. [1, 4, 5, 6, 8, 10, 16, 17, 18, 20, 21, 22, 23, 24, 25]  Q:5 M:5 F:5
  2514. [1, 4, 5, 6, 10, 12, 16, 17, 18, 20, 21, 22, 23, 24, 25]  Q:5 M:5 F:5
  2515. [1, 4, 5, 6, 8, 10, 12, 16, 17, 19, 20, 21, 22, 23, 24]  Q:5 M:5 F:5
  2516. [1, 4, 5, 6, 8, 10, 12, 16, 17, 19, 20, 21, 22, 23, 25]  Q:5 M:5 F:5
  2517. [1, 4, 5, 6, 8, 10, 12, 16, 17, 19, 20, 21, 23, 24, 25]  Q:5 M:5 F:5
  2518. [1, 4, 5, 6, 8, 10, 12, 16, 19, 20, 21, 22, 23, 24, 25]  Q:5 M:5 F:5
  2519. [1, 4, 5, 6, 8, 10, 16, 17, 19, 20, 21, 22, 23, 24, 25]  Q:5 M:5 F:5
  2520. [1, 4, 5, 6, 10, 12, 16, 17, 19, 20, 21, 22, 23, 24, 25]  Q:5 M:5 F:5
  2521. [1, 4, 5, 6, 8, 10, 12, 17, 18, 19, 20, 21, 22, 23, 24]  Q:5 M:5 F:5
  2522. [1, 4, 5, 6, 8, 10, 12, 17, 18, 19, 20, 21, 22, 23, 25]  Q:5 M:5 F:5
  2523. [1, 4, 5, 6, 8, 10, 12, 17, 18, 19, 20, 21, 23, 24, 25]  Q:5 M:5 F:5
  2524. [1, 4, 5, 6, 8, 10, 12, 18, 19, 20, 21, 22, 23, 24, 25]  Q:5 M:5 F:5
  2525. [1, 4, 5, 6, 8, 10, 17, 18, 19, 20, 21, 22, 23, 24, 25]  Q:5 M:5 F:5
  2526. [1, 4, 5, 6, 10, 12, 17, 18, 19, 20, 21, 22, 23, 24, 25]  Q:5 M:5 F:5
  2527. [1, 4, 5, 7, 8, 9, 10, 11, 12, 17, 20, 21, 22, 23, 24]   Q:5 M:5 F:5
  2528. [1, 4, 5, 7, 8, 9, 10, 11, 12, 17, 20, 21, 22, 23, 25]   Q:5 M:5 F:5
  2529. [1, 4, 5, 7, 8, 9, 10, 11, 12, 17, 20, 21, 23, 24, 25]   Q:5 M:5 F:5
  2530. [1, 4, 5, 7, 8, 9, 10, 11, 12, 20, 21, 22, 23, 24, 25]   Q:5 M:5 F:5
  2531. [1, 4, 5, 7, 8, 9, 10, 11, 17, 20, 21, 22, 23, 24, 25]   Q:5 M:5 F:5
  2532. [1, 4, 5, 7, 9, 10, 11, 12, 17, 20, 21, 22, 23, 24, 25]  Q:5 M:5 F:5
  2533. [1, 4, 5, 7, 8, 9, 10, 12, 13, 17, 20, 21, 22, 23, 24]   Q:5 M:5 F:5
  2534. [1, 4, 5, 7, 8, 9, 10, 12, 13, 17, 20, 21, 22, 23, 25]   Q:5 M:5 F:5
  2535. [1, 4, 5, 7, 8, 9, 10, 12, 13, 17, 20, 21, 23, 24, 25]   Q:5 M:5 F:5
  2536. [1, 4, 5, 7, 8, 9, 10, 12, 13, 20, 21, 22, 23, 24, 25]   Q:5 M:5 F:5
  2537. [1, 4, 5, 7, 8, 9, 10, 13, 17, 20, 21, 22, 23, 24, 25]   Q:5 M:5 F:5
  2538. [1, 4, 5, 7, 9, 10, 12, 13, 17, 20, 21, 22, 23, 24, 25]  Q:5 M:5 F:5
  2539. [1, 4, 5, 7, 8, 9, 10, 12, 14, 17, 20, 21, 22, 23, 24]   Q:5 M:5 F:5
  2540. [1, 4, 5, 7, 8, 9, 10, 12, 14, 17, 20, 21, 22, 23, 25]   Q:5 M:5 F:5
  2541. [1, 4, 5, 7, 8, 9, 10, 12, 14, 17, 20, 21, 23, 24, 25]   Q:5 M:5 F:5
  2542. [1, 4, 5, 7, 8, 9, 10, 12, 14, 20, 21, 22, 23, 24, 25]   Q:5 M:5 F:5
  2543. [1, 4, 5, 7, 8, 9, 10, 14, 17, 20, 21, 22, 23, 24, 25]   Q:5 M:5 F:5
  2544. [1, 4, 5, 7, 9, 10, 12, 14, 17, 20, 21, 22, 23, 24, 25]  Q:5 M:5 F:5
  2545. [1, 4, 5, 7, 8, 9, 10, 12, 15, 17, 20, 21, 22, 23, 24]   Q:5 M:5 F:5
  2546. [1, 4, 5, 7, 8, 9, 10, 12, 15, 17, 20, 21, 22, 23, 25]   Q:5 M:5 F:5
  2547. [1, 4, 5, 7, 8, 9, 10, 12, 15, 17, 20, 21, 23, 24, 25]   Q:5 M:5 F:5
  2548. [1, 4, 5, 7, 8, 9, 10, 12, 15, 20, 21, 22, 23, 24, 25]   Q:5 M:5 F:5
  2549. [1, 4, 5, 7, 8, 9, 10, 15, 17, 20, 21, 22, 23, 24, 25]   Q:5 M:5 F:5
  2550. [1, 4, 5, 7, 9, 10, 12, 15, 17, 20, 21, 22, 23, 24, 25]  Q:5 M:5 F:5
  2551. [1, 4, 5, 7, 8, 9, 10, 12, 16, 17, 20, 21, 22, 23, 24]   Q:5 M:5 F:5
  2552. [1, 4, 5, 7, 8, 9, 10, 12, 16, 17, 20, 21, 22, 23, 25]   Q:5 M:5 F:5
  2553. [1, 4, 5, 7, 8, 9, 10, 12, 16, 17, 20, 21, 23, 24, 25]   Q:5 M:5 F:5
  2554. [1, 4, 5, 7, 8, 9, 10, 12, 16, 20, 21, 22, 23, 24, 25]   Q:5 M:5 F:5
  2555. [1, 4, 5, 7, 8, 9, 10, 16, 17, 20, 21, 22, 23, 24, 25]   Q:5 M:5 F:5
  2556. [1, 4, 5, 7, 9, 10, 12, 16, 17, 20, 21, 22, 23, 24, 25]  Q:5 M:5 F:5
  2557. [1, 4, 5, 7, 8, 9, 10, 12, 17, 18, 20, 21, 22, 23, 24]   Q:5 M:5 F:5
  2558. [1, 4, 5, 7, 8, 9, 10, 12, 17, 18, 20, 21, 22, 23, 25]   Q:5 M:5 F:5
  2559. [1, 4, 5, 7, 8, 9, 10, 12, 17, 18, 20, 21, 23, 24, 25]   Q:5 M:5 F:5
  2560. [1, 4, 5, 7, 8, 9, 10, 12, 18, 20, 21, 22, 23, 24, 25]   Q:5 M:5 F:5
  2561. [1, 4, 5, 7, 8, 9, 10, 17, 18, 20, 21, 22, 23, 24, 25]   Q:5 M:5 F:5
  2562. [1, 4, 5, 7, 9, 10, 12, 17, 18, 20, 21, 22, 23, 24, 25]  Q:5 M:5 F:5
  2563. [1, 4, 5, 7, 8, 9, 10, 12, 17, 19, 20, 21, 22, 23, 24]   Q:5 M:5 F:5
  2564. [1, 4, 5, 7, 8, 9, 10, 12, 17, 19, 20, 21, 22, 23, 25]   Q:5 M:5 F:5
  2565. [1, 4, 5, 7, 8, 9, 10, 12, 17, 19, 20, 21, 23, 24, 25]   Q:5 M:5 F:5
  2566. [1, 4, 5, 7, 8, 9, 10, 12, 19, 20, 21, 22, 23, 24, 25]   Q:5 M:5 F:5
  2567. [1, 4, 5, 7, 8, 9, 10, 17, 19, 20, 21, 22, 23, 24, 25]   Q:5 M:5 F:5
  2568. [1, 4, 5, 7, 9, 10, 12, 17, 19, 20, 21, 22, 23, 24, 25]  Q:5 M:5 F:5
  2569. [1, 4, 5, 7, 8, 10, 11, 12, 13, 17, 20, 21, 22, 23, 24]  Q:5 M:5 F:5
  2570. [1, 4, 5, 7, 8, 10, 11, 12, 13, 17, 20, 21, 22, 23, 25]  Q:5 M:5 F:5
  2571. [1, 4, 5, 7, 8, 10, 11, 12, 13, 17, 20, 21, 23, 24, 25]  Q:5 M:5 F:5
  2572. [1, 4, 5, 7, 8, 10, 11, 12, 13, 20, 21, 22, 23, 24, 25]  Q:5 M:5 F:5
  2573. [1, 4, 5, 7, 8, 10, 11, 13, 17, 20, 21, 22, 23, 24, 25]  Q:5 M:5 F:5
  2574. [1, 4, 5, 7, 10, 11, 12, 13, 17, 20, 21, 22, 23, 24, 25]  Q:5 M:5 F:5
  2575. [1, 4, 5, 7, 8, 10, 11, 12, 14, 17, 20, 21, 22, 23, 24]  Q:5 M:5 F:5
  2576. [1, 4, 5, 7, 8, 10, 11, 12, 14, 17, 20, 21, 22, 23, 25]  Q:5 M:5 F:5
  2577. [1, 4, 5, 7, 8, 10, 11, 12, 14, 17, 20, 21, 23, 24, 25]  Q:5 M:5 F:5
  2578. [1, 4, 5, 7, 8, 10, 11, 12, 14, 20, 21, 22, 23, 24, 25]  Q:5 M:5 F:5
  2579. [1, 4, 5, 7, 8, 10, 11, 14, 17, 20, 21, 22, 23, 24, 25]  Q:5 M:5 F:5
  2580. [1, 4, 5, 7, 10, 11, 12, 14, 17, 20, 21, 22, 23, 24, 25]  Q:5 M:5 F:5
  2581. [1, 4, 5, 7, 8, 10, 11, 12, 15, 17, 20, 21, 22, 23, 24]  Q:5 M:5 F:5
  2582. [1, 4, 5, 7, 8, 10, 11, 12, 15, 17, 20, 21, 22, 23, 25]  Q:5 M:5 F:5
  2583. [1, 4, 5, 7, 8, 10, 11, 12, 15, 17, 20, 21, 23, 24, 25]  Q:5 M:5 F:5
  2584. [1, 4, 5, 7, 8, 10, 11, 12, 15, 20, 21, 22, 23, 24, 25]  Q:5 M:5 F:5
  2585. [1, 4, 5, 7, 8, 10, 11, 15, 17, 20, 21, 22, 23, 24, 25]  Q:5 M:5 F:5
  2586. [1, 4, 5, 7, 10, 11, 12, 15, 17, 20, 21, 22, 23, 24, 25]  Q:5 M:5 F:5
  2587. [1, 4, 5, 7, 8, 10, 11, 12, 16, 17, 20, 21, 22, 23, 24]  Q:5 M:5 F:5
  2588. [1, 4, 5, 7, 8, 10, 11, 12, 16, 17, 20, 21, 22, 23, 25]  Q:5 M:5 F:5
  2589. [1, 4, 5, 7, 8, 10, 11, 12, 16, 17, 20, 21, 23, 24, 25]  Q:5 M:5 F:5
  2590. [1, 4, 5, 7, 8, 10, 11, 12, 16, 20, 21, 22, 23, 24, 25]  Q:5 M:5 F:5
  2591. [1, 4, 5, 7, 8, 10, 11, 16, 17, 20, 21, 22, 23, 24, 25]  Q:5 M:5 F:5
  2592. [1, 4, 5, 7, 10, 11, 12, 16, 17, 20, 21, 22, 23, 24, 25]  Q:5 M:5 F:5
  2593. [1, 4, 5, 7, 8, 10, 11, 12, 17, 18, 20, 21, 22, 23, 24]  Q:5 M:5 F:5
  2594. [1, 4, 5, 7, 8, 10, 11, 12, 17, 18, 20, 21, 22, 23, 25]  Q:5 M:5 F:5
  2595. [1, 4, 5, 7, 8, 10, 11, 12, 17, 18, 20, 21, 23, 24, 25]  Q:5 M:5 F:5
  2596. [1, 4, 5, 7, 8, 10, 11, 12, 18, 20, 21, 22, 23, 24, 25]  Q:5 M:5 F:5
  2597. [1, 4, 5, 7, 8, 10, 11, 17, 18, 20, 21, 22, 23, 24, 25]  Q:5 M:5 F:5
  2598. [1, 4, 5, 7, 10, 11, 12, 17, 18, 20, 21, 22, 23, 24, 25]  Q:5 M:5 F:5
  2599. [1, 4, 5, 7, 8, 10, 11, 12, 17, 19, 20, 21, 22, 23, 24]  Q:5 M:5 F:5
  2600. [1, 4, 5, 7, 8, 10, 11, 12, 17, 19, 20, 21, 22, 23, 25]  Q:5 M:5 F:5
  2601. [1, 4, 5, 7, 8, 10, 11, 12, 17, 19, 20, 21, 23, 24, 25]  Q:5 M:5 F:5
  2602. [1, 4, 5, 7, 8, 10, 11, 12, 19, 20, 21, 22, 23, 24, 25]  Q:5 M:5 F:5
  2603. [1, 4, 5, 7, 8, 10, 11, 17, 19, 20, 21, 22, 23, 24, 25]  Q:5 M:5 F:5
  2604. [1, 4, 5, 7, 10, 11, 12, 17, 19, 20, 21, 22, 23, 24, 25]  Q:5 M:5 F:5
  2605. [1, 4, 5, 7, 8, 10, 12, 13, 14, 17, 20, 21, 22, 23, 24]  Q:5 M:5 F:5
  2606. [1, 4, 5, 7, 8, 10, 12, 13, 14, 17, 20, 21, 22, 23, 25]  Q:5 M:5 F:5
  2607. [1, 4, 5, 7, 8, 10, 12, 13, 14, 17, 20, 21, 23, 24, 25]  Q:5 M:5 F:5
  2608. [1, 4, 5, 7, 8, 10, 12, 13, 14, 20, 21, 22, 23, 24, 25]  Q:5 M:5 F:5
  2609. [1, 4, 5, 7, 8, 10, 13, 14, 17, 20, 21, 22, 23, 24, 25]  Q:5 M:5 F:5
  2610. [1, 4, 5, 7, 10, 12, 13, 14, 17, 20, 21, 22, 23, 24, 25]  Q:5 M:5 F:5
  2611. [1, 4, 5, 7, 8, 10, 12, 13, 15, 17, 20, 21, 22, 23, 24]  Q:5 M:5 F:5
  2612. [1, 4, 5, 7, 8, 10, 12, 13, 15, 17, 20, 21, 22, 23, 25]  Q:5 M:5 F:5
  2613. [1, 4, 5, 7, 8, 10, 12, 13, 15, 17, 20, 21, 23, 24, 25]  Q:5 M:5 F:5
  2614. [1, 4, 5, 7, 8, 10, 12, 13, 15, 20, 21, 22, 23, 24, 25]  Q:5 M:5 F:5
  2615. [1, 4, 5, 7, 8, 10, 13, 15, 17, 20, 21, 22, 23, 24, 25]  Q:5 M:5 F:5
  2616. [1, 4, 5, 7, 10, 12, 13, 15, 17, 20, 21, 22, 23, 24, 25]  Q:5 M:5 F:5
  2617. [1, 4, 5, 7, 8, 10, 12, 13, 16, 17, 20, 21, 22, 23, 24]  Q:5 M:5 F:5
  2618. [1, 4, 5, 7, 8, 10, 12, 13, 16, 17, 20, 21, 22, 23, 25]  Q:5 M:5 F:5
  2619. [1, 4, 5, 7, 8, 10, 12, 13, 16, 17, 20, 21, 23, 24, 25]  Q:5 M:5 F:5
  2620. [1, 4, 5, 7, 8, 10, 12, 13, 16, 20, 21, 22, 23, 24, 25]  Q:5 M:5 F:5
  2621. [1, 4, 5, 7, 8, 10, 13, 16, 17, 20, 21, 22, 23, 24, 25]  Q:5 M:5 F:5
  2622. [1, 4, 5, 7, 10, 12, 13, 16, 17, 20, 21, 22, 23, 24, 25]  Q:5 M:5 F:5
  2623. [1, 4, 5, 7, 8, 10, 12, 13, 17, 18, 20, 21, 22, 23, 24]  Q:5 M:5 F:5
  2624. [1, 4, 5, 7, 8, 10, 12, 13, 17, 18, 20, 21, 22, 23, 25]  Q:5 M:5 F:5
  2625. [1, 4, 5, 7, 8, 10, 12, 13, 17, 18, 20, 21, 23, 24, 25]  Q:5 M:5 F:5
  2626. [1, 4, 5, 7, 8, 10, 12, 13, 18, 20, 21, 22, 23, 24, 25]  Q:5 M:5 F:5
  2627. [1, 4, 5, 7, 8, 10, 13, 17, 18, 20, 21, 22, 23, 24, 25]  Q:5 M:5 F:5
  2628. [1, 4, 5, 7, 10, 12, 13, 17, 18, 20, 21, 22, 23, 24, 25]  Q:5 M:5 F:5
  2629. [1, 4, 5, 7, 8, 10, 12, 13, 17, 19, 20, 21, 22, 23, 24]  Q:5 M:5 F:5
  2630. [1, 4, 5, 7, 8, 10, 12, 13, 17, 19, 20, 21, 22, 23, 25]  Q:5 M:5 F:5
  2631. [1, 4, 5, 7, 8, 10, 12, 13, 17, 19, 20, 21, 23, 24, 25]  Q:5 M:5 F:5
  2632. [1, 4, 5, 7, 8, 10, 12, 13, 19, 20, 21, 22, 23, 24, 25]  Q:5 M:5 F:5
  2633. [1, 4, 5, 7, 8, 10, 13, 17, 19, 20, 21, 22, 23, 24, 25]  Q:5 M:5 F:5
  2634. [1, 4, 5, 7, 10, 12, 13, 17, 19, 20, 21, 22, 23, 24, 25]  Q:5 M:5 F:5
  2635. [1, 4, 5, 7, 8, 10, 12, 14, 15, 17, 20, 21, 22, 23, 24]  Q:5 M:5 F:5
  2636. [1, 4, 5, 7, 8, 10, 12, 14, 15, 17, 20, 21, 22, 23, 25]  Q:5 M:5 F:5
  2637. [1, 4, 5, 7, 8, 10, 12, 14, 15, 17, 20, 21, 23, 24, 25]  Q:5 M:5 F:5
  2638. [1, 4, 5, 7, 8, 10, 12, 14, 15, 20, 21, 22, 23, 24, 25]  Q:5 M:5 F:5
  2639. [1, 4, 5, 7, 8, 10, 14, 15, 17, 20, 21, 22, 23, 24, 25]  Q:5 M:5 F:5
  2640. [1, 4, 5, 7, 10, 12, 14, 15, 17, 20, 21, 22, 23, 24, 25]  Q:5 M:5 F:5
  2641. [1, 4, 5, 7, 8, 10, 12, 14, 16, 17, 20, 21, 22, 23, 24]  Q:5 M:5 F:5
  2642. [1, 4, 5, 7, 8, 10, 12, 14, 16, 17, 20, 21, 22, 23, 25]  Q:5 M:5 F:5
  2643. [1, 4, 5, 7, 8, 10, 12, 14, 16, 17, 20, 21, 23, 24, 25]  Q:5 M:5 F:5
  2644. [1, 4, 5, 7, 8, 10, 12, 14, 16, 20, 21, 22, 23, 24, 25]  Q:5 M:5 F:5
  2645. [1, 4, 5, 7, 8, 10, 14, 16, 17, 20, 21, 22, 23, 24, 25]  Q:5 M:5 F:5
  2646. [1, 4, 5, 7, 10, 12, 14, 16, 17, 20, 21, 22, 23, 24, 25]  Q:5 M:5 F:5
  2647. [1, 4, 5, 7, 8, 10, 12, 14, 17, 18, 20, 21, 22, 23, 24]  Q:5 M:5 F:5
  2648. [1, 4, 5, 7, 8, 10, 12, 14, 17, 18, 20, 21, 22, 23, 25]  Q:5 M:5 F:5
  2649. [1, 4, 5, 7, 8, 10, 12, 14, 17, 18, 20, 21, 23, 24, 25]  Q:5 M:5 F:5
  2650. [1, 4, 5, 7, 8, 10, 12, 14, 18, 20, 21, 22, 23, 24, 25]  Q:5 M:5 F:5
  2651. [1, 4, 5, 7, 8, 10, 14, 17, 18, 20, 21, 22, 23, 24, 25]  Q:5 M:5 F:5
  2652. [1, 4, 5, 7, 10, 12, 14, 17, 18, 20, 21, 22, 23, 24, 25]  Q:5 M:5 F:5
  2653. [1, 4, 5, 7, 8, 10, 12, 14, 17, 19, 20, 21, 22, 23, 24]  Q:5 M:5 F:5
  2654. [1, 4, 5, 7, 8, 10, 12, 14, 17, 19, 20, 21, 22, 23, 25]  Q:5 M:5 F:5
  2655. [1, 4, 5, 7, 8, 10, 12, 14, 17, 19, 20, 21, 23, 24, 25]  Q:5 M:5 F:5
  2656. [1, 4, 5, 7, 8, 10, 12, 14, 19, 20, 21, 22, 23, 24, 25]  Q:5 M:5 F:5
  2657. [1, 4, 5, 7, 8, 10, 14, 17, 19, 20, 21, 22, 23, 24, 25]  Q:5 M:5 F:5
  2658. [1, 4, 5, 7, 10, 12, 14, 17, 19, 20, 21, 22, 23, 24, 25]  Q:5 M:5 F:5
  2659. [1, 4, 5, 7, 8, 10, 12, 15, 16, 17, 20, 21, 22, 23, 24]  Q:5 M:5 F:5
  2660. [1, 4, 5, 7, 8, 10, 12, 15, 16, 17, 20, 21, 22, 23, 25]  Q:5 M:5 F:5
  2661. [1, 4, 5, 7, 8, 10, 12, 15, 16, 17, 20, 21, 23, 24, 25]  Q:5 M:5 F:5
  2662. [1, 4, 5, 7, 8, 10, 12, 15, 16, 20, 21, 22, 23, 24, 25]  Q:5 M:5 F:5
  2663. [1, 4, 5, 7, 8, 10, 15, 16, 17, 20, 21, 22, 23, 24, 25]  Q:5 M:5 F:5
  2664. [1, 4, 5, 7, 10, 12, 15, 16, 17, 20, 21, 22, 23, 24, 25]  Q:5 M:5 F:5
  2665. [1, 4, 5, 7, 8, 10, 12, 15, 17, 18, 20, 21, 22, 23, 24]  Q:5 M:5 F:5
  2666. [1, 4, 5, 7, 8, 10, 12, 15, 17, 18, 20, 21, 22, 23, 25]  Q:5 M:5 F:5
  2667. [1, 4, 5, 7, 8, 10, 12, 15, 17, 18, 20, 21, 23, 24, 25]  Q:5 M:5 F:5
  2668. [1, 4, 5, 7, 8, 10, 12, 15, 18, 20, 21, 22, 23, 24, 25]  Q:5 M:5 F:5
  2669. [1, 4, 5, 7, 8, 10, 15, 17, 18, 20, 21, 22, 23, 24, 25]  Q:5 M:5 F:5
  2670. [1, 4, 5, 7, 10, 12, 15, 17, 18, 20, 21, 22, 23, 24, 25]  Q:5 M:5 F:5
  2671. [1, 4, 5, 7, 8, 10, 12, 15, 17, 19, 20, 21, 22, 23, 24]  Q:5 M:5 F:5
  2672. [1, 4, 5, 7, 8, 10, 12, 15, 17, 19, 20, 21, 22, 23, 25]  Q:5 M:5 F:5
  2673. [1, 4, 5, 7, 8, 10, 12, 15, 17, 19, 20, 21, 23, 24, 25]  Q:5 M:5 F:5
  2674. [1, 4, 5, 7, 8, 10, 12, 15, 19, 20, 21, 22, 23, 24, 25]  Q:5 M:5 F:5
  2675. [1, 4, 5, 7, 8, 10, 15, 17, 19, 20, 21, 22, 23, 24, 25]  Q:5 M:5 F:5
  2676. [1, 4, 5, 7, 10, 12, 15, 17, 19, 20, 21, 22, 23, 24, 25]  Q:5 M:5 F:5
  2677. [1, 4, 5, 7, 8, 10, 12, 16, 17, 18, 20, 21, 22, 23, 24]  Q:5 M:5 F:5
  2678. [1, 4, 5, 7, 8, 10, 12, 16, 17, 18, 20, 21, 22, 23, 25]  Q:5 M:5 F:5
  2679. [1, 4, 5, 7, 8, 10, 12, 16, 17, 18, 20, 21, 23, 24, 25]  Q:5 M:5 F:5
  2680. [1, 4, 5, 7, 8, 10, 12, 16, 18, 20, 21, 22, 23, 24, 25]  Q:5 M:5 F:5
  2681. [1, 4, 5, 7, 8, 10, 16, 17, 18, 20, 21, 22, 23, 24, 25]  Q:5 M:5 F:5
  2682. [1, 4, 5, 7, 10, 12, 16, 17, 18, 20, 21, 22, 23, 24, 25]  Q:5 M:5 F:5
  2683. [1, 4, 5, 7, 8, 10, 12, 16, 17, 19, 20, 21, 22, 23, 24]  Q:5 M:5 F:5
  2684. [1, 4, 5, 7, 8, 10, 12, 16, 17, 19, 20, 21, 22, 23, 25]  Q:5 M:5 F:5
  2685. [1, 4, 5, 7, 8, 10, 12, 16, 17, 19, 20, 21, 23, 24, 25]  Q:5 M:5 F:5
  2686. [1, 4, 5, 7, 8, 10, 12, 16, 19, 20, 21, 22, 23, 24, 25]  Q:5 M:5 F:5
  2687. [1, 4, 5, 7, 8, 10, 16, 17, 19, 20, 21, 22, 23, 24, 25]  Q:5 M:5 F:5
  2688. [1, 4, 5, 7, 10, 12, 16, 17, 19, 20, 21, 22, 23, 24, 25]  Q:5 M:5 F:5
  2689. [1, 4, 5, 7, 8, 10, 12, 17, 18, 19, 20, 21, 22, 23, 24]  Q:5 M:5 F:5
  2690. [1, 4, 5, 7, 8, 10, 12, 17, 18, 19, 20, 21, 22, 23, 25]  Q:5 M:5 F:5
  2691. [1, 4, 5, 7, 8, 10, 12, 17, 18, 19, 20, 21, 23, 24, 25]  Q:5 M:5 F:5
  2692. [1, 4, 5, 7, 8, 10, 12, 18, 19, 20, 21, 22, 23, 24, 25]  Q:5 M:5 F:5
  2693. [1, 4, 5, 7, 8, 10, 17, 18, 19, 20, 21, 22, 23, 24, 25]  Q:5 M:5 F:5
  2694. [1, 4, 5, 7, 10, 12, 17, 18, 19, 20, 21, 22, 23, 24, 25]  Q:5 M:5 F:5
  2695. [1, 4, 5, 8, 9, 10, 11, 12, 13, 17, 20, 21, 22, 23, 24]  Q:5 M:5 F:5
  2696. [1, 4, 5, 8, 9, 10, 11, 12, 13, 17, 20, 21, 22, 23, 25]  Q:5 M:5 F:5
  2697. [1, 4, 5, 8, 9, 10, 11, 12, 13, 17, 20, 21, 23, 24, 25]  Q:5 M:5 F:5
  2698. [1, 4, 5, 8, 9, 10, 11, 12, 13, 20, 21, 22, 23, 24, 25]  Q:5 M:5 F:5
  2699. [1, 4, 5, 8, 9, 10, 11, 13, 17, 20, 21, 22, 23, 24, 25]  Q:5 M:5 F:5
  2700. [1, 4, 5, 9, 10, 11, 12, 13, 17, 20, 21, 22, 23, 24, 25]  Q:5 M:5 F:5
  2701. [1, 4, 5, 8, 9, 10, 11, 12, 14, 17, 20, 21, 22, 23, 24]  Q:5 M:5 F:5
  2702. [1, 4, 5, 8, 9, 10, 11, 12, 14, 17, 20, 21, 22, 23, 25]  Q:5 M:5 F:5
  2703. [1, 4, 5, 8, 9, 10, 11, 12, 14, 17, 20, 21, 23, 24, 25]  Q:5 M:5 F:5
  2704. [1, 4, 5, 8, 9, 10, 11, 12, 14, 20, 21, 22, 23, 24, 25]  Q:5 M:5 F:5
  2705. [1, 4, 5, 8, 9, 10, 11, 14, 17, 20, 21, 22, 23, 24, 25]  Q:5 M:5 F:5
  2706. [1, 4, 5, 9, 10, 11, 12, 14, 17, 20, 21, 22, 23, 24, 25]  Q:5 M:5 F:5
  2707. [1, 4, 5, 8, 9, 10, 11, 12, 15, 17, 20, 21, 22, 23, 24]  Q:5 M:5 F:5
  2708. [1, 4, 5, 8, 9, 10, 11, 12, 15, 17, 20, 21, 22, 23, 25]  Q:5 M:5 F:5
  2709. [1, 4, 5, 8, 9, 10, 11, 12, 15, 17, 20, 21, 23, 24, 25]  Q:5 M:5 F:5
  2710. [1, 4, 5, 8, 9, 10, 11, 12, 15, 20, 21, 22, 23, 24, 25]  Q:5 M:5 F:5
  2711. [1, 4, 5, 8, 9, 10, 11, 15, 17, 20, 21, 22, 23, 24, 25]  Q:5 M:5 F:5
  2712. [1, 4, 5, 9, 10, 11, 12, 15, 17, 20, 21, 22, 23, 24, 25]  Q:5 M:5 F:5
  2713. [1, 4, 5, 8, 9, 10, 11, 12, 16, 17, 20, 21, 22, 23, 24]  Q:5 M:5 F:5
  2714. [1, 4, 5, 8, 9, 10, 11, 12, 16, 17, 20, 21, 22, 23, 25]  Q:5 M:5 F:5
  2715. [1, 4, 5, 8, 9, 10, 11, 12, 16, 17, 20, 21, 23, 24, 25]  Q:5 M:5 F:5
  2716. [1, 4, 5, 8, 9, 10, 11, 12, 16, 20, 21, 22, 23, 24, 25]  Q:5 M:5 F:5
  2717. [1, 4, 5, 8, 9, 10, 11, 16, 17, 20, 21, 22, 23, 24, 25]  Q:5 M:5 F:5
  2718. [1, 4, 5, 9, 10, 11, 12, 16, 17, 20, 21, 22, 23, 24, 25]  Q:5 M:5 F:5
  2719. [1, 4, 5, 8, 9, 10, 11, 12, 17, 18, 20, 21, 22, 23, 24]  Q:5 M:5 F:5
  2720. [1, 4, 5, 8, 9, 10, 11, 12, 17, 18, 20, 21, 22, 23, 25]  Q:5 M:5 F:5
  2721. [1, 4, 5, 8, 9, 10, 11, 12, 17, 18, 20, 21, 23, 24, 25]  Q:5 M:5 F:5
  2722. [1, 4, 5, 8, 9, 10, 11, 12, 18, 20, 21, 22, 23, 24, 25]  Q:5 M:5 F:5
  2723. [1, 4, 5, 8, 9, 10, 11, 17, 18, 20, 21, 22, 23, 24, 25]  Q:5 M:5 F:5
  2724. [1, 4, 5, 9, 10, 11, 12, 17, 18, 20, 21, 22, 23, 24, 25]  Q:5 M:5 F:5
  2725. [1, 4, 5, 8, 9, 10, 11, 12, 17, 19, 20, 21, 22, 23, 24]  Q:5 M:5 F:5
  2726. [1, 4, 5, 8, 9, 10, 11, 12, 17, 19, 20, 21, 22, 23, 25]  Q:5 M:5 F:5
  2727. [1, 4, 5, 8, 9, 10, 11, 12, 17, 19, 20, 21, 23, 24, 25]  Q:5 M:5 F:5
  2728. [1, 4, 5, 8, 9, 10, 11, 12, 19, 20, 21, 22, 23, 24, 25]  Q:5 M:5 F:5
  2729. [1, 4, 5, 8, 9, 10, 11, 17, 19, 20, 21, 22, 23, 24, 25]  Q:5 M:5 F:5
  2730. [1, 4, 5, 9, 10, 11, 12, 17, 19, 20, 21, 22, 23, 24, 25]  Q:5 M:5 F:5
  2731. [1, 4, 5, 8, 9, 10, 12, 13, 14, 17, 20, 21, 22, 23, 24]  Q:5 M:5 F:5
  2732. [1, 4, 5, 8, 9, 10, 12, 13, 14, 17, 20, 21, 22, 23, 25]  Q:5 M:5 F:5
  2733. [1, 4, 5, 8, 9, 10, 12, 13, 14, 17, 20, 21, 23, 24, 25]  Q:5 M:5 F:5
  2734. [1, 4, 5, 8, 9, 10, 12, 13, 14, 20, 21, 22, 23, 24, 25]  Q:5 M:5 F:5
  2735. [1, 4, 5, 8, 9, 10, 13, 14, 17, 20, 21, 22, 23, 24, 25]  Q:5 M:5 F:5
  2736. [1, 4, 5, 9, 10, 12, 13, 14, 17, 20, 21, 22, 23, 24, 25]  Q:5 M:5 F:5
  2737. [1, 4, 5, 8, 9, 10, 12, 13, 15, 17, 20, 21, 22, 23, 24]  Q:5 M:5 F:5
  2738. [1, 4, 5, 8, 9, 10, 12, 13, 15, 17, 20, 21, 22, 23, 25]  Q:5 M:5 F:5
  2739. [1, 4, 5, 8, 9, 10, 12, 13, 15, 17, 20, 21, 23, 24, 25]  Q:5 M:5 F:5
  2740. [1, 4, 5, 8, 9, 10, 12, 13, 15, 20, 21, 22, 23, 24, 25]  Q:5 M:5 F:5
  2741. [1, 4, 5, 8, 9, 10, 13, 15, 17, 20, 21, 22, 23, 24, 25]  Q:5 M:5 F:5
  2742. [1, 4, 5, 9, 10, 12, 13, 15, 17, 20, 21, 22, 23, 24, 25]  Q:5 M:5 F:5
  2743. [1, 4, 5, 8, 9, 10, 12, 13, 16, 17, 20, 21, 22, 23, 24]  Q:5 M:5 F:5
  2744. [1, 4, 5, 8, 9, 10, 12, 13, 16, 17, 20, 21, 22, 23, 25]  Q:5 M:5 F:5
  2745. [1, 4, 5, 8, 9, 10, 12, 13, 16, 17, 20, 21, 23, 24, 25]  Q:5 M:5 F:5
  2746. [1, 4, 5, 8, 9, 10, 12, 13, 16, 20, 21, 22, 23, 24, 25]  Q:5 M:5 F:5
  2747. [1, 4, 5, 8, 9, 10, 13, 16, 17, 20, 21, 22, 23, 24, 25]  Q:5 M:5 F:5
  2748. [1, 4, 5, 9, 10, 12, 13, 16, 17, 20, 21, 22, 23, 24, 25]  Q:5 M:5 F:5
  2749. [1, 4, 5, 8, 9, 10, 12, 13, 17, 18, 20, 21, 22, 23, 24]  Q:5 M:5 F:5
  2750. [1, 4, 5, 8, 9, 10, 12, 13, 17, 18, 20, 21, 22, 23, 25]  Q:5 M:5 F:5
  2751. [1, 4, 5, 8, 9, 10, 12, 13, 17, 18, 20, 21, 23, 24, 25]  Q:5 M:5 F:5
  2752. [1, 4, 5, 8, 9, 10, 12, 13, 18, 20, 21, 22, 23, 24, 25]  Q:5 M:5 F:5
  2753. [1, 4, 5, 8, 9, 10, 13, 17, 18, 20, 21, 22, 23, 24, 25]  Q:5 M:5 F:5
  2754. [1, 4, 5, 9, 10, 12, 13, 17, 18, 20, 21, 22, 23, 24, 25]  Q:5 M:5 F:5
  2755. [1, 4, 5, 8, 9, 10, 12, 13, 17, 19, 20, 21, 22, 23, 24]  Q:5 M:5 F:5
  2756. [1, 4, 5, 8, 9, 10, 12, 13, 17, 19, 20, 21, 22, 23, 25]  Q:5 M:5 F:5
  2757. [1, 4, 5, 8, 9, 10, 12, 13, 17, 19, 20, 21, 23, 24, 25]  Q:5 M:5 F:5
  2758. [1, 4, 5, 8, 9, 10, 12, 13, 19, 20, 21, 22, 23, 24, 25]  Q:5 M:5 F:5
  2759. [1, 4, 5, 8, 9, 10, 13, 17, 19, 20, 21, 22, 23, 24, 25]  Q:5 M:5 F:5
  2760. [1, 4, 5, 9, 10, 12, 13, 17, 19, 20, 21, 22, 23, 24, 25]  Q:5 M:5 F:5
  2761. [1, 4, 5, 8, 9, 10, 12, 14, 15, 17, 20, 21, 22, 23, 24]  Q:5 M:5 F:5
  2762. [1, 4, 5, 8, 9, 10, 12, 14, 15, 17, 20, 21, 22, 23, 25]  Q:5 M:5 F:5
  2763. [1, 4, 5, 8, 9, 10, 12, 14, 15, 17, 20, 21, 23, 24, 25]  Q:5 M:5 F:5
  2764. [1, 4, 5, 8, 9, 10, 12, 14, 15, 20, 21, 22, 23, 24, 25]  Q:5 M:5 F:5
  2765. [1, 4, 5, 8, 9, 10, 14, 15, 17, 20, 21, 22, 23, 24, 25]  Q:5 M:5 F:5
  2766. [1, 4, 5, 9, 10, 12, 14, 15, 17, 20, 21, 22, 23, 24, 25]  Q:5 M:5 F:5
  2767. [1, 4, 5, 8, 9, 10, 12, 14, 16, 17, 20, 21, 22, 23, 24]  Q:5 M:5 F:5
  2768. [1, 4, 5, 8, 9, 10, 12, 14, 16, 17, 20, 21, 22, 23, 25]  Q:5 M:5 F:5
  2769. [1, 4, 5, 8, 9, 10, 12, 14, 16, 17, 20, 21, 23, 24, 25]  Q:5 M:5 F:5
  2770. [1, 4, 5, 8, 9, 10, 12, 14, 16, 20, 21, 22, 23, 24, 25]  Q:5 M:5 F:5
  2771. [1, 4, 5, 8, 9, 10, 14, 16, 17, 20, 21, 22, 23, 24, 25]  Q:5 M:5 F:5
  2772. [1, 4, 5, 9, 10, 12, 14, 16, 17, 20, 21, 22, 23, 24, 25]  Q:5 M:5 F:5
  2773. [1, 4, 5, 8, 9, 10, 12, 14, 17, 18, 20, 21, 22, 23, 24]  Q:5 M:5 F:5
  2774. [1, 4, 5, 8, 9, 10, 12, 14, 17, 18, 20, 21, 22, 23, 25]  Q:5 M:5 F:5
  2775. [1, 4, 5, 8, 9, 10, 12, 14, 17, 18, 20, 21, 23, 24, 25]  Q:5 M:5 F:5
  2776. [1, 4, 5, 8, 9, 10, 12, 14, 18, 20, 21, 22, 23, 24, 25]  Q:5 M:5 F:5
  2777. [1, 4, 5, 8, 9, 10, 14, 17, 18, 20, 21, 22, 23, 24, 25]  Q:5 M:5 F:5
  2778. [1, 4, 5, 9, 10, 12, 14, 17, 18, 20, 21, 22, 23, 24, 25]  Q:5 M:5 F:5
  2779. [1, 4, 5, 8, 9, 10, 12, 14, 17, 19, 20, 21, 22, 23, 24]  Q:5 M:5 F:5
  2780. [1, 4, 5, 8, 9, 10, 12, 14, 17, 19, 20, 21, 22, 23, 25]  Q:5 M:5 F:5
  2781. [1, 4, 5, 8, 9, 10, 12, 14, 17, 19, 20, 21, 23, 24, 25]  Q:5 M:5 F:5
  2782. [1, 4, 5, 8, 9, 10, 12, 14, 19, 20, 21, 22, 23, 24, 25]  Q:5 M:5 F:5
  2783. [1, 4, 5, 8, 9, 10, 14, 17, 19, 20, 21, 22, 23, 24, 25]  Q:5 M:5 F:5
  2784. [1, 4, 5, 9, 10, 12, 14, 17, 19, 20, 21, 22, 23, 24, 25]  Q:5 M:5 F:5
  2785. [1, 4, 5, 8, 9, 10, 12, 15, 16, 17, 20, 21, 22, 23, 24]  Q:5 M:5 F:5
  2786. [1, 4, 5, 8, 9, 10, 12, 15, 16, 17, 20, 21, 22, 23, 25]  Q:5 M:5 F:5
  2787. [1, 4, 5, 8, 9, 10, 12, 15, 16, 17, 20, 21, 23, 24, 25]  Q:5 M:5 F:5
  2788. [1, 4, 5, 8, 9, 10, 12, 15, 16, 20, 21, 22, 23, 24, 25]  Q:5 M:5 F:5
  2789. [1, 4, 5, 8, 9, 10, 15, 16, 17, 20, 21, 22, 23, 24, 25]  Q:5 M:5 F:5
  2790. [1, 4, 5, 9, 10, 12, 15, 16, 17, 20, 21, 22, 23, 24, 25]  Q:5 M:5 F:5
  2791. [1, 4, 5, 8, 9, 10, 12, 15, 17, 18, 20, 21, 22, 23, 24]  Q:5 M:5 F:5
  2792. [1, 4, 5, 8, 9, 10, 12, 15, 17, 18, 20, 21, 22, 23, 25]  Q:5 M:5 F:5
  2793. [1, 4, 5, 8, 9, 10, 12, 15, 17, 18, 20, 21, 23, 24, 25]  Q:5 M:5 F:5
  2794. [1, 4, 5, 8, 9, 10, 12, 15, 18, 20, 21, 22, 23, 24, 25]  Q:5 M:5 F:5
  2795. [1, 4, 5, 8, 9, 10, 15, 17, 18, 20, 21, 22, 23, 24, 25]  Q:5 M:5 F:5
  2796. [1, 4, 5, 9, 10, 12, 15, 17, 18, 20, 21, 22, 23, 24, 25]  Q:5 M:5 F:5
  2797. [1, 4, 5, 8, 9, 10, 12, 15, 17, 19, 20, 21, 22, 23, 24]  Q:5 M:5 F:5
  2798. [1, 4, 5, 8, 9, 10, 12, 15, 17, 19, 20, 21, 22, 23, 25]  Q:5 M:5 F:5
  2799. [1, 4, 5, 8, 9, 10, 12, 15, 17, 19, 20, 21, 23, 24, 25]  Q:5 M:5 F:5
  2800. [1, 4, 5, 8, 9, 10, 12, 15, 19, 20, 21, 22, 23, 24, 25]  Q:5 M:5 F:5
  2801. [1, 4, 5, 8, 9, 10, 15, 17, 19, 20, 21, 22, 23, 24, 25]  Q:5 M:5 F:5
  2802. [1, 4, 5, 9, 10, 12, 15, 17, 19, 20, 21, 22, 23, 24, 25]  Q:5 M:5 F:5
  2803. [1, 4, 5, 8, 9, 10, 12, 16, 17, 18, 20, 21, 22, 23, 24]  Q:5 M:5 F:5
  2804. [1, 4, 5, 8, 9, 10, 12, 16, 17, 18, 20, 21, 22, 23, 25]  Q:5 M:5 F:5
  2805. [1, 4, 5, 8, 9, 10, 12, 16, 17, 18, 20, 21, 23, 24, 25]  Q:5 M:5 F:5
  2806. [1, 4, 5, 8, 9, 10, 12, 16, 18, 20, 21, 22, 23, 24, 25]  Q:5 M:5 F:5
  2807. [1, 4, 5, 8, 9, 10, 16, 17, 18, 20, 21, 22, 23, 24, 25]  Q:5 M:5 F:5
  2808. [1, 4, 5, 9, 10, 12, 16, 17, 18, 20, 21, 22, 23, 24, 25]  Q:5 M:5 F:5
  2809. [1, 4, 5, 8, 9, 10, 12, 16, 17, 19, 20, 21, 22, 23, 24]  Q:5 M:5 F:5
  2810. [1, 4, 5, 8, 9, 10, 12, 16, 17, 19, 20, 21, 22, 23, 25]  Q:5 M:5 F:5
  2811. [1, 4, 5, 8, 9, 10, 12, 16, 17, 19, 20, 21, 23, 24, 25]  Q:5 M:5 F:5
  2812. [1, 4, 5, 8, 9, 10, 12, 16, 19, 20, 21, 22, 23, 24, 25]  Q:5 M:5 F:5
  2813. [1, 4, 5, 8, 9, 10, 16, 17, 19, 20, 21, 22, 23, 24, 25]  Q:5 M:5 F:5
  2814. [1, 4, 5, 9, 10, 12, 16, 17, 19, 20, 21, 22, 23, 24, 25]  Q:5 M:5 F:5
  2815. [1, 4, 5, 8, 9, 10, 12, 17, 18, 19, 20, 21, 22, 23, 24]  Q:5 M:5 F:5
  2816. [1, 4, 5, 8, 9, 10, 12, 17, 18, 19, 20, 21, 22, 23, 25]  Q:5 M:5 F:5
  2817. [1, 4, 5, 8, 9, 10, 12, 17, 18, 19, 20, 21, 23, 24, 25]  Q:5 M:5 F:5
  2818. [1, 4, 5, 8, 9, 10, 12, 18, 19, 20, 21, 22, 23, 24, 25]  Q:5 M:5 F:5
  2819. [1, 4, 5, 8, 9, 10, 17, 18, 19, 20, 21, 22, 23, 24, 25]  Q:5 M:5 F:5
  2820. [1, 4, 5, 9, 10, 12, 17, 18, 19, 20, 21, 22, 23, 24, 25]  Q:5 M:5 F:5
  2821. [1, 4, 5, 8, 10, 11, 12, 13, 14, 17, 20, 21, 22, 23, 24]  Q:5 M:5 F:5
  2822. [1, 4, 5, 8, 10, 11, 12, 13, 14, 17, 20, 21, 22, 23, 25]  Q:5 M:5 F:5
  2823. [1, 4, 5, 8, 10, 11, 12, 13, 14, 17, 20, 21, 23, 24, 25]  Q:5 M:5 F:5
  2824. [1, 4, 5, 8, 10, 11, 12, 13, 14, 20, 21, 22, 23, 24, 25]  Q:5 M:5 F:5
  2825. [1, 4, 5, 8, 10, 11, 13, 14, 17, 20, 21, 22, 23, 24, 25]  Q:5 M:5 F:5
  2826. [1, 4, 5, 10, 11, 12, 13, 14, 17, 20, 21, 22, 23, 24, 25]  Q:5 M:5 F:5
  2827. [1, 4, 5, 8, 10, 11, 12, 13, 15, 17, 20, 21, 22, 23, 24]  Q:5 M:5 F:5
  2828. [1, 4, 5, 8, 10, 11, 12, 13, 15, 17, 20, 21, 22, 23, 25]  Q:5 M:5 F:5
  2829. [1, 4, 5, 8, 10, 11, 12, 13, 15, 17, 20, 21, 23, 24, 25]  Q:5 M:5 F:5
  2830. [1, 4, 5, 8, 10, 11, 12, 13, 15, 20, 21, 22, 23, 24, 25]  Q:5 M:5 F:5
  2831. [1, 4, 5, 8, 10, 11, 13, 15, 17, 20, 21, 22, 23, 24, 25]  Q:5 M:5 F:5
  2832. [1, 4, 5, 10, 11, 12, 13, 15, 17, 20, 21, 22, 23, 24, 25]  Q:5 M:5 F:5
  2833. [1, 4, 5, 8, 10, 11, 12, 13, 16, 17, 20, 21, 22, 23, 24]  Q:5 M:5 F:5
  2834. [1, 4, 5, 8, 10, 11, 12, 13, 16, 17, 20, 21, 22, 23, 25]  Q:5 M:5 F:5
  2835. [1, 4, 5, 8, 10, 11, 12, 13, 16, 17, 20, 21, 23, 24, 25]  Q:5 M:5 F:5
  2836. [1, 4, 5, 8, 10, 11, 12, 13, 16, 20, 21, 22, 23, 24, 25]  Q:5 M:5 F:5
  2837. [1, 4, 5, 8, 10, 11, 13, 16, 17, 20, 21, 22, 23, 24, 25]  Q:5 M:5 F:5
  2838. [1, 4, 5, 10, 11, 12, 13, 16, 17, 20, 21, 22, 23, 24, 25]  Q:5 M:5 F:5
  2839. [1, 4, 5, 8, 10, 11, 12, 13, 17, 18, 20, 21, 22, 23, 24]  Q:5 M:5 F:5
  2840. [1, 4, 5, 8, 10, 11, 12, 13, 17, 18, 20, 21, 22, 23, 25]  Q:5 M:5 F:5
  2841. [1, 4, 5, 8, 10, 11, 12, 13, 17, 18, 20, 21, 23, 24, 25]  Q:5 M:5 F:5
  2842. [1, 4, 5, 8, 10, 11, 12, 13, 18, 20, 21, 22, 23, 24, 25]  Q:5 M:5 F:5
  2843. [1, 4, 5, 8, 10, 11, 13, 17, 18, 20, 21, 22, 23, 24, 25]  Q:5 M:5 F:5
  2844. [1, 4, 5, 10, 11, 12, 13, 17, 18, 20, 21, 22, 23, 24, 25]  Q:5 M:5 F:5
  2845. [1, 4, 5, 8, 10, 11, 12, 13, 17, 19, 20, 21, 22, 23, 24]  Q:5 M:5 F:5
  2846. [1, 4, 5, 8, 10, 11, 12, 13, 17, 19, 20, 21, 22, 23, 25]  Q:5 M:5 F:5
  2847. [1, 4, 5, 8, 10, 11, 12, 13, 17, 19, 20, 21, 23, 24, 25]  Q:5 M:5 F:5
  2848. [1, 4, 5, 8, 10, 11, 12, 13, 19, 20, 21, 22, 23, 24, 25]  Q:5 M:5 F:5
  2849. [1, 4, 5, 8, 10, 11, 13, 17, 19, 20, 21, 22, 23, 24, 25]  Q:5 M:5 F:5
  2850. [1, 4, 5, 10, 11, 12, 13, 17, 19, 20, 21, 22, 23, 24, 25]  Q:5 M:5 F:5
  2851. [1, 4, 5, 8, 10, 11, 12, 14, 15, 17, 20, 21, 22, 23, 24]  Q:5 M:5 F:5
  2852. [1, 4, 5, 8, 10, 11, 12, 14, 15, 17, 20, 21, 22, 23, 25]  Q:5 M:5 F:5
  2853. [1, 4, 5, 8, 10, 11, 12, 14, 15, 17, 20, 21, 23, 24, 25]  Q:5 M:5 F:5
  2854. [1, 4, 5, 8, 10, 11, 12, 14, 15, 20, 21, 22, 23, 24, 25]  Q:5 M:5 F:5
  2855. [1, 4, 5, 8, 10, 11, 14, 15, 17, 20, 21, 22, 23, 24, 25]  Q:5 M:5 F:5
  2856. [1, 4, 5, 10, 11, 12, 14, 15, 17, 20, 21, 22, 23, 24, 25]  Q:5 M:5 F:5
  2857. [1, 4, 5, 8, 10, 11, 12, 14, 16, 17, 20, 21, 22, 23, 24]  Q:5 M:5 F:5
  2858. [1, 4, 5, 8, 10, 11, 12, 14, 16, 17, 20, 21, 22, 23, 25]  Q:5 M:5 F:5
  2859. [1, 4, 5, 8, 10, 11, 12, 14, 16, 17, 20, 21, 23, 24, 25]  Q:5 M:5 F:5
  2860. [1, 4, 5, 8, 10, 11, 12, 14, 16, 20, 21, 22, 23, 24, 25]  Q:5 M:5 F:5
  2861. [1, 4, 5, 8, 10, 11, 14, 16, 17, 20, 21, 22, 23, 24, 25]  Q:5 M:5 F:5
  2862. [1, 4, 5, 10, 11, 12, 14, 16, 17, 20, 21, 22, 23, 24, 25]  Q:5 M:5 F:5
  2863. [1, 4, 5, 8, 10, 11, 12, 14, 17, 18, 20, 21, 22, 23, 24]  Q:5 M:5 F:5
  2864. [1, 4, 5, 8, 10, 11, 12, 14, 17, 18, 20, 21, 22, 23, 25]  Q:5 M:5 F:5
  2865. [1, 4, 5, 8, 10, 11, 12, 14, 17, 18, 20, 21, 23, 24, 25]  Q:5 M:5 F:5
  2866. [1, 4, 5, 8, 10, 11, 12, 14, 18, 20, 21, 22, 23, 24, 25]  Q:5 M:5 F:5
  2867. [1, 4, 5, 8, 10, 11, 14, 17, 18, 20, 21, 22, 23, 24, 25]  Q:5 M:5 F:5
  2868. [1, 4, 5, 10, 11, 12, 14, 17, 18, 20, 21, 22, 23, 24, 25]  Q:5 M:5 F:5
  2869. [1, 4, 5, 8, 10, 11, 12, 14, 17, 19, 20, 21, 22, 23, 24]  Q:5 M:5 F:5
  2870. [1, 4, 5, 8, 10, 11, 12, 14, 17, 19, 20, 21, 22, 23, 25]  Q:5 M:5 F:5
  2871. [1, 4, 5, 8, 10, 11, 12, 14, 17, 19, 20, 21, 23, 24, 25]  Q:5 M:5 F:5
  2872. [1, 4, 5, 8, 10, 11, 12, 14, 19, 20, 21, 22, 23, 24, 25]  Q:5 M:5 F:5
  2873. [1, 4, 5, 8, 10, 11, 14, 17, 19, 20, 21, 22, 23, 24, 25]  Q:5 M:5 F:5
  2874. [1, 4, 5, 10, 11, 12, 14, 17, 19, 20, 21, 22, 23, 24, 25]  Q:5 M:5 F:5
  2875. [1, 4, 5, 8, 10, 11, 12, 15, 16, 17, 20, 21, 22, 23, 24]  Q:5 M:5 F:5
  2876. [1, 4, 5, 8, 10, 11, 12, 15, 16, 17, 20, 21, 22, 23, 25]  Q:5 M:5 F:5
  2877. [1, 4, 5, 8, 10, 11, 12, 15, 16, 17, 20, 21, 23, 24, 25]  Q:5 M:5 F:5
  2878. [1, 4, 5, 8, 10, 11, 12, 15, 16, 20, 21, 22, 23, 24, 25]  Q:5 M:5 F:5
  2879. [1, 4, 5, 8, 10, 11, 15, 16, 17, 20, 21, 22, 23, 24, 25]  Q:5 M:5 F:5
  2880. [1, 4, 5, 10, 11, 12, 15, 16, 17, 20, 21, 22, 23, 24, 25]  Q:5 M:5 F:5
  2881. [1, 4, 5, 8, 10, 11, 12, 15, 17, 18, 20, 21, 22, 23, 24]  Q:5 M:5 F:5
  2882. [1, 4, 5, 8, 10, 11, 12, 15, 17, 18, 20, 21, 22, 23, 25]  Q:5 M:5 F:5
  2883. [1, 4, 5, 8, 10, 11, 12, 15, 17, 18, 20, 21, 23, 24, 25]  Q:5 M:5 F:5
  2884. [1, 4, 5, 8, 10, 11, 12, 15, 18, 20, 21, 22, 23, 24, 25]  Q:5 M:5 F:5
  2885. [1, 4, 5, 8, 10, 11, 15, 17, 18, 20, 21, 22, 23, 24, 25]  Q:5 M:5 F:5
  2886. [1, 4, 5, 10, 11, 12, 15, 17, 18, 20, 21, 22, 23, 24, 25]  Q:5 M:5 F:5
  2887. [1, 4, 5, 8, 10, 11, 12, 15, 17, 19, 20, 21, 22, 23, 24]  Q:5 M:5 F:5
  2888. [1, 4, 5, 8, 10, 11, 12, 15, 17, 19, 20, 21, 22, 23, 25]  Q:5 M:5 F:5
  2889. [1, 4, 5, 8, 10, 11, 12, 15, 17, 19, 20, 21, 23, 24, 25]  Q:5 M:5 F:5
  2890. [1, 4, 5, 8, 10, 11, 12, 15, 19, 20, 21, 22, 23, 24, 25]  Q:5 M:5 F:5
  2891. [1, 4, 5, 8, 10, 11, 15, 17, 19, 20, 21, 22, 23, 24, 25]  Q:5 M:5 F:5
  2892. [1, 4, 5, 10, 11, 12, 15, 17, 19, 20, 21, 22, 23, 24, 25]  Q:5 M:5 F:5
  2893. [1, 4, 5, 8, 10, 11, 12, 16, 17, 18, 20, 21, 22, 23, 24]  Q:5 M:5 F:5
  2894. [1, 4, 5, 8, 10, 11, 12, 16, 17, 18, 20, 21, 22, 23, 25]  Q:5 M:5 F:5
  2895. [1, 4, 5, 8, 10, 11, 12, 16, 17, 18, 20, 21, 23, 24, 25]  Q:5 M:5 F:5
  2896. [1, 4, 5, 8, 10, 11, 12, 16, 18, 20, 21, 22, 23, 24, 25]  Q:5 M:5 F:5
  2897. [1, 4, 5, 8, 10, 11, 16, 17, 18, 20, 21, 22, 23, 24, 25]  Q:5 M:5 F:5
  2898. [1, 4, 5, 10, 11, 12, 16, 17, 18, 20, 21, 22, 23, 24, 25]  Q:5 M:5 F:5
  2899. [1, 4, 5, 8, 10, 11, 12, 16, 17, 19, 20, 21, 22, 23, 24]  Q:5 M:5 F:5
  2900. [1, 4, 5, 8, 10, 11, 12, 16, 17, 19, 20, 21, 22, 23, 25]  Q:5 M:5 F:5
  2901. [1, 4, 5, 8, 10, 11, 12, 16, 17, 19, 20, 21, 23, 24, 25]  Q:5 M:5 F:5
  2902. [1, 4, 5, 8, 10, 11, 12, 16, 19, 20, 21, 22, 23, 24, 25]  Q:5 M:5 F:5
  2903. [1, 4, 5, 8, 10, 11, 16, 17, 19, 20, 21, 22, 23, 24, 25]  Q:5 M:5 F:5
  2904. [1, 4, 5, 10, 11, 12, 16, 17, 19, 20, 21, 22, 23, 24, 25]  Q:5 M:5 F:5
  2905. [1, 4, 5, 8, 10, 11, 12, 17, 18, 19, 20, 21, 22, 23, 24]  Q:5 M:5 F:5
  2906. [1, 4, 5, 8, 10, 11, 12, 17, 18, 19, 20, 21, 22, 23, 25]  Q:5 M:5 F:5
  2907. [1, 4, 5, 8, 10, 11, 12, 17, 18, 19, 20, 21, 23, 24, 25]  Q:5 M:5 F:5
  2908. [1, 4, 5, 8, 10, 11, 12, 18, 19, 20, 21, 22, 23, 24, 25]  Q:5 M:5 F:5
  2909. [1, 4, 5, 8, 10, 11, 17, 18, 19, 20, 21, 22, 23, 24, 25]  Q:5 M:5 F:5
  2910. [1, 4, 5, 10, 11, 12, 17, 18, 19, 20, 21, 22, 23, 24, 25]  Q:5 M:5 F:5
  2911. [1, 4, 5, 8, 10, 12, 13, 14, 15, 17, 20, 21, 22, 23, 24]  Q:5 M:5 F:5
  2912. [1, 4, 5, 8, 10, 12, 13, 14, 15, 17, 20, 21, 22, 23, 25]  Q:5 M:5 F:5
  2913. [1, 4, 5, 8, 10, 12, 13, 14, 15, 17, 20, 21, 23, 24, 25]  Q:5 M:5 F:5
  2914. [1, 4, 5, 8, 10, 12, 13, 14, 15, 20, 21, 22, 23, 24, 25]  Q:5 M:5 F:5
  2915. [1, 4, 5, 8, 10, 13, 14, 15, 17, 20, 21, 22, 23, 24, 25]  Q:5 M:5 F:5
  2916. [1, 4, 5, 10, 12, 13, 14, 15, 17, 20, 21, 22, 23, 24, 25]  Q:5 M:5 F:5
  2917. [1, 4, 5, 8, 10, 12, 13, 14, 16, 17, 20, 21, 22, 23, 24]  Q:5 M:5 F:5
  2918. [1, 4, 5, 8, 10, 12, 13, 14, 16, 17, 20, 21, 22, 23, 25]  Q:5 M:5 F:5
  2919. [1, 4, 5, 8, 10, 12, 13, 14, 16, 17, 20, 21, 23, 24, 25]  Q:5 M:5 F:5
  2920. [1, 4, 5, 8, 10, 12, 13, 14, 16, 20, 21, 22, 23, 24, 25]  Q:5 M:5 F:5
  2921. [1, 4, 5, 8, 10, 13, 14, 16, 17, 20, 21, 22, 23, 24, 25]  Q:5 M:5 F:5
  2922. [1, 4, 5, 10, 12, 13, 14, 16, 17, 20, 21, 22, 23, 24, 25]  Q:5 M:5 F:5
  2923. [1, 4, 5, 8, 10, 12, 13, 14, 17, 18, 20, 21, 22, 23, 24]  Q:5 M:5 F:5
  2924. [1, 4, 5, 8, 10, 12, 13, 14, 17, 18, 20, 21, 22, 23, 25]  Q:5 M:5 F:5
  2925. [1, 4, 5, 8, 10, 12, 13, 14, 17, 18, 20, 21, 23, 24, 25]  Q:5 M:5 F:5
  2926. [1, 4, 5, 8, 10, 12, 13, 14, 18, 20, 21, 22, 23, 24, 25]  Q:5 M:5 F:5
  2927. [1, 4, 5, 8, 10, 13, 14, 17, 18, 20, 21, 22, 23, 24, 25]  Q:5 M:5 F:5
  2928. [1, 4, 5, 10, 12, 13, 14, 17, 18, 20, 21, 22, 23, 24, 25]  Q:5 M:5 F:5
  2929. [1, 4, 5, 8, 10, 12, 13, 14, 17, 19, 20, 21, 22, 23, 24]  Q:5 M:5 F:5
  2930. [1, 4, 5, 8, 10, 12, 13, 14, 17, 19, 20, 21, 22, 23, 25]  Q:5 M:5 F:5
  2931. [1, 4, 5, 8, 10, 12, 13, 14, 17, 19, 20, 21, 23, 24, 25]  Q:5 M:5 F:5
  2932. [1, 4, 5, 8, 10, 12, 13, 14, 19, 20, 21, 22, 23, 24, 25]  Q:5 M:5 F:5
  2933. [1, 4, 5, 8, 10, 13, 14, 17, 19, 20, 21, 22, 23, 24, 25]  Q:5 M:5 F:5
  2934. [1, 4, 5, 10, 12, 13, 14, 17, 19, 20, 21, 22, 23, 24, 25]  Q:5 M:5 F:5
  2935. [1, 4, 5, 8, 10, 12, 13, 15, 16, 17, 20, 21, 22, 23, 24]  Q:5 M:5 F:5
  2936. [1, 4, 5, 8, 10, 12, 13, 15, 16, 17, 20, 21, 22, 23, 25]  Q:5 M:5 F:5
  2937. [1, 4, 5, 8, 10, 12, 13, 15, 16, 17, 20, 21, 23, 24, 25]  Q:5 M:5 F:5
  2938. [1, 4, 5, 8, 10, 12, 13, 15, 16, 20, 21, 22, 23, 24, 25]  Q:5 M:5 F:5
  2939. [1, 4, 5, 8, 10, 13, 15, 16, 17, 20, 21, 22, 23, 24, 25]  Q:5 M:5 F:5
  2940. [1, 4, 5, 10, 12, 13, 15, 16, 17, 20, 21, 22, 23, 24, 25]  Q:5 M:5 F:5
  2941. [1, 4, 5, 8, 10, 12, 13, 15, 17, 18, 20, 21, 22, 23, 24]  Q:5 M:5 F:5
  2942. [1, 4, 5, 8, 10, 12, 13, 15, 17, 18, 20, 21, 22, 23, 25]  Q:5 M:5 F:5
  2943. [1, 4, 5, 8, 10, 12, 13, 15, 17, 18, 20, 21, 23, 24, 25]  Q:5 M:5 F:5
  2944. [1, 4, 5, 8, 10, 12, 13, 15, 18, 20, 21, 22, 23, 24, 25]  Q:5 M:5 F:5
  2945. [1, 4, 5, 8, 10, 13, 15, 17, 18, 20, 21, 22, 23, 24, 25]  Q:5 M:5 F:5
  2946. [1, 4, 5, 10, 12, 13, 15, 17, 18, 20, 21, 22, 23, 24, 25]  Q:5 M:5 F:5
  2947. [1, 4, 5, 8, 10, 12, 13, 15, 17, 19, 20, 21, 22, 23, 24]  Q:5 M:5 F:5
  2948. [1, 4, 5, 8, 10, 12, 13, 15, 17, 19, 20, 21, 22, 23, 25]  Q:5 M:5 F:5
  2949. [1, 4, 5, 8, 10, 12, 13, 15, 17, 19, 20, 21, 23, 24, 25]  Q:5 M:5 F:5
  2950. [1, 4, 5, 8, 10, 12, 13, 15, 19, 20, 21, 22, 23, 24, 25]  Q:5 M:5 F:5
  2951. [1, 4, 5, 8, 10, 13, 15, 17, 19, 20, 21, 22, 23, 24, 25]  Q:5 M:5 F:5
  2952. [1, 4, 5, 10, 12, 13, 15, 17, 19, 20, 21, 22, 23, 24, 25]  Q:5 M:5 F:5
  2953. [1, 4, 5, 8, 10, 12, 13, 16, 17, 18, 20, 21, 22, 23, 24]  Q:5 M:5 F:5
  2954. [1, 4, 5, 8, 10, 12, 13, 16, 17, 18, 20, 21, 22, 23, 25]  Q:5 M:5 F:5
  2955. [1, 4, 5, 8, 10, 12, 13, 16, 17, 18, 20, 21, 23, 24, 25]  Q:5 M:5 F:5
  2956. [1, 4, 5, 8, 10, 12, 13, 16, 18, 20, 21, 22, 23, 24, 25]  Q:5 M:5 F:5
  2957. [1, 4, 5, 8, 10, 13, 16, 17, 18, 20, 21, 22, 23, 24, 25]  Q:5 M:5 F:5
  2958. [1, 4, 5, 10, 12, 13, 16, 17, 18, 20, 21, 22, 23, 24, 25]  Q:5 M:5 F:5
  2959. [1, 4, 5, 8, 10, 12, 13, 16, 17, 19, 20, 21, 22, 23, 24]  Q:5 M:5 F:5
  2960. [1, 4, 5, 8, 10, 12, 13, 16, 17, 19, 20, 21, 22, 23, 25]  Q:5 M:5 F:5
  2961. [1, 4, 5, 8, 10, 12, 13, 16, 17, 19, 20, 21, 23, 24, 25]  Q:5 M:5 F:5
  2962. [1, 4, 5, 8, 10, 12, 13, 16, 19, 20, 21, 22, 23, 24, 25]  Q:5 M:5 F:5
  2963. [1, 4, 5, 8, 10, 13, 16, 17, 19, 20, 21, 22, 23, 24, 25]  Q:5 M:5 F:5
  2964. [1, 4, 5, 10, 12, 13, 16, 17, 19, 20, 21, 22, 23, 24, 25]  Q:5 M:5 F:5
  2965. [1, 4, 5, 8, 10, 12, 13, 17, 18, 19, 20, 21, 22, 23, 24]  Q:5 M:5 F:5
  2966. [1, 4, 5, 8, 10, 12, 13, 17, 18, 19, 20, 21, 22, 23, 25]  Q:5 M:5 F:5
  2967. [1, 4, 5, 8, 10, 12, 13, 17, 18, 19, 20, 21, 23, 24, 25]  Q:5 M:5 F:5
  2968. [1, 4, 5, 8, 10, 12, 13, 18, 19, 20, 21, 22, 23, 24, 25]  Q:5 M:5 F:5
  2969. [1, 4, 5, 8, 10, 13, 17, 18, 19, 20, 21, 22, 23, 24, 25]  Q:5 M:5 F:5
  2970. [1, 4, 5, 10, 12, 13, 17, 18, 19, 20, 21, 22, 23, 24, 25]  Q:5 M:5 F:5
  2971. [1, 4, 5, 8, 10, 12, 14, 15, 16, 17, 20, 21, 22, 23, 24]  Q:5 M:5 F:5
  2972. [1, 4, 5, 8, 10, 12, 14, 15, 16, 17, 20, 21, 22, 23, 25]  Q:5 M:5 F:5
  2973. [1, 4, 5, 8, 10, 12, 14, 15, 16, 17, 20, 21, 23, 24, 25]  Q:5 M:5 F:5
  2974. [1, 4, 5, 8, 10, 12, 14, 15, 16, 20, 21, 22, 23, 24, 25]  Q:5 M:5 F:5
  2975. [1, 4, 5, 8, 10, 14, 15, 16, 17, 20, 21, 22, 23, 24, 25]  Q:5 M:5 F:5
  2976. [1, 4, 5, 10, 12, 14, 15, 16, 17, 20, 21, 22, 23, 24, 25]  Q:5 M:5 F:5
  2977. [1, 4, 5, 8, 10, 12, 14, 15, 17, 18, 20, 21, 22, 23, 24]  Q:5 M:5 F:5
  2978. [1, 4, 5, 8, 10, 12, 14, 15, 17, 18, 20, 21, 22, 23, 25]  Q:5 M:5 F:5
  2979. [1, 4, 5, 8, 10, 12, 14, 15, 17, 18, 20, 21, 23, 24, 25]  Q:5 M:5 F:5
  2980. [1, 4, 5, 8, 10, 12, 14, 15, 18, 20, 21, 22, 23, 24, 25]  Q:5 M:5 F:5
  2981. [1, 4, 5, 8, 10, 14, 15, 17, 18, 20, 21, 22, 23, 24, 25]  Q:5 M:5 F:5
  2982. [1, 4, 5, 10, 12, 14, 15, 17, 18, 20, 21, 22, 23, 24, 25]  Q:5 M:5 F:5
  2983. [1, 4, 5, 8, 10, 12, 14, 15, 17, 19, 20, 21, 22, 23, 24]  Q:5 M:5 F:5
  2984. [1, 4, 5, 8, 10, 12, 14, 15, 17, 19, 20, 21, 22, 23, 25]  Q:5 M:5 F:5
  2985. [1, 4, 5, 8, 10, 12, 14, 15, 17, 19, 20, 21, 23, 24, 25]  Q:5 M:5 F:5
  2986. [1, 4, 5, 8, 10, 12, 14, 15, 19, 20, 21, 22, 23, 24, 25]  Q:5 M:5 F:5
  2987. [1, 4, 5, 8, 10, 14, 15, 17, 19, 20, 21, 22, 23, 24, 25]  Q:5 M:5 F:5
  2988. [1, 4, 5, 10, 12, 14, 15, 17, 19, 20, 21, 22, 23, 24, 25]  Q:5 M:5 F:5
  2989. [1, 4, 5, 8, 10, 12, 14, 16, 17, 18, 20, 21, 22, 23, 24]  Q:5 M:5 F:5
  2990. [1, 4, 5, 8, 10, 12, 14, 16, 17, 18, 20, 21, 22, 23, 25]  Q:5 M:5 F:5
  2991. [1, 4, 5, 8, 10, 12, 14, 16, 17, 18, 20, 21, 23, 24, 25]  Q:5 M:5 F:5
  2992. [1, 4, 5, 8, 10, 12, 14, 16, 18, 20, 21, 22, 23, 24, 25]  Q:5 M:5 F:5
  2993. [1, 4, 5, 8, 10, 14, 16, 17, 18, 20, 21, 22, 23, 24, 25]  Q:5 M:5 F:5
  2994. [1, 4, 5, 10, 12, 14, 16, 17, 18, 20, 21, 22, 23, 24, 25]  Q:5 M:5 F:5
  2995. [1, 4, 5, 8, 10, 12, 14, 16, 17, 19, 20, 21, 22, 23, 24]  Q:5 M:5 F:5
  2996. [1, 4, 5, 8, 10, 12, 14, 16, 17, 19, 20, 21, 22, 23, 25]  Q:5 M:5 F:5
  2997. [1, 4, 5, 8, 10, 12, 14, 16, 17, 19, 20, 21, 23, 24, 25]  Q:5 M:5 F:5
  2998. [1, 4, 5, 8, 10, 12, 14, 16, 19, 20, 21, 22, 23, 24, 25]  Q:5 M:5 F:5
  2999. [1, 4, 5, 8, 10, 14, 16, 17, 19, 20, 21, 22, 23, 24, 25]  Q:5 M:5 F:5
  3000. [1, 4, 5, 10, 12, 14, 16, 17, 19, 20, 21, 22, 23, 24, 25]  Q:5 M:5 F:5
  3001. [1, 4, 5, 8, 10, 12, 14, 17, 18, 19, 20, 21, 22, 23, 24]  Q:5 M:5 F:5
  3002. [1, 4, 5, 8, 10, 12, 14, 17, 18, 19, 20, 21, 22, 23, 25]  Q:5 M:5 F:5
  3003. [1, 4, 5, 8, 10, 12, 14, 17, 18, 19, 20, 21, 23, 24, 25]  Q:5 M:5 F:5
  3004. [1, 4, 5, 8, 10, 12, 14, 18, 19, 20, 21, 22, 23, 24, 25]  Q:5 M:5 F:5
  3005. [1, 4, 5, 8, 10, 14, 17, 18, 19, 20, 21, 22, 23, 24, 25]  Q:5 M:5 F:5
  3006. [1, 4, 5, 10, 12, 14, 17, 18, 19, 20, 21, 22, 23, 24, 25]  Q:5 M:5 F:5
  3007. [1, 4, 5, 8, 10, 12, 15, 16, 17, 18, 20, 21, 22, 23, 24]  Q:5 M:5 F:5
  3008. [1, 4, 5, 8, 10, 12, 15, 16, 17, 18, 20, 21, 22, 23, 25]  Q:5 M:5 F:5
  3009. [1, 4, 5, 8, 10, 12, 15, 16, 17, 18, 20, 21, 23, 24, 25]  Q:5 M:5 F:5
  3010. [1, 4, 5, 8, 10, 12, 15, 16, 18, 20, 21, 22, 23, 24, 25]  Q:5 M:5 F:5
  3011. [1, 4, 5, 8, 10, 15, 16, 17, 18, 20, 21, 22, 23, 24, 25]  Q:5 M:5 F:5
  3012. [1, 4, 5, 10, 12, 15, 16, 17, 18, 20, 21, 22, 23, 24, 25]  Q:5 M:5 F:5
  3013. [1, 4, 5, 8, 10, 12, 15, 16, 17, 19, 20, 21, 22, 23, 24]  Q:5 M:5 F:5
  3014. [1, 4, 5, 8, 10, 12, 15, 16, 17, 19, 20, 21, 22, 23, 25]  Q:5 M:5 F:5
  3015. [1, 4, 5, 8, 10, 12, 15, 16, 17, 19, 20, 21, 23, 24, 25]  Q:5 M:5 F:5
  3016. [1, 4, 5, 8, 10, 12, 15, 16, 19, 20, 21, 22, 23, 24, 25]  Q:5 M:5 F:5
  3017. [1, 4, 5, 8, 10, 15, 16, 17, 19, 20, 21, 22, 23, 24, 25]  Q:5 M:5 F:5
  3018. [1, 4, 5, 10, 12, 15, 16, 17, 19, 20, 21, 22, 23, 24, 25]  Q:5 M:5 F:5
  3019. [1, 4, 5, 8, 10, 12, 15, 17, 18, 19, 20, 21, 22, 23, 24]  Q:5 M:5 F:5
  3020. [1, 4, 5, 8, 10, 12, 15, 17, 18, 19, 20, 21, 22, 23, 25]  Q:5 M:5 F:5
  3021. [1, 4, 5, 8, 10, 12, 15, 17, 18, 19, 20, 21, 23, 24, 25]  Q:5 M:5 F:5
  3022. [1, 4, 5, 8, 10, 12, 15, 18, 19, 20, 21, 22, 23, 24, 25]  Q:5 M:5 F:5
  3023. [1, 4, 5, 8, 10, 15, 17, 18, 19, 20, 21, 22, 23, 24, 25]  Q:5 M:5 F:5
  3024. [1, 4, 5, 10, 12, 15, 17, 18, 19, 20, 21, 22, 23, 24, 25]  Q:5 M:5 F:5
  3025. [1, 4, 5, 8, 10, 12, 16, 17, 18, 19, 20, 21, 22, 23, 24]  Q:5 M:5 F:5
  3026. [1, 4, 5, 8, 10, 12, 16, 17, 18, 19, 20, 21, 22, 23, 25]  Q:5 M:5 F:5
  3027. [1, 4, 5, 8, 10, 12, 16, 17, 18, 19, 20, 21, 23, 24, 25]  Q:5 M:5 F:5
  3028. [1, 4, 5, 8, 10, 12, 16, 18, 19, 20, 21, 22, 23, 24, 25]  Q:5 M:5 F:5
  3029. [1, 4, 5, 8, 10, 16, 17, 18, 19, 20, 21, 22, 23, 24, 25]  Q:5 M:5 F:5
  3030. [1, 4, 5, 10, 12, 16, 17, 18, 19, 20, 21, 22, 23, 24, 25]  Q:5 M:5 F:5
  3031. [1, 5, 6, 7, 8, 9, 10, 11, 12, 17, 20, 21, 22, 23, 24]   Q:5 M:5 F:5
  3032. [1, 5, 6, 7, 8, 9, 10, 11, 12, 17, 20, 21, 22, 23, 25]   Q:5 M:5 F:5
  3033. [1, 5, 6, 7, 8, 9, 10, 11, 12, 17, 20, 21, 23, 24, 25]   Q:5 M:5 F:5
  3034. [1, 5, 6, 7, 8, 9, 10, 11, 12, 20, 21, 22, 23, 24, 25]   Q:5 M:5 F:5
  3035. [1, 5, 6, 7, 8, 9, 10, 11, 17, 20, 21, 22, 23, 24, 25]   Q:5 M:5 F:5
  3036. [1, 5, 6, 7, 9, 10, 11, 12, 17, 20, 21, 22, 23, 24, 25]  Q:5 M:5 F:5
  3037. [1, 5, 6, 7, 8, 9, 10, 12, 13, 17, 20, 21, 22, 23, 24]   Q:5 M:5 F:5
  3038. [1, 5, 6, 7, 8, 9, 10, 12, 13, 17, 20, 21, 22, 23, 25]   Q:5 M:5 F:5
  3039. [1, 5, 6, 7, 8, 9, 10, 12, 13, 17, 20, 21, 23, 24, 25]   Q:5 M:5 F:5
  3040. [1, 5, 6, 7, 8, 9, 10, 12, 13, 20, 21, 22, 23, 24, 25]   Q:5 M:5 F:5
  3041. [1, 5, 6, 7, 8, 9, 10, 13, 17, 20, 21, 22, 23, 24, 25]   Q:5 M:5 F:5
  3042. [1, 5, 6, 7, 9, 10, 12, 13, 17, 20, 21, 22, 23, 24, 25]  Q:5 M:5 F:5
  3043. [1, 5, 6, 7, 8, 9, 10, 12, 14, 17, 20, 21, 22, 23, 24]   Q:5 M:5 F:5
  3044. [1, 5, 6, 7, 8, 9, 10, 12, 14, 17, 20, 21, 22, 23, 25]   Q:5 M:5 F:5
  3045. [1, 5, 6, 7, 8, 9, 10, 12, 14, 17, 20, 21, 23, 24, 25]   Q:5 M:5 F:5
  3046. [1, 5, 6, 7, 8, 9, 10, 12, 14, 20, 21, 22, 23, 24, 25]   Q:5 M:5 F:5
  3047. [1, 5, 6, 7, 8, 9, 10, 14, 17, 20, 21, 22, 23, 24, 25]   Q:5 M:5 F:5
  3048. [1, 5, 6, 7, 9, 10, 12, 14, 17, 20, 21, 22, 23, 24, 25]  Q:5 M:5 F:5
  3049. [1, 5, 6, 7, 8, 9, 10, 12, 15, 17, 20, 21, 22, 23, 24]   Q:5 M:5 F:5
  3050. [1, 5, 6, 7, 8, 9, 10, 12, 15, 17, 20, 21, 22, 23, 25]   Q:5 M:5 F:5
  3051. [1, 5, 6, 7, 8, 9, 10, 12, 15, 17, 20, 21, 23, 24, 25]   Q:5 M:5 F:5
  3052. [1, 5, 6, 7, 8, 9, 10, 12, 15, 20, 21, 22, 23, 24, 25]   Q:5 M:5 F:5
  3053. [1, 5, 6, 7, 8, 9, 10, 15, 17, 20, 21, 22, 23, 24, 25]   Q:5 M:5 F:5
  3054. [1, 5, 6, 7, 9, 10, 12, 15, 17, 20, 21, 22, 23, 24, 25]  Q:5 M:5 F:5
  3055. [1, 5, 6, 7, 8, 9, 10, 12, 16, 17, 20, 21, 22, 23, 24]   Q:5 M:5 F:5
  3056. [1, 5, 6, 7, 8, 9, 10, 12, 16, 17, 20, 21, 22, 23, 25]   Q:5 M:5 F:5
  3057. [1, 5, 6, 7, 8, 9, 10, 12, 16, 17, 20, 21, 23, 24, 25]   Q:5 M:5 F:5
  3058. [1, 5, 6, 7, 8, 9, 10, 12, 16, 20, 21, 22, 23, 24, 25]   Q:5 M:5 F:5
  3059. [1, 5, 6, 7, 8, 9, 10, 16, 17, 20, 21, 22, 23, 24, 25]   Q:5 M:5 F:5
  3060. [1, 5, 6, 7, 9, 10, 12, 16, 17, 20, 21, 22, 23, 24, 25]  Q:5 M:5 F:5
  3061. [1, 5, 6, 7, 8, 9, 10, 12, 17, 18, 20, 21, 22, 23, 24]   Q:5 M:5 F:5
  3062. [1, 5, 6, 7, 8, 9, 10, 12, 17, 18, 20, 21, 22, 23, 25]   Q:5 M:5 F:5
  3063. [1, 5, 6, 7, 8, 9, 10, 12, 17, 18, 20, 21, 23, 24, 25]   Q:5 M:5 F:5
  3064. [1, 5, 6, 7, 8, 9, 10, 12, 18, 20, 21, 22, 23, 24, 25]   Q:5 M:5 F:5
  3065. [1, 5, 6, 7, 8, 9, 10, 17, 18, 20, 21, 22, 23, 24, 25]   Q:5 M:5 F:5
  3066. [1, 5, 6, 7, 9, 10, 12, 17, 18, 20, 21, 22, 23, 24, 25]  Q:5 M:5 F:5
  3067. [1, 5, 6, 7, 8, 9, 10, 12, 17, 19, 20, 21, 22, 23, 24]   Q:5 M:5 F:5
  3068. [1, 5, 6, 7, 8, 9, 10, 12, 17, 19, 20, 21, 22, 23, 25]   Q:5 M:5 F:5
  3069. [1, 5, 6, 7, 8, 9, 10, 12, 17, 19, 20, 21, 23, 24, 25]   Q:5 M:5 F:5
  3070. [1, 5, 6, 7, 8, 9, 10, 12, 19, 20, 21, 22, 23, 24, 25]   Q:5 M:5 F:5
  3071. [1, 5, 6, 7, 8, 9, 10, 17, 19, 20, 21, 22, 23, 24, 25]   Q:5 M:5 F:5
  3072. [1, 5, 6, 7, 9, 10, 12, 17, 19, 20, 21, 22, 23, 24, 25]  Q:5 M:5 F:5
  3073. [1, 5, 6, 7, 8, 10, 11, 12, 13, 17, 20, 21, 22, 23, 24]  Q:5 M:5 F:5
  3074. [1, 5, 6, 7, 8, 10, 11, 12, 13, 17, 20, 21, 22, 23, 25]  Q:5 M:5 F:5
  3075. [1, 5, 6, 7, 8, 10, 11, 12, 13, 17, 20, 21, 23, 24, 25]  Q:5 M:5 F:5
  3076. [1, 5, 6, 7, 8, 10, 11, 12, 13, 20, 21, 22, 23, 24, 25]  Q:5 M:5 F:5
  3077. [1, 5, 6, 7, 8, 10, 11, 13, 17, 20, 21, 22, 23, 24, 25]  Q:5 M:5 F:5
  3078. [1, 5, 6, 7, 10, 11, 12, 13, 17, 20, 21, 22, 23, 24, 25]  Q:5 M:5 F:5
  3079. [1, 5, 6, 7, 8, 10, 11, 12, 14, 17, 20, 21, 22, 23, 24]  Q:5 M:5 F:5
  3080. [1, 5, 6, 7, 8, 10, 11, 12, 14, 17, 20, 21, 22, 23, 25]  Q:5 M:5 F:5
  3081. [1, 5, 6, 7, 8, 10, 11, 12, 14, 17, 20, 21, 23, 24, 25]  Q:5 M:5 F:5
  3082. [1, 5, 6, 7, 8, 10, 11, 12, 14, 20, 21, 22, 23, 24, 25]  Q:5 M:5 F:5
  3083. [1, 5, 6, 7, 8, 10, 11, 14, 17, 20, 21, 22, 23, 24, 25]  Q:5 M:5 F:5
  3084. [1, 5, 6, 7, 10, 11, 12, 14, 17, 20, 21, 22, 23, 24, 25]  Q:5 M:5 F:5
  3085. [1, 5, 6, 7, 8, 10, 11, 12, 15, 17, 20, 21, 22, 23, 24]  Q:5 M:5 F:5
  3086. [1, 5, 6, 7, 8, 10, 11, 12, 15, 17, 20, 21, 22, 23, 25]  Q:5 M:5 F:5
  3087. [1, 5, 6, 7, 8, 10, 11, 12, 15, 17, 20, 21, 23, 24, 25]  Q:5 M:5 F:5
  3088. [1, 5, 6, 7, 8, 10, 11, 12, 15, 20, 21, 22, 23, 24, 25]  Q:5 M:5 F:5
  3089. [1, 5, 6, 7, 8, 10, 11, 15, 17, 20, 21, 22, 23, 24, 25]  Q:5 M:5 F:5
  3090. [1, 5, 6, 7, 10, 11, 12, 15, 17, 20, 21, 22, 23, 24, 25]  Q:5 M:5 F:5
  3091. [1, 5, 6, 7, 8, 10, 11, 12, 16, 17, 20, 21, 22, 23, 24]  Q:5 M:5 F:5
  3092. [1, 5, 6, 7, 8, 10, 11, 12, 16, 17, 20, 21, 22, 23, 25]  Q:5 M:5 F:5
  3093. [1, 5, 6, 7, 8, 10, 11, 12, 16, 17, 20, 21, 23, 24, 25]  Q:5 M:5 F:5
  3094. [1, 5, 6, 7, 8, 10, 11, 12, 16, 20, 21, 22, 23, 24, 25]  Q:5 M:5 F:5
  3095. [1, 5, 6, 7, 8, 10, 11, 16, 17, 20, 21, 22, 23, 24, 25]  Q:5 M:5 F:5
  3096. [1, 5, 6, 7, 10, 11, 12, 16, 17, 20, 21, 22, 23, 24, 25]  Q:5 M:5 F:5
  3097. [1, 5, 6, 7, 8, 10, 11, 12, 17, 18, 20, 21, 22, 23, 24]  Q:5 M:5 F:5
  3098. [1, 5, 6, 7, 8, 10, 11, 12, 17, 18, 20, 21, 22, 23, 25]  Q:5 M:5 F:5
  3099. [1, 5, 6, 7, 8, 10, 11, 12, 17, 18, 20, 21, 23, 24, 25]  Q:5 M:5 F:5
  3100. [1, 5, 6, 7, 8, 10, 11, 12, 18, 20, 21, 22, 23, 24, 25]  Q:5 M:5 F:5
  3101. [1, 5, 6, 7, 8, 10, 11, 17, 18, 20, 21, 22, 23, 24, 25]  Q:5 M:5 F:5
  3102. [1, 5, 6, 7, 10, 11, 12, 17, 18, 20, 21, 22, 23, 24, 25]  Q:5 M:5 F:5
  3103. [1, 5, 6, 7, 8, 10, 11, 12, 17, 19, 20, 21, 22, 23, 24]  Q:5 M:5 F:5
  3104. [1, 5, 6, 7, 8, 10, 11, 12, 17, 19, 20, 21, 22, 23, 25]  Q:5 M:5 F:5
  3105. [1, 5, 6, 7, 8, 10, 11, 12, 17, 19, 20, 21, 23, 24, 25]  Q:5 M:5 F:5
  3106. [1, 5, 6, 7, 8, 10, 11, 12, 19, 20, 21, 22, 23, 24, 25]  Q:5 M:5 F:5
  3107. [1, 5, 6, 7, 8, 10, 11, 17, 19, 20, 21, 22, 23, 24, 25]  Q:5 M:5 F:5
  3108. [1, 5, 6, 7, 10, 11, 12, 17, 19, 20, 21, 22, 23, 24, 25]  Q:5 M:5 F:5
  3109. [1, 5, 6, 7, 8, 10, 12, 13, 14, 17, 20, 21, 22, 23, 24]  Q:5 M:5 F:5
  3110. [1, 5, 6, 7, 8, 10, 12, 13, 14, 17, 20, 21, 22, 23, 25]  Q:5 M:5 F:5
  3111. [1, 5, 6, 7, 8, 10, 12, 13, 14, 17, 20, 21, 23, 24, 25]  Q:5 M:5 F:5
  3112. [1, 5, 6, 7, 8, 10, 12, 13, 14, 20, 21, 22, 23, 24, 25]  Q:5 M:5 F:5
  3113. [1, 5, 6, 7, 8, 10, 13, 14, 17, 20, 21, 22, 23, 24, 25]  Q:5 M:5 F:5
  3114. [1, 5, 6, 7, 10, 12, 13, 14, 17, 20, 21, 22, 23, 24, 25]  Q:5 M:5 F:5
  3115. [1, 5, 6, 7, 8, 10, 12, 13, 15, 17, 20, 21, 22, 23, 24]  Q:5 M:5 F:5
  3116. [1, 5, 6, 7, 8, 10, 12, 13, 15, 17, 20, 21, 22, 23, 25]  Q:5 M:5 F:5
  3117. [1, 5, 6, 7, 8, 10, 12, 13, 15, 17, 20, 21, 23, 24, 25]  Q:5 M:5 F:5
  3118. [1, 5, 6, 7, 8, 10, 12, 13, 15, 20, 21, 22, 23, 24, 25]  Q:5 M:5 F:5
  3119. [1, 5, 6, 7, 8, 10, 13, 15, 17, 20, 21, 22, 23, 24, 25]  Q:5 M:5 F:5
  3120. [1, 5, 6, 7, 10, 12, 13, 15, 17, 20, 21, 22, 23, 24, 25]  Q:5 M:5 F:5
  3121. [1, 5, 6, 7, 8, 10, 12, 13, 16, 17, 20, 21, 22, 23, 24]  Q:5 M:5 F:5
  3122. [1, 5, 6, 7, 8, 10, 12, 13, 16, 17, 20, 21, 22, 23, 25]  Q:5 M:5 F:5
  3123. [1, 5, 6, 7, 8, 10, 12, 13, 16, 17, 20, 21, 23, 24, 25]  Q:5 M:5 F:5
  3124. [1, 5, 6, 7, 8, 10, 12, 13, 16, 20, 21, 22, 23, 24, 25]  Q:5 M:5 F:5
  3125. [1, 5, 6, 7, 8, 10, 13, 16, 17, 20, 21, 22, 23, 24, 25]  Q:5 M:5 F:5
  3126. [1, 5, 6, 7, 10, 12, 13, 16, 17, 20, 21, 22, 23, 24, 25]  Q:5 M:5 F:5
  3127. [1, 5, 6, 7, 8, 10, 12, 13, 17, 18, 20, 21, 22, 23, 24]  Q:5 M:5 F:5
  3128. [1, 5, 6, 7, 8, 10, 12, 13, 17, 18, 20, 21, 22, 23, 25]  Q:5 M:5 F:5
  3129. [1, 5, 6, 7, 8, 10, 12, 13, 17, 18, 20, 21, 23, 24, 25]  Q:5 M:5 F:5
  3130. [1, 5, 6, 7, 8, 10, 12, 13, 18, 20, 21, 22, 23, 24, 25]  Q:5 M:5 F:5
  3131. [1, 5, 6, 7, 8, 10, 13, 17, 18, 20, 21, 22, 23, 24, 25]  Q:5 M:5 F:5
  3132. [1, 5, 6, 7, 10, 12, 13, 17, 18, 20, 21, 22, 23, 24, 25]  Q:5 M:5 F:5
  3133. [1, 5, 6, 7, 8, 10, 12, 13, 17, 19, 20, 21, 22, 23, 24]  Q:5 M:5 F:5
  3134. [1, 5, 6, 7, 8, 10, 12, 13, 17, 19, 20, 21, 22, 23, 25]  Q:5 M:5 F:5
  3135. [1, 5, 6, 7, 8, 10, 12, 13, 17, 19, 20, 21, 23, 24, 25]  Q:5 M:5 F:5
  3136. [1, 5, 6, 7, 8, 10, 12, 13, 19, 20, 21, 22, 23, 24, 25]  Q:5 M:5 F:5
  3137. [1, 5, 6, 7, 8, 10, 13, 17, 19, 20, 21, 22, 23, 24, 25]  Q:5 M:5 F:5
  3138. [1, 5, 6, 7, 10, 12, 13, 17, 19, 20, 21, 22, 23, 24, 25]  Q:5 M:5 F:5
  3139. [1, 5, 6, 7, 8, 10, 12, 14, 15, 17, 20, 21, 22, 23, 24]  Q:5 M:5 F:5
  3140. [1, 5, 6, 7, 8, 10, 12, 14, 15, 17, 20, 21, 22, 23, 25]  Q:5 M:5 F:5
  3141. [1, 5, 6, 7, 8, 10, 12, 14, 15, 17, 20, 21, 23, 24, 25]  Q:5 M:5 F:5
  3142. [1, 5, 6, 7, 8, 10, 12, 14, 15, 20, 21, 22, 23, 24, 25]  Q:5 M:5 F:5
  3143. [1, 5, 6, 7, 8, 10, 14, 15, 17, 20, 21, 22, 23, 24, 25]  Q:5 M:5 F:5
  3144. [1, 5, 6, 7, 10, 12, 14, 15, 17, 20, 21, 22, 23, 24, 25]  Q:5 M:5 F:5
  3145. [1, 5, 6, 7, 8, 10, 12, 14, 16, 17, 20, 21, 22, 23, 24]  Q:5 M:5 F:5
  3146. [1, 5, 6, 7, 8, 10, 12, 14, 16, 17, 20, 21, 22, 23, 25]  Q:5 M:5 F:5
  3147. [1, 5, 6, 7, 8, 10, 12, 14, 16, 17, 20, 21, 23, 24, 25]  Q:5 M:5 F:5
  3148. [1, 5, 6, 7, 8, 10, 12, 14, 16, 20, 21, 22, 23, 24, 25]  Q:5 M:5 F:5
  3149. [1, 5, 6, 7, 8, 10, 14, 16, 17, 20, 21, 22, 23, 24, 25]  Q:5 M:5 F:5
  3150. [1, 5, 6, 7, 10, 12, 14, 16, 17, 20, 21, 22, 23, 24, 25]  Q:5 M:5 F:5
  3151. [1, 5, 6, 7, 8, 10, 12, 14, 17, 18, 20, 21, 22, 23, 24]  Q:5 M:5 F:5
  3152. [1, 5, 6, 7, 8, 10, 12, 14, 17, 18, 20, 21, 22, 23, 25]  Q:5 M:5 F:5
  3153. [1, 5, 6, 7, 8, 10, 12, 14, 17, 18, 20, 21, 23, 24, 25]  Q:5 M:5 F:5
  3154. [1, 5, 6, 7, 8, 10, 12, 14, 18, 20, 21, 22, 23, 24, 25]  Q:5 M:5 F:5
  3155. [1, 5, 6, 7, 8, 10, 14, 17, 18, 20, 21, 22, 23, 24, 25]  Q:5 M:5 F:5
  3156. [1, 5, 6, 7, 10, 12, 14, 17, 18, 20, 21, 22, 23, 24, 25]  Q:5 M:5 F:5
  3157. [1, 5, 6, 7, 8, 10, 12, 14, 17, 19, 20, 21, 22, 23, 24]  Q:5 M:5 F:5
  3158. [1, 5, 6, 7, 8, 10, 12, 14, 17, 19, 20, 21, 22, 23, 25]  Q:5 M:5 F:5
  3159. [1, 5, 6, 7, 8, 10, 12, 14, 17, 19, 20, 21, 23, 24, 25]  Q:5 M:5 F:5
  3160. [1, 5, 6, 7, 8, 10, 12, 14, 19, 20, 21, 22, 23, 24, 25]  Q:5 M:5 F:5
  3161. [1, 5, 6, 7, 8, 10, 14, 17, 19, 20, 21, 22, 23, 24, 25]  Q:5 M:5 F:5
  3162. [1, 5, 6, 7, 10, 12, 14, 17, 19, 20, 21, 22, 23, 24, 25]  Q:5 M:5 F:5
  3163. [1, 5, 6, 7, 8, 10, 12, 15, 16, 17, 20, 21, 22, 23, 24]  Q:5 M:5 F:5
  3164. [1, 5, 6, 7, 8, 10, 12, 15, 16, 17, 20, 21, 22, 23, 25]  Q:5 M:5 F:5
  3165. [1, 5, 6, 7, 8, 10, 12, 15, 16, 17, 20, 21, 23, 24, 25]  Q:5 M:5 F:5
  3166. [1, 5, 6, 7, 8, 10, 12, 15, 16, 20, 21, 22, 23, 24, 25]  Q:5 M:5 F:5
  3167. [1, 5, 6, 7, 8, 10, 15, 16, 17, 20, 21, 22, 23, 24, 25]  Q:5 M:5 F:5
  3168. [1, 5, 6, 7, 10, 12, 15, 16, 17, 20, 21, 22, 23, 24, 25]  Q:5 M:5 F:5
  3169. [1, 5, 6, 7, 8, 10, 12, 15, 17, 18, 20, 21, 22, 23, 24]  Q:5 M:5 F:5
  3170. [1, 5, 6, 7, 8, 10, 12, 15, 17, 18, 20, 21, 22, 23, 25]  Q:5 M:5 F:5
  3171. [1, 5, 6, 7, 8, 10, 12, 15, 17, 18, 20, 21, 23, 24, 25]  Q:5 M:5 F:5
  3172. [1, 5, 6, 7, 8, 10, 12, 15, 18, 20, 21, 22, 23, 24, 25]  Q:5 M:5 F:5
  3173. [1, 5, 6, 7, 8, 10, 15, 17, 18, 20, 21, 22, 23, 24, 25]  Q:5 M:5 F:5
  3174. [1, 5, 6, 7, 10, 12, 15, 17, 18, 20, 21, 22, 23, 24, 25]  Q:5 M:5 F:5
  3175. [1, 5, 6, 7, 8, 10, 12, 15, 17, 19, 20, 21, 22, 23, 24]  Q:5 M:5 F:5
  3176. [1, 5, 6, 7, 8, 10, 12, 15, 17, 19, 20, 21, 22, 23, 25]  Q:5 M:5 F:5
  3177. [1, 5, 6, 7, 8, 10, 12, 15, 17, 19, 20, 21, 23, 24, 25]  Q:5 M:5 F:5
  3178. [1, 5, 6, 7, 8, 10, 12, 15, 19, 20, 21, 22, 23, 24, 25]  Q:5 M:5 F:5
  3179. [1, 5, 6, 7, 8, 10, 15, 17, 19, 20, 21, 22, 23, 24, 25]  Q:5 M:5 F:5
  3180. [1, 5, 6, 7, 10, 12, 15, 17, 19, 20, 21, 22, 23, 24, 25]  Q:5 M:5 F:5
  3181. [1, 5, 6, 7, 8, 10, 12, 16, 17, 18, 20, 21, 22, 23, 24]  Q:5 M:5 F:5
  3182. [1, 5, 6, 7, 8, 10, 12, 16, 17, 18, 20, 21, 22, 23, 25]  Q:5 M:5 F:5
  3183. [1, 5, 6, 7, 8, 10, 12, 16, 17, 18, 20, 21, 23, 24, 25]  Q:5 M:5 F:5
  3184. [1, 5, 6, 7, 8, 10, 12, 16, 18, 20, 21, 22, 23, 24, 25]  Q:5 M:5 F:5
  3185. [1, 5, 6, 7, 8, 10, 16, 17, 18, 20, 21, 22, 23, 24, 25]  Q:5 M:5 F:5
  3186. [1, 5, 6, 7, 10, 12, 16, 17, 18, 20, 21, 22, 23, 24, 25]  Q:5 M:5 F:5
  3187. [1, 5, 6, 7, 8, 10, 12, 16, 17, 19, 20, 21, 22, 23, 24]  Q:5 M:5 F:5
  3188. [1, 5, 6, 7, 8, 10, 12, 16, 17, 19, 20, 21, 22, 23, 25]  Q:5 M:5 F:5
  3189. [1, 5, 6, 7, 8, 10, 12, 16, 17, 19, 20, 21, 23, 24, 25]  Q:5 M:5 F:5
  3190. [1, 5, 6, 7, 8, 10, 12, 16, 19, 20, 21, 22, 23, 24, 25]  Q:5 M:5 F:5
  3191. [1, 5, 6, 7, 8, 10, 16, 17, 19, 20, 21, 22, 23, 24, 25]  Q:5 M:5 F:5
  3192. [1, 5, 6, 7, 10, 12, 16, 17, 19, 20, 21, 22, 23, 24, 25]  Q:5 M:5 F:5
  3193. [1, 5, 6, 7, 8, 10, 12, 17, 18, 19, 20, 21, 22, 23, 24]  Q:5 M:5 F:5
  3194. [1, 5, 6, 7, 8, 10, 12, 17, 18, 19, 20, 21, 22, 23, 25]  Q:5 M:5 F:5
  3195. [1, 5, 6, 7, 8, 10, 12, 17, 18, 19, 20, 21, 23, 24, 25]  Q:5 M:5 F:5
  3196. [1, 5, 6, 7, 8, 10, 12, 18, 19, 20, 21, 22, 23, 24, 25]  Q:5 M:5 F:5
  3197. [1, 5, 6, 7, 8, 10, 17, 18, 19, 20, 21, 22, 23, 24, 25]  Q:5 M:5 F:5
  3198. [1, 5, 6, 7, 10, 12, 17, 18, 19, 20, 21, 22, 23, 24, 25]  Q:5 M:5 F:5
  3199. [1, 5, 6, 8, 9, 10, 11, 12, 13, 17, 20, 21, 22, 23, 24]  Q:5 M:5 F:5
  3200. [1, 5, 6, 8, 9, 10, 11, 12, 13, 17, 20, 21, 22, 23, 25]  Q:5 M:5 F:5
  3201. [1, 5, 6, 8, 9, 10, 11, 12, 13, 17, 20, 21, 23, 24, 25]  Q:5 M:5 F:5
  3202. [1, 5, 6, 8, 9, 10, 11, 12, 13, 20, 21, 22, 23, 24, 25]  Q:5 M:5 F:5
  3203. [1, 5, 6, 8, 9, 10, 11, 13, 17, 20, 21, 22, 23, 24, 25]  Q:5 M:5 F:5
  3204. [1, 5, 6, 9, 10, 11, 12, 13, 17, 20, 21, 22, 23, 24, 25]  Q:5 M:5 F:5
  3205. [1, 5, 6, 8, 9, 10, 11, 12, 14, 17, 20, 21, 22, 23, 24]  Q:5 M:5 F:5
  3206. [1, 5, 6, 8, 9, 10, 11, 12, 14, 17, 20, 21, 22, 23, 25]  Q:5 M:5 F:5
  3207. [1, 5, 6, 8, 9, 10, 11, 12, 14, 17, 20, 21, 23, 24, 25]  Q:5 M:5 F:5
  3208. [1, 5, 6, 8, 9, 10, 11, 12, 14, 20, 21, 22, 23, 24, 25]  Q:5 M:5 F:5
  3209. [1, 5, 6, 8, 9, 10, 11, 14, 17, 20, 21, 22, 23, 24, 25]  Q:5 M:5 F:5
  3210. [1, 5, 6, 9, 10, 11, 12, 14, 17, 20, 21, 22, 23, 24, 25]  Q:5 M:5 F:5
  3211. [1, 5, 6, 8, 9, 10, 11, 12, 15, 17, 20, 21, 22, 23, 24]  Q:5 M:5 F:5
  3212. [1, 5, 6, 8, 9, 10, 11, 12, 15, 17, 20, 21, 22, 23, 25]  Q:5 M:5 F:5
  3213. [1, 5, 6, 8, 9, 10, 11, 12, 15, 17, 20, 21, 23, 24, 25]  Q:5 M:5 F:5
  3214. [1, 5, 6, 8, 9, 10, 11, 12, 15, 20, 21, 22, 23, 24, 25]  Q:5 M:5 F:5
  3215. [1, 5, 6, 8, 9, 10, 11, 15, 17, 20, 21, 22, 23, 24, 25]  Q:5 M:5 F:5
  3216. [1, 5, 6, 9, 10, 11, 12, 15, 17, 20, 21, 22, 23, 24, 25]  Q:5 M:5 F:5
  3217. [1, 5, 6, 8, 9, 10, 11, 12, 16, 17, 20, 21, 22, 23, 24]  Q:5 M:5 F:5
  3218. [1, 5, 6, 8, 9, 10, 11, 12, 16, 17, 20, 21, 22, 23, 25]  Q:5 M:5 F:5
  3219. [1, 5, 6, 8, 9, 10, 11, 12, 16, 17, 20, 21, 23, 24, 25]  Q:5 M:5 F:5
  3220. [1, 5, 6, 8, 9, 10, 11, 12, 16, 20, 21, 22, 23, 24, 25]  Q:5 M:5 F:5
  3221. [1, 5, 6, 8, 9, 10, 11, 16, 17, 20, 21, 22, 23, 24, 25]  Q:5 M:5 F:5
  3222. [1, 5, 6, 9, 10, 11, 12, 16, 17, 20, 21, 22, 23, 24, 25]  Q:5 M:5 F:5
  3223. [1, 5, 6, 8, 9, 10, 11, 12, 17, 18, 20, 21, 22, 23, 24]  Q:5 M:5 F:5
  3224. [1, 5, 6, 8, 9, 10, 11, 12, 17, 18, 20, 21, 22, 23, 25]  Q:5 M:5 F:5
  3225. [1, 5, 6, 8, 9, 10, 11, 12, 17, 18, 20, 21, 23, 24, 25]  Q:5 M:5 F:5
  3226. [1, 5, 6, 8, 9, 10, 11, 12, 18, 20, 21, 22, 23, 24, 25]  Q:5 M:5 F:5
  3227. [1, 5, 6, 8, 9, 10, 11, 17, 18, 20, 21, 22, 23, 24, 25]  Q:5 M:5 F:5
  3228. [1, 5, 6, 9, 10, 11, 12, 17, 18, 20, 21, 22, 23, 24, 25]  Q:5 M:5 F:5
  3229. [1, 5, 6, 8, 9, 10, 11, 12, 17, 19, 20, 21, 22, 23, 24]  Q:5 M:5 F:5
  3230. [1, 5, 6, 8, 9, 10, 11, 12, 17, 19, 20, 21, 22, 23, 25]  Q:5 M:5 F:5
  3231. [1, 5, 6, 8, 9, 10, 11, 12, 17, 19, 20, 21, 23, 24, 25]  Q:5 M:5 F:5
  3232. [1, 5, 6, 8, 9, 10, 11, 12, 19, 20, 21, 22, 23, 24, 25]  Q:5 M:5 F:5
  3233. [1, 5, 6, 8, 9, 10, 11, 17, 19, 20, 21, 22, 23, 24, 25]  Q:5 M:5 F:5
  3234. [1, 5, 6, 9, 10, 11, 12, 17, 19, 20, 21, 22, 23, 24, 25]  Q:5 M:5 F:5
  3235. [1, 5, 6, 8, 9, 10, 12, 13, 14, 17, 20, 21, 22, 23, 24]  Q:5 M:5 F:5
  3236. [1, 5, 6, 8, 9, 10, 12, 13, 14, 17, 20, 21, 22, 23, 25]  Q:5 M:5 F:5
  3237. [1, 5, 6, 8, 9, 10, 12, 13, 14, 17, 20, 21, 23, 24, 25]  Q:5 M:5 F:5
  3238. [1, 5, 6, 8, 9, 10, 12, 13, 14, 20, 21, 22, 23, 24, 25]  Q:5 M:5 F:5
  3239. [1, 5, 6, 8, 9, 10, 13, 14, 17, 20, 21, 22, 23, 24, 25]  Q:5 M:5 F:5
  3240. [1, 5, 6, 9, 10, 12, 13, 14, 17, 20, 21, 22, 23, 24, 25]  Q:5 M:5 F:5
  3241. [1, 5, 6, 8, 9, 10, 12, 13, 15, 17, 20, 21, 22, 23, 24]  Q:5 M:5 F:5
  3242. [1, 5, 6, 8, 9, 10, 12, 13, 15, 17, 20, 21, 22, 23, 25]  Q:5 M:5 F:5
  3243. [1, 5, 6, 8, 9, 10, 12, 13, 15, 17, 20, 21, 23, 24, 25]  Q:5 M:5 F:5
  3244. [1, 5, 6, 8, 9, 10, 12, 13, 15, 20, 21, 22, 23, 24, 25]  Q:5 M:5 F:5
  3245. [1, 5, 6, 8, 9, 10, 13, 15, 17, 20, 21, 22, 23, 24, 25]  Q:5 M:5 F:5
  3246. [1, 5, 6, 9, 10, 12, 13, 15, 17, 20, 21, 22, 23, 24, 25]  Q:5 M:5 F:5
  3247. [1, 5, 6, 8, 9, 10, 12, 13, 16, 17, 20, 21, 22, 23, 24]  Q:5 M:5 F:5
  3248. [1, 5, 6, 8, 9, 10, 12, 13, 16, 17, 20, 21, 22, 23, 25]  Q:5 M:5 F:5
  3249. [1, 5, 6, 8, 9, 10, 12, 13, 16, 17, 20, 21, 23, 24, 25]  Q:5 M:5 F:5
  3250. [1, 5, 6, 8, 9, 10, 12, 13, 16, 20, 21, 22, 23, 24, 25]  Q:5 M:5 F:5
  3251. [1, 5, 6, 8, 9, 10, 13, 16, 17, 20, 21, 22, 23, 24, 25]  Q:5 M:5 F:5
  3252. [1, 5, 6, 9, 10, 12, 13, 16, 17, 20, 21, 22, 23, 24, 25]  Q:5 M:5 F:5
  3253. [1, 5, 6, 8, 9, 10, 12, 13, 17, 18, 20, 21, 22, 23, 24]  Q:5 M:5 F:5
  3254. [1, 5, 6, 8, 9, 10, 12, 13, 17, 18, 20, 21, 22, 23, 25]  Q:5 M:5 F:5
  3255. [1, 5, 6, 8, 9, 10, 12, 13, 17, 18, 20, 21, 23, 24, 25]  Q:5 M:5 F:5
  3256. [1, 5, 6, 8, 9, 10, 12, 13, 18, 20, 21, 22, 23, 24, 25]  Q:5 M:5 F:5
  3257. [1, 5, 6, 8, 9, 10, 13, 17, 18, 20, 21, 22, 23, 24, 25]  Q:5 M:5 F:5
  3258. [1, 5, 6, 9, 10, 12, 13, 17, 18, 20, 21, 22, 23, 24, 25]  Q:5 M:5 F:5
  3259. [1, 5, 6, 8, 9, 10, 12, 13, 17, 19, 20, 21, 22, 23, 24]  Q:5 M:5 F:5
  3260. [1, 5, 6, 8, 9, 10, 12, 13, 17, 19, 20, 21, 22, 23, 25]  Q:5 M:5 F:5
  3261. [1, 5, 6, 8, 9, 10, 12, 13, 17, 19, 20, 21, 23, 24, 25]  Q:5 M:5 F:5
  3262. [1, 5, 6, 8, 9, 10, 12, 13, 19, 20, 21, 22, 23, 24, 25]  Q:5 M:5 F:5
  3263. [1, 5, 6, 8, 9, 10, 13, 17, 19, 20, 21, 22, 23, 24, 25]  Q:5 M:5 F:5
  3264. [1, 5, 6, 9, 10, 12, 13, 17, 19, 20, 21, 22, 23, 24, 25]  Q:5 M:5 F:5
  3265. [1, 5, 6, 8, 9, 10, 12, 14, 15, 17, 20, 21, 22, 23, 24]  Q:5 M:5 F:5
  3266. [1, 5, 6, 8, 9, 10, 12, 14, 15, 17, 20, 21, 22, 23, 25]  Q:5 M:5 F:5
  3267. [1, 5, 6, 8, 9, 10, 12, 14, 15, 17, 20, 21, 23, 24, 25]  Q:5 M:5 F:5
  3268. [1, 5, 6, 8, 9, 10, 12, 14, 15, 20, 21, 22, 23, 24, 25]  Q:5 M:5 F:5
  3269. [1, 5, 6, 8, 9, 10, 14, 15, 17, 20, 21, 22, 23, 24, 25]  Q:5 M:5 F:5
  3270. [1, 5, 6, 9, 10, 12, 14, 15, 17, 20, 21, 22, 23, 24, 25]  Q:5 M:5 F:5
  3271. [1, 5, 6, 8, 9, 10, 12, 14, 16, 17, 20, 21, 22, 23, 24]  Q:5 M:5 F:5
  3272. [1, 5, 6, 8, 9, 10, 12, 14, 16, 17, 20, 21, 22, 23, 25]  Q:5 M:5 F:5
  3273. [1, 5, 6, 8, 9, 10, 12, 14, 16, 17, 20, 21, 23, 24, 25]  Q:5 M:5 F:5
  3274. [1, 5, 6, 8, 9, 10, 12, 14, 16, 20, 21, 22, 23, 24, 25]  Q:5 M:5 F:5
  3275. [1, 5, 6, 8, 9, 10, 14, 16, 17, 20, 21, 22, 23, 24, 25]  Q:5 M:5 F:5
  3276. [1, 5, 6, 9, 10, 12, 14, 16, 17, 20, 21, 22, 23, 24, 25]  Q:5 M:5 F:5
  3277. [1, 5, 6, 8, 9, 10, 12, 14, 17, 18, 20, 21, 22, 23, 24]  Q:5 M:5 F:5
  3278. [1, 5, 6, 8, 9, 10, 12, 14, 17, 18, 20, 21, 22, 23, 25]  Q:5 M:5 F:5
  3279. [1, 5, 6, 8, 9, 10, 12, 14, 17, 18, 20, 21, 23, 24, 25]  Q:5 M:5 F:5
  3280. [1, 5, 6, 8, 9, 10, 12, 14, 18, 20, 21, 22, 23, 24, 25]  Q:5 M:5 F:5
  3281. [1, 5, 6, 8, 9, 10, 14, 17, 18, 20, 21, 22, 23, 24, 25]  Q:5 M:5 F:5
  3282. [1, 5, 6, 9, 10, 12, 14, 17, 18, 20, 21, 22, 23, 24, 25]  Q:5 M:5 F:5
  3283. [1, 5, 6, 8, 9, 10, 12, 14, 17, 19, 20, 21, 22, 23, 24]  Q:5 M:5 F:5
  3284. [1, 5, 6, 8, 9, 10, 12, 14, 17, 19, 20, 21, 22, 23, 25]  Q:5 M:5 F:5
  3285. [1, 5, 6, 8, 9, 10, 12, 14, 17, 19, 20, 21, 23, 24, 25]  Q:5 M:5 F:5
  3286. [1, 5, 6, 8, 9, 10, 12, 14, 19, 20, 21, 22, 23, 24, 25]  Q:5 M:5 F:5
  3287. [1, 5, 6, 8, 9, 10, 14, 17, 19, 20, 21, 22, 23, 24, 25]  Q:5 M:5 F:5
  3288. [1, 5, 6, 9, 10, 12, 14, 17, 19, 20, 21, 22, 23, 24, 25]  Q:5 M:5 F:5
  3289. [1, 5, 6, 8, 9, 10, 12, 15, 16, 17, 20, 21, 22, 23, 24]  Q:5 M:5 F:5
  3290. [1, 5, 6, 8, 9, 10, 12, 15, 16, 17, 20, 21, 22, 23, 25]  Q:5 M:5 F:5
  3291. [1, 5, 6, 8, 9, 10, 12, 15, 16, 17, 20, 21, 23, 24, 25]  Q:5 M:5 F:5
  3292. [1, 5, 6, 8, 9, 10, 12, 15, 16, 20, 21, 22, 23, 24, 25]  Q:5 M:5 F:5
  3293. [1, 5, 6, 8, 9, 10, 15, 16, 17, 20, 21, 22, 23, 24, 25]  Q:5 M:5 F:5
  3294. [1, 5, 6, 9, 10, 12, 15, 16, 17, 20, 21, 22, 23, 24, 25]  Q:5 M:5 F:5
  3295. [1, 5, 6, 8, 9, 10, 12, 15, 17, 18, 20, 21, 22, 23, 24]  Q:5 M:5 F:5
  3296. [1, 5, 6, 8, 9, 10, 12, 15, 17, 18, 20, 21, 22, 23, 25]  Q:5 M:5 F:5
  3297. [1, 5, 6, 8, 9, 10, 12, 15, 17, 18, 20, 21, 23, 24, 25]  Q:5 M:5 F:5
  3298. [1, 5, 6, 8, 9, 10, 12, 15, 18, 20, 21, 22, 23, 24, 25]  Q:5 M:5 F:5
  3299. [1, 5, 6, 8, 9, 10, 15, 17, 18, 20, 21, 22, 23, 24, 25]  Q:5 M:5 F:5
  3300. [1, 5, 6, 9, 10, 12, 15, 17, 18, 20, 21, 22, 23, 24, 25]  Q:5 M:5 F:5
  3301. [1, 5, 6, 8, 9, 10, 12, 15, 17, 19, 20, 21, 22, 23, 24]  Q:5 M:5 F:5
  3302. [1, 5, 6, 8, 9, 10, 12, 15, 17, 19, 20, 21, 22, 23, 25]  Q:5 M:5 F:5
  3303. [1, 5, 6, 8, 9, 10, 12, 15, 17, 19, 20, 21, 23, 24, 25]  Q:5 M:5 F:5
  3304. [1, 5, 6, 8, 9, 10, 12, 15, 19, 20, 21, 22, 23, 24, 25]  Q:5 M:5 F:5
  3305. [1, 5, 6, 8, 9, 10, 15, 17, 19, 20, 21, 22, 23, 24, 25]  Q:5 M:5 F:5
  3306. [1, 5, 6, 9, 10, 12, 15, 17, 19, 20, 21, 22, 23, 24, 25]  Q:5 M:5 F:5
  3307. [1, 5, 6, 8, 9, 10, 12, 16, 17, 18, 20, 21, 22, 23, 24]  Q:5 M:5 F:5
  3308. [1, 5, 6, 8, 9, 10, 12, 16, 17, 18, 20, 21, 22, 23, 25]  Q:5 M:5 F:5
  3309. [1, 5, 6, 8, 9, 10, 12, 16, 17, 18, 20, 21, 23, 24, 25]  Q:5 M:5 F:5
  3310. [1, 5, 6, 8, 9, 10, 12, 16, 18, 20, 21, 22, 23, 24, 25]  Q:5 M:5 F:5
  3311. [1, 5, 6, 8, 9, 10, 16, 17, 18, 20, 21, 22, 23, 24, 25]  Q:5 M:5 F:5
  3312. [1, 5, 6, 9, 10, 12, 16, 17, 18, 20, 21, 22, 23, 24, 25]  Q:5 M:5 F:5
  3313. [1, 5, 6, 8, 9, 10, 12, 16, 17, 19, 20, 21, 22, 23, 24]  Q:5 M:5 F:5
  3314. [1, 5, 6, 8, 9, 10, 12, 16, 17, 19, 20, 21, 22, 23, 25]  Q:5 M:5 F:5
  3315. [1, 5, 6, 8, 9, 10, 12, 16, 17, 19, 20, 21, 23, 24, 25]  Q:5 M:5 F:5
  3316. [1, 5, 6, 8, 9, 10, 12, 16, 19, 20, 21, 22, 23, 24, 25]  Q:5 M:5 F:5
  3317. [1, 5, 6, 8, 9, 10, 16, 17, 19, 20, 21, 22, 23, 24, 25]  Q:5 M:5 F:5
  3318. [1, 5, 6, 9, 10, 12, 16, 17, 19, 20, 21, 22, 23, 24, 25]  Q:5 M:5 F:5
  3319. [1, 5, 6, 8, 9, 10, 12, 17, 18, 19, 20, 21, 22, 23, 24]  Q:5 M:5 F:5
  3320. [1, 5, 6, 8, 9, 10, 12, 17, 18, 19, 20, 21, 22, 23, 25]  Q:5 M:5 F:5
  3321. [1, 5, 6, 8, 9, 10, 12, 17, 18, 19, 20, 21, 23, 24, 25]  Q:5 M:5 F:5
  3322. [1, 5, 6, 8, 9, 10, 12, 18, 19, 20, 21, 22, 23, 24, 25]  Q:5 M:5 F:5
  3323. [1, 5, 6, 8, 9, 10, 17, 18, 19, 20, 21, 22, 23, 24, 25]  Q:5 M:5 F:5
  3324. [1, 5, 6, 9, 10, 12, 17, 18, 19, 20, 21, 22, 23, 24, 25]  Q:5 M:5 F:5
  3325. [1, 5, 6, 8, 10, 11, 12, 13, 14, 17, 20, 21, 22, 23, 24]  Q:5 M:5 F:5
  3326. [1, 5, 6, 8, 10, 11, 12, 13, 14, 17, 20, 21, 22, 23, 25]  Q:5 M:5 F:5
  3327. [1, 5, 6, 8, 10, 11, 12, 13, 14, 17, 20, 21, 23, 24, 25]  Q:5 M:5 F:5
  3328. [1, 5, 6, 8, 10, 11, 12, 13, 14, 20, 21, 22, 23, 24, 25]  Q:5 M:5 F:5
  3329. [1, 5, 6, 8, 10, 11, 13, 14, 17, 20, 21, 22, 23, 24, 25]  Q:5 M:5 F:5
  3330. [1, 5, 6, 10, 11, 12, 13, 14, 17, 20, 21, 22, 23, 24, 25]  Q:5 M:5 F:5
  3331. [1, 5, 6, 8, 10, 11, 12, 13, 15, 17, 20, 21, 22, 23, 24]  Q:5 M:5 F:5
  3332. [1, 5, 6, 8, 10, 11, 12, 13, 15, 17, 20, 21, 22, 23, 25]  Q:5 M:5 F:5
  3333. [1, 5, 6, 8, 10, 11, 12, 13, 15, 17, 20, 21, 23, 24, 25]  Q:5 M:5 F:5
  3334. [1, 5, 6, 8, 10, 11, 12, 13, 15, 20, 21, 22, 23, 24, 25]  Q:5 M:5 F:5
  3335. [1, 5, 6, 8, 10, 11, 13, 15, 17, 20, 21, 22, 23, 24, 25]  Q:5 M:5 F:5
  3336. [1, 5, 6, 10, 11, 12, 13, 15, 17, 20, 21, 22, 23, 24, 25]  Q:5 M:5 F:5
  3337. [1, 5, 6, 8, 10, 11, 12, 13, 16, 17, 20, 21, 22, 23, 24]  Q:5 M:5 F:5
  3338. [1, 5, 6, 8, 10, 11, 12, 13, 16, 17, 20, 21, 22, 23, 25]  Q:5 M:5 F:5
  3339. [1, 5, 6, 8, 10, 11, 12, 13, 16, 17, 20, 21, 23, 24, 25]  Q:5 M:5 F:5
  3340. [1, 5, 6, 8, 10, 11, 12, 13, 16, 20, 21, 22, 23, 24, 25]  Q:5 M:5 F:5
  3341. [1, 5, 6, 8, 10, 11, 13, 16, 17, 20, 21, 22, 23, 24, 25]  Q:5 M:5 F:5
  3342. [1, 5, 6, 10, 11, 12, 13, 16, 17, 20, 21, 22, 23, 24, 25]  Q:5 M:5 F:5
  3343. [1, 5, 6, 8, 10, 11, 12, 13, 17, 18, 20, 21, 22, 23, 24]  Q:5 M:5 F:5
  3344. [1, 5, 6, 8, 10, 11, 12, 13, 17, 18, 20, 21, 22, 23, 25]  Q:5 M:5 F:5
  3345. [1, 5, 6, 8, 10, 11, 12, 13, 17, 18, 20, 21, 23, 24, 25]  Q:5 M:5 F:5
  3346. [1, 5, 6, 8, 10, 11, 12, 13, 18, 20, 21, 22, 23, 24, 25]  Q:5 M:5 F:5
  3347. [1, 5, 6, 8, 10, 11, 13, 17, 18, 20, 21, 22, 23, 24, 25]  Q:5 M:5 F:5
  3348. [1, 5, 6, 10, 11, 12, 13, 17, 18, 20, 21, 22, 23, 24, 25]  Q:5 M:5 F:5
  3349. [1, 5, 6, 8, 10, 11, 12, 13, 17, 19, 20, 21, 22, 23, 24]  Q:5 M:5 F:5
  3350. [1, 5, 6, 8, 10, 11, 12, 13, 17, 19, 20, 21, 22, 23, 25]  Q:5 M:5 F:5
  3351. [1, 5, 6, 8, 10, 11, 12, 13, 17, 19, 20, 21, 23, 24, 25]  Q:5 M:5 F:5
  3352. [1, 5, 6, 8, 10, 11, 12, 13, 19, 20, 21, 22, 23, 24, 25]  Q:5 M:5 F:5
  3353. [1, 5, 6, 8, 10, 11, 13, 17, 19, 20, 21, 22, 23, 24, 25]  Q:5 M:5 F:5
  3354. [1, 5, 6, 10, 11, 12, 13, 17, 19, 20, 21, 22, 23, 24, 25]  Q:5 M:5 F:5
  3355. [1, 5, 6, 8, 10, 11, 12, 14, 15, 17, 20, 21, 22, 23, 24]  Q:5 M:5 F:5
  3356. [1, 5, 6, 8, 10, 11, 12, 14, 15, 17, 20, 21, 22, 23, 25]  Q:5 M:5 F:5
  3357. [1, 5, 6, 8, 10, 11, 12, 14, 15, 17, 20, 21, 23, 24, 25]  Q:5 M:5 F:5
  3358. [1, 5, 6, 8, 10, 11, 12, 14, 15, 20, 21, 22, 23, 24, 25]  Q:5 M:5 F:5
  3359. [1, 5, 6, 8, 10, 11, 14, 15, 17, 20, 21, 22, 23, 24, 25]  Q:5 M:5 F:5
  3360. [1, 5, 6, 10, 11, 12, 14, 15, 17, 20, 21, 22, 23, 24, 25]  Q:5 M:5 F:5
  3361. [1, 5, 6, 8, 10, 11, 12, 14, 16, 17, 20, 21, 22, 23, 24]  Q:5 M:5 F:5
  3362. [1, 5, 6, 8, 10, 11, 12, 14, 16, 17, 20, 21, 22, 23, 25]  Q:5 M:5 F:5
  3363. [1, 5, 6, 8, 10, 11, 12, 14, 16, 17, 20, 21, 23, 24, 25]  Q:5 M:5 F:5
  3364. [1, 5, 6, 8, 10, 11, 12, 14, 16, 20, 21, 22, 23, 24, 25]  Q:5 M:5 F:5
  3365. [1, 5, 6, 8, 10, 11, 14, 16, 17, 20, 21, 22, 23, 24, 25]  Q:5 M:5 F:5
  3366. [1, 5, 6, 10, 11, 12, 14, 16, 17, 20, 21, 22, 23, 24, 25]  Q:5 M:5 F:5
  3367. [1, 5, 6, 8, 10, 11, 12, 14, 17, 18, 20, 21, 22, 23, 24]  Q:5 M:5 F:5
  3368. [1, 5, 6, 8, 10, 11, 12, 14, 17, 18, 20, 21, 22, 23, 25]  Q:5 M:5 F:5
  3369. [1, 5, 6, 8, 10, 11, 12, 14, 17, 18, 20, 21, 23, 24, 25]  Q:5 M:5 F:5
  3370. [1, 5, 6, 8, 10, 11, 12, 14, 18, 20, 21, 22, 23, 24, 25]  Q:5 M:5 F:5
  3371. [1, 5, 6, 8, 10, 11, 14, 17, 18, 20, 21, 22, 23, 24, 25]  Q:5 M:5 F:5
  3372. [1, 5, 6, 10, 11, 12, 14, 17, 18, 20, 21, 22, 23, 24, 25]  Q:5 M:5 F:5
  3373. [1, 5, 6, 8, 10, 11, 12, 14, 17, 19, 20, 21, 22, 23, 24]  Q:5 M:5 F:5
  3374. [1, 5, 6, 8, 10, 11, 12, 14, 17, 19, 20, 21, 22, 23, 25]  Q:5 M:5 F:5
  3375. [1, 5, 6, 8, 10, 11, 12, 14, 17, 19, 20, 21, 23, 24, 25]  Q:5 M:5 F:5
  3376. [1, 5, 6, 8, 10, 11, 12, 14, 19, 20, 21, 22, 23, 24, 25]  Q:5 M:5 F:5
  3377. [1, 5, 6, 8, 10, 11, 14, 17, 19, 20, 21, 22, 23, 24, 25]  Q:5 M:5 F:5
  3378. [1, 5, 6, 10, 11, 12, 14, 17, 19, 20, 21, 22, 23, 24, 25]  Q:5 M:5 F:5
  3379. [1, 5, 6, 8, 10, 11, 12, 15, 16, 17, 20, 21, 22, 23, 24]  Q:5 M:5 F:5
  3380. [1, 5, 6, 8, 10, 11, 12, 15, 16, 17, 20, 21, 22, 23, 25]  Q:5 M:5 F:5
  3381. [1, 5, 6, 8, 10, 11, 12, 15, 16, 17, 20, 21, 23, 24, 25]  Q:5 M:5 F:5
  3382. [1, 5, 6, 8, 10, 11, 12, 15, 16, 20, 21, 22, 23, 24, 25]  Q:5 M:5 F:5
  3383. [1, 5, 6, 8, 10, 11, 15, 16, 17, 20, 21, 22, 23, 24, 25]  Q:5 M:5 F:5
  3384. [1, 5, 6, 10, 11, 12, 15, 16, 17, 20, 21, 22, 23, 24, 25]  Q:5 M:5 F:5
  3385. [1, 5, 6, 8, 10, 11, 12, 15, 17, 18, 20, 21, 22, 23, 24]  Q:5 M:5 F:5
  3386. [1, 5, 6, 8, 10, 11, 12, 15, 17, 18, 20, 21, 22, 23, 25]  Q:5 M:5 F:5
  3387. [1, 5, 6, 8, 10, 11, 12, 15, 17, 18, 20, 21, 23, 24, 25]  Q:5 M:5 F:5
  3388. [1, 5, 6, 8, 10, 11, 12, 15, 18, 20, 21, 22, 23, 24, 25]  Q:5 M:5 F:5
  3389. [1, 5, 6, 8, 10, 11, 15, 17, 18, 20, 21, 22, 23, 24, 25]  Q:5 M:5 F:5
  3390. [1, 5, 6, 10, 11, 12, 15, 17, 18, 20, 21, 22, 23, 24, 25]  Q:5 M:5 F:5
  3391. [1, 5, 6, 8, 10, 11, 12, 15, 17, 19, 20, 21, 22, 23, 24]  Q:5 M:5 F:5
  3392. [1, 5, 6, 8, 10, 11, 12, 15, 17, 19, 20, 21, 22, 23, 25]  Q:5 M:5 F:5
  3393. [1, 5, 6, 8, 10, 11, 12, 15, 17, 19, 20, 21, 23, 24, 25]  Q:5 M:5 F:5
  3394. [1, 5, 6, 8, 10, 11, 12, 15, 19, 20, 21, 22, 23, 24, 25]  Q:5 M:5 F:5
  3395. [1, 5, 6, 8, 10, 11, 15, 17, 19, 20, 21, 22, 23, 24, 25]  Q:5 M:5 F:5
  3396. [1, 5, 6, 10, 11, 12, 15, 17, 19, 20, 21, 22, 23, 24, 25]  Q:5 M:5 F:5
  3397. [1, 5, 6, 8, 10, 11, 12, 16, 17, 18, 20, 21, 22, 23, 24]  Q:5 M:5 F:5
  3398. [1, 5, 6, 8, 10, 11, 12, 16, 17, 18, 20, 21, 22, 23, 25]  Q:5 M:5 F:5
  3399. [1, 5, 6, 8, 10, 11, 12, 16, 17, 18, 20, 21, 23, 24, 25]  Q:5 M:5 F:5
  3400. [1, 5, 6, 8, 10, 11, 12, 16, 18, 20, 21, 22, 23, 24, 25]  Q:5 M:5 F:5
  3401. [1, 5, 6, 8, 10, 11, 16, 17, 18, 20, 21, 22, 23, 24, 25]  Q:5 M:5 F:5
  3402. [1, 5, 6, 10, 11, 12, 16, 17, 18, 20, 21, 22, 23, 24, 25]  Q:5 M:5 F:5
  3403. [1, 5, 6, 8, 10, 11, 12, 16, 17, 19, 20, 21, 22, 23, 24]  Q:5 M:5 F:5
  3404. [1, 5, 6, 8, 10, 11, 12, 16, 17, 19, 20, 21, 22, 23, 25]  Q:5 M:5 F:5
  3405. [1, 5, 6, 8, 10, 11, 12, 16, 17, 19, 20, 21, 23, 24, 25]  Q:5 M:5 F:5
  3406. [1, 5, 6, 8, 10, 11, 12, 16, 19, 20, 21, 22, 23, 24, 25]  Q:5 M:5 F:5
  3407. [1, 5, 6, 8, 10, 11, 16, 17, 19, 20, 21, 22, 23, 24, 25]  Q:5 M:5 F:5
  3408. [1, 5, 6, 10, 11, 12, 16, 17, 19, 20, 21, 22, 23, 24, 25]  Q:5 M:5 F:5
  3409. [1, 5, 6, 8, 10, 11, 12, 17, 18, 19, 20, 21, 22, 23, 24]  Q:5 M:5 F:5
  3410. [1, 5, 6, 8, 10, 11, 12, 17, 18, 19, 20, 21, 22, 23, 25]  Q:5 M:5 F:5
  3411. [1, 5, 6, 8, 10, 11, 12, 17, 18, 19, 20, 21, 23, 24, 25]  Q:5 M:5 F:5
  3412. [1, 5, 6, 8, 10, 11, 12, 18, 19, 20, 21, 22, 23, 24, 25]  Q:5 M:5 F:5
  3413. [1, 5, 6, 8, 10, 11, 17, 18, 19, 20, 21, 22, 23, 24, 25]  Q:5 M:5 F:5
  3414. [1, 5, 6, 10, 11, 12, 17, 18, 19, 20, 21, 22, 23, 24, 25]  Q:5 M:5 F:5
  3415. [1, 5, 6, 8, 10, 12, 13, 14, 15, 17, 20, 21, 22, 23, 24]  Q:5 M:5 F:5
  3416. [1, 5, 6, 8, 10, 12, 13, 14, 15, 17, 20, 21, 22, 23, 25]  Q:5 M:5 F:5
  3417. [1, 5, 6, 8, 10, 12, 13, 14, 15, 17, 20, 21, 23, 24, 25]  Q:5 M:5 F:5
  3418. [1, 5, 6, 8, 10, 12, 13, 14, 15, 20, 21, 22, 23, 24, 25]  Q:5 M:5 F:5
  3419. [1, 5, 6, 8, 10, 13, 14, 15, 17, 20, 21, 22, 23, 24, 25]  Q:5 M:5 F:5
  3420. [1, 5, 6, 10, 12, 13, 14, 15, 17, 20, 21, 22, 23, 24, 25]  Q:5 M:5 F:5
  3421. [1, 5, 6, 8, 10, 12, 13, 14, 16, 17, 20, 21, 22, 23, 24]  Q:5 M:5 F:5
  3422. [1, 5, 6, 8, 10, 12, 13, 14, 16, 17, 20, 21, 22, 23, 25]  Q:5 M:5 F:5
  3423. [1, 5, 6, 8, 10, 12, 13, 14, 16, 17, 20, 21, 23, 24, 25]  Q:5 M:5 F:5
  3424. [1, 5, 6, 8, 10, 12, 13, 14, 16, 20, 21, 22, 23, 24, 25]  Q:5 M:5 F:5
  3425. [1, 5, 6, 8, 10, 13, 14, 16, 17, 20, 21, 22, 23, 24, 25]  Q:5 M:5 F:5
  3426. [1, 5, 6, 10, 12, 13, 14, 16, 17, 20, 21, 22, 23, 24, 25]  Q:5 M:5 F:5
  3427. [1, 5, 6, 8, 10, 12, 13, 14, 17, 18, 20, 21, 22, 23, 24]  Q:5 M:5 F:5
  3428. [1, 5, 6, 8, 10, 12, 13, 14, 17, 18, 20, 21, 22, 23, 25]  Q:5 M:5 F:5
  3429. [1, 5, 6, 8, 10, 12, 13, 14, 17, 18, 20, 21, 23, 24, 25]  Q:5 M:5 F:5
  3430. [1, 5, 6, 8, 10, 12, 13, 14, 18, 20, 21, 22, 23, 24, 25]  Q:5 M:5 F:5
  3431. [1, 5, 6, 8, 10, 13, 14, 17, 18, 20, 21, 22, 23, 24, 25]  Q:5 M:5 F:5
  3432. [1, 5, 6, 10, 12, 13, 14, 17, 18, 20, 21, 22, 23, 24, 25]  Q:5 M:5 F:5
  3433. [1, 5, 6, 8, 10, 12, 13, 14, 17, 19, 20, 21, 22, 23, 24]  Q:5 M:5 F:5
  3434. [1, 5, 6, 8, 10, 12, 13, 14, 17, 19, 20, 21, 22, 23, 25]  Q:5 M:5 F:5
  3435. [1, 5, 6, 8, 10, 12, 13, 14, 17, 19, 20, 21, 23, 24, 25]  Q:5 M:5 F:5
  3436. [1, 5, 6, 8, 10, 12, 13, 14, 19, 20, 21, 22, 23, 24, 25]  Q:5 M:5 F:5
  3437. [1, 5, 6, 8, 10, 13, 14, 17, 19, 20, 21, 22, 23, 24, 25]  Q:5 M:5 F:5
  3438. [1, 5, 6, 10, 12, 13, 14, 17, 19, 20, 21, 22, 23, 24, 25]  Q:5 M:5 F:5
  3439. [1, 5, 6, 8, 10, 12, 13, 15, 16, 17, 20, 21, 22, 23, 24]  Q:5 M:5 F:5
  3440. [1, 5, 6, 8, 10, 12, 13, 15, 16, 17, 20, 21, 22, 23, 25]  Q:5 M:5 F:5
  3441. [1, 5, 6, 8, 10, 12, 13, 15, 16, 17, 20, 21, 23, 24, 25]  Q:5 M:5 F:5
  3442. [1, 5, 6, 8, 10, 12, 13, 15, 16, 20, 21, 22, 23, 24, 25]  Q:5 M:5 F:5
  3443. [1, 5, 6, 8, 10, 13, 15, 16, 17, 20, 21, 22, 23, 24, 25]  Q:5 M:5 F:5
  3444. [1, 5, 6, 10, 12, 13, 15, 16, 17, 20, 21, 22, 23, 24, 25]  Q:5 M:5 F:5
  3445. [1, 5, 6, 8, 10, 12, 13, 15, 17, 18, 20, 21, 22, 23, 24]  Q:5 M:5 F:5
  3446. [1, 5, 6, 8, 10, 12, 13, 15, 17, 18, 20, 21, 22, 23, 25]  Q:5 M:5 F:5
  3447. [1, 5, 6, 8, 10, 12, 13, 15, 17, 18, 20, 21, 23, 24, 25]  Q:5 M:5 F:5
  3448. [1, 5, 6, 8, 10, 12, 13, 15, 18, 20, 21, 22, 23, 24, 25]  Q:5 M:5 F:5
  3449. [1, 5, 6, 8, 10, 13, 15, 17, 18, 20, 21, 22, 23, 24, 25]  Q:5 M:5 F:5
  3450. [1, 5, 6, 10, 12, 13, 15, 17, 18, 20, 21, 22, 23, 24, 25]  Q:5 M:5 F:5
  3451. [1, 5, 6, 8, 10, 12, 13, 15, 17, 19, 20, 21, 22, 23, 24]  Q:5 M:5 F:5
  3452. [1, 5, 6, 8, 10, 12, 13, 15, 17, 19, 20, 21, 22, 23, 25]  Q:5 M:5 F:5
  3453. [1, 5, 6, 8, 10, 12, 13, 15, 17, 19, 20, 21, 23, 24, 25]  Q:5 M:5 F:5
  3454. [1, 5, 6, 8, 10, 12, 13, 15, 19, 20, 21, 22, 23, 24, 25]  Q:5 M:5 F:5
  3455. [1, 5, 6, 8, 10, 13, 15, 17, 19, 20, 21, 22, 23, 24, 25]  Q:5 M:5 F:5
  3456. [1, 5, 6, 10, 12, 13, 15, 17, 19, 20, 21, 22, 23, 24, 25]  Q:5 M:5 F:5
  3457. [1, 5, 6, 8, 10, 12, 13, 16, 17, 18, 20, 21, 22, 23, 24]  Q:5 M:5 F:5
  3458. [1, 5, 6, 8, 10, 12, 13, 16, 17, 18, 20, 21, 22, 23, 25]  Q:5 M:5 F:5
  3459. [1, 5, 6, 8, 10, 12, 13, 16, 17, 18, 20, 21, 23, 24, 25]  Q:5 M:5 F:5
  3460. [1, 5, 6, 8, 10, 12, 13, 16, 18, 20, 21, 22, 23, 24, 25]  Q:5 M:5 F:5
  3461. [1, 5, 6, 8, 10, 13, 16, 17, 18, 20, 21, 22, 23, 24, 25]  Q:5 M:5 F:5
  3462. [1, 5, 6, 10, 12, 13, 16, 17, 18, 20, 21, 22, 23, 24, 25]  Q:5 M:5 F:5
  3463. [1, 5, 6, 8, 10, 12, 13, 16, 17, 19, 20, 21, 22, 23, 24]  Q:5 M:5 F:5
  3464. [1, 5, 6, 8, 10, 12, 13, 16, 17, 19, 20, 21, 22, 23, 25]  Q:5 M:5 F:5
  3465. [1, 5, 6, 8, 10, 12, 13, 16, 17, 19, 20, 21, 23, 24, 25]  Q:5 M:5 F:5
  3466. [1, 5, 6, 8, 10, 12, 13, 16, 19, 20, 21, 22, 23, 24, 25]  Q:5 M:5 F:5
  3467. [1, 5, 6, 8, 10, 13, 16, 17, 19, 20, 21, 22, 23, 24, 25]  Q:5 M:5 F:5
  3468. [1, 5, 6, 10, 12, 13, 16, 17, 19, 20, 21, 22, 23, 24, 25]  Q:5 M:5 F:5
  3469. [1, 5, 6, 8, 10, 12, 13, 17, 18, 19, 20, 21, 22, 23, 24]  Q:5 M:5 F:5
  3470. [1, 5, 6, 8, 10, 12, 13, 17, 18, 19, 20, 21, 22, 23, 25]  Q:5 M:5 F:5
  3471. [1, 5, 6, 8, 10, 12, 13, 17, 18, 19, 20, 21, 23, 24, 25]  Q:5 M:5 F:5
  3472. [1, 5, 6, 8, 10, 12, 13, 18, 19, 20, 21, 22, 23, 24, 25]  Q:5 M:5 F:5
  3473. [1, 5, 6, 8, 10, 13, 17, 18, 19, 20, 21, 22, 23, 24, 25]  Q:5 M:5 F:5
  3474. [1, 5, 6, 10, 12, 13, 17, 18, 19, 20, 21, 22, 23, 24, 25]  Q:5 M:5 F:5
  3475. [1, 5, 6, 8, 10, 12, 14, 15, 16, 17, 20, 21, 22, 23, 24]  Q:5 M:5 F:5
  3476. [1, 5, 6, 8, 10, 12, 14, 15, 16, 17, 20, 21, 22, 23, 25]  Q:5 M:5 F:5
  3477. [1, 5, 6, 8, 10, 12, 14, 15, 16, 17, 20, 21, 23, 24, 25]  Q:5 M:5 F:5
  3478. [1, 5, 6, 8, 10, 12, 14, 15, 16, 20, 21, 22, 23, 24, 25]  Q:5 M:5 F:5
  3479. [1, 5, 6, 8, 10, 14, 15, 16, 17, 20, 21, 22, 23, 24, 25]  Q:5 M:5 F:5
  3480. [1, 5, 6, 10, 12, 14, 15, 16, 17, 20, 21, 22, 23, 24, 25]  Q:5 M:5 F:5
  3481. [1, 5, 6, 8, 10, 12, 14, 15, 17, 18, 20, 21, 22, 23, 24]  Q:5 M:5 F:5
  3482. [1, 5, 6, 8, 10, 12, 14, 15, 17, 18, 20, 21, 22, 23, 25]  Q:5 M:5 F:5
  3483. [1, 5, 6, 8, 10, 12, 14, 15, 17, 18, 20, 21, 23, 24, 25]  Q:5 M:5 F:5
  3484. [1, 5, 6, 8, 10, 12, 14, 15, 18, 20, 21, 22, 23, 24, 25]  Q:5 M:5 F:5
  3485. [1, 5, 6, 8, 10, 14, 15, 17, 18, 20, 21, 22, 23, 24, 25]  Q:5 M:5 F:5
  3486. [1, 5, 6, 10, 12, 14, 15, 17, 18, 20, 21, 22, 23, 24, 25]  Q:5 M:5 F:5
  3487. [1, 5, 6, 8, 10, 12, 14, 15, 17, 19, 20, 21, 22, 23, 24]  Q:5 M:5 F:5
  3488. [1, 5, 6, 8, 10, 12, 14, 15, 17, 19, 20, 21, 22, 23, 25]  Q:5 M:5 F:5
  3489. [1, 5, 6, 8, 10, 12, 14, 15, 17, 19, 20, 21, 23, 24, 25]  Q:5 M:5 F:5
  3490. [1, 5, 6, 8, 10, 12, 14, 15, 19, 20, 21, 22, 23, 24, 25]  Q:5 M:5 F:5
  3491. [1, 5, 6, 8, 10, 14, 15, 17, 19, 20, 21, 22, 23, 24, 25]  Q:5 M:5 F:5
  3492. [1, 5, 6, 10, 12, 14, 15, 17, 19, 20, 21, 22, 23, 24, 25]  Q:5 M:5 F:5
  3493. [1, 5, 6, 8, 10, 12, 14, 16, 17, 18, 20, 21, 22, 23, 24]  Q:5 M:5 F:5
  3494. [1, 5, 6, 8, 10, 12, 14, 16, 17, 18, 20, 21, 22, 23, 25]  Q:5 M:5 F:5
  3495. [1, 5, 6, 8, 10, 12, 14, 16, 17, 18, 20, 21, 23, 24, 25]  Q:5 M:5 F:5
  3496. [1, 5, 6, 8, 10, 12, 14, 16, 18, 20, 21, 22, 23, 24, 25]  Q:5 M:5 F:5
  3497. [1, 5, 6, 8, 10, 14, 16, 17, 18, 20, 21, 22, 23, 24, 25]  Q:5 M:5 F:5
  3498. [1, 5, 6, 10, 12, 14, 16, 17, 18, 20, 21, 22, 23, 24, 25]  Q:5 M:5 F:5
  3499. [1, 5, 6, 8, 10, 12, 14, 16, 17, 19, 20, 21, 22, 23, 24]  Q:5 M:5 F:5
  3500. [1, 5, 6, 8, 10, 12, 14, 16, 17, 19, 20, 21, 22, 23, 25]  Q:5 M:5 F:5
  3501. [1, 5, 6, 8, 10, 12, 14, 16, 17, 19, 20, 21, 23, 24, 25]  Q:5 M:5 F:5
  3502. [1, 5, 6, 8, 10, 12, 14, 16, 19, 20, 21, 22, 23, 24, 25]  Q:5 M:5 F:5
  3503. [1, 5, 6, 8, 10, 14, 16, 17, 19, 20, 21, 22, 23, 24, 25]  Q:5 M:5 F:5
  3504. [1, 5, 6, 10, 12, 14, 16, 17, 19, 20, 21, 22, 23, 24, 25]  Q:5 M:5 F:5
  3505. [1, 5, 6, 8, 10, 12, 14, 17, 18, 19, 20, 21, 22, 23, 24]  Q:5 M:5 F:5
  3506. [1, 5, 6, 8, 10, 12, 14, 17, 18, 19, 20, 21, 22, 23, 25]  Q:5 M:5 F:5
  3507. [1, 5, 6, 8, 10, 12, 14, 17, 18, 19, 20, 21, 23, 24, 25]  Q:5 M:5 F:5
  3508. [1, 5, 6, 8, 10, 12, 14, 18, 19, 20, 21, 22, 23, 24, 25]  Q:5 M:5 F:5
  3509. [1, 5, 6, 8, 10, 14, 17, 18, 19, 20, 21, 22, 23, 24, 25]  Q:5 M:5 F:5
  3510. [1, 5, 6, 10, 12, 14, 17, 18, 19, 20, 21, 22, 23, 24, 25]  Q:5 M:5 F:5
  3511. [1, 5, 6, 8, 10, 12, 15, 16, 17, 18, 20, 21, 22, 23, 24]  Q:5 M:5 F:5
  3512. [1, 5, 6, 8, 10, 12, 15, 16, 17, 18, 20, 21, 22, 23, 25]  Q:5 M:5 F:5
  3513. [1, 5, 6, 8, 10, 12, 15, 16, 17, 18, 20, 21, 23, 24, 25]  Q:5 M:5 F:5
  3514. [1, 5, 6, 8, 10, 12, 15, 16, 18, 20, 21, 22, 23, 24, 25]  Q:5 M:5 F:5
  3515. [1, 5, 6, 8, 10, 15, 16, 17, 18, 20, 21, 22, 23, 24, 25]  Q:5 M:5 F:5
  3516. [1, 5, 6, 10, 12, 15, 16, 17, 18, 20, 21, 22, 23, 24, 25]  Q:5 M:5 F:5
  3517. [1, 5, 6, 8, 10, 12, 15, 16, 17, 19, 20, 21, 22, 23, 24]  Q:5 M:5 F:5
  3518. [1, 5, 6, 8, 10, 12, 15, 16, 17, 19, 20, 21, 22, 23, 25]  Q:5 M:5 F:5
  3519. [1, 5, 6, 8, 10, 12, 15, 16, 17, 19, 20, 21, 23, 24, 25]  Q:5 M:5 F:5
  3520. [1, 5, 6, 8, 10, 12, 15, 16, 19, 20, 21, 22, 23, 24, 25]  Q:5 M:5 F:5
  3521. [1, 5, 6, 8, 10, 15, 16, 17, 19, 20, 21, 22, 23, 24, 25]  Q:5 M:5 F:5
  3522. [1, 5, 6, 10, 12, 15, 16, 17, 19, 20, 21, 22, 23, 24, 25]  Q:5 M:5 F:5
  3523. [1, 5, 6, 8, 10, 12, 15, 17, 18, 19, 20, 21, 22, 23, 24]  Q:5 M:5 F:5
  3524. [1, 5, 6, 8, 10, 12, 15, 17, 18, 19, 20, 21, 22, 23, 25]  Q:5 M:5 F:5
  3525. [1, 5, 6, 8, 10, 12, 15, 17, 18, 19, 20, 21, 23, 24, 25]  Q:5 M:5 F:5
  3526. [1, 5, 6, 8, 10, 12, 15, 18, 19, 20, 21, 22, 23, 24, 25]  Q:5 M:5 F:5
  3527. [1, 5, 6, 8, 10, 15, 17, 18, 19, 20, 21, 22, 23, 24, 25]  Q:5 M:5 F:5
  3528. [1, 5, 6, 10, 12, 15, 17, 18, 19, 20, 21, 22, 23, 24, 25]  Q:5 M:5 F:5
  3529. [1, 5, 6, 8, 10, 12, 16, 17, 18, 19, 20, 21, 22, 23, 24]  Q:5 M:5 F:5
  3530. [1, 5, 6, 8, 10, 12, 16, 17, 18, 19, 20, 21, 22, 23, 25]  Q:5 M:5 F:5
  3531. [1, 5, 6, 8, 10, 12, 16, 17, 18, 19, 20, 21, 23, 24, 25]  Q:5 M:5 F:5
  3532. [1, 5, 6, 8, 10, 12, 16, 18, 19, 20, 21, 22, 23, 24, 25]  Q:5 M:5 F:5
  3533. [1, 5, 6, 8, 10, 16, 17, 18, 19, 20, 21, 22, 23, 24, 25]  Q:5 M:5 F:5
  3534. [1, 5, 6, 10, 12, 16, 17, 18, 19, 20, 21, 22, 23, 24, 25]  Q:5 M:5 F:5
  3535. [1, 5, 7, 8, 9, 10, 11, 12, 13, 17, 20, 21, 22, 23, 24]  Q:5 M:5 F:5
  3536. [1, 5, 7, 8, 9, 10, 11, 12, 13, 17, 20, 21, 22, 23, 25]  Q:5 M:5 F:5
  3537. [1, 5, 7, 8, 9, 10, 11, 12, 13, 17, 20, 21, 23, 24, 25]  Q:5 M:5 F:5
  3538. [1, 5, 7, 8, 9, 10, 11, 12, 13, 20, 21, 22, 23, 24, 25]  Q:5 M:5 F:5
  3539. [1, 5, 7, 8, 9, 10, 11, 13, 17, 20, 21, 22, 23, 24, 25]  Q:5 M:5 F:5
  3540. [1, 5, 7, 9, 10, 11, 12, 13, 17, 20, 21, 22, 23, 24, 25]  Q:5 M:5 F:5
  3541. [1, 5, 7, 8, 9, 10, 11, 12, 14, 17, 20, 21, 22, 23, 24]  Q:5 M:5 F:5
  3542. [1, 5, 7, 8, 9, 10, 11, 12, 14, 17, 20, 21, 22, 23, 25]  Q:5 M:5 F:5
  3543. [1, 5, 7, 8, 9, 10, 11, 12, 14, 17, 20, 21, 23, 24, 25]  Q:5 M:5 F:5
  3544. [1, 5, 7, 8, 9, 10, 11, 12, 14, 20, 21, 22, 23, 24, 25]  Q:5 M:5 F:5
  3545. [1, 5, 7, 8, 9, 10, 11, 14, 17, 20, 21, 22, 23, 24, 25]  Q:5 M:5 F:5
  3546. [1, 5, 7, 9, 10, 11, 12, 14, 17, 20, 21, 22, 23, 24, 25]  Q:5 M:5 F:5
  3547. [1, 5, 7, 8, 9, 10, 11, 12, 15, 17, 20, 21, 22, 23, 24]  Q:5 M:5 F:5
  3548. [1, 5, 7, 8, 9, 10, 11, 12, 15, 17, 20, 21, 22, 23, 25]  Q:5 M:5 F:5
  3549. [1, 5, 7, 8, 9, 10, 11, 12, 15, 17, 20, 21, 23, 24, 25]  Q:5 M:5 F:5
  3550. [1, 5, 7, 8, 9, 10, 11, 12, 15, 20, 21, 22, 23, 24, 25]  Q:5 M:5 F:5
  3551. [1, 5, 7, 8, 9, 10, 11, 15, 17, 20, 21, 22, 23, 24, 25]  Q:5 M:5 F:5
  3552. [1, 5, 7, 9, 10, 11, 12, 15, 17, 20, 21, 22, 23, 24, 25]  Q:5 M:5 F:5
  3553. [1, 5, 7, 8, 9, 10, 11, 12, 16, 17, 20, 21, 22, 23, 24]  Q:5 M:5 F:5
  3554. [1, 5, 7, 8, 9, 10, 11, 12, 16, 17, 20, 21, 22, 23, 25]  Q:5 M:5 F:5
  3555. [1, 5, 7, 8, 9, 10, 11, 12, 16, 17, 20, 21, 23, 24, 25]  Q:5 M:5 F:5
  3556. [1, 5, 7, 8, 9, 10, 11, 12, 16, 20, 21, 22, 23, 24, 25]  Q:5 M:5 F:5
  3557. [1, 5, 7, 8, 9, 10, 11, 16, 17, 20, 21, 22, 23, 24, 25]  Q:5 M:5 F:5
  3558. [1, 5, 7, 9, 10, 11, 12, 16, 17, 20, 21, 22, 23, 24, 25]  Q:5 M:5 F:5
  3559. [1, 5, 7, 8, 9, 10, 11, 12, 17, 18, 20, 21, 22, 23, 24]  Q:5 M:5 F:5
  3560. [1, 5, 7, 8, 9, 10, 11, 12, 17, 18, 20, 21, 22, 23, 25]  Q:5 M:5 F:5
  3561. [1, 5, 7, 8, 9, 10, 11, 12, 17, 18, 20, 21, 23, 24, 25]  Q:5 M:5 F:5
  3562. [1, 5, 7, 8, 9, 10, 11, 12, 18, 20, 21, 22, 23, 24, 25]  Q:5 M:5 F:5
  3563. [1, 5, 7, 8, 9, 10, 11, 17, 18, 20, 21, 22, 23, 24, 25]  Q:5 M:5 F:5
  3564. [1, 5, 7, 9, 10, 11, 12, 17, 18, 20, 21, 22, 23, 24, 25]  Q:5 M:5 F:5
  3565. [1, 5, 7, 8, 9, 10, 11, 12, 17, 19, 20, 21, 22, 23, 24]  Q:5 M:5 F:5
  3566. [1, 5, 7, 8, 9, 10, 11, 12, 17, 19, 20, 21, 22, 23, 25]  Q:5 M:5 F:5
  3567. [1, 5, 7, 8, 9, 10, 11, 12, 17, 19, 20, 21, 23, 24, 25]  Q:5 M:5 F:5
  3568. [1, 5, 7, 8, 9, 10, 11, 12, 19, 20, 21, 22, 23, 24, 25]  Q:5 M:5 F:5
  3569. [1, 5, 7, 8, 9, 10, 11, 17, 19, 20, 21, 22, 23, 24, 25]  Q:5 M:5 F:5
  3570. [1, 5, 7, 9, 10, 11, 12, 17, 19, 20, 21, 22, 23, 24, 25]  Q:5 M:5 F:5
  3571. [1, 5, 7, 8, 9, 10, 12, 13, 14, 17, 20, 21, 22, 23, 24]  Q:5 M:5 F:5
  3572. [1, 5, 7, 8, 9, 10, 12, 13, 14, 17, 20, 21, 22, 23, 25]  Q:5 M:5 F:5
  3573. [1, 5, 7, 8, 9, 10, 12, 13, 14, 17, 20, 21, 23, 24, 25]  Q:5 M:5 F:5
  3574. [1, 5, 7, 8, 9, 10, 12, 13, 14, 20, 21, 22, 23, 24, 25]  Q:5 M:5 F:5
  3575. [1, 5, 7, 8, 9, 10, 13, 14, 17, 20, 21, 22, 23, 24, 25]  Q:5 M:5 F:5
  3576. [1, 5, 7, 9, 10, 12, 13, 14, 17, 20, 21, 22, 23, 24, 25]  Q:5 M:5 F:5
  3577. [1, 5, 7, 8, 9, 10, 12, 13, 15, 17, 20, 21, 22, 23, 24]  Q:5 M:5 F:5
  3578. [1, 5, 7, 8, 9, 10, 12, 13, 15, 17, 20, 21, 22, 23, 25]  Q:5 M:5 F:5
  3579. [1, 5, 7, 8, 9, 10, 12, 13, 15, 17, 20, 21, 23, 24, 25]  Q:5 M:5 F:5
  3580. [1, 5, 7, 8, 9, 10, 12, 13, 15, 20, 21, 22, 23, 24, 25]  Q:5 M:5 F:5
  3581. [1, 5, 7, 8, 9, 10, 13, 15, 17, 20, 21, 22, 23, 24, 25]  Q:5 M:5 F:5
  3582. [1, 5, 7, 9, 10, 12, 13, 15, 17, 20, 21, 22, 23, 24, 25]  Q:5 M:5 F:5
  3583. [1, 5, 7, 8, 9, 10, 12, 13, 16, 17, 20, 21, 22, 23, 24]  Q:5 M:5 F:5
  3584. [1, 5, 7, 8, 9, 10, 12, 13, 16, 17, 20, 21, 22, 23, 25]  Q:5 M:5 F:5
  3585. [1, 5, 7, 8, 9, 10, 12, 13, 16, 17, 20, 21, 23, 24, 25]  Q:5 M:5 F:5
  3586. [1, 5, 7, 8, 9, 10, 12, 13, 16, 20, 21, 22, 23, 24, 25]  Q:5 M:5 F:5
  3587. [1, 5, 7, 8, 9, 10, 13, 16, 17, 20, 21, 22, 23, 24, 25]  Q:5 M:5 F:5
  3588. [1, 5, 7, 9, 10, 12, 13, 16, 17, 20, 21, 22, 23, 24, 25]  Q:5 M:5 F:5
  3589. [1, 5, 7, 8, 9, 10, 12, 13, 17, 18, 20, 21, 22, 23, 24]  Q:5 M:5 F:5
  3590. [1, 5, 7, 8, 9, 10, 12, 13, 17, 18, 20, 21, 22, 23, 25]  Q:5 M:5 F:5
  3591. [1, 5, 7, 8, 9, 10, 12, 13, 17, 18, 20, 21, 23, 24, 25]  Q:5 M:5 F:5
  3592. [1, 5, 7, 8, 9, 10, 12, 13, 18, 20, 21, 22, 23, 24, 25]  Q:5 M:5 F:5
  3593. [1, 5, 7, 8, 9, 10, 13, 17, 18, 20, 21, 22, 23, 24, 25]  Q:5 M:5 F:5
  3594. [1, 5, 7, 9, 10, 12, 13, 17, 18, 20, 21, 22, 23, 24, 25]  Q:5 M:5 F:5
  3595. [1, 5, 7, 8, 9, 10, 12, 13, 17, 19, 20, 21, 22, 23, 24]  Q:5 M:5 F:5
  3596. [1, 5, 7, 8, 9, 10, 12, 13, 17, 19, 20, 21, 22, 23, 25]  Q:5 M:5 F:5
  3597. [1, 5, 7, 8, 9, 10, 12, 13, 17, 19, 20, 21, 23, 24, 25]  Q:5 M:5 F:5
  3598. [1, 5, 7, 8, 9, 10, 12, 13, 19, 20, 21, 22, 23, 24, 25]  Q:5 M:5 F:5
  3599. [1, 5, 7, 8, 9, 10, 13, 17, 19, 20, 21, 22, 23, 24, 25]  Q:5 M:5 F:5
  3600. [1, 5, 7, 9, 10, 12, 13, 17, 19, 20, 21, 22, 23, 24, 25]  Q:5 M:5 F:5
  3601. [1, 5, 7, 8, 9, 10, 12, 14, 15, 17, 20, 21, 22, 23, 24]  Q:5 M:5 F:5
  3602. [1, 5, 7, 8, 9, 10, 12, 14, 15, 17, 20, 21, 22, 23, 25]  Q:5 M:5 F:5
  3603. [1, 5, 7, 8, 9, 10, 12, 14, 15, 17, 20, 21, 23, 24, 25]  Q:5 M:5 F:5
  3604. [1, 5, 7, 8, 9, 10, 12, 14, 15, 20, 21, 22, 23, 24, 25]  Q:5 M:5 F:5
  3605. [1, 5, 7, 8, 9, 10, 14, 15, 17, 20, 21, 22, 23, 24, 25]  Q:5 M:5 F:5
  3606. [1, 5, 7, 9, 10, 12, 14, 15, 17, 20, 21, 22, 23, 24, 25]  Q:5 M:5 F:5
  3607. [1, 5, 7, 8, 9, 10, 12, 14, 16, 17, 20, 21, 22, 23, 24]  Q:5 M:5 F:5
  3608. [1, 5, 7, 8, 9, 10, 12, 14, 16, 17, 20, 21, 22, 23, 25]  Q:5 M:5 F:5
  3609. [1, 5, 7, 8, 9, 10, 12, 14, 16, 17, 20, 21, 23, 24, 25]  Q:5 M:5 F:5
  3610. [1, 5, 7, 8, 9, 10, 12, 14, 16, 20, 21, 22, 23, 24, 25]  Q:5 M:5 F:5
  3611. [1, 5, 7, 8, 9, 10, 14, 16, 17, 20, 21, 22, 23, 24, 25]  Q:5 M:5 F:5
  3612. [1, 5, 7, 9, 10, 12, 14, 16, 17, 20, 21, 22, 23, 24, 25]  Q:5 M:5 F:5
  3613. [1, 5, 7, 8, 9, 10, 12, 14, 17, 18, 20, 21, 22, 23, 24]  Q:5 M:5 F:5
  3614. [1, 5, 7, 8, 9, 10, 12, 14, 17, 18, 20, 21, 22, 23, 25]  Q:5 M:5 F:5
  3615. [1, 5, 7, 8, 9, 10, 12, 14, 17, 18, 20, 21, 23, 24, 25]  Q:5 M:5 F:5
  3616. [1, 5, 7, 8, 9, 10, 12, 14, 18, 20, 21, 22, 23, 24, 25]  Q:5 M:5 F:5
  3617. [1, 5, 7, 8, 9, 10, 14, 17, 18, 20, 21, 22, 23, 24, 25]  Q:5 M:5 F:5
  3618. [1, 5, 7, 9, 10, 12, 14, 17, 18, 20, 21, 22, 23, 24, 25]  Q:5 M:5 F:5
  3619. [1, 5, 7, 8, 9, 10, 12, 14, 17, 19, 20, 21, 22, 23, 24]  Q:5 M:5 F:5
  3620. [1, 5, 7, 8, 9, 10, 12, 14, 17, 19, 20, 21, 22, 23, 25]  Q:5 M:5 F:5
  3621. [1, 5, 7, 8, 9, 10, 12, 14, 17, 19, 20, 21, 23, 24, 25]  Q:5 M:5 F:5
  3622. [1, 5, 7, 8, 9, 10, 12, 14, 19, 20, 21, 22, 23, 24, 25]  Q:5 M:5 F:5
  3623. [1, 5, 7, 8, 9, 10, 14, 17, 19, 20, 21, 22, 23, 24, 25]  Q:5 M:5 F:5
  3624. [1, 5, 7, 9, 10, 12, 14, 17, 19, 20, 21, 22, 23, 24, 25]  Q:5 M:5 F:5
  3625. [1, 5, 7, 8, 9, 10, 12, 15, 16, 17, 20, 21, 22, 23, 24]  Q:5 M:5 F:5
  3626. [1, 5, 7, 8, 9, 10, 12, 15, 16, 17, 20, 21, 22, 23, 25]  Q:5 M:5 F:5
  3627. [1, 5, 7, 8, 9, 10, 12, 15, 16, 17, 20, 21, 23, 24, 25]  Q:5 M:5 F:5
  3628. [1, 5, 7, 8, 9, 10, 12, 15, 16, 20, 21, 22, 23, 24, 25]  Q:5 M:5 F:5
  3629. [1, 5, 7, 8, 9, 10, 15, 16, 17, 20, 21, 22, 23, 24, 25]  Q:5 M:5 F:5
  3630. [1, 5, 7, 9, 10, 12, 15, 16, 17, 20, 21, 22, 23, 24, 25]  Q:5 M:5 F:5
  3631. [1, 5, 7, 8, 9, 10, 12, 15, 17, 18, 20, 21, 22, 23, 24]  Q:5 M:5 F:5
  3632. [1, 5, 7, 8, 9, 10, 12, 15, 17, 18, 20, 21, 22, 23, 25]  Q:5 M:5 F:5
  3633. [1, 5, 7, 8, 9, 10, 12, 15, 17, 18, 20, 21, 23, 24, 25]  Q:5 M:5 F:5
  3634. [1, 5, 7, 8, 9, 10, 12, 15, 18, 20, 21, 22, 23, 24, 25]  Q:5 M:5 F:5
  3635. [1, 5, 7, 8, 9, 10, 15, 17, 18, 20, 21, 22, 23, 24, 25]  Q:5 M:5 F:5
  3636. [1, 5, 7, 9, 10, 12, 15, 17, 18, 20, 21, 22, 23, 24, 25]  Q:5 M:5 F:5
  3637. [1, 5, 7, 8, 9, 10, 12, 15, 17, 19, 20, 21, 22, 23, 24]  Q:5 M:5 F:5
  3638. [1, 5, 7, 8, 9, 10, 12, 15, 17, 19, 20, 21, 22, 23, 25]  Q:5 M:5 F:5
  3639. [1, 5, 7, 8, 9, 10, 12, 15, 17, 19, 20, 21, 23, 24, 25]  Q:5 M:5 F:5
  3640. [1, 5, 7, 8, 9, 10, 12, 15, 19, 20, 21, 22, 23, 24, 25]  Q:5 M:5 F:5
  3641. [1, 5, 7, 8, 9, 10, 15, 17, 19, 20, 21, 22, 23, 24, 25]  Q:5 M:5 F:5
  3642. [1, 5, 7, 9, 10, 12, 15, 17, 19, 20, 21, 22, 23, 24, 25]  Q:5 M:5 F:5
  3643. [1, 5, 7, 8, 9, 10, 12, 16, 17, 18, 20, 21, 22, 23, 24]  Q:5 M:5 F:5
  3644. [1, 5, 7, 8, 9, 10, 12, 16, 17, 18, 20, 21, 22, 23, 25]  Q:5 M:5 F:5
  3645. [1, 5, 7, 8, 9, 10, 12, 16, 17, 18, 20, 21, 23, 24, 25]  Q:5 M:5 F:5
  3646. [1, 5, 7, 8, 9, 10, 12, 16, 18, 20, 21, 22, 23, 24, 25]  Q:5 M:5 F:5
  3647. [1, 5, 7, 8, 9, 10, 16, 17, 18, 20, 21, 22, 23, 24, 25]  Q:5 M:5 F:5
  3648. [1, 5, 7, 9, 10, 12, 16, 17, 18, 20, 21, 22, 23, 24, 25]  Q:5 M:5 F:5
  3649. [1, 5, 7, 8, 9, 10, 12, 16, 17, 19, 20, 21, 22, 23, 24]  Q:5 M:5 F:5
  3650. [1, 5, 7, 8, 9, 10, 12, 16, 17, 19, 20, 21, 22, 23, 25]  Q:5 M:5 F:5
  3651. [1, 5, 7, 8, 9, 10, 12, 16, 17, 19, 20, 21, 23, 24, 25]  Q:5 M:5 F:5
  3652. [1, 5, 7, 8, 9, 10, 12, 16, 19, 20, 21, 22, 23, 24, 25]  Q:5 M:5 F:5
  3653. [1, 5, 7, 8, 9, 10, 16, 17, 19, 20, 21, 22, 23, 24, 25]  Q:5 M:5 F:5
  3654. [1, 5, 7, 9, 10, 12, 16, 17, 19, 20, 21, 22, 23, 24, 25]  Q:5 M:5 F:5
  3655. [1, 5, 7, 8, 9, 10, 12, 17, 18, 19, 20, 21, 22, 23, 24]  Q:5 M:5 F:5
  3656. [1, 5, 7, 8, 9, 10, 12, 17, 18, 19, 20, 21, 22, 23, 25]  Q:5 M:5 F:5
  3657. [1, 5, 7, 8, 9, 10, 12, 17, 18, 19, 20, 21, 23, 24, 25]  Q:5 M:5 F:5
  3658. [1, 5, 7, 8, 9, 10, 12, 18, 19, 20, 21, 22, 23, 24, 25]  Q:5 M:5 F:5
  3659. [1, 5, 7, 8, 9, 10, 17, 18, 19, 20, 21, 22, 23, 24, 25]  Q:5 M:5 F:5
  3660. [1, 5, 7, 9, 10, 12, 17, 18, 19, 20, 21, 22, 23, 24, 25]  Q:5 M:5 F:5
  3661. [1, 5, 7, 8, 10, 11, 12, 13, 14, 17, 20, 21, 22, 23, 24]  Q:5 M:5 F:5
  3662. [1, 5, 7, 8, 10, 11, 12, 13, 14, 17, 20, 21, 22, 23, 25]  Q:5 M:5 F:5
  3663. [1, 5, 7, 8, 10, 11, 12, 13, 14, 17, 20, 21, 23, 24, 25]  Q:5 M:5 F:5
  3664. [1, 5, 7, 8, 10, 11, 12, 13, 14, 20, 21, 22, 23, 24, 25]  Q:5 M:5 F:5
  3665. [1, 5, 7, 8, 10, 11, 13, 14, 17, 20, 21, 22, 23, 24, 25]  Q:5 M:5 F:5
  3666. [1, 5, 7, 10, 11, 12, 13, 14, 17, 20, 21, 22, 23, 24, 25]  Q:5 M:5 F:5
  3667. [1, 5, 7, 8, 10, 11, 12, 13, 15, 17, 20, 21, 22, 23, 24]  Q:5 M:5 F:5
  3668. [1, 5, 7, 8, 10, 11, 12, 13, 15, 17, 20, 21, 22, 23, 25]  Q:5 M:5 F:5
  3669. [1, 5, 7, 8, 10, 11, 12, 13, 15, 17, 20, 21, 23, 24, 25]  Q:5 M:5 F:5
  3670. [1, 5, 7, 8, 10, 11, 12, 13, 15, 20, 21, 22, 23, 24, 25]  Q:5 M:5 F:5
  3671. [1, 5, 7, 8, 10, 11, 13, 15, 17, 20, 21, 22, 23, 24, 25]  Q:5 M:5 F:5
  3672. [1, 5, 7, 10, 11, 12, 13, 15, 17, 20, 21, 22, 23, 24, 25]  Q:5 M:5 F:5
  3673. [1, 5, 7, 8, 10, 11, 12, 13, 16, 17, 20, 21, 22, 23, 24]  Q:5 M:5 F:5
  3674. [1, 5, 7, 8, 10, 11, 12, 13, 16, 17, 20, 21, 22, 23, 25]  Q:5 M:5 F:5
  3675. [1, 5, 7, 8, 10, 11, 12, 13, 16, 17, 20, 21, 23, 24, 25]  Q:5 M:5 F:5
  3676. [1, 5, 7, 8, 10, 11, 12, 13, 16, 20, 21, 22, 23, 24, 25]  Q:5 M:5 F:5
  3677. [1, 5, 7, 8, 10, 11, 13, 16, 17, 20, 21, 22, 23, 24, 25]  Q:5 M:5 F:5
  3678. [1, 5, 7, 10, 11, 12, 13, 16, 17, 20, 21, 22, 23, 24, 25]  Q:5 M:5 F:5
  3679. [1, 5, 7, 8, 10, 11, 12, 13, 17, 18, 20, 21, 22, 23, 24]  Q:5 M:5 F:5
  3680. [1, 5, 7, 8, 10, 11, 12, 13, 17, 18, 20, 21, 22, 23, 25]  Q:5 M:5 F:5
  3681. [1, 5, 7, 8, 10, 11, 12, 13, 17, 18, 20, 21, 23, 24, 25]  Q:5 M:5 F:5
  3682. [1, 5, 7, 8, 10, 11, 12, 13, 18, 20, 21, 22, 23, 24, 25]  Q:5 M:5 F:5
  3683. [1, 5, 7, 8, 10, 11, 13, 17, 18, 20, 21, 22, 23, 24, 25]  Q:5 M:5 F:5
  3684. [1, 5, 7, 10, 11, 12, 13, 17, 18, 20, 21, 22, 23, 24, 25]  Q:5 M:5 F:5
  3685. [1, 5, 7, 8, 10, 11, 12, 13, 17, 19, 20, 21, 22, 23, 24]  Q:5 M:5 F:5
  3686. [1, 5, 7, 8, 10, 11, 12, 13, 17, 19, 20, 21, 22, 23, 25]  Q:5 M:5 F:5
  3687. [1, 5, 7, 8, 10, 11, 12, 13, 17, 19, 20, 21, 23, 24, 25]  Q:5 M:5 F:5
  3688. [1, 5, 7, 8, 10, 11, 12, 13, 19, 20, 21, 22, 23, 24, 25]  Q:5 M:5 F:5
  3689. [1, 5, 7, 8, 10, 11, 13, 17, 19, 20, 21, 22, 23, 24, 25]  Q:5 M:5 F:5
  3690. [1, 5, 7, 10, 11, 12, 13, 17, 19, 20, 21, 22, 23, 24, 25]  Q:5 M:5 F:5
  3691. [1, 5, 7, 8, 10, 11, 12, 14, 15, 17, 20, 21, 22, 23, 24]  Q:5 M:5 F:5
  3692. [1, 5, 7, 8, 10, 11, 12, 14, 15, 17, 20, 21, 22, 23, 25]  Q:5 M:5 F:5
  3693. [1, 5, 7, 8, 10, 11, 12, 14, 15, 17, 20, 21, 23, 24, 25]  Q:5 M:5 F:5
  3694. [1, 5, 7, 8, 10, 11, 12, 14, 15, 20, 21, 22, 23, 24, 25]  Q:5 M:5 F:5
  3695. [1, 5, 7, 8, 10, 11, 14, 15, 17, 20, 21, 22, 23, 24, 25]  Q:5 M:5 F:5
  3696. [1, 5, 7, 10, 11, 12, 14, 15, 17, 20, 21, 22, 23, 24, 25]  Q:5 M:5 F:5
  3697. [1, 5, 7, 8, 10, 11, 12, 14, 16, 17, 20, 21, 22, 23, 24]  Q:5 M:5 F:5
  3698. [1, 5, 7, 8, 10, 11, 12, 14, 16, 17, 20, 21, 22, 23, 25]  Q:5 M:5 F:5
  3699. [1, 5, 7, 8, 10, 11, 12, 14, 16, 17, 20, 21, 23, 24, 25]  Q:5 M:5 F:5
  3700. [1, 5, 7, 8, 10, 11, 12, 14, 16, 20, 21, 22, 23, 24, 25]  Q:5 M:5 F:5
  3701. [1, 5, 7, 8, 10, 11, 14, 16, 17, 20, 21, 22, 23, 24, 25]  Q:5 M:5 F:5
  3702. [1, 5, 7, 10, 11, 12, 14, 16, 17, 20, 21, 22, 23, 24, 25]  Q:5 M:5 F:5
  3703. [1, 5, 7, 8, 10, 11, 12, 14, 17, 18, 20, 21, 22, 23, 24]  Q:5 M:5 F:5
  3704. [1, 5, 7, 8, 10, 11, 12, 14, 17, 18, 20, 21, 22, 23, 25]  Q:5 M:5 F:5
  3705. [1, 5, 7, 8, 10, 11, 12, 14, 17, 18, 20, 21, 23, 24, 25]  Q:5 M:5 F:5
  3706. [1, 5, 7, 8, 10, 11, 12, 14, 18, 20, 21, 22, 23, 24, 25]  Q:5 M:5 F:5
  3707. [1, 5, 7, 8, 10, 11, 14, 17, 18, 20, 21, 22, 23, 24, 25]  Q:5 M:5 F:5
  3708. [1, 5, 7, 10, 11, 12, 14, 17, 18, 20, 21, 22, 23, 24, 25]  Q:5 M:5 F:5
  3709. [1, 5, 7, 8, 10, 11, 12, 14, 17, 19, 20, 21, 22, 23, 24]  Q:5 M:5 F:5
  3710. [1, 5, 7, 8, 10, 11, 12, 14, 17, 19, 20, 21, 22, 23, 25]  Q:5 M:5 F:5
  3711. [1, 5, 7, 8, 10, 11, 12, 14, 17, 19, 20, 21, 23, 24, 25]  Q:5 M:5 F:5
  3712. [1, 5, 7, 8, 10, 11, 12, 14, 19, 20, 21, 22, 23, 24, 25]  Q:5 M:5 F:5
  3713. [1, 5, 7, 8, 10, 11, 14, 17, 19, 20, 21, 22, 23, 24, 25]  Q:5 M:5 F:5
  3714. [1, 5, 7, 10, 11, 12, 14, 17, 19, 20, 21, 22, 23, 24, 25]  Q:5 M:5 F:5
  3715. [1, 5, 7, 8, 10, 11, 12, 15, 16, 17, 20, 21, 22, 23, 24]  Q:5 M:5 F:5
  3716. [1, 5, 7, 8, 10, 11, 12, 15, 16, 17, 20, 21, 22, 23, 25]  Q:5 M:5 F:5
  3717. [1, 5, 7, 8, 10, 11, 12, 15, 16, 17, 20, 21, 23, 24, 25]  Q:5 M:5 F:5
  3718. [1, 5, 7, 8, 10, 11, 12, 15, 16, 20, 21, 22, 23, 24, 25]  Q:5 M:5 F:5
  3719. [1, 5, 7, 8, 10, 11, 15, 16, 17, 20, 21, 22, 23, 24, 25]  Q:5 M:5 F:5
  3720. [1, 5, 7, 10, 11, 12, 15, 16, 17, 20, 21, 22, 23, 24, 25]  Q:5 M:5 F:5
  3721. [1, 5, 7, 8, 10, 11, 12, 15, 17, 18, 20, 21, 22, 23, 24]  Q:5 M:5 F:5
  3722. [1, 5, 7, 8, 10, 11, 12, 15, 17, 18, 20, 21, 22, 23, 25]  Q:5 M:5 F:5
  3723. [1, 5, 7, 8, 10, 11, 12, 15, 17, 18, 20, 21, 23, 24, 25]  Q:5 M:5 F:5
  3724. [1, 5, 7, 8, 10, 11, 12, 15, 18, 20, 21, 22, 23, 24, 25]  Q:5 M:5 F:5
  3725. [1, 5, 7, 8, 10, 11, 15, 17, 18, 20, 21, 22, 23, 24, 25]  Q:5 M:5 F:5
  3726. [1, 5, 7, 10, 11, 12, 15, 17, 18, 20, 21, 22, 23, 24, 25]  Q:5 M:5 F:5
  3727. [1, 5, 7, 8, 10, 11, 12, 15, 17, 19, 20, 21, 22, 23, 24]  Q:5 M:5 F:5
  3728. [1, 5, 7, 8, 10, 11, 12, 15, 17, 19, 20, 21, 22, 23, 25]  Q:5 M:5 F:5
  3729. [1, 5, 7, 8, 10, 11, 12, 15, 17, 19, 20, 21, 23, 24, 25]  Q:5 M:5 F:5
  3730. [1, 5, 7, 8, 10, 11, 12, 15, 19, 20, 21, 22, 23, 24, 25]  Q:5 M:5 F:5
  3731. [1, 5, 7, 8, 10, 11, 15, 17, 19, 20, 21, 22, 23, 24, 25]  Q:5 M:5 F:5
  3732. [1, 5, 7, 10, 11, 12, 15, 17, 19, 20, 21, 22, 23, 24, 25]  Q:5 M:5 F:5
  3733. [1, 5, 7, 8, 10, 11, 12, 16, 17, 18, 20, 21, 22, 23, 24]  Q:5 M:5 F:5
  3734. [1, 5, 7, 8, 10, 11, 12, 16, 17, 18, 20, 21, 22, 23, 25]  Q:5 M:5 F:5
  3735. [1, 5, 7, 8, 10, 11, 12, 16, 17, 18, 20, 21, 23, 24, 25]  Q:5 M:5 F:5
  3736. [1, 5, 7, 8, 10, 11, 12, 16, 18, 20, 21, 22, 23, 24, 25]  Q:5 M:5 F:5
  3737. [1, 5, 7, 8, 10, 11, 16, 17, 18, 20, 21, 22, 23, 24, 25]  Q:5 M:5 F:5
  3738. [1, 5, 7, 10, 11, 12, 16, 17, 18, 20, 21, 22, 23, 24, 25]  Q:5 M:5 F:5
  3739. [1, 5, 7, 8, 10, 11, 12, 16, 17, 19, 20, 21, 22, 23, 24]  Q:5 M:5 F:5
  3740. [1, 5, 7, 8, 10, 11, 12, 16, 17, 19, 20, 21, 22, 23, 25]  Q:5 M:5 F:5
  3741. [1, 5, 7, 8, 10, 11, 12, 16, 17, 19, 20, 21, 23, 24, 25]  Q:5 M:5 F:5
  3742. [1, 5, 7, 8, 10, 11, 12, 16, 19, 20, 21, 22, 23, 24, 25]  Q:5 M:5 F:5
  3743. [1, 5, 7, 8, 10, 11, 16, 17, 19, 20, 21, 22, 23, 24, 25]  Q:5 M:5 F:5
  3744. [1, 5, 7, 10, 11, 12, 16, 17, 19, 20, 21, 22, 23, 24, 25]  Q:5 M:5 F:5
  3745. [1, 5, 7, 8, 10, 11, 12, 17, 18, 19, 20, 21, 22, 23, 24]  Q:5 M:5 F:5
  3746. [1, 5, 7, 8, 10, 11, 12, 17, 18, 19, 20, 21, 22, 23, 25]  Q:5 M:5 F:5
  3747. [1, 5, 7, 8, 10, 11, 12, 17, 18, 19, 20, 21, 23, 24, 25]  Q:5 M:5 F:5
  3748. [1, 5, 7, 8, 10, 11, 12, 18, 19, 20, 21, 22, 23, 24, 25]  Q:5 M:5 F:5
  3749. [1, 5, 7, 8, 10, 11, 17, 18, 19, 20, 21, 22, 23, 24, 25]  Q:5 M:5 F:5
  3750. [1, 5, 7, 10, 11, 12, 17, 18, 19, 20, 21, 22, 23, 24, 25]  Q:5 M:5 F:5
  3751. [1, 5, 7, 8, 10, 12, 13, 14, 15, 17, 20, 21, 22, 23, 24]  Q:5 M:5 F:5
  3752. [1, 5, 7, 8, 10, 12, 13, 14, 15, 17, 20, 21, 22, 23, 25]  Q:5 M:5 F:5
  3753. [1, 5, 7, 8, 10, 12, 13, 14, 15, 17, 20, 21, 23, 24, 25]  Q:5 M:5 F:5
  3754. [1, 5, 7, 8, 10, 12, 13, 14, 15, 20, 21, 22, 23, 24, 25]  Q:5 M:5 F:5
  3755. [1, 5, 7, 8, 10, 13, 14, 15, 17, 20, 21, 22, 23, 24, 25]  Q:5 M:5 F:5
  3756. [1, 5, 7, 10, 12, 13, 14, 15, 17, 20, 21, 22, 23, 24, 25]  Q:5 M:5 F:5
  3757. [1, 5, 7, 8, 10, 12, 13, 14, 16, 17, 20, 21, 22, 23, 24]  Q:5 M:5 F:5
  3758. [1, 5, 7, 8, 10, 12, 13, 14, 16, 17, 20, 21, 22, 23, 25]  Q:5 M:5 F:5
  3759. [1, 5, 7, 8, 10, 12, 13, 14, 16, 17, 20, 21, 23, 24, 25]  Q:5 M:5 F:5
  3760. [1, 5, 7, 8, 10, 12, 13, 14, 16, 20, 21, 22, 23, 24, 25]  Q:5 M:5 F:5
  3761. [1, 5, 7, 8, 10, 13, 14, 16, 17, 20, 21, 22, 23, 24, 25]  Q:5 M:5 F:5
  3762. [1, 5, 7, 10, 12, 13, 14, 16, 17, 20, 21, 22, 23, 24, 25]  Q:5 M:5 F:5
  3763. [1, 5, 7, 8, 10, 12, 13, 14, 17, 18, 20, 21, 22, 23, 24]  Q:5 M:5 F:5
  3764. [1, 5, 7, 8, 10, 12, 13, 14, 17, 18, 20, 21, 22, 23, 25]  Q:5 M:5 F:5
  3765. [1, 5, 7, 8, 10, 12, 13, 14, 17, 18, 20, 21, 23, 24, 25]  Q:5 M:5 F:5
  3766. [1, 5, 7, 8, 10, 12, 13, 14, 18, 20, 21, 22, 23, 24, 25]  Q:5 M:5 F:5
  3767. [1, 5, 7, 8, 10, 13, 14, 17, 18, 20, 21, 22, 23, 24, 25]  Q:5 M:5 F:5
  3768. [1, 5, 7, 10, 12, 13, 14, 17, 18, 20, 21, 22, 23, 24, 25]  Q:5 M:5 F:5
  3769. [1, 5, 7, 8, 10, 12, 13, 14, 17, 19, 20, 21, 22, 23, 24]  Q:5 M:5 F:5
  3770. [1, 5, 7, 8, 10, 12, 13, 14, 17, 19, 20, 21, 22, 23, 25]  Q:5 M:5 F:5
  3771. [1, 5, 7, 8, 10, 12, 13, 14, 17, 19, 20, 21, 23, 24, 25]  Q:5 M:5 F:5
  3772. [1, 5, 7, 8, 10, 12, 13, 14, 19, 20, 21, 22, 23, 24, 25]  Q:5 M:5 F:5
  3773. [1, 5, 7, 8, 10, 13, 14, 17, 19, 20, 21, 22, 23, 24, 25]  Q:5 M:5 F:5
  3774. [1, 5, 7, 10, 12, 13, 14, 17, 19, 20, 21, 22, 23, 24, 25]  Q:5 M:5 F:5
  3775. [1, 5, 7, 8, 10, 12, 13, 15, 16, 17, 20, 21, 22, 23, 24]  Q:5 M:5 F:5
  3776. [1, 5, 7, 8, 10, 12, 13, 15, 16, 17, 20, 21, 22, 23, 25]  Q:5 M:5 F:5
  3777. [1, 5, 7, 8, 10, 12, 13, 15, 16, 17, 20, 21, 23, 24, 25]  Q:5 M:5 F:5
  3778. [1, 5, 7, 8, 10, 12, 13, 15, 16, 20, 21, 22, 23, 24, 25]  Q:5 M:5 F:5
  3779. [1, 5, 7, 8, 10, 13, 15, 16, 17, 20, 21, 22, 23, 24, 25]  Q:5 M:5 F:5
  3780. [1, 5, 7, 10, 12, 13, 15, 16, 17, 20, 21, 22, 23, 24, 25]  Q:5 M:5 F:5
  3781. [1, 5, 7, 8, 10, 12, 13, 15, 17, 18, 20, 21, 22, 23, 24]  Q:5 M:5 F:5
  3782. [1, 5, 7, 8, 10, 12, 13, 15, 17, 18, 20, 21, 22, 23, 25]  Q:5 M:5 F:5
  3783. [1, 5, 7, 8, 10, 12, 13, 15, 17, 18, 20, 21, 23, 24, 25]  Q:5 M:5 F:5
  3784. [1, 5, 7, 8, 10, 12, 13, 15, 18, 20, 21, 22, 23, 24, 25]  Q:5 M:5 F:5
  3785. [1, 5, 7, 8, 10, 13, 15, 17, 18, 20, 21, 22, 23, 24, 25]  Q:5 M:5 F:5
  3786. [1, 5, 7, 10, 12, 13, 15, 17, 18, 20, 21, 22, 23, 24, 25]  Q:5 M:5 F:5
  3787. [1, 5, 7, 8, 10, 12, 13, 15, 17, 19, 20, 21, 22, 23, 24]  Q:5 M:5 F:5
  3788. [1, 5, 7, 8, 10, 12, 13, 15, 17, 19, 20, 21, 22, 23, 25]  Q:5 M:5 F:5
  3789. [1, 5, 7, 8, 10, 12, 13, 15, 17, 19, 20, 21, 23, 24, 25]  Q:5 M:5 F:5
  3790. [1, 5, 7, 8, 10, 12, 13, 15, 19, 20, 21, 22, 23, 24, 25]  Q:5 M:5 F:5
  3791. [1, 5, 7, 8, 10, 13, 15, 17, 19, 20, 21, 22, 23, 24, 25]  Q:5 M:5 F:5
  3792. [1, 5, 7, 10, 12, 13, 15, 17, 19, 20, 21, 22, 23, 24, 25]  Q:5 M:5 F:5
  3793. [1, 5, 7, 8, 10, 12, 13, 16, 17, 18, 20, 21, 22, 23, 24]  Q:5 M:5 F:5
  3794. [1, 5, 7, 8, 10, 12, 13, 16, 17, 18, 20, 21, 22, 23, 25]  Q:5 M:5 F:5
  3795. [1, 5, 7, 8, 10, 12, 13, 16, 17, 18, 20, 21, 23, 24, 25]  Q:5 M:5 F:5
  3796. [1, 5, 7, 8, 10, 12, 13, 16, 18, 20, 21, 22, 23, 24, 25]  Q:5 M:5 F:5
  3797. [1, 5, 7, 8, 10, 13, 16, 17, 18, 20, 21, 22, 23, 24, 25]  Q:5 M:5 F:5
  3798. [1, 5, 7, 10, 12, 13, 16, 17, 18, 20, 21, 22, 23, 24, 25]  Q:5 M:5 F:5
  3799. [1, 5, 7, 8, 10, 12, 13, 16, 17, 19, 20, 21, 22, 23, 24]  Q:5 M:5 F:5
  3800. [1, 5, 7, 8, 10, 12, 13, 16, 17, 19, 20, 21, 22, 23, 25]  Q:5 M:5 F:5
  3801. [1, 5, 7, 8, 10, 12, 13, 16, 17, 19, 20, 21, 23, 24, 25]  Q:5 M:5 F:5
  3802. [1, 5, 7, 8, 10, 12, 13, 16, 19, 20, 21, 22, 23, 24, 25]  Q:5 M:5 F:5
  3803. [1, 5, 7, 8, 10, 13, 16, 17, 19, 20, 21, 22, 23, 24, 25]  Q:5 M:5 F:5
  3804. [1, 5, 7, 10, 12, 13, 16, 17, 19, 20, 21, 22, 23, 24, 25]  Q:5 M:5 F:5
  3805. [1, 5, 7, 8, 10, 12, 13, 17, 18, 19, 20, 21, 22, 23, 24]  Q:5 M:5 F:5
  3806. [1, 5, 7, 8, 10, 12, 13, 17, 18, 19, 20, 21, 22, 23, 25]  Q:5 M:5 F:5
  3807. [1, 5, 7, 8, 10, 12, 13, 17, 18, 19, 20, 21, 23, 24, 25]  Q:5 M:5 F:5
  3808. [1, 5, 7, 8, 10, 12, 13, 18, 19, 20, 21, 22, 23, 24, 25]  Q:5 M:5 F:5
  3809. [1, 5, 7, 8, 10, 13, 17, 18, 19, 20, 21, 22, 23, 24, 25]  Q:5 M:5 F:5
  3810. [1, 5, 7, 10, 12, 13, 17, 18, 19, 20, 21, 22, 23, 24, 25]  Q:5 M:5 F:5
  3811. [1, 5, 7, 8, 10, 12, 14, 15, 16, 17, 20, 21, 22, 23, 24]  Q:5 M:5 F:5
  3812. [1, 5, 7, 8, 10, 12, 14, 15, 16, 17, 20, 21, 22, 23, 25]  Q:5 M:5 F:5
  3813. [1, 5, 7, 8, 10, 12, 14, 15, 16, 17, 20, 21, 23, 24, 25]  Q:5 M:5 F:5
  3814. [1, 5, 7, 8, 10, 12, 14, 15, 16, 20, 21, 22, 23, 24, 25]  Q:5 M:5 F:5
  3815. [1, 5, 7, 8, 10, 14, 15, 16, 17, 20, 21, 22, 23, 24, 25]  Q:5 M:5 F:5
  3816. [1, 5, 7, 10, 12, 14, 15, 16, 17, 20, 21, 22, 23, 24, 25]  Q:5 M:5 F:5
  3817. [1, 5, 7, 8, 10, 12, 14, 15, 17, 18, 20, 21, 22, 23, 24]  Q:5 M:5 F:5
  3818. [1, 5, 7, 8, 10, 12, 14, 15, 17, 18, 20, 21, 22, 23, 25]  Q:5 M:5 F:5
  3819. [1, 5, 7, 8, 10, 12, 14, 15, 17, 18, 20, 21, 23, 24, 25]  Q:5 M:5 F:5
  3820. [1, 5, 7, 8, 10, 12, 14, 15, 18, 20, 21, 22, 23, 24, 25]  Q:5 M:5 F:5
  3821. [1, 5, 7, 8, 10, 14, 15, 17, 18, 20, 21, 22, 23, 24, 25]  Q:5 M:5 F:5
  3822. [1, 5, 7, 10, 12, 14, 15, 17, 18, 20, 21, 22, 23, 24, 25]  Q:5 M:5 F:5
  3823. [1, 5, 7, 8, 10, 12, 14, 15, 17, 19, 20, 21, 22, 23, 24]  Q:5 M:5 F:5
  3824. [1, 5, 7, 8, 10, 12, 14, 15, 17, 19, 20, 21, 22, 23, 25]  Q:5 M:5 F:5
  3825. [1, 5, 7, 8, 10, 12, 14, 15, 17, 19, 20, 21, 23, 24, 25]  Q:5 M:5 F:5
  3826. [1, 5, 7, 8, 10, 12, 14, 15, 19, 20, 21, 22, 23, 24, 25]  Q:5 M:5 F:5
  3827. [1, 5, 7, 8, 10, 14, 15, 17, 19, 20, 21, 22, 23, 24, 25]  Q:5 M:5 F:5
  3828. [1, 5, 7, 10, 12, 14, 15, 17, 19, 20, 21, 22, 23, 24, 25]  Q:5 M:5 F:5
  3829. [1, 5, 7, 8, 10, 12, 14, 16, 17, 18, 20, 21, 22, 23, 24]  Q:5 M:5 F:5
  3830. [1, 5, 7, 8, 10, 12, 14, 16, 17, 18, 20, 21, 22, 23, 25]  Q:5 M:5 F:5
  3831. [1, 5, 7, 8, 10, 12, 14, 16, 17, 18, 20, 21, 23, 24, 25]  Q:5 M:5 F:5
  3832. [1, 5, 7, 8, 10, 12, 14, 16, 18, 20, 21, 22, 23, 24, 25]  Q:5 M:5 F:5
  3833. [1, 5, 7, 8, 10, 14, 16, 17, 18, 20, 21, 22, 23, 24, 25]  Q:5 M:5 F:5
  3834. [1, 5, 7, 10, 12, 14, 16, 17, 18, 20, 21, 22, 23, 24, 25]  Q:5 M:5 F:5
  3835. [1, 5, 7, 8, 10, 12, 14, 16, 17, 19, 20, 21, 22, 23, 24]  Q:5 M:5 F:5
  3836. [1, 5, 7, 8, 10, 12, 14, 16, 17, 19, 20, 21, 22, 23, 25]  Q:5 M:5 F:5
  3837. [1, 5, 7, 8, 10, 12, 14, 16, 17, 19, 20, 21, 23, 24, 25]  Q:5 M:5 F:5
  3838. [1, 5, 7, 8, 10, 12, 14, 16, 19, 20, 21, 22, 23, 24, 25]  Q:5 M:5 F:5
  3839. [1, 5, 7, 8, 10, 14, 16, 17, 19, 20, 21, 22, 23, 24, 25]  Q:5 M:5 F:5
  3840. [1, 5, 7, 10, 12, 14, 16, 17, 19, 20, 21, 22, 23, 24, 25]  Q:5 M:5 F:5
  3841. [1, 5, 7, 8, 10, 12, 14, 17, 18, 19, 20, 21, 22, 23, 24]  Q:5 M:5 F:5
  3842. [1, 5, 7, 8, 10, 12, 14, 17, 18, 19, 20, 21, 22, 23, 25]  Q:5 M:5 F:5
  3843. [1, 5, 7, 8, 10, 12, 14, 17, 18, 19, 20, 21, 23, 24, 25]  Q:5 M:5 F:5
  3844. [1, 5, 7, 8, 10, 12, 14, 18, 19, 20, 21, 22, 23, 24, 25]  Q:5 M:5 F:5
  3845. [1, 5, 7, 8, 10, 14, 17, 18, 19, 20, 21, 22, 23, 24, 25]  Q:5 M:5 F:5
  3846. [1, 5, 7, 10, 12, 14, 17, 18, 19, 20, 21, 22, 23, 24, 25]  Q:5 M:5 F:5
  3847. [1, 5, 7, 8, 10, 12, 15, 16, 17, 18, 20, 21, 22, 23, 24]  Q:5 M:5 F:5
  3848. [1, 5, 7, 8, 10, 12, 15, 16, 17, 18, 20, 21, 22, 23, 25]  Q:5 M:5 F:5
  3849. [1, 5, 7, 8, 10, 12, 15, 16, 17, 18, 20, 21, 23, 24, 25]  Q:5 M:5 F:5
  3850. [1, 5, 7, 8, 10, 12, 15, 16, 18, 20, 21, 22, 23, 24, 25]  Q:5 M:5 F:5
  3851. [1, 5, 7, 8, 10, 15, 16, 17, 18, 20, 21, 22, 23, 24, 25]  Q:5 M:5 F:5
  3852. [1, 5, 7, 10, 12, 15, 16, 17, 18, 20, 21, 22, 23, 24, 25]  Q:5 M:5 F:5
  3853. [1, 5, 7, 8, 10, 12, 15, 16, 17, 19, 20, 21, 22, 23, 24]  Q:5 M:5 F:5
  3854. [1, 5, 7, 8, 10, 12, 15, 16, 17, 19, 20, 21, 22, 23, 25]  Q:5 M:5 F:5
  3855. [1, 5, 7, 8, 10, 12, 15, 16, 17, 19, 20, 21, 23, 24, 25]  Q:5 M:5 F:5
  3856. [1, 5, 7, 8, 10, 12, 15, 16, 19, 20, 21, 22, 23, 24, 25]  Q:5 M:5 F:5
  3857. [1, 5, 7, 8, 10, 15, 16, 17, 19, 20, 21, 22, 23, 24, 25]  Q:5 M:5 F:5
  3858. [1, 5, 7, 10, 12, 15, 16, 17, 19, 20, 21, 22, 23, 24, 25]  Q:5 M:5 F:5
  3859. [1, 5, 7, 8, 10, 12, 15, 17, 18, 19, 20, 21, 22, 23, 24]  Q:5 M:5 F:5
  3860. [1, 5, 7, 8, 10, 12, 15, 17, 18, 19, 20, 21, 22, 23, 25]  Q:5 M:5 F:5
  3861. [1, 5, 7, 8, 10, 12, 15, 17, 18, 19, 20, 21, 23, 24, 25]  Q:5 M:5 F:5
  3862. [1, 5, 7, 8, 10, 12, 15, 18, 19, 20, 21, 22, 23, 24, 25]  Q:5 M:5 F:5
  3863. [1, 5, 7, 8, 10, 15, 17, 18, 19, 20, 21, 22, 23, 24, 25]  Q:5 M:5 F:5
  3864. [1, 5, 7, 10, 12, 15, 17, 18, 19, 20, 21, 22, 23, 24, 25]  Q:5 M:5 F:5
  3865. [1, 5, 7, 8, 10, 12, 16, 17, 18, 19, 20, 21, 22, 23, 24]  Q:5 M:5 F:5
  3866. [1, 5, 7, 8, 10, 12, 16, 17, 18, 19, 20, 21, 22, 23, 25]  Q:5 M:5 F:5
  3867. [1, 5, 7, 8, 10, 12, 16, 17, 18, 19, 20, 21, 23, 24, 25]  Q:5 M:5 F:5
  3868. [1, 5, 7, 8, 10, 12, 16, 18, 19, 20, 21, 22, 23, 24, 25]  Q:5 M:5 F:5
  3869. [1, 5, 7, 8, 10, 16, 17, 18, 19, 20, 21, 22, 23, 24, 25]  Q:5 M:5 F:5
  3870. [1, 5, 7, 10, 12, 16, 17, 18, 19, 20, 21, 22, 23, 24, 25]  Q:5 M:5 F:5
  3871. [1, 5, 8, 9, 10, 11, 12, 13, 14, 17, 20, 21, 22, 23, 24]  Q:5 M:5 F:5
  3872. [1, 5, 8, 9, 10, 11, 12, 13, 14, 17, 20, 21, 22, 23, 25]  Q:5 M:5 F:5
  3873. [1, 5, 8, 9, 10, 11, 12, 13, 14, 17, 20, 21, 23, 24, 25]  Q:5 M:5 F:5
  3874. [1, 5, 8, 9, 10, 11, 12, 13, 14, 20, 21, 22, 23, 24, 25]  Q:5 M:5 F:5
  3875. [1, 5, 8, 9, 10, 11, 13, 14, 17, 20, 21, 22, 23, 24, 25]  Q:5 M:5 F:5
  3876. [1, 5, 9, 10, 11, 12, 13, 14, 17, 20, 21, 22, 23, 24, 25]  Q:5 M:5 F:5
  3877. [1, 5, 8, 9, 10, 11, 12, 13, 15, 17, 20, 21, 22, 23, 24]  Q:5 M:5 F:5
  3878. [1, 5, 8, 9, 10, 11, 12, 13, 15, 17, 20, 21, 22, 23, 25]  Q:5 M:5 F:5
  3879. [1, 5, 8, 9, 10, 11, 12, 13, 15, 17, 20, 21, 23, 24, 25]  Q:5 M:5 F:5
  3880. [1, 5, 8, 9, 10, 11, 12, 13, 15, 20, 21, 22, 23, 24, 25]  Q:5 M:5 F:5
  3881. [1, 5, 8, 9, 10, 11, 13, 15, 17, 20, 21, 22, 23, 24, 25]  Q:5 M:5 F:5
  3882. [1, 5, 9, 10, 11, 12, 13, 15, 17, 20, 21, 22, 23, 24, 25]  Q:5 M:5 F:5
  3883. [1, 5, 8, 9, 10, 11, 12, 13, 16, 17, 20, 21, 22, 23, 24]  Q:5 M:5 F:5
  3884. [1, 5, 8, 9, 10, 11, 12, 13, 16, 17, 20, 21, 22, 23, 25]  Q:5 M:5 F:5
  3885. [1, 5, 8, 9, 10, 11, 12, 13, 16, 17, 20, 21, 23, 24, 25]  Q:5 M:5 F:5
  3886. [1, 5, 8, 9, 10, 11, 12, 13, 16, 20, 21, 22, 23, 24, 25]  Q:5 M:5 F:5
  3887. [1, 5, 8, 9, 10, 11, 13, 16, 17, 20, 21, 22, 23, 24, 25]  Q:5 M:5 F:5
  3888. [1, 5, 9, 10, 11, 12, 13, 16, 17, 20, 21, 22, 23, 24, 25]  Q:5 M:5 F:5
  3889. [1, 5, 8, 9, 10, 11, 12, 13, 17, 18, 20, 21, 22, 23, 24]  Q:5 M:5 F:5
  3890. [1, 5, 8, 9, 10, 11, 12, 13, 17, 18, 20, 21, 22, 23, 25]  Q:5 M:5 F:5
  3891. [1, 5, 8, 9, 10, 11, 12, 13, 17, 18, 20, 21, 23, 24, 25]  Q:5 M:5 F:5
  3892. [1, 5, 8, 9, 10, 11, 12, 13, 18, 20, 21, 22, 23, 24, 25]  Q:5 M:5 F:5
  3893. [1, 5, 8, 9, 10, 11, 13, 17, 18, 20, 21, 22, 23, 24, 25]  Q:5 M:5 F:5
  3894. [1, 5, 9, 10, 11, 12, 13, 17, 18, 20, 21, 22, 23, 24, 25]  Q:5 M:5 F:5
  3895. [1, 5, 8, 9, 10, 11, 12, 13, 17, 19, 20, 21, 22, 23, 24]  Q:5 M:5 F:5
  3896. [1, 5, 8, 9, 10, 11, 12, 13, 17, 19, 20, 21, 22, 23, 25]  Q:5 M:5 F:5
  3897. [1, 5, 8, 9, 10, 11, 12, 13, 17, 19, 20, 21, 23, 24, 25]  Q:5 M:5 F:5
  3898. [1, 5, 8, 9, 10, 11, 12, 13, 19, 20, 21, 22, 23, 24, 25]  Q:5 M:5 F:5
  3899. [1, 5, 8, 9, 10, 11, 13, 17, 19, 20, 21, 22, 23, 24, 25]  Q:5 M:5 F:5
  3900. [1, 5, 9, 10, 11, 12, 13, 17, 19, 20, 21, 22, 23, 24, 25]  Q:5 M:5 F:5
  3901. [1, 5, 8, 9, 10, 11, 12, 14, 15, 17, 20, 21, 22, 23, 24]  Q:5 M:5 F:5
  3902. [1, 5, 8, 9, 10, 11, 12, 14, 15, 17, 20, 21, 22, 23, 25]  Q:5 M:5 F:5
  3903. [1, 5, 8, 9, 10, 11, 12, 14, 15, 17, 20, 21, 23, 24, 25]  Q:5 M:5 F:5
  3904. [1, 5, 8, 9, 10, 11, 12, 14, 15, 20, 21, 22, 23, 24, 25]  Q:5 M:5 F:5
  3905. [1, 5, 8, 9, 10, 11, 14, 15, 17, 20, 21, 22, 23, 24, 25]  Q:5 M:5 F:5
  3906. [1, 5, 9, 10, 11, 12, 14, 15, 17, 20, 21, 22, 23, 24, 25]  Q:5 M:5 F:5
  3907. [1, 5, 8, 9, 10, 11, 12, 14, 16, 17, 20, 21, 22, 23, 24]  Q:5 M:5 F:5
  3908. [1, 5, 8, 9, 10, 11, 12, 14, 16, 17, 20, 21, 22, 23, 25]  Q:5 M:5 F:5
  3909. [1, 5, 8, 9, 10, 11, 12, 14, 16, 17, 20, 21, 23, 24, 25]  Q:5 M:5 F:5
  3910. [1, 5, 8, 9, 10, 11, 12, 14, 16, 20, 21, 22, 23, 24, 25]  Q:5 M:5 F:5
  3911. [1, 5, 8, 9, 10, 11, 14, 16, 17, 20, 21, 22, 23, 24, 25]  Q:5 M:5 F:5
  3912. [1, 5, 9, 10, 11, 12, 14, 16, 17, 20, 21, 22, 23, 24, 25]  Q:5 M:5 F:5
  3913. [1, 5, 8, 9, 10, 11, 12, 14, 17, 18, 20, 21, 22, 23, 24]  Q:5 M:5 F:5
  3914. [1, 5, 8, 9, 10, 11, 12, 14, 17, 18, 20, 21, 22, 23, 25]  Q:5 M:5 F:5
  3915. [1, 5, 8, 9, 10, 11, 12, 14, 17, 18, 20, 21, 23, 24, 25]  Q:5 M:5 F:5
  3916. [1, 5, 8, 9, 10, 11, 12, 14, 18, 20, 21, 22, 23, 24, 25]  Q:5 M:5 F:5
  3917. [1, 5, 8, 9, 10, 11, 14, 17, 18, 20, 21, 22, 23, 24, 25]  Q:5 M:5 F:5
  3918. [1, 5, 9, 10, 11, 12, 14, 17, 18, 20, 21, 22, 23, 24, 25]  Q:5 M:5 F:5
  3919. [1, 5, 8, 9, 10, 11, 12, 14, 17, 19, 20, 21, 22, 23, 24]  Q:5 M:5 F:5
  3920. [1, 5, 8, 9, 10, 11, 12, 14, 17, 19, 20, 21, 22, 23, 25]  Q:5 M:5 F:5
  3921. [1, 5, 8, 9, 10, 11, 12, 14, 17, 19, 20, 21, 23, 24, 25]  Q:5 M:5 F:5
  3922. [1, 5, 8, 9, 10, 11, 12, 14, 19, 20, 21, 22, 23, 24, 25]  Q:5 M:5 F:5
  3923. [1, 5, 8, 9, 10, 11, 14, 17, 19, 20, 21, 22, 23, 24, 25]  Q:5 M:5 F:5
  3924. [1, 5, 9, 10, 11, 12, 14, 17, 19, 20, 21, 22, 23, 24, 25]  Q:5 M:5 F:5
  3925. [1, 5, 8, 9, 10, 11, 12, 15, 16, 17, 20, 21, 22, 23, 24]  Q:5 M:5 F:5
  3926. [1, 5, 8, 9, 10, 11, 12, 15, 16, 17, 20, 21, 22, 23, 25]  Q:5 M:5 F:5
  3927. [1, 5, 8, 9, 10, 11, 12, 15, 16, 17, 20, 21, 23, 24, 25]  Q:5 M:5 F:5
  3928. [1, 5, 8, 9, 10, 11, 12, 15, 16, 20, 21, 22, 23, 24, 25]  Q:5 M:5 F:5
  3929. [1, 5, 8, 9, 10, 11, 15, 16, 17, 20, 21, 22, 23, 24, 25]  Q:5 M:5 F:5
  3930. [1, 5, 9, 10, 11, 12, 15, 16, 17, 20, 21, 22, 23, 24, 25]  Q:5 M:5 F:5
  3931. [1, 5, 8, 9, 10, 11, 12, 15, 17, 18, 20, 21, 22, 23, 24]  Q:5 M:5 F:5
  3932. [1, 5, 8, 9, 10, 11, 12, 15, 17, 18, 20, 21, 22, 23, 25]  Q:5 M:5 F:5
  3933. [1, 5, 8, 9, 10, 11, 12, 15, 17, 18, 20, 21, 23, 24, 25]  Q:5 M:5 F:5
  3934. [1, 5, 8, 9, 10, 11, 12, 15, 18, 20, 21, 22, 23, 24, 25]  Q:5 M:5 F:5
  3935. [1, 5, 8, 9, 10, 11, 15, 17, 18, 20, 21, 22, 23, 24, 25]  Q:5 M:5 F:5
  3936. [1, 5, 9, 10, 11, 12, 15, 17, 18, 20, 21, 22, 23, 24, 25]  Q:5 M:5 F:5
  3937. [1, 5, 8, 9, 10, 11, 12, 15, 17, 19, 20, 21, 22, 23, 24]  Q:5 M:5 F:5
  3938. [1, 5, 8, 9, 10, 11, 12, 15, 17, 19, 20, 21, 22, 23, 25]  Q:5 M:5 F:5
  3939. [1, 5, 8, 9, 10, 11, 12, 15, 17, 19, 20, 21, 23, 24, 25]  Q:5 M:5 F:5
  3940. [1, 5, 8, 9, 10, 11, 12, 15, 19, 20, 21, 22, 23, 24, 25]  Q:5 M:5 F:5
  3941. [1, 5, 8, 9, 10, 11, 15, 17, 19, 20, 21, 22, 23, 24, 25]  Q:5 M:5 F:5
  3942. [1, 5, 9, 10, 11, 12, 15, 17, 19, 20, 21, 22, 23, 24, 25]  Q:5 M:5 F:5
  3943. [1, 5, 8, 9, 10, 11, 12, 16, 17, 18, 20, 21, 22, 23, 24]  Q:5 M:5 F:5
  3944. [1, 5, 8, 9, 10, 11, 12, 16, 17, 18, 20, 21, 22, 23, 25]  Q:5 M:5 F:5
  3945. [1, 5, 8, 9, 10, 11, 12, 16, 17, 18, 20, 21, 23, 24, 25]  Q:5 M:5 F:5
  3946. [1, 5, 8, 9, 10, 11, 12, 16, 18, 20, 21, 22, 23, 24, 25]  Q:5 M:5 F:5
  3947. [1, 5, 8, 9, 10, 11, 16, 17, 18, 20, 21, 22, 23, 24, 25]  Q:5 M:5 F:5
  3948. [1, 5, 9, 10, 11, 12, 16, 17, 18, 20, 21, 22, 23, 24, 25]  Q:5 M:5 F:5
  3949. [1, 5, 8, 9, 10, 11, 12, 16, 17, 19, 20, 21, 22, 23, 24]  Q:5 M:5 F:5
  3950. [1, 5, 8, 9, 10, 11, 12, 16, 17, 19, 20, 21, 22, 23, 25]  Q:5 M:5 F:5
  3951. [1, 5, 8, 9, 10, 11, 12, 16, 17, 19, 20, 21, 23, 24, 25]  Q:5 M:5 F:5
  3952. [1, 5, 8, 9, 10, 11, 12, 16, 19, 20, 21, 22, 23, 24, 25]  Q:5 M:5 F:5
  3953. [1, 5, 8, 9, 10, 11, 16, 17, 19, 20, 21, 22, 23, 24, 25]  Q:5 M:5 F:5
  3954. [1, 5, 9, 10, 11, 12, 16, 17, 19, 20, 21, 22, 23, 24, 25]  Q:5 M:5 F:5
  3955. [1, 5, 8, 9, 10, 11, 12, 17, 18, 19, 20, 21, 22, 23, 24]  Q:5 M:5 F:5
  3956. [1, 5, 8, 9, 10, 11, 12, 17, 18, 19, 20, 21, 22, 23, 25]  Q:5 M:5 F:5
  3957. [1, 5, 8, 9, 10, 11, 12, 17, 18, 19, 20, 21, 23, 24, 25]  Q:5 M:5 F:5
  3958. [1, 5, 8, 9, 10, 11, 12, 18, 19, 20, 21, 22, 23, 24, 25]  Q:5 M:5 F:5
  3959. [1, 5, 8, 9, 10, 11, 17, 18, 19, 20, 21, 22, 23, 24, 25]  Q:5 M:5 F:5
  3960. [1, 5, 9, 10, 11, 12, 17, 18, 19, 20, 21, 22, 23, 24, 25]  Q:5 M:5 F:5
  3961. [1, 5, 8, 9, 10, 12, 13, 14, 15, 17, 20, 21, 22, 23, 24]  Q:5 M:5 F:5
  3962. [1, 5, 8, 9, 10, 12, 13, 14, 15, 17, 20, 21, 22, 23, 25]  Q:5 M:5 F:5
  3963. [1, 5, 8, 9, 10, 12, 13, 14, 15, 17, 20, 21, 23, 24, 25]  Q:5 M:5 F:5
  3964. [1, 5, 8, 9, 10, 12, 13, 14, 15, 20, 21, 22, 23, 24, 25]  Q:5 M:5 F:5
  3965. [1, 5, 8, 9, 10, 13, 14, 15, 17, 20, 21, 22, 23, 24, 25]  Q:5 M:5 F:5
  3966. [1, 5, 9, 10, 12, 13, 14, 15, 17, 20, 21, 22, 23, 24, 25]  Q:5 M:5 F:5
  3967. [1, 5, 8, 9, 10, 12, 13, 14, 16, 17, 20, 21, 22, 23, 24]  Q:5 M:5 F:5
  3968. [1, 5, 8, 9, 10, 12, 13, 14, 16, 17, 20, 21, 22, 23, 25]  Q:5 M:5 F:5
  3969. [1, 5, 8, 9, 10, 12, 13, 14, 16, 17, 20, 21, 23, 24, 25]  Q:5 M:5 F:5
  3970. [1, 5, 8, 9, 10, 12, 13, 14, 16, 20, 21, 22, 23, 24, 25]  Q:5 M:5 F:5
  3971. [1, 5, 8, 9, 10, 13, 14, 16, 17, 20, 21, 22, 23, 24, 25]  Q:5 M:5 F:5
  3972. [1, 5, 9, 10, 12, 13, 14, 16, 17, 20, 21, 22, 23, 24, 25]  Q:5 M:5 F:5
  3973. [1, 5, 8, 9, 10, 12, 13, 14, 17, 18, 20, 21, 22, 23, 24]  Q:5 M:5 F:5
  3974. [1, 5, 8, 9, 10, 12, 13, 14, 17, 18, 20, 21, 22, 23, 25]  Q:5 M:5 F:5
  3975. [1, 5, 8, 9, 10, 12, 13, 14, 17, 18, 20, 21, 23, 24, 25]  Q:5 M:5 F:5
  3976. [1, 5, 8, 9, 10, 12, 13, 14, 18, 20, 21, 22, 23, 24, 25]  Q:5 M:5 F:5
  3977. [1, 5, 8, 9, 10, 13, 14, 17, 18, 20, 21, 22, 23, 24, 25]  Q:5 M:5 F:5
  3978. [1, 5, 9, 10, 12, 13, 14, 17, 18, 20, 21, 22, 23, 24, 25]  Q:5 M:5 F:5
  3979. [1, 5, 8, 9, 10, 12, 13, 14, 17, 19, 20, 21, 22, 23, 24]  Q:5 M:5 F:5
  3980. [1, 5, 8, 9, 10, 12, 13, 14, 17, 19, 20, 21, 22, 23, 25]  Q:5 M:5 F:5
  3981. [1, 5, 8, 9, 10, 12, 13, 14, 17, 19, 20, 21, 23, 24, 25]  Q:5 M:5 F:5
  3982. [1, 5, 8, 9, 10, 12, 13, 14, 19, 20, 21, 22, 23, 24, 25]  Q:5 M:5 F:5
  3983. [1, 5, 8, 9, 10, 13, 14, 17, 19, 20, 21, 22, 23, 24, 25]  Q:5 M:5 F:5
  3984. [1, 5, 9, 10, 12, 13, 14, 17, 19, 20, 21, 22, 23, 24, 25]  Q:5 M:5 F:5
  3985. [1, 5, 8, 9, 10, 12, 13, 15, 16, 17, 20, 21, 22, 23, 24]  Q:5 M:5 F:5
  3986. [1, 5, 8, 9, 10, 12, 13, 15, 16, 17, 20, 21, 22, 23, 25]  Q:5 M:5 F:5
  3987. [1, 5, 8, 9, 10, 12, 13, 15, 16, 17, 20, 21, 23, 24, 25]  Q:5 M:5 F:5
  3988. [1, 5, 8, 9, 10, 12, 13, 15, 16, 20, 21, 22, 23, 24, 25]  Q:5 M:5 F:5
  3989. [1, 5, 8, 9, 10, 13, 15, 16, 17, 20, 21, 22, 23, 24, 25]  Q:5 M:5 F:5
  3990. [1, 5, 9, 10, 12, 13, 15, 16, 17, 20, 21, 22, 23, 24, 25]  Q:5 M:5 F:5
  3991. [1, 5, 8, 9, 10, 12, 13, 15, 17, 18, 20, 21, 22, 23, 24]  Q:5 M:5 F:5
  3992. [1, 5, 8, 9, 10, 12, 13, 15, 17, 18, 20, 21, 22, 23, 25]  Q:5 M:5 F:5
  3993. [1, 5, 8, 9, 10, 12, 13, 15, 17, 18, 20, 21, 23, 24, 25]  Q:5 M:5 F:5
  3994. [1, 5, 8, 9, 10, 12, 13, 15, 18, 20, 21, 22, 23, 24, 25]  Q:5 M:5 F:5
  3995. [1, 5, 8, 9, 10, 13, 15, 17, 18, 20, 21, 22, 23, 24, 25]  Q:5 M:5 F:5
  3996. [1, 5, 9, 10, 12, 13, 15, 17, 18, 20, 21, 22, 23, 24, 25]  Q:5 M:5 F:5
  3997. [1, 5, 8, 9, 10, 12, 13, 15, 17, 19, 20, 21, 22, 23, 24]  Q:5 M:5 F:5
  3998. [1, 5, 8, 9, 10, 12, 13, 15, 17, 19, 20, 21, 22, 23, 25]  Q:5 M:5 F:5
  3999. [1, 5, 8, 9, 10, 12, 13, 15, 17, 19, 20, 21, 23, 24, 25]  Q:5 M:5 F:5
  4000. [1, 5, 8, 9, 10, 12, 13, 15, 19, 20, 21, 22, 23, 24, 25]  Q:5 M:5 F:5
  4001. [1, 5, 8, 9, 10, 13, 15, 17, 19, 20, 21, 22, 23, 24, 25]  Q:5 M:5 F:5
  4002. [1, 5, 9, 10, 12, 13, 15, 17, 19, 20, 21, 22, 23, 24, 25]  Q:5 M:5 F:5
  4003. [1, 5, 8, 9, 10, 12, 13, 16, 17, 18, 20, 21, 22, 23, 24]  Q:5 M:5 F:5
  4004. [1, 5, 8, 9, 10, 12, 13, 16, 17, 18, 20, 21, 22, 23, 25]  Q:5 M:5 F:5
  4005. [1, 5, 8, 9, 10, 12, 13, 16, 17, 18, 20, 21, 23, 24, 25]  Q:5 M:5 F:5
  4006. [1, 5, 8, 9, 10, 12, 13, 16, 18, 20, 21, 22, 23, 24, 25]  Q:5 M:5 F:5
  4007. [1, 5, 8, 9, 10, 13, 16, 17, 18, 20, 21, 22, 23, 24, 25]  Q:5 M:5 F:5
  4008. [1, 5, 9, 10, 12, 13, 16, 17, 18, 20, 21, 22, 23, 24, 25]  Q:5 M:5 F:5
  4009. [1, 5, 8, 9, 10, 12, 13, 16, 17, 19, 20, 21, 22, 23, 24]  Q:5 M:5 F:5
  4010. [1, 5, 8, 9, 10, 12, 13, 16, 17, 19, 20, 21, 22, 23, 25]  Q:5 M:5 F:5
  4011. [1, 5, 8, 9, 10, 12, 13, 16, 17, 19, 20, 21, 23, 24, 25]  Q:5 M:5 F:5
  4012. [1, 5, 8, 9, 10, 12, 13, 16, 19, 20, 21, 22, 23, 24, 25]  Q:5 M:5 F:5
  4013. [1, 5, 8, 9, 10, 13, 16, 17, 19, 20, 21, 22, 23, 24, 25]  Q:5 M:5 F:5
  4014. [1, 5, 9, 10, 12, 13, 16, 17, 19, 20, 21, 22, 23, 24, 25]  Q:5 M:5 F:5
  4015. [1, 5, 8, 9, 10, 12, 13, 17, 18, 19, 20, 21, 22, 23, 24]  Q:5 M:5 F:5
  4016. [1, 5, 8, 9, 10, 12, 13, 17, 18, 19, 20, 21, 22, 23, 25]  Q:5 M:5 F:5
  4017. [1, 5, 8, 9, 10, 12, 13, 17, 18, 19, 20, 21, 23, 24, 25]  Q:5 M:5 F:5
  4018. [1, 5, 8, 9, 10, 12, 13, 18, 19, 20, 21, 22, 23, 24, 25]  Q:5 M:5 F:5
  4019. [1, 5, 8, 9, 10, 13, 17, 18, 19, 20, 21, 22, 23, 24, 25]  Q:5 M:5 F:5
  4020. [1, 5, 9, 10, 12, 13, 17, 18, 19, 20, 21, 22, 23, 24, 25]  Q:5 M:5 F:5
  4021. [1, 5, 8, 9, 10, 12, 14, 15, 16, 17, 20, 21, 22, 23, 24]  Q:5 M:5 F:5
  4022. [1, 5, 8, 9, 10, 12, 14, 15, 16, 17, 20, 21, 22, 23, 25]  Q:5 M:5 F:5
  4023. [1, 5, 8, 9, 10, 12, 14, 15, 16, 17, 20, 21, 23, 24, 25]  Q:5 M:5 F:5
  4024. [1, 5, 8, 9, 10, 12, 14, 15, 16, 20, 21, 22, 23, 24, 25]  Q:5 M:5 F:5
  4025. [1, 5, 8, 9, 10, 14, 15, 16, 17, 20, 21, 22, 23, 24, 25]  Q:5 M:5 F:5
  4026. [1, 5, 9, 10, 12, 14, 15, 16, 17, 20, 21, 22, 23, 24, 25]  Q:5 M:5 F:5
  4027. [1, 5, 8, 9, 10, 12, 14, 15, 17, 18, 20, 21, 22, 23, 24]  Q:5 M:5 F:5
  4028. [1, 5, 8, 9, 10, 12, 14, 15, 17, 18, 20, 21, 22, 23, 25]  Q:5 M:5 F:5
  4029. [1, 5, 8, 9, 10, 12, 14, 15, 17, 18, 20, 21, 23, 24, 25]  Q:5 M:5 F:5
  4030. [1, 5, 8, 9, 10, 12, 14, 15, 18, 20, 21, 22, 23, 24, 25]  Q:5 M:5 F:5
  4031. [1, 5, 8, 9, 10, 14, 15, 17, 18, 20, 21, 22, 23, 24, 25]  Q:5 M:5 F:5
  4032. [1, 5, 9, 10, 12, 14, 15, 17, 18, 20, 21, 22, 23, 24, 25]  Q:5 M:5 F:5
  4033. [1, 5, 8, 9, 10, 12, 14, 15, 17, 19, 20, 21, 22, 23, 24]  Q:5 M:5 F:5
  4034. [1, 5, 8, 9, 10, 12, 14, 15, 17, 19, 20, 21, 22, 23, 25]  Q:5 M:5 F:5
  4035. [1, 5, 8, 9, 10, 12, 14, 15, 17, 19, 20, 21, 23, 24, 25]  Q:5 M:5 F:5
  4036. [1, 5, 8, 9, 10, 12, 14, 15, 19, 20, 21, 22, 23, 24, 25]  Q:5 M:5 F:5
  4037. [1, 5, 8, 9, 10, 14, 15, 17, 19, 20, 21, 22, 23, 24, 25]  Q:5 M:5 F:5
  4038. [1, 5, 9, 10, 12, 14, 15, 17, 19, 20, 21, 22, 23, 24, 25]  Q:5 M:5 F:5
  4039. [1, 5, 8, 9, 10, 12, 14, 16, 17, 18, 20, 21, 22, 23, 24]  Q:5 M:5 F:5
  4040. [1, 5, 8, 9, 10, 12, 14, 16, 17, 18, 20, 21, 22, 23, 25]  Q:5 M:5 F:5
  4041. [1, 5, 8, 9, 10, 12, 14, 16, 17, 18, 20, 21, 23, 24, 25]  Q:5 M:5 F:5
  4042. [1, 5, 8, 9, 10, 12, 14, 16, 18, 20, 21, 22, 23, 24, 25]  Q:5 M:5 F:5
  4043. [1, 5, 8, 9, 10, 14, 16, 17, 18, 20, 21, 22, 23, 24, 25]  Q:5 M:5 F:5
  4044. [1, 5, 9, 10, 12, 14, 16, 17, 18, 20, 21, 22, 23, 24, 25]  Q:5 M:5 F:5
  4045. [1, 5, 8, 9, 10, 12, 14, 16, 17, 19, 20, 21, 22, 23, 24]  Q:5 M:5 F:5
  4046. [1, 5, 8, 9, 10, 12, 14, 16, 17, 19, 20, 21, 22, 23, 25]  Q:5 M:5 F:5
  4047. [1, 5, 8, 9, 10, 12, 14, 16, 17, 19, 20, 21, 23, 24, 25]  Q:5 M:5 F:5
  4048. [1, 5, 8, 9, 10, 12, 14, 16, 19, 20, 21, 22, 23, 24, 25]  Q:5 M:5 F:5
  4049. [1, 5, 8, 9, 10, 14, 16, 17, 19, 20, 21, 22, 23, 24, 25]  Q:5 M:5 F:5
  4050. [1, 5, 9, 10, 12, 14, 16, 17, 19, 20, 21, 22, 23, 24, 25]  Q:5 M:5 F:5
  4051. [1, 5, 8, 9, 10, 12, 14, 17, 18, 19, 20, 21, 22, 23, 24]  Q:5 M:5 F:5
  4052. [1, 5, 8, 9, 10, 12, 14, 17, 18, 19, 20, 21, 22, 23, 25]  Q:5 M:5 F:5
  4053. [1, 5, 8, 9, 10, 12, 14, 17, 18, 19, 20, 21, 23, 24, 25]  Q:5 M:5 F:5
  4054. [1, 5, 8, 9, 10, 12, 14, 18, 19, 20, 21, 22, 23, 24, 25]  Q:5 M:5 F:5
  4055. [1, 5, 8, 9, 10, 14, 17, 18, 19, 20, 21, 22, 23, 24, 25]  Q:5 M:5 F:5
  4056. [1, 5, 9, 10, 12, 14, 17, 18, 19, 20, 21, 22, 23, 24, 25]  Q:5 M:5 F:5
  4057. [1, 5, 8, 9, 10, 12, 15, 16, 17, 18, 20, 21, 22, 23, 24]  Q:5 M:5 F:5
  4058. [1, 5, 8, 9, 10, 12, 15, 16, 17, 18, 20, 21, 22, 23, 25]  Q:5 M:5 F:5
  4059. [1, 5, 8, 9, 10, 12, 15, 16, 17, 18, 20, 21, 23, 24, 25]  Q:5 M:5 F:5
  4060. [1, 5, 8, 9, 10, 12, 15, 16, 18, 20, 21, 22, 23, 24, 25]  Q:5 M:5 F:5
  4061. [1, 5, 8, 9, 10, 15, 16, 17, 18, 20, 21, 22, 23, 24, 25]  Q:5 M:5 F:5
  4062. [1, 5, 9, 10, 12, 15, 16, 17, 18, 20, 21, 22, 23, 24, 25]  Q:5 M:5 F:5
  4063. [1, 5, 8, 9, 10, 12, 15, 16, 17, 19, 20, 21, 22, 23, 24]  Q:5 M:5 F:5
  4064. [1, 5, 8, 9, 10, 12, 15, 16, 17, 19, 20, 21, 22, 23, 25]  Q:5 M:5 F:5
  4065. [1, 5, 8, 9, 10, 12, 15, 16, 17, 19, 20, 21, 23, 24, 25]  Q:5 M:5 F:5
  4066. [1, 5, 8, 9, 10, 12, 15, 16, 19, 20, 21, 22, 23, 24, 25]  Q:5 M:5 F:5
  4067. [1, 5, 8, 9, 10, 15, 16, 17, 19, 20, 21, 22, 23, 24, 25]  Q:5 M:5 F:5
  4068. [1, 5, 9, 10, 12, 15, 16, 17, 19, 20, 21, 22, 23, 24, 25]  Q:5 M:5 F:5
  4069. [1, 5, 8, 9, 10, 12, 15, 17, 18, 19, 20, 21, 22, 23, 24]  Q:5 M:5 F:5
  4070. [1, 5, 8, 9, 10, 12, 15, 17, 18, 19, 20, 21, 22, 23, 25]  Q:5 M:5 F:5
  4071. [1, 5, 8, 9, 10, 12, 15, 17, 18, 19, 20, 21, 23, 24, 25]  Q:5 M:5 F:5
  4072. [1, 5, 8, 9, 10, 12, 15, 18, 19, 20, 21, 22, 23, 24, 25]  Q:5 M:5 F:5
  4073. [1, 5, 8, 9, 10, 15, 17, 18, 19, 20, 21, 22, 23, 24, 25]  Q:5 M:5 F:5
  4074. [1, 5, 9, 10, 12, 15, 17, 18, 19, 20, 21, 22, 23, 24, 25]  Q:5 M:5 F:5
  4075. [1, 5, 8, 9, 10, 12, 16, 17, 18, 19, 20, 21, 22, 23, 24]  Q:5 M:5 F:5
  4076. [1, 5, 8, 9, 10, 12, 16, 17, 18, 19, 20, 21, 22, 23, 25]  Q:5 M:5 F:5
  4077. [1, 5, 8, 9, 10, 12, 16, 17, 18, 19, 20, 21, 23, 24, 25]  Q:5 M:5 F:5
  4078. [1, 5, 8, 9, 10, 12, 16, 18, 19, 20, 21, 22, 23, 24, 25]  Q:5 M:5 F:5
  4079. [1, 5, 8, 9, 10, 16, 17, 18, 19, 20, 21, 22, 23, 24, 25]  Q:5 M:5 F:5
  4080. [1, 5, 9, 10, 12, 16, 17, 18, 19, 20, 21, 22, 23, 24, 25]  Q:5 M:5 F:5
  4081. [1, 5, 8, 10, 11, 12, 13, 14, 15, 17, 20, 21, 22, 23, 24]  Q:5 M:5 F:5
  4082. [1, 5, 8, 10, 11, 12, 13, 14, 15, 17, 20, 21, 22, 23, 25]  Q:5 M:5 F:5
  4083. [1, 5, 8, 10, 11, 12, 13, 14, 15, 17, 20, 21, 23, 24, 25]  Q:5 M:5 F:5
  4084. [1, 5, 8, 10, 11, 12, 13, 14, 15, 20, 21, 22, 23, 24, 25]  Q:5 M:5 F:5
  4085. [1, 5, 8, 10, 11, 13, 14, 15, 17, 20, 21, 22, 23, 24, 25]  Q:5 M:5 F:5
  4086. [1, 5, 10, 11, 12, 13, 14, 15, 17, 20, 21, 22, 23, 24, 25]  Q:5 M:5 F:5
  4087. [1, 5, 8, 10, 11, 12, 13, 14, 16, 17, 20, 21, 22, 23, 24]  Q:5 M:5 F:5
  4088. [1, 5, 8, 10, 11, 12, 13, 14, 16, 17, 20, 21, 22, 23, 25]  Q:5 M:5 F:5
  4089. [1, 5, 8, 10, 11, 12, 13, 14, 16, 17, 20, 21, 23, 24, 25]  Q:5 M:5 F:5
  4090. [1, 5, 8, 10, 11, 12, 13, 14, 16, 20, 21, 22, 23, 24, 25]  Q:5 M:5 F:5
  4091. [1, 5, 8, 10, 11, 13, 14, 16, 17, 20, 21, 22, 23, 24, 25]  Q:5 M:5 F:5
  4092. [1, 5, 10, 11, 12, 13, 14, 16, 17, 20, 21, 22, 23, 24, 25]  Q:5 M:5 F:5
  4093. [1, 5, 8, 10, 11, 12, 13, 14, 17, 18, 20, 21, 22, 23, 24]  Q:5 M:5 F:5
  4094. [1, 5, 8, 10, 11, 12, 13, 14, 17, 18, 20, 21, 22, 23, 25]  Q:5 M:5 F:5
  4095. [1, 5, 8, 10, 11, 12, 13, 14, 17, 18, 20, 21, 23, 24, 25]  Q:5 M:5 F:5
  4096. [1, 5, 8, 10, 11, 12, 13, 14, 18, 20, 21, 22, 23, 24, 25]  Q:5 M:5 F:5
  4097. [1, 5, 8, 10, 11, 13, 14, 17, 18, 20, 21, 22, 23, 24, 25]  Q:5 M:5 F:5
  4098. [1, 5, 10, 11, 12, 13, 14, 17, 18, 20, 21, 22, 23, 24, 25]  Q:5 M:5 F:5
  4099. [1, 5, 8, 10, 11, 12, 13, 14, 17, 19, 20, 21, 22, 23, 24]  Q:5 M:5 F:5
  4100. [1, 5, 8, 10, 11, 12, 13, 14, 17, 19, 20, 21, 22, 23, 25]  Q:5 M:5 F:5
  4101. [1, 5, 8, 10, 11, 12, 13, 14, 17, 19, 20, 21, 23, 24, 25]  Q:5 M:5 F:5
  4102. [1, 5, 8, 10, 11, 12, 13, 14, 19, 20, 21, 22, 23, 24, 25]  Q:5 M:5 F:5
  4103. [1, 5, 8, 10, 11, 13, 14, 17, 19, 20, 21, 22, 23, 24, 25]  Q:5 M:5 F:5
  4104. [1, 5, 10, 11, 12, 13, 14, 17, 19, 20, 21, 22, 23, 24, 25]  Q:5 M:5 F:5
  4105. [1, 5, 8, 10, 11, 12, 13, 15, 16, 17, 20, 21, 22, 23, 24]  Q:5 M:5 F:5
  4106. [1, 5, 8, 10, 11, 12, 13, 15, 16, 17, 20, 21, 22, 23, 25]  Q:5 M:5 F:5
  4107. [1, 5, 8, 10, 11, 12, 13, 15, 16, 17, 20, 21, 23, 24, 25]  Q:5 M:5 F:5
  4108. [1, 5, 8, 10, 11, 12, 13, 15, 16, 20, 21, 22, 23, 24, 25]  Q:5 M:5 F:5
  4109. [1, 5, 8, 10, 11, 13, 15, 16, 17, 20, 21, 22, 23, 24, 25]  Q:5 M:5 F:5
  4110. [1, 5, 10, 11, 12, 13, 15, 16, 17, 20, 21, 22, 23, 24, 25]  Q:5 M:5 F:5
  4111. [1, 5, 8, 10, 11, 12, 13, 15, 17, 18, 20, 21, 22, 23, 24]  Q:5 M:5 F:5
  4112. [1, 5, 8, 10, 11, 12, 13, 15, 17, 18, 20, 21, 22, 23, 25]  Q:5 M:5 F:5
  4113. [1, 5, 8, 10, 11, 12, 13, 15, 17, 18, 20, 21, 23, 24, 25]  Q:5 M:5 F:5
  4114. [1, 5, 8, 10, 11, 12, 13, 15, 18, 20, 21, 22, 23, 24, 25]  Q:5 M:5 F:5
  4115. [1, 5, 8, 10, 11, 13, 15, 17, 18, 20, 21, 22, 23, 24, 25]  Q:5 M:5 F:5
  4116. [1, 5, 10, 11, 12, 13, 15, 17, 18, 20, 21, 22, 23, 24, 25]  Q:5 M:5 F:5
  4117. [1, 5, 8, 10, 11, 12, 13, 15, 17, 19, 20, 21, 22, 23, 24]  Q:5 M:5 F:5
  4118. [1, 5, 8, 10, 11, 12, 13, 15, 17, 19, 20, 21, 22, 23, 25]  Q:5 M:5 F:5
  4119. [1, 5, 8, 10, 11, 12, 13, 15, 17, 19, 20, 21, 23, 24, 25]  Q:5 M:5 F:5
  4120. [1, 5, 8, 10, 11, 12, 13, 15, 19, 20, 21, 22, 23, 24, 25]  Q:5 M:5 F:5
  4121. [1, 5, 8, 10, 11, 13, 15, 17, 19, 20, 21, 22, 23, 24, 25]  Q:5 M:5 F:5
  4122. [1, 5, 10, 11, 12, 13, 15, 17, 19, 20, 21, 22, 23, 24, 25]  Q:5 M:5 F:5
  4123. [1, 5, 8, 10, 11, 12, 13, 16, 17, 18, 20, 21, 22, 23, 24]  Q:5 M:5 F:5
  4124. [1, 5, 8, 10, 11, 12, 13, 16, 17, 18, 20, 21, 22, 23, 25]  Q:5 M:5 F:5
  4125. [1, 5, 8, 10, 11, 12, 13, 16, 17, 18, 20, 21, 23, 24, 25]  Q:5 M:5 F:5
  4126. [1, 5, 8, 10, 11, 12, 13, 16, 18, 20, 21, 22, 23, 24, 25]  Q:5 M:5 F:5
  4127. [1, 5, 8, 10, 11, 13, 16, 17, 18, 20, 21, 22, 23, 24, 25]  Q:5 M:5 F:5
  4128. [1, 5, 10, 11, 12, 13, 16, 17, 18, 20, 21, 22, 23, 24, 25]  Q:5 M:5 F:5
  4129. [1, 5, 8, 10, 11, 12, 13, 16, 17, 19, 20, 21, 22, 23, 24]  Q:5 M:5 F:5
  4130. [1, 5, 8, 10, 11, 12, 13, 16, 17, 19, 20, 21, 22, 23, 25]  Q:5 M:5 F:5
  4131. [1, 5, 8, 10, 11, 12, 13, 16, 17, 19, 20, 21, 23, 24, 25]  Q:5 M:5 F:5
  4132. [1, 5, 8, 10, 11, 12, 13, 16, 19, 20, 21, 22, 23, 24, 25]  Q:5 M:5 F:5
  4133. [1, 5, 8, 10, 11, 13, 16, 17, 19, 20, 21, 22, 23, 24, 25]  Q:5 M:5 F:5
  4134. [1, 5, 10, 11, 12, 13, 16, 17, 19, 20, 21, 22, 23, 24, 25]  Q:5 M:5 F:5
  4135. [1, 5, 8, 10, 11, 12, 13, 17, 18, 19, 20, 21, 22, 23, 24]  Q:5 M:5 F:5
  4136. [1, 5, 8, 10, 11, 12, 13, 17, 18, 19, 20, 21, 22, 23, 25]  Q:5 M:5 F:5
  4137. [1, 5, 8, 10, 11, 12, 13, 17, 18, 19, 20, 21, 23, 24, 25]  Q:5 M:5 F:5
  4138. [1, 5, 8, 10, 11, 12, 13, 18, 19, 20, 21, 22, 23, 24, 25]  Q:5 M:5 F:5
  4139. [1, 5, 8, 10, 11, 13, 17, 18, 19, 20, 21, 22, 23, 24, 25]  Q:5 M:5 F:5
  4140. [1, 5, 10, 11, 12, 13, 17, 18, 19, 20, 21, 22, 23, 24, 25]  Q:5 M:5 F:5
  4141. [1, 5, 8, 10, 11, 12, 14, 15, 16, 17, 20, 21, 22, 23, 24]  Q:5 M:5 F:5
  4142. [1, 5, 8, 10, 11, 12, 14, 15, 16, 17, 20, 21, 22, 23, 25]  Q:5 M:5 F:5
  4143. [1, 5, 8, 10, 11, 12, 14, 15, 16, 17, 20, 21, 23, 24, 25]  Q:5 M:5 F:5
  4144. [1, 5, 8, 10, 11, 12, 14, 15, 16, 20, 21, 22, 23, 24, 25]  Q:5 M:5 F:5
  4145. [1, 5, 8, 10, 11, 14, 15, 16, 17, 20, 21, 22, 23, 24, 25]  Q:5 M:5 F:5
  4146. [1, 5, 10, 11, 12, 14, 15, 16, 17, 20, 21, 22, 23, 24, 25]  Q:5 M:5 F:5
  4147. [1, 5, 8, 10, 11, 12, 14, 15, 17, 18, 20, 21, 22, 23, 24]  Q:5 M:5 F:5
  4148. [1, 5, 8, 10, 11, 12, 14, 15, 17, 18, 20, 21, 22, 23, 25]  Q:5 M:5 F:5
  4149. [1, 5, 8, 10, 11, 12, 14, 15, 17, 18, 20, 21, 23, 24, 25]  Q:5 M:5 F:5
  4150. [1, 5, 8, 10, 11, 12, 14, 15, 18, 20, 21, 22, 23, 24, 25]  Q:5 M:5 F:5
  4151. [1, 5, 8, 10, 11, 14, 15, 17, 18, 20, 21, 22, 23, 24, 25]  Q:5 M:5 F:5
  4152. [1, 5, 10, 11, 12, 14, 15, 17, 18, 20, 21, 22, 23, 24, 25]  Q:5 M:5 F:5
  4153. [1, 5, 8, 10, 11, 12, 14, 15, 17, 19, 20, 21, 22, 23, 24]  Q:5 M:5 F:5
  4154. [1, 5, 8, 10, 11, 12, 14, 15, 17, 19, 20, 21, 22, 23, 25]  Q:5 M:5 F:5
  4155. [1, 5, 8, 10, 11, 12, 14, 15, 17, 19, 20, 21, 23, 24, 25]  Q:5 M:5 F:5
  4156. [1, 5, 8, 10, 11, 12, 14, 15, 19, 20, 21, 22, 23, 24, 25]  Q:5 M:5 F:5
  4157. [1, 5, 8, 10, 11, 14, 15, 17, 19, 20, 21, 22, 23, 24, 25]  Q:5 M:5 F:5
  4158. [1, 5, 10, 11, 12, 14, 15, 17, 19, 20, 21, 22, 23, 24, 25]  Q:5 M:5 F:5
  4159. [1, 5, 8, 10, 11, 12, 14, 16, 17, 18, 20, 21, 22, 23, 24]  Q:5 M:5 F:5
  4160. [1, 5, 8, 10, 11, 12, 14, 16, 17, 18, 20, 21, 22, 23, 25]  Q:5 M:5 F:5
  4161. [1, 5, 8, 10, 11, 12, 14, 16, 17, 18, 20, 21, 23, 24, 25]  Q:5 M:5 F:5
  4162. [1, 5, 8, 10, 11, 12, 14, 16, 18, 20, 21, 22, 23, 24, 25]  Q:5 M:5 F:5
  4163. [1, 5, 8, 10, 11, 14, 16, 17, 18, 20, 21, 22, 23, 24, 25]  Q:5 M:5 F:5
  4164. [1, 5, 10, 11, 12, 14, 16, 17, 18, 20, 21, 22, 23, 24, 25]  Q:5 M:5 F:5
  4165. [1, 5, 8, 10, 11, 12, 14, 16, 17, 19, 20, 21, 22, 23, 24]  Q:5 M:5 F:5
  4166. [1, 5, 8, 10, 11, 12, 14, 16, 17, 19, 20, 21, 22, 23, 25]  Q:5 M:5 F:5
  4167. [1, 5, 8, 10, 11, 12, 14, 16, 17, 19, 20, 21, 23, 24, 25]  Q:5 M:5 F:5
  4168. [1, 5, 8, 10, 11, 12, 14, 16, 19, 20, 21, 22, 23, 24, 25]  Q:5 M:5 F:5
  4169. [1, 5, 8, 10, 11, 14, 16, 17, 19, 20, 21, 22, 23, 24, 25]  Q:5 M:5 F:5
  4170. [1, 5, 10, 11, 12, 14, 16, 17, 19, 20, 21, 22, 23, 24, 25]  Q:5 M:5 F:5
  4171. [1, 5, 8, 10, 11, 12, 14, 17, 18, 19, 20, 21, 22, 23, 24]  Q:5 M:5 F:5
  4172. [1, 5, 8, 10, 11, 12, 14, 17, 18, 19, 20, 21, 22, 23, 25]  Q:5 M:5 F:5
  4173. [1, 5, 8, 10, 11, 12, 14, 17, 18, 19, 20, 21, 23, 24, 25]  Q:5 M:5 F:5
  4174. [1, 5, 8, 10, 11, 12, 14, 18, 19, 20, 21, 22, 23, 24, 25]  Q:5 M:5 F:5
  4175. [1, 5, 8, 10, 11, 14, 17, 18, 19, 20, 21, 22, 23, 24, 25]  Q:5 M:5 F:5
  4176. [1, 5, 10, 11, 12, 14, 17, 18, 19, 20, 21, 22, 23, 24, 25]  Q:5 M:5 F:5
  4177. [1, 5, 8, 10, 11, 12, 15, 16, 17, 18, 20, 21, 22, 23, 24]  Q:5 M:5 F:5
  4178. [1, 5, 8, 10, 11, 12, 15, 16, 17, 18, 20, 21, 22, 23, 25]  Q:5 M:5 F:5
  4179. [1, 5, 8, 10, 11, 12, 15, 16, 17, 18, 20, 21, 23, 24, 25]  Q:5 M:5 F:5
  4180. [1, 5, 8, 10, 11, 12, 15, 16, 18, 20, 21, 22, 23, 24, 25]  Q:5 M:5 F:5
  4181. [1, 5, 8, 10, 11, 15, 16, 17, 18, 20, 21, 22, 23, 24, 25]  Q:5 M:5 F:5
  4182. [1, 5, 10, 11, 12, 15, 16, 17, 18, 20, 21, 22, 23, 24, 25]  Q:5 M:5 F:5
  4183. [1, 5, 8, 10, 11, 12, 15, 16, 17, 19, 20, 21, 22, 23, 24]  Q:5 M:5 F:5
  4184. [1, 5, 8, 10, 11, 12, 15, 16, 17, 19, 20, 21, 22, 23, 25]  Q:5 M:5 F:5
  4185. [1, 5, 8, 10, 11, 12, 15, 16, 17, 19, 20, 21, 23, 24, 25]  Q:5 M:5 F:5
  4186. [1, 5, 8, 10, 11, 12, 15, 16, 19, 20, 21, 22, 23, 24, 25]  Q:5 M:5 F:5
  4187. [1, 5, 8, 10, 11, 15, 16, 17, 19, 20, 21, 22, 23, 24, 25]  Q:5 M:5 F:5
  4188. [1, 5, 10, 11, 12, 15, 16, 17, 19, 20, 21, 22, 23, 24, 25]  Q:5 M:5 F:5
  4189. [1, 5, 8, 10, 11, 12, 15, 17, 18, 19, 20, 21, 22, 23, 24]  Q:5 M:5 F:5
  4190. [1, 5, 8, 10, 11, 12, 15, 17, 18, 19, 20, 21, 22, 23, 25]  Q:5 M:5 F:5
  4191. [1, 5, 8, 10, 11, 12, 15, 17, 18, 19, 20, 21, 23, 24, 25]  Q:5 M:5 F:5
  4192. [1, 5, 8, 10, 11, 12, 15, 18, 19, 20, 21, 22, 23, 24, 25]  Q:5 M:5 F:5
  4193. [1, 5, 8, 10, 11, 15, 17, 18, 19, 20, 21, 22, 23, 24, 25]  Q:5 M:5 F:5
  4194. [1, 5, 10, 11, 12, 15, 17, 18, 19, 20, 21, 22, 23, 24, 25]  Q:5 M:5 F:5
  4195. [1, 5, 8, 10, 11, 12, 16, 17, 18, 19, 20, 21, 22, 23, 24]  Q:5 M:5 F:5
  4196. [1, 5, 8, 10, 11, 12, 16, 17, 18, 19, 20, 21, 22, 23, 25]  Q:5 M:5 F:5
  4197. [1, 5, 8, 10, 11, 12, 16, 17, 18, 19, 20, 21, 23, 24, 25]  Q:5 M:5 F:5
  4198. [1, 5, 8, 10, 11, 12, 16, 18, 19, 20, 21, 22, 23, 24, 25]  Q:5 M:5 F:5
  4199. [1, 5, 8, 10, 11, 16, 17, 18, 19, 20, 21, 22, 23, 24, 25]  Q:5 M:5 F:5
  4200. [1, 5, 10, 11, 12, 16, 17, 18, 19, 20, 21, 22, 23, 24, 25]  Q:5 M:5 F:5
  4201. [1, 5, 8, 10, 12, 13, 14, 15, 16, 17, 20, 21, 22, 23, 24]  Q:5 M:5 F:5
  4202. [1, 5, 8, 10, 12, 13, 14, 15, 16, 17, 20, 21, 22, 23, 25]  Q:5 M:5 F:5
  4203. [1, 5, 8, 10, 12, 13, 14, 15, 16, 17, 20, 21, 23, 24, 25]  Q:5 M:5 F:5
  4204. [1, 5, 8, 10, 12, 13, 14, 15, 16, 20, 21, 22, 23, 24, 25]  Q:5 M:5 F:5
  4205. [1, 5, 8, 10, 13, 14, 15, 16, 17, 20, 21, 22, 23, 24, 25]  Q:5 M:5 F:5
  4206. [1, 5, 10, 12, 13, 14, 15, 16, 17, 20, 21, 22, 23, 24, 25]  Q:5 M:5 F:5
  4207. [1, 5, 8, 10, 12, 13, 14, 15, 17, 18, 20, 21, 22, 23, 24]  Q:5 M:5 F:5
  4208. [1, 5, 8, 10, 12, 13, 14, 15, 17, 18, 20, 21, 22, 23, 25]  Q:5 M:5 F:5
  4209. [1, 5, 8, 10, 12, 13, 14, 15, 17, 18, 20, 21, 23, 24, 25]  Q:5 M:5 F:5
  4210. [1, 5, 8, 10, 12, 13, 14, 15, 18, 20, 21, 22, 23, 24, 25]  Q:5 M:5 F:5
  4211. [1, 5, 8, 10, 13, 14, 15, 17, 18, 20, 21, 22, 23, 24, 25]  Q:5 M:5 F:5
  4212. [1, 5, 10, 12, 13, 14, 15, 17, 18, 20, 21, 22, 23, 24, 25]  Q:5 M:5 F:5
  4213. [1, 5, 8, 10, 12, 13, 14, 15, 17, 19, 20, 21, 22, 23, 24]  Q:5 M:5 F:5
  4214. [1, 5, 8, 10, 12, 13, 14, 15, 17, 19, 20, 21, 22, 23, 25]  Q:5 M:5 F:5
  4215. [1, 5, 8, 10, 12, 13, 14, 15, 17, 19, 20, 21, 23, 24, 25]  Q:5 M:5 F:5
  4216. [1, 5, 8, 10, 12, 13, 14, 15, 19, 20, 21, 22, 23, 24, 25]  Q:5 M:5 F:5
  4217. [1, 5, 8, 10, 13, 14, 15, 17, 19, 20, 21, 22, 23, 24, 25]  Q:5 M:5 F:5
  4218. [1, 5, 10, 12, 13, 14, 15, 17, 19, 20, 21, 22, 23, 24, 25]  Q:5 M:5 F:5
  4219. [1, 5, 8, 10, 12, 13, 14, 16, 17, 18, 20, 21, 22, 23, 24]  Q:5 M:5 F:5
  4220. [1, 5, 8, 10, 12, 13, 14, 16, 17, 18, 20, 21, 22, 23, 25]  Q:5 M:5 F:5
  4221. [1, 5, 8, 10, 12, 13, 14, 16, 17, 18, 20, 21, 23, 24, 25]  Q:5 M:5 F:5
  4222. [1, 5, 8, 10, 12, 13, 14, 16, 18, 20, 21, 22, 23, 24, 25]  Q:5 M:5 F:5
  4223. [1, 5, 8, 10, 13, 14, 16, 17, 18, 20, 21, 22, 23, 24, 25]  Q:5 M:5 F:5
  4224. [1, 5, 10, 12, 13, 14, 16, 17, 18, 20, 21, 22, 23, 24, 25]  Q:5 M:5 F:5
  4225. [1, 5, 8, 10, 12, 13, 14, 16, 17, 19, 20, 21, 22, 23, 24]  Q:5 M:5 F:5
  4226. [1, 5, 8, 10, 12, 13, 14, 16, 17, 19, 20, 21, 22, 23, 25]  Q:5 M:5 F:5
  4227. [1, 5, 8, 10, 12, 13, 14, 16, 17, 19, 20, 21, 23, 24, 25]  Q:5 M:5 F:5
  4228. [1, 5, 8, 10, 12, 13, 14, 16, 19, 20, 21, 22, 23, 24, 25]  Q:5 M:5 F:5
  4229. [1, 5, 8, 10, 13, 14, 16, 17, 19, 20, 21, 22, 23, 24, 25]  Q:5 M:5 F:5
  4230. [1, 5, 10, 12, 13, 14, 16, 17, 19, 20, 21, 22, 23, 24, 25]  Q:5 M:5 F:5
  4231. [1, 5, 8, 10, 12, 13, 14, 17, 18, 19, 20, 21, 22, 23, 24]  Q:5 M:5 F:5
  4232. [1, 5, 8, 10, 12, 13, 14, 17, 18, 19, 20, 21, 22, 23, 25]  Q:5 M:5 F:5
  4233. [1, 5, 8, 10, 12, 13, 14, 17, 18, 19, 20, 21, 23, 24, 25]  Q:5 M:5 F:5
  4234. [1, 5, 8, 10, 12, 13, 14, 18, 19, 20, 21, 22, 23, 24, 25]  Q:5 M:5 F:5
  4235. [1, 5, 8, 10, 13, 14, 17, 18, 19, 20, 21, 22, 23, 24, 25]  Q:5 M:5 F:5
  4236. [1, 5, 10, 12, 13, 14, 17, 18, 19, 20, 21, 22, 23, 24, 25]  Q:5 M:5 F:5
  4237. [1, 5, 8, 10, 12, 13, 15, 16, 17, 18, 20, 21, 22, 23, 24]  Q:5 M:5 F:5
  4238. [1, 5, 8, 10, 12, 13, 15, 16, 17, 18, 20, 21, 22, 23, 25]  Q:5 M:5 F:5
  4239. [1, 5, 8, 10, 12, 13, 15, 16, 17, 18, 20, 21, 23, 24, 25]  Q:5 M:5 F:5
  4240. [1, 5, 8, 10, 12, 13, 15, 16, 18, 20, 21, 22, 23, 24, 25]  Q:5 M:5 F:5
  4241. [1, 5, 8, 10, 13, 15, 16, 17, 18, 20, 21, 22, 23, 24, 25]  Q:5 M:5 F:5
  4242. [1, 5, 10, 12, 13, 15, 16, 17, 18, 20, 21, 22, 23, 24, 25]  Q:5 M:5 F:5
  4243. [1, 5, 8, 10, 12, 13, 15, 16, 17, 19, 20, 21, 22, 23, 24]  Q:5 M:5 F:5
  4244. [1, 5, 8, 10, 12, 13, 15, 16, 17, 19, 20, 21, 22, 23, 25]  Q:5 M:5 F:5
  4245. [1, 5, 8, 10, 12, 13, 15, 16, 17, 19, 20, 21, 23, 24, 25]  Q:5 M:5 F:5
  4246. [1, 5, 8, 10, 12, 13, 15, 16, 19, 20, 21, 22, 23, 24, 25]  Q:5 M:5 F:5
  4247. [1, 5, 8, 10, 13, 15, 16, 17, 19, 20, 21, 22, 23, 24, 25]  Q:5 M:5 F:5
  4248. [1, 5, 10, 12, 13, 15, 16, 17, 19, 20, 21, 22, 23, 24, 25]  Q:5 M:5 F:5
  4249. [1, 5, 8, 10, 12, 13, 15, 17, 18, 19, 20, 21, 22, 23, 24]  Q:5 M:5 F:5
  4250. [1, 5, 8, 10, 12, 13, 15, 17, 18, 19, 20, 21, 22, 23, 25]  Q:5 M:5 F:5
  4251. [1, 5, 8, 10, 12, 13, 15, 17, 18, 19, 20, 21, 23, 24, 25]  Q:5 M:5 F:5
  4252. [1, 5, 8, 10, 12, 13, 15, 18, 19, 20, 21, 22, 23, 24, 25]  Q:5 M:5 F:5
  4253. [1, 5, 8, 10, 13, 15, 17, 18, 19, 20, 21, 22, 23, 24, 25]  Q:5 M:5 F:5
  4254. [1, 5, 10, 12, 13, 15, 17, 18, 19, 20, 21, 22, 23, 24, 25]  Q:5 M:5 F:5
  4255. [1, 5, 8, 10, 12, 13, 16, 17, 18, 19, 20, 21, 22, 23, 24]  Q:5 M:5 F:5
  4256. [1, 5, 8, 10, 12, 13, 16, 17, 18, 19, 20, 21, 22, 23, 25]  Q:5 M:5 F:5
  4257. [1, 5, 8, 10, 12, 13, 16, 17, 18, 19, 20, 21, 23, 24, 25]  Q:5 M:5 F:5
  4258. [1, 5, 8, 10, 12, 13, 16, 18, 19, 20, 21, 22, 23, 24, 25]  Q:5 M:5 F:5
  4259. [1, 5, 8, 10, 13, 16, 17, 18, 19, 20, 21, 22, 23, 24, 25]  Q:5 M:5 F:5
  4260. [1, 5, 10, 12, 13, 16, 17, 18, 19, 20, 21, 22, 23, 24, 25]  Q:5 M:5 F:5
  4261. [1, 5, 8, 10, 12, 14, 15, 16, 17, 18, 20, 21, 22, 23, 24]  Q:5 M:5 F:5
  4262. [1, 5, 8, 10, 12, 14, 15, 16, 17, 18, 20, 21, 22, 23, 25]  Q:5 M:5 F:5
  4263. [1, 5, 8, 10, 12, 14, 15, 16, 17, 18, 20, 21, 23, 24, 25]  Q:5 M:5 F:5
  4264. [1, 5, 8, 10, 12, 14, 15, 16, 18, 20, 21, 22, 23, 24, 25]  Q:5 M:5 F:5
  4265. [1, 5, 8, 10, 14, 15, 16, 17, 18, 20, 21, 22, 23, 24, 25]  Q:5 M:5 F:5
  4266. [1, 5, 10, 12, 14, 15, 16, 17, 18, 20, 21, 22, 23, 24, 25]  Q:5 M:5 F:5
  4267. [1, 5, 8, 10, 12, 14, 15, 16, 17, 19, 20, 21, 22, 23, 24]  Q:5 M:5 F:5
  4268. [1, 5, 8, 10, 12, 14, 15, 16, 17, 19, 20, 21, 22, 23, 25]  Q:5 M:5 F:5
  4269. [1, 5, 8, 10, 12, 14, 15, 16, 17, 19, 20, 21, 23, 24, 25]  Q:5 M:5 F:5
  4270. [1, 5, 8, 10, 12, 14, 15, 16, 19, 20, 21, 22, 23, 24, 25]  Q:5 M:5 F:5
  4271. [1, 5, 8, 10, 14, 15, 16, 17, 19, 20, 21, 22, 23, 24, 25]  Q:5 M:5 F:5
  4272. [1, 5, 10, 12, 14, 15, 16, 17, 19, 20, 21, 22, 23, 24, 25]  Q:5 M:5 F:5
  4273. [1, 5, 8, 10, 12, 14, 15, 17, 18, 19, 20, 21, 22, 23, 24]  Q:5 M:5 F:5
  4274. [1, 5, 8, 10, 12, 14, 15, 17, 18, 19, 20, 21, 22, 23, 25]  Q:5 M:5 F:5
  4275. [1, 5, 8, 10, 12, 14, 15, 17, 18, 19, 20, 21, 23, 24, 25]  Q:5 M:5 F:5
  4276. [1, 5, 8, 10, 12, 14, 15, 18, 19, 20, 21, 22, 23, 24, 25]  Q:5 M:5 F:5
  4277. [1, 5, 8, 10, 14, 15, 17, 18, 19, 20, 21, 22, 23, 24, 25]  Q:5 M:5 F:5
  4278. [1, 5, 10, 12, 14, 15, 17, 18, 19, 20, 21, 22, 23, 24, 25]  Q:5 M:5 F:5
  4279. [1, 5, 8, 10, 12, 14, 16, 17, 18, 19, 20, 21, 22, 23, 24]  Q:5 M:5 F:5
  4280. [1, 5, 8, 10, 12, 14, 16, 17, 18, 19, 20, 21, 22, 23, 25]  Q:5 M:5 F:5
  4281. [1, 5, 8, 10, 12, 14, 16, 17, 18, 19, 20, 21, 23, 24, 25]  Q:5 M:5 F:5
  4282. [1, 5, 8, 10, 12, 14, 16, 18, 19, 20, 21, 22, 23, 24, 25]  Q:5 M:5 F:5
  4283. [1, 5, 8, 10, 14, 16, 17, 18, 19, 20, 21, 22, 23, 24, 25]  Q:5 M:5 F:5
  4284. [1, 5, 10, 12, 14, 16, 17, 18, 19, 20, 21, 22, 23, 24, 25]  Q:5 M:5 F:5
  4285. [1, 5, 8, 10, 12, 15, 16, 17, 18, 19, 20, 21, 22, 23, 24]  Q:5 M:5 F:5
  4286. [1, 5, 8, 10, 12, 15, 16, 17, 18, 19, 20, 21, 22, 23, 25]  Q:5 M:5 F:5
  4287. [1, 5, 8, 10, 12, 15, 16, 17, 18, 19, 20, 21, 23, 24, 25]  Q:5 M:5 F:5
  4288. [1, 5, 8, 10, 12, 15, 16, 18, 19, 20, 21, 22, 23, 24, 25]  Q:5 M:5 F:5
  4289. [1, 5, 8, 10, 15, 16, 17, 18, 19, 20, 21, 22, 23, 24, 25]  Q:5 M:5 F:5
  4290. [1, 5, 10, 12, 15, 16, 17, 18, 19, 20, 21, 22, 23, 24, 25]  Q:5 M:5 F:5
  4291. [2, 3, 4, 5, 6, 7, 8, 10, 12, 17, 20, 21, 22, 23, 24]    Q:5 M:5 F:5
  4292. [2, 3, 4, 5, 6, 7, 8, 10, 12, 17, 20, 21, 22, 23, 25]    Q:5 M:5 F:5
  4293. [2, 3, 4, 5, 6, 7, 8, 10, 12, 17, 20, 21, 23, 24, 25]    Q:5 M:5 F:5
  4294. [2, 3, 4, 5, 6, 7, 8, 10, 12, 20, 21, 22, 23, 24, 25]    Q:5 M:5 F:5
  4295. [2, 3, 4, 5, 6, 7, 8, 10, 17, 20, 21, 22, 23, 24, 25]    Q:5 M:5 F:5
  4296. [2, 3, 4, 5, 6, 7, 10, 12, 17, 20, 21, 22, 23, 24, 25]   Q:5 M:5 F:5
  4297. [2, 3, 4, 5, 6, 8, 9, 10, 12, 17, 20, 21, 22, 23, 24]    Q:5 M:5 F:5
  4298. [2, 3, 4, 5, 6, 8, 9, 10, 12, 17, 20, 21, 22, 23, 25]    Q:5 M:5 F:5
  4299. [2, 3, 4, 5, 6, 8, 9, 10, 12, 17, 20, 21, 23, 24, 25]    Q:5 M:5 F:5
  4300. [2, 3, 4, 5, 6, 8, 9, 10, 12, 20, 21, 22, 23, 24, 25]    Q:5 M:5 F:5
  4301. [2, 3, 4, 5, 6, 8, 9, 10, 17, 20, 21, 22, 23, 24, 25]    Q:5 M:5 F:5
  4302. [2, 3, 4, 5, 6, 9, 10, 12, 17, 20, 21, 22, 23, 24, 25]   Q:5 M:5 F:5
  4303. [2, 3, 4, 5, 6, 8, 10, 11, 12, 17, 20, 21, 22, 23, 24]   Q:5 M:5 F:5
  4304. [2, 3, 4, 5, 6, 8, 10, 11, 12, 17, 20, 21, 22, 23, 25]   Q:5 M:5 F:5
  4305. [2, 3, 4, 5, 6, 8, 10, 11, 12, 17, 20, 21, 23, 24, 25]   Q:5 M:5 F:5
  4306. [2, 3, 4, 5, 6, 8, 10, 11, 12, 20, 21, 22, 23, 24, 25]   Q:5 M:5 F:5
  4307. [2, 3, 4, 5, 6, 8, 10, 11, 17, 20, 21, 22, 23, 24, 25]   Q:5 M:5 F:5
  4308. [2, 3, 4, 5, 6, 10, 11, 12, 17, 20, 21, 22, 23, 24, 25]  Q:5 M:5 F:5
  4309. [2, 3, 4, 5, 6, 8, 10, 12, 13, 17, 20, 21, 22, 23, 24]   Q:5 M:5 F:5
  4310. [2, 3, 4, 5, 6, 8, 10, 12, 13, 17, 20, 21, 22, 23, 25]   Q:5 M:5 F:5
  4311. [2, 3, 4, 5, 6, 8, 10, 12, 13, 17, 20, 21, 23, 24, 25]   Q:5 M:5 F:5
  4312. [2, 3, 4, 5, 6, 8, 10, 12, 13, 20, 21, 22, 23, 24, 25]   Q:5 M:5 F:5
  4313. [2, 3, 4, 5, 6, 8, 10, 13, 17, 20, 21, 22, 23, 24, 25]   Q:5 M:5 F:5
  4314. [2, 3, 4, 5, 6, 10, 12, 13, 17, 20, 21, 22, 23, 24, 25]  Q:5 M:5 F:5
  4315. [2, 3, 4, 5, 6, 8, 10, 12, 14, 17, 20, 21, 22, 23, 24]   Q:5 M:5 F:5
  4316. [2, 3, 4, 5, 6, 8, 10, 12, 14, 17, 20, 21, 22, 23, 25]   Q:5 M:5 F:5
  4317. [2, 3, 4, 5, 6, 8, 10, 12, 14, 17, 20, 21, 23, 24, 25]   Q:5 M:5 F:5
  4318. [2, 3, 4, 5, 6, 8, 10, 12, 14, 20, 21, 22, 23, 24, 25]   Q:5 M:5 F:5
  4319. [2, 3, 4, 5, 6, 8, 10, 14, 17, 20, 21, 22, 23, 24, 25]   Q:5 M:5 F:5
  4320. [2, 3, 4, 5, 6, 10, 12, 14, 17, 20, 21, 22, 23, 24, 25]  Q:5 M:5 F:5
  4321. [2, 3, 4, 5, 6, 8, 10, 12, 15, 17, 20, 21, 22, 23, 24]   Q:5 M:5 F:5
  4322. [2, 3, 4, 5, 6, 8, 10, 12, 15, 17, 20, 21, 22, 23, 25]   Q:5 M:5 F:5
  4323. [2, 3, 4, 5, 6, 8, 10, 12, 15, 17, 20, 21, 23, 24, 25]   Q:5 M:5 F:5
  4324. [2, 3, 4, 5, 6, 8, 10, 12, 15, 20, 21, 22, 23, 24, 25]   Q:5 M:5 F:5
  4325. [2, 3, 4, 5, 6, 8, 10, 15, 17, 20, 21, 22, 23, 24, 25]   Q:5 M:5 F:5
  4326. [2, 3, 4, 5, 6, 10, 12, 15, 17, 20, 21, 22, 23, 24, 25]  Q:5 M:5 F:5
  4327. [2, 3, 4, 5, 6, 8, 10, 12, 16, 17, 20, 21, 22, 23, 24]   Q:5 M:5 F:5
  4328. [2, 3, 4, 5, 6, 8, 10, 12, 16, 17, 20, 21, 22, 23, 25]   Q:5 M:5 F:5
  4329. [2, 3, 4, 5, 6, 8, 10, 12, 16, 17, 20, 21, 23, 24, 25]   Q:5 M:5 F:5
  4330. [2, 3, 4, 5, 6, 8, 10, 12, 16, 20, 21, 22, 23, 24, 25]   Q:5 M:5 F:5
  4331. [2, 3, 4, 5, 6, 8, 10, 16, 17, 20, 21, 22, 23, 24, 25]   Q:5 M:5 F:5
  4332. [2, 3, 4, 5, 6, 10, 12, 16, 17, 20, 21, 22, 23, 24, 25]  Q:5 M:5 F:5
  4333. [2, 3, 4, 5, 6, 8, 10, 12, 17, 18, 20, 21, 22, 23, 24]   Q:5 M:5 F:5
  4334. [2, 3, 4, 5, 6, 8, 10, 12, 17, 18, 20, 21, 22, 23, 25]   Q:5 M:5 F:5
  4335. [2, 3, 4, 5, 6, 8, 10, 12, 17, 18, 20, 21, 23, 24, 25]   Q:5 M:5 F:5
  4336. [2, 3, 4, 5, 6, 8, 10, 12, 18, 20, 21, 22, 23, 24, 25]   Q:5 M:5 F:5
  4337. [2, 3, 4, 5, 6, 8, 10, 17, 18, 20, 21, 22, 23, 24, 25]   Q:5 M:5 F:5
  4338. [2, 3, 4, 5, 6, 10, 12, 17, 18, 20, 21, 22, 23, 24, 25]  Q:5 M:5 F:5
  4339. [2, 3, 4, 5, 6, 8, 10, 12, 17, 19, 20, 21, 22, 23, 24]   Q:5 M:5 F:5
  4340. [2, 3, 4, 5, 6, 8, 10, 12, 17, 19, 20, 21, 22, 23, 25]   Q:5 M:5 F:5
  4341. [2, 3, 4, 5, 6, 8, 10, 12, 17, 19, 20, 21, 23, 24, 25]   Q:5 M:5 F:5
  4342. [2, 3, 4, 5, 6, 8, 10, 12, 19, 20, 21, 22, 23, 24, 25]   Q:5 M:5 F:5
  4343. [2, 3, 4, 5, 6, 8, 10, 17, 19, 20, 21, 22, 23, 24, 25]   Q:5 M:5 F:5
  4344. [2, 3, 4, 5, 6, 10, 12, 17, 19, 20, 21, 22, 23, 24, 25]  Q:5 M:5 F:5
  4345. [2, 3, 4, 5, 7, 8, 9, 10, 12, 17, 20, 21, 22, 23, 24]    Q:5 M:5 F:5
  4346. [2, 3, 4, 5, 7, 8, 9, 10, 12, 17, 20, 21, 22, 23, 25]    Q:5 M:5 F:5
  4347. [2, 3, 4, 5, 7, 8, 9, 10, 12, 17, 20, 21, 23, 24, 25]    Q:5 M:5 F:5
  4348. [2, 3, 4, 5, 7, 8, 9, 10, 12, 20, 21, 22, 23, 24, 25]    Q:5 M:5 F:5
  4349. [2, 3, 4, 5, 7, 8, 9, 10, 17, 20, 21, 22, 23, 24, 25]    Q:5 M:5 F:5
  4350. [2, 3, 4, 5, 7, 9, 10, 12, 17, 20, 21, 22, 23, 24, 25]   Q:5 M:5 F:5
  4351. [2, 3, 4, 5, 7, 8, 10, 11, 12, 17, 20, 21, 22, 23, 24]   Q:5 M:5 F:5
  4352. [2, 3, 4, 5, 7, 8, 10, 11, 12, 17, 20, 21, 22, 23, 25]   Q:5 M:5 F:5
  4353. [2, 3, 4, 5, 7, 8, 10, 11, 12, 17, 20, 21, 23, 24, 25]   Q:5 M:5 F:5
  4354. [2, 3, 4, 5, 7, 8, 10, 11, 12, 20, 21, 22, 23, 24, 25]   Q:5 M:5 F:5
  4355. [2, 3, 4, 5, 7, 8, 10, 11, 17, 20, 21, 22, 23, 24, 25]   Q:5 M:5 F:5
  4356. [2, 3, 4, 5, 7, 10, 11, 12, 17, 20, 21, 22, 23, 24, 25]  Q:5 M:5 F:5
  4357. [2, 3, 4, 5, 7, 8, 10, 12, 13, 17, 20, 21, 22, 23, 24]   Q:5 M:5 F:5
  4358. [2, 3, 4, 5, 7, 8, 10, 12, 13, 17, 20, 21, 22, 23, 25]   Q:5 M:5 F:5
  4359. [2, 3, 4, 5, 7, 8, 10, 12, 13, 17, 20, 21, 23, 24, 25]   Q:5 M:5 F:5
  4360. [2, 3, 4, 5, 7, 8, 10, 12, 13, 20, 21, 22, 23, 24, 25]   Q:5 M:5 F:5
  4361. [2, 3, 4, 5, 7, 8, 10, 13, 17, 20, 21, 22, 23, 24, 25]   Q:5 M:5 F:5
  4362. [2, 3, 4, 5, 7, 10, 12, 13, 17, 20, 21, 22, 23, 24, 25]  Q:5 M:5 F:5
  4363. [2, 3, 4, 5, 7, 8, 10, 12, 14, 17, 20, 21, 22, 23, 24]   Q:5 M:5 F:5
  4364. [2, 3, 4, 5, 7, 8, 10, 12, 14, 17, 20, 21, 22, 23, 25]   Q:5 M:5 F:5
  4365. [2, 3, 4, 5, 7, 8, 10, 12, 14, 17, 20, 21, 23, 24, 25]   Q:5 M:5 F:5
  4366. [2, 3, 4, 5, 7, 8, 10, 12, 14, 20, 21, 22, 23, 24, 25]   Q:5 M:5 F:5
  4367. [2, 3, 4, 5, 7, 8, 10, 14, 17, 20, 21, 22, 23, 24, 25]   Q:5 M:5 F:5
  4368. [2, 3, 4, 5, 7, 10, 12, 14, 17, 20, 21, 22, 23, 24, 25]  Q:5 M:5 F:5
  4369. [2, 3, 4, 5, 7, 8, 10, 12, 15, 17, 20, 21, 22, 23, 24]   Q:5 M:5 F:5
  4370. [2, 3, 4, 5, 7, 8, 10, 12, 15, 17, 20, 21, 22, 23, 25]   Q:5 M:5 F:5
  4371. [2, 3, 4, 5, 7, 8, 10, 12, 15, 17, 20, 21, 23, 24, 25]   Q:5 M:5 F:5
  4372. [2, 3, 4, 5, 7, 8, 10, 12, 15, 20, 21, 22, 23, 24, 25]   Q:5 M:5 F:5
  4373. [2, 3, 4, 5, 7, 8, 10, 15, 17, 20, 21, 22, 23, 24, 25]   Q:5 M:5 F:5
  4374. [2, 3, 4, 5, 7, 10, 12, 15, 17, 20, 21, 22, 23, 24, 25]  Q:5 M:5 F:5
  4375. [2, 3, 4, 5, 7, 8, 10, 12, 16, 17, 20, 21, 22, 23, 24]   Q:5 M:5 F:5
  4376. [2, 3, 4, 5, 7, 8, 10, 12, 16, 17, 20, 21, 22, 23, 25]   Q:5 M:5 F:5
  4377. [2, 3, 4, 5, 7, 8, 10, 12, 16, 17, 20, 21, 23, 24, 25]   Q:5 M:5 F:5
  4378. [2, 3, 4, 5, 7, 8, 10, 12, 16, 20, 21, 22, 23, 24, 25]   Q:5 M:5 F:5
  4379. [2, 3, 4, 5, 7, 8, 10, 16, 17, 20, 21, 22, 23, 24, 25]   Q:5 M:5 F:5
  4380. [2, 3, 4, 5, 7, 10, 12, 16, 17, 20, 21, 22, 23, 24, 25]  Q:5 M:5 F:5
  4381. [2, 3, 4, 5, 7, 8, 10, 12, 17, 18, 20, 21, 22, 23, 24]   Q:5 M:5 F:5
  4382. [2, 3, 4, 5, 7, 8, 10, 12, 17, 18, 20, 21, 22, 23, 25]   Q:5 M:5 F:5
  4383. [2, 3, 4, 5, 7, 8, 10, 12, 17, 18, 20, 21, 23, 24, 25]   Q:5 M:5 F:5
  4384. [2, 3, 4, 5, 7, 8, 10, 12, 18, 20, 21, 22, 23, 24, 25]   Q:5 M:5 F:5
  4385. [2, 3, 4, 5, 7, 8, 10, 17, 18, 20, 21, 22, 23, 24, 25]   Q:5 M:5 F:5
  4386. [2, 3, 4, 5, 7, 10, 12, 17, 18, 20, 21, 22, 23, 24, 25]  Q:5 M:5 F:5
  4387. [2, 3, 4, 5, 7, 8, 10, 12, 17, 19, 20, 21, 22, 23, 24]   Q:5 M:5 F:5
  4388. [2, 3, 4, 5, 7, 8, 10, 12, 17, 19, 20, 21, 22, 23, 25]   Q:5 M:5 F:5
  4389. [2, 3, 4, 5, 7, 8, 10, 12, 17, 19, 20, 21, 23, 24, 25]   Q:5 M:5 F:5
  4390. [2, 3, 4, 5, 7, 8, 10, 12, 19, 20, 21, 22, 23, 24, 25]   Q:5 M:5 F:5
  4391. [2, 3, 4, 5, 7, 8, 10, 17, 19, 20, 21, 22, 23, 24, 25]   Q:5 M:5 F:5
  4392. [2, 3, 4, 5, 7, 10, 12, 17, 19, 20, 21, 22, 23, 24, 25]  Q:5 M:5 F:5
  4393. [2, 3, 4, 5, 8, 9, 10, 11, 12, 17, 20, 21, 22, 23, 24]   Q:5 M:5 F:5
  4394. [2, 3, 4, 5, 8, 9, 10, 11, 12, 17, 20, 21, 22, 23, 25]   Q:5 M:5 F:5
  4395. [2, 3, 4, 5, 8, 9, 10, 11, 12, 17, 20, 21, 23, 24, 25]   Q:5 M:5 F:5
  4396. [2, 3, 4, 5, 8, 9, 10, 11, 12, 20, 21, 22, 23, 24, 25]   Q:5 M:5 F:5
  4397. [2, 3, 4, 5, 8, 9, 10, 11, 17, 20, 21, 22, 23, 24, 25]   Q:5 M:5 F:5
  4398. [2, 3, 4, 5, 9, 10, 11, 12, 17, 20, 21, 22, 23, 24, 25]  Q:5 M:5 F:5
  4399. [2, 3, 4, 5, 8, 9, 10, 12, 13, 17, 20, 21, 22, 23, 24]   Q:5 M:5 F:5
  4400. [2, 3, 4, 5, 8, 9, 10, 12, 13, 17, 20, 21, 22, 23, 25]   Q:5 M:5 F:5
  4401. [2, 3, 4, 5, 8, 9, 10, 12, 13, 17, 20, 21, 23, 24, 25]   Q:5 M:5 F:5
  4402. [2, 3, 4, 5, 8, 9, 10, 12, 13, 20, 21, 22, 23, 24, 25]   Q:5 M:5 F:5
  4403. [2, 3, 4, 5, 8, 9, 10, 13, 17, 20, 21, 22, 23, 24, 25]   Q:5 M:5 F:5
  4404. [2, 3, 4, 5, 9, 10, 12, 13, 17, 20, 21, 22, 23, 24, 25]  Q:5 M:5 F:5
  4405. [2, 3, 4, 5, 8, 9, 10, 12, 14, 17, 20, 21, 22, 23, 24]   Q:5 M:5 F:5
  4406. [2, 3, 4, 5, 8, 9, 10, 12, 14, 17, 20, 21, 22, 23, 25]   Q:5 M:5 F:5
  4407. [2, 3, 4, 5, 8, 9, 10, 12, 14, 17, 20, 21, 23, 24, 25]   Q:5 M:5 F:5
  4408. [2, 3, 4, 5, 8, 9, 10, 12, 14, 20, 21, 22, 23, 24, 25]   Q:5 M:5 F:5
  4409. [2, 3, 4, 5, 8, 9, 10, 14, 17, 20, 21, 22, 23, 24, 25]   Q:5 M:5 F:5
  4410. [2, 3, 4, 5, 9, 10, 12, 14, 17, 20, 21, 22, 23, 24, 25]  Q:5 M:5 F:5
  4411. [2, 3, 4, 5, 8, 9, 10, 12, 15, 17, 20, 21, 22, 23, 24]   Q:5 M:5 F:5
  4412. [2, 3, 4, 5, 8, 9, 10, 12, 15, 17, 20, 21, 22, 23, 25]   Q:5 M:5 F:5
  4413. [2, 3, 4, 5, 8, 9, 10, 12, 15, 17, 20, 21, 23, 24, 25]   Q:5 M:5 F:5
  4414. [2, 3, 4, 5, 8, 9, 10, 12, 15, 20, 21, 22, 23, 24, 25]   Q:5 M:5 F:5
  4415. [2, 3, 4, 5, 8, 9, 10, 15, 17, 20, 21, 22, 23, 24, 25]   Q:5 M:5 F:5
  4416. [2, 3, 4, 5, 9, 10, 12, 15, 17, 20, 21, 22, 23, 24, 25]  Q:5 M:5 F:5
  4417. [2, 3, 4, 5, 8, 9, 10, 12, 16, 17, 20, 21, 22, 23, 24]   Q:5 M:5 F:5
  4418. [2, 3, 4, 5, 8, 9, 10, 12, 16, 17, 20, 21, 22, 23, 25]   Q:5 M:5 F:5
  4419. [2, 3, 4, 5, 8, 9, 10, 12, 16, 17, 20, 21, 23, 24, 25]   Q:5 M:5 F:5
  4420. [2, 3, 4, 5, 8, 9, 10, 12, 16, 20, 21, 22, 23, 24, 25]   Q:5 M:5 F:5
  4421. [2, 3, 4, 5, 8, 9, 10, 16, 17, 20, 21, 22, 23, 24, 25]   Q:5 M:5 F:5
  4422. [2, 3, 4, 5, 9, 10, 12, 16, 17, 20, 21, 22, 23, 24, 25]  Q:5 M:5 F:5
  4423. [2, 3, 4, 5, 8, 9, 10, 12, 17, 18, 20, 21, 22, 23, 24]   Q:5 M:5 F:5
  4424. [2, 3, 4, 5, 8, 9, 10, 12, 17, 18, 20, 21, 22, 23, 25]   Q:5 M:5 F:5
  4425. [2, 3, 4, 5, 8, 9, 10, 12, 17, 18, 20, 21, 23, 24, 25]   Q:5 M:5 F:5
  4426. [2, 3, 4, 5, 8, 9, 10, 12, 18, 20, 21, 22, 23, 24, 25]   Q:5 M:5 F:5
  4427. [2, 3, 4, 5, 8, 9, 10, 17, 18, 20, 21, 22, 23, 24, 25]   Q:5 M:5 F:5
  4428. [2, 3, 4, 5, 9, 10, 12, 17, 18, 20, 21, 22, 23, 24, 25]  Q:5 M:5 F:5
  4429. [2, 3, 4, 5, 8, 9, 10, 12, 17, 19, 20, 21, 22, 23, 24]   Q:5 M:5 F:5
  4430. [2, 3, 4, 5, 8, 9, 10, 12, 17, 19, 20, 21, 22, 23, 25]   Q:5 M:5 F:5
  4431. [2, 3, 4, 5, 8, 9, 10, 12, 17, 19, 20, 21, 23, 24, 25]   Q:5 M:5 F:5
  4432. [2, 3, 4, 5, 8, 9, 10, 12, 19, 20, 21, 22, 23, 24, 25]   Q:5 M:5 F:5
  4433. [2, 3, 4, 5, 8, 9, 10, 17, 19, 20, 21, 22, 23, 24, 25]   Q:5 M:5 F:5
  4434. [2, 3, 4, 5, 9, 10, 12, 17, 19, 20, 21, 22, 23, 24, 25]  Q:5 M:5 F:5
  4435. [2, 3, 4, 5, 8, 10, 11, 12, 13, 17, 20, 21, 22, 23, 24]  Q:5 M:5 F:5
  4436. [2, 3, 4, 5, 8, 10, 11, 12, 13, 17, 20, 21, 22, 23, 25]  Q:5 M:5 F:5
  4437. [2, 3, 4, 5, 8, 10, 11, 12, 13, 17, 20, 21, 23, 24, 25]  Q:5 M:5 F:5
  4438. [2, 3, 4, 5, 8, 10, 11, 12, 13, 20, 21, 22, 23, 24, 25]  Q:5 M:5 F:5
  4439. [2, 3, 4, 5, 8, 10, 11, 13, 17, 20, 21, 22, 23, 24, 25]  Q:5 M:5 F:5
  4440. [2, 3, 4, 5, 10, 11, 12, 13, 17, 20, 21, 22, 23, 24, 25]  Q:5 M:5 F:5
  4441. [2, 3, 4, 5, 8, 10, 11, 12, 14, 17, 20, 21, 22, 23, 24]  Q:5 M:5 F:5
  4442. [2, 3, 4, 5, 8, 10, 11, 12, 14, 17, 20, 21, 22, 23, 25]  Q:5 M:5 F:5
  4443. [2, 3, 4, 5, 8, 10, 11, 12, 14, 17, 20, 21, 23, 24, 25]  Q:5 M:5 F:5
  4444. [2, 3, 4, 5, 8, 10, 11, 12, 14, 20, 21, 22, 23, 24, 25]  Q:5 M:5 F:5
  4445. [2, 3, 4, 5, 8, 10, 11, 14, 17, 20, 21, 22, 23, 24, 25]  Q:5 M:5 F:5
  4446. [2, 3, 4, 5, 10, 11, 12, 14, 17, 20, 21, 22, 23, 24, 25]  Q:5 M:5 F:5
  4447. [2, 3, 4, 5, 8, 10, 11, 12, 15, 17, 20, 21, 22, 23, 24]  Q:5 M:5 F:5
  4448. [2, 3, 4, 5, 8, 10, 11, 12, 15, 17, 20, 21, 22, 23, 25]  Q:5 M:5 F:5
  4449. [2, 3, 4, 5, 8, 10, 11, 12, 15, 17, 20, 21, 23, 24, 25]  Q:5 M:5 F:5
  4450. [2, 3, 4, 5, 8, 10, 11, 12, 15, 20, 21, 22, 23, 24, 25]  Q:5 M:5 F:5
  4451. [2, 3, 4, 5, 8, 10, 11, 15, 17, 20, 21, 22, 23, 24, 25]  Q:5 M:5 F:5
  4452. [2, 3, 4, 5, 10, 11, 12, 15, 17, 20, 21, 22, 23, 24, 25]  Q:5 M:5 F:5
  4453. [2, 3, 4, 5, 8, 10, 11, 12, 16, 17, 20, 21, 22, 23, 24]  Q:5 M:5 F:5
  4454. [2, 3, 4, 5, 8, 10, 11, 12, 16, 17, 20, 21, 22, 23, 25]  Q:5 M:5 F:5
  4455. [2, 3, 4, 5, 8, 10, 11, 12, 16, 17, 20, 21, 23, 24, 25]  Q:5 M:5 F:5
  4456. [2, 3, 4, 5, 8, 10, 11, 12, 16, 20, 21, 22, 23, 24, 25]  Q:5 M:5 F:5
  4457. [2, 3, 4, 5, 8, 10, 11, 16, 17, 20, 21, 22, 23, 24, 25]  Q:5 M:5 F:5
  4458. [2, 3, 4, 5, 10, 11, 12, 16, 17, 20, 21, 22, 23, 24, 25]  Q:5 M:5 F:5
  4459. [2, 3, 4, 5, 8, 10, 11, 12, 17, 18, 20, 21, 22, 23, 24]  Q:5 M:5 F:5
  4460. [2, 3, 4, 5, 8, 10, 11, 12, 17, 18, 20, 21, 22, 23, 25]  Q:5 M:5 F:5
  4461. [2, 3, 4, 5, 8, 10, 11, 12, 17, 18, 20, 21, 23, 24, 25]  Q:5 M:5 F:5
  4462. [2, 3, 4, 5, 8, 10, 11, 12, 18, 20, 21, 22, 23, 24, 25]  Q:5 M:5 F:5
  4463. [2, 3, 4, 5, 8, 10, 11, 17, 18, 20, 21, 22, 23, 24, 25]  Q:5 M:5 F:5
  4464. [2, 3, 4, 5, 10, 11, 12, 17, 18, 20, 21, 22, 23, 24, 25]  Q:5 M:5 F:5
  4465. [2, 3, 4, 5, 8, 10, 11, 12, 17, 19, 20, 21, 22, 23, 24]  Q:5 M:5 F:5
  4466. [2, 3, 4, 5, 8, 10, 11, 12, 17, 19, 20, 21, 22, 23, 25]  Q:5 M:5 F:5
  4467. [2, 3, 4, 5, 8, 10, 11, 12, 17, 19, 20, 21, 23, 24, 25]  Q:5 M:5 F:5
  4468. [2, 3, 4, 5, 8, 10, 11, 12, 19, 20, 21, 22, 23, 24, 25]  Q:5 M:5 F:5
  4469. [2, 3, 4, 5, 8, 10, 11, 17, 19, 20, 21, 22, 23, 24, 25]  Q:5 M:5 F:5
  4470. [2, 3, 4, 5, 10, 11, 12, 17, 19, 20, 21, 22, 23, 24, 25]  Q:5 M:5 F:5
  4471. [2, 3, 4, 5, 8, 10, 12, 13, 14, 17, 20, 21, 22, 23, 24]  Q:5 M:5 F:5
  4472. [2, 3, 4, 5, 8, 10, 12, 13, 14, 17, 20, 21, 22, 23, 25]  Q:5 M:5 F:5
  4473. [2, 3, 4, 5, 8, 10, 12, 13, 14, 17, 20, 21, 23, 24, 25]  Q:5 M:5 F:5
  4474. [2, 3, 4, 5, 8, 10, 12, 13, 14, 20, 21, 22, 23, 24, 25]  Q:5 M:5 F:5
  4475. [2, 3, 4, 5, 8, 10, 13, 14, 17, 20, 21, 22, 23, 24, 25]  Q:5 M:5 F:5
  4476. [2, 3, 4, 5, 10, 12, 13, 14, 17, 20, 21, 22, 23, 24, 25]  Q:5 M:5 F:5
  4477. [2, 3, 4, 5, 8, 10, 12, 13, 15, 17, 20, 21, 22, 23, 24]  Q:5 M:5 F:5
  4478. [2, 3, 4, 5, 8, 10, 12, 13, 15, 17, 20, 21, 22, 23, 25]  Q:5 M:5 F:5
  4479. [2, 3, 4, 5, 8, 10, 12, 13, 15, 17, 20, 21, 23, 24, 25]  Q:5 M:5 F:5
  4480. [2, 3, 4, 5, 8, 10, 12, 13, 15, 20, 21, 22, 23, 24, 25]  Q:5 M:5 F:5
  4481. [2, 3, 4, 5, 8, 10, 13, 15, 17, 20, 21, 22, 23, 24, 25]  Q:5 M:5 F:5
  4482. [2, 3, 4, 5, 10, 12, 13, 15, 17, 20, 21, 22, 23, 24, 25]  Q:5 M:5 F:5
  4483. [2, 3, 4, 5, 8, 10, 12, 13, 16, 17, 20, 21, 22, 23, 24]  Q:5 M:5 F:5
  4484. [2, 3, 4, 5, 8, 10, 12, 13, 16, 17, 20, 21, 22, 23, 25]  Q:5 M:5 F:5
  4485. [2, 3, 4, 5, 8, 10, 12, 13, 16, 17, 20, 21, 23, 24, 25]  Q:5 M:5 F:5
  4486. [2, 3, 4, 5, 8, 10, 12, 13, 16, 20, 21, 22, 23, 24, 25]  Q:5 M:5 F:5
  4487. [2, 3, 4, 5, 8, 10, 13, 16, 17, 20, 21, 22, 23, 24, 25]  Q:5 M:5 F:5
  4488. [2, 3, 4, 5, 10, 12, 13, 16, 17, 20, 21, 22, 23, 24, 25]  Q:5 M:5 F:5
  4489. [2, 3, 4, 5, 8, 10, 12, 13, 17, 18, 20, 21, 22, 23, 24]  Q:5 M:5 F:5
  4490. [2, 3, 4, 5, 8, 10, 12, 13, 17, 18, 20, 21, 22, 23, 25]  Q:5 M:5 F:5
  4491. [2, 3, 4, 5, 8, 10, 12, 13, 17, 18, 20, 21, 23, 24, 25]  Q:5 M:5 F:5
  4492. [2, 3, 4, 5, 8, 10, 12, 13, 18, 20, 21, 22, 23, 24, 25]  Q:5 M:5 F:5
  4493. [2, 3, 4, 5, 8, 10, 13, 17, 18, 20, 21, 22, 23, 24, 25]  Q:5 M:5 F:5
  4494. [2, 3, 4, 5, 10, 12, 13, 17, 18, 20, 21, 22, 23, 24, 25]  Q:5 M:5 F:5
  4495. [2, 3, 4, 5, 8, 10, 12, 13, 17, 19, 20, 21, 22, 23, 24]  Q:5 M:5 F:5
  4496. [2, 3, 4, 5, 8, 10, 12, 13, 17, 19, 20, 21, 22, 23, 25]  Q:5 M:5 F:5
  4497. [2, 3, 4, 5, 8, 10, 12, 13, 17, 19, 20, 21, 23, 24, 25]  Q:5 M:5 F:5
  4498. [2, 3, 4, 5, 8, 10, 12, 13, 19, 20, 21, 22, 23, 24, 25]  Q:5 M:5 F:5
  4499. [2, 3, 4, 5, 8, 10, 13, 17, 19, 20, 21, 22, 23, 24, 25]  Q:5 M:5 F:5
  4500. [2, 3, 4, 5, 10, 12, 13, 17, 19, 20, 21, 22, 23, 24, 25]  Q:5 M:5 F:5
  4501. [2, 3, 4, 5, 8, 10, 12, 14, 15, 17, 20, 21, 22, 23, 24]  Q:5 M:5 F:5
  4502. [2, 3, 4, 5, 8, 10, 12, 14, 15, 17, 20, 21, 22, 23, 25]  Q:5 M:5 F:5
  4503. [2, 3, 4, 5, 8, 10, 12, 14, 15, 17, 20, 21, 23, 24, 25]  Q:5 M:5 F:5
  4504. [2, 3, 4, 5, 8, 10, 12, 14, 15, 20, 21, 22, 23, 24, 25]  Q:5 M:5 F:5
  4505. [2, 3, 4, 5, 8, 10, 14, 15, 17, 20, 21, 22, 23, 24, 25]  Q:5 M:5 F:5
  4506. [2, 3, 4, 5, 10, 12, 14, 15, 17, 20, 21, 22, 23, 24, 25]  Q:5 M:5 F:5
  4507. [2, 3, 4, 5, 8, 10, 12, 14, 16, 17, 20, 21, 22, 23, 24]  Q:5 M:5 F:5
  4508. [2, 3, 4, 5, 8, 10, 12, 14, 16, 17, 20, 21, 22, 23, 25]  Q:5 M:5 F:5
  4509. [2, 3, 4, 5, 8, 10, 12, 14, 16, 17, 20, 21, 23, 24, 25]  Q:5 M:5 F:5
  4510. [2, 3, 4, 5, 8, 10, 12, 14, 16, 20, 21, 22, 23, 24, 25]  Q:5 M:5 F:5
  4511. [2, 3, 4, 5, 8, 10, 14, 16, 17, 20, 21, 22, 23, 24, 25]  Q:5 M:5 F:5
  4512. [2, 3, 4, 5, 10, 12, 14, 16, 17, 20, 21, 22, 23, 24, 25]  Q:5 M:5 F:5
  4513. [2, 3, 4, 5, 8, 10, 12, 14, 17, 18, 20, 21, 22, 23, 24]  Q:5 M:5 F:5
  4514. [2, 3, 4, 5, 8, 10, 12, 14, 17, 18, 20, 21, 22, 23, 25]  Q:5 M:5 F:5
  4515. [2, 3, 4, 5, 8, 10, 12, 14, 17, 18, 20, 21, 23, 24, 25]  Q:5 M:5 F:5
  4516. [2, 3, 4, 5, 8, 10, 12, 14, 18, 20, 21, 22, 23, 24, 25]  Q:5 M:5 F:5
  4517. [2, 3, 4, 5, 8, 10, 14, 17, 18, 20, 21, 22, 23, 24, 25]  Q:5 M:5 F:5
  4518. [2, 3, 4, 5, 10, 12, 14, 17, 18, 20, 21, 22, 23, 24, 25]  Q:5 M:5 F:5
  4519. [2, 3, 4, 5, 8, 10, 12, 14, 17, 19, 20, 21, 22, 23, 24]  Q:5 M:5 F:5
  4520. [2, 3, 4, 5, 8, 10, 12, 14, 17, 19, 20, 21, 22, 23, 25]  Q:5 M:5 F:5
  4521. [2, 3, 4, 5, 8, 10, 12, 14, 17, 19, 20, 21, 23, 24, 25]  Q:5 M:5 F:5
  4522. [2, 3, 4, 5, 8, 10, 12, 14, 19, 20, 21, 22, 23, 24, 25]  Q:5 M:5 F:5
  4523. [2, 3, 4, 5, 8, 10, 14, 17, 19, 20, 21, 22, 23, 24, 25]  Q:5 M:5 F:5
  4524. [2, 3, 4, 5, 10, 12, 14, 17, 19, 20, 21, 22, 23, 24, 25]  Q:5 M:5 F:5
  4525. [2, 3, 4, 5, 8, 10, 12, 15, 16, 17, 20, 21, 22, 23, 24]  Q:5 M:5 F:5
  4526. [2, 3, 4, 5, 8, 10, 12, 15, 16, 17, 20, 21, 22, 23, 25]  Q:5 M:5 F:5
  4527. [2, 3, 4, 5, 8, 10, 12, 15, 16, 17, 20, 21, 23, 24, 25]  Q:5 M:5 F:5
  4528. [2, 3, 4, 5, 8, 10, 12, 15, 16, 20, 21, 22, 23, 24, 25]  Q:5 M:5 F:5
  4529. [2, 3, 4, 5, 8, 10, 15, 16, 17, 20, 21, 22, 23, 24, 25]  Q:5 M:5 F:5
  4530. [2, 3, 4, 5, 10, 12, 15, 16, 17, 20, 21, 22, 23, 24, 25]  Q:5 M:5 F:5
  4531. [2, 3, 4, 5, 8, 10, 12, 15, 17, 18, 20, 21, 22, 23, 24]  Q:5 M:5 F:5
  4532. [2, 3, 4, 5, 8, 10, 12, 15, 17, 18, 20, 21, 22, 23, 25]  Q:5 M:5 F:5
  4533. [2, 3, 4, 5, 8, 10, 12, 15, 17, 18, 20, 21, 23, 24, 25]  Q:5 M:5 F:5
  4534. [2, 3, 4, 5, 8, 10, 12, 15, 18, 20, 21, 22, 23, 24, 25]  Q:5 M:5 F:5
  4535. [2, 3, 4, 5, 8, 10, 15, 17, 18, 20, 21, 22, 23, 24, 25]  Q:5 M:5 F:5
  4536. [2, 3, 4, 5, 10, 12, 15, 17, 18, 20, 21, 22, 23, 24, 25]  Q:5 M:5 F:5
  4537. [2, 3, 4, 5, 8, 10, 12, 15, 17, 19, 20, 21, 22, 23, 24]  Q:5 M:5 F:5
  4538. [2, 3, 4, 5, 8, 10, 12, 15, 17, 19, 20, 21, 22, 23, 25]  Q:5 M:5 F:5
  4539. [2, 3, 4, 5, 8, 10, 12, 15, 17, 19, 20, 21, 23, 24, 25]  Q:5 M:5 F:5
  4540. [2, 3, 4, 5, 8, 10, 12, 15, 19, 20, 21, 22, 23, 24, 25]  Q:5 M:5 F:5
  4541. [2, 3, 4, 5, 8, 10, 15, 17, 19, 20, 21, 22, 23, 24, 25]  Q:5 M:5 F:5
  4542. [2, 3, 4, 5, 10, 12, 15, 17, 19, 20, 21, 22, 23, 24, 25]  Q:5 M:5 F:5
  4543. [2, 3, 4, 5, 8, 10, 12, 16, 17, 18, 20, 21, 22, 23, 24]  Q:5 M:5 F:5
  4544. [2, 3, 4, 5, 8, 10, 12, 16, 17, 18, 20, 21, 22, 23, 25]  Q:5 M:5 F:5
  4545. [2, 3, 4, 5, 8, 10, 12, 16, 17, 18, 20, 21, 23, 24, 25]  Q:5 M:5 F:5
  4546. [2, 3, 4, 5, 8, 10, 12, 16, 18, 20, 21, 22, 23, 24, 25]  Q:5 M:5 F:5
  4547. [2, 3, 4, 5, 8, 10, 16, 17, 18, 20, 21, 22, 23, 24, 25]  Q:5 M:5 F:5
  4548. [2, 3, 4, 5, 10, 12, 16, 17, 18, 20, 21, 22, 23, 24, 25]  Q:5 M:5 F:5
  4549. [2, 3, 4, 5, 8, 10, 12, 16, 17, 19, 20, 21, 22, 23, 24]  Q:5 M:5 F:5
  4550. [2, 3, 4, 5, 8, 10, 12, 16, 17, 19, 20, 21, 22, 23, 25]  Q:5 M:5 F:5
  4551. [2, 3, 4, 5, 8, 10, 12, 16, 17, 19, 20, 21, 23, 24, 25]  Q:5 M:5 F:5
  4552. [2, 3, 4, 5, 8, 10, 12, 16, 19, 20, 21, 22, 23, 24, 25]  Q:5 M:5 F:5
  4553. [2, 3, 4, 5, 8, 10, 16, 17, 19, 20, 21, 22, 23, 24, 25]  Q:5 M:5 F:5
  4554. [2, 3, 4, 5, 10, 12, 16, 17, 19, 20, 21, 22, 23, 24, 25]  Q:5 M:5 F:5
  4555. [2, 3, 4, 5, 8, 10, 12, 17, 18, 19, 20, 21, 22, 23, 24]  Q:5 M:5 F:5
  4556. [2, 3, 4, 5, 8, 10, 12, 17, 18, 19, 20, 21, 22, 23, 25]  Q:5 M:5 F:5
  4557. [2, 3, 4, 5, 8, 10, 12, 17, 18, 19, 20, 21, 23, 24, 25]  Q:5 M:5 F:5
  4558. [2, 3, 4, 5, 8, 10, 12, 18, 19, 20, 21, 22, 23, 24, 25]  Q:5 M:5 F:5
  4559. [2, 3, 4, 5, 8, 10, 17, 18, 19, 20, 21, 22, 23, 24, 25]  Q:5 M:5 F:5
  4560. [2, 3, 4, 5, 10, 12, 17, 18, 19, 20, 21, 22, 23, 24, 25]  Q:5 M:5 F:5
  4561. [2, 3, 5, 6, 7, 8, 9, 10, 12, 17, 20, 21, 22, 23, 24]    Q:5 M:5 F:5
  4562. [2, 3, 5, 6, 7, 8, 9, 10, 12, 17, 20, 21, 22, 23, 25]    Q:5 M:5 F:5
  4563. [2, 3, 5, 6, 7, 8, 9, 10, 12, 17, 20, 21, 23, 24, 25]    Q:5 M:5 F:5
  4564. [2, 3, 5, 6, 7, 8, 9, 10, 12, 20, 21, 22, 23, 24, 25]    Q:5 M:5 F:5
  4565. [2, 3, 5, 6, 7, 8, 9, 10, 17, 20, 21, 22, 23, 24, 25]    Q:5 M:5 F:5
  4566. [2, 3, 5, 6, 7, 9, 10, 12, 17, 20, 21, 22, 23, 24, 25]   Q:5 M:5 F:5
  4567. [2, 3, 5, 6, 7, 8, 10, 11, 12, 17, 20, 21, 22, 23, 24]   Q:5 M:5 F:5
  4568. [2, 3, 5, 6, 7, 8, 10, 11, 12, 17, 20, 21, 22, 23, 25]   Q:5 M:5 F:5
  4569. [2, 3, 5, 6, 7, 8, 10, 11, 12, 17, 20, 21, 23, 24, 25]   Q:5 M:5 F:5
  4570. [2, 3, 5, 6, 7, 8, 10, 11, 12, 20, 21, 22, 23, 24, 25]   Q:5 M:5 F:5
  4571. [2, 3, 5, 6, 7, 8, 10, 11, 17, 20, 21, 22, 23, 24, 25]   Q:5 M:5 F:5
  4572. [2, 3, 5, 6, 7, 10, 11, 12, 17, 20, 21, 22, 23, 24, 25]  Q:5 M:5 F:5
  4573. [2, 3, 5, 6, 7, 8, 10, 12, 13, 17, 20, 21, 22, 23, 24]   Q:5 M:5 F:5
  4574. [2, 3, 5, 6, 7, 8, 10, 12, 13, 17, 20, 21, 22, 23, 25]   Q:5 M:5 F:5
  4575. [2, 3, 5, 6, 7, 8, 10, 12, 13, 17, 20, 21, 23, 24, 25]   Q:5 M:5 F:5
  4576. [2, 3, 5, 6, 7, 8, 10, 12, 13, 20, 21, 22, 23, 24, 25]   Q:5 M:5 F:5
  4577. [2, 3, 5, 6, 7, 8, 10, 13, 17, 20, 21, 22, 23, 24, 25]   Q:5 M:5 F:5
  4578. [2, 3, 5, 6, 7, 10, 12, 13, 17, 20, 21, 22, 23, 24, 25]  Q:5 M:5 F:5
  4579. [2, 3, 5, 6, 7, 8, 10, 12, 14, 17, 20, 21, 22, 23, 24]   Q:5 M:5 F:5
  4580. [2, 3, 5, 6, 7, 8, 10, 12, 14, 17, 20, 21, 22, 23, 25]   Q:5 M:5 F:5
  4581. [2, 3, 5, 6, 7, 8, 10, 12, 14, 17, 20, 21, 23, 24, 25]   Q:5 M:5 F:5
  4582. [2, 3, 5, 6, 7, 8, 10, 12, 14, 20, 21, 22, 23, 24, 25]   Q:5 M:5 F:5
  4583. [2, 3, 5, 6, 7, 8, 10, 14, 17, 20, 21, 22, 23, 24, 25]   Q:5 M:5 F:5
  4584. [2, 3, 5, 6, 7, 10, 12, 14, 17, 20, 21, 22, 23, 24, 25]  Q:5 M:5 F:5
  4585. [2, 3, 5, 6, 7, 8, 10, 12, 15, 17, 20, 21, 22, 23, 24]   Q:5 M:5 F:5
  4586. [2, 3, 5, 6, 7, 8, 10, 12, 15, 17, 20, 21, 22, 23, 25]   Q:5 M:5 F:5
  4587. [2, 3, 5, 6, 7, 8, 10, 12, 15, 17, 20, 21, 23, 24, 25]   Q:5 M:5 F:5
  4588. [2, 3, 5, 6, 7, 8, 10, 12, 15, 20, 21, 22, 23, 24, 25]   Q:5 M:5 F:5
  4589. [2, 3, 5, 6, 7, 8, 10, 15, 17, 20, 21, 22, 23, 24, 25]   Q:5 M:5 F:5
  4590. [2, 3, 5, 6, 7, 10, 12, 15, 17, 20, 21, 22, 23, 24, 25]  Q:5 M:5 F:5
  4591. [2, 3, 5, 6, 7, 8, 10, 12, 16, 17, 20, 21, 22, 23, 24]   Q:5 M:5 F:5
  4592. [2, 3, 5, 6, 7, 8, 10, 12, 16, 17, 20, 21, 22, 23, 25]   Q:5 M:5 F:5
  4593. [2, 3, 5, 6, 7, 8, 10, 12, 16, 17, 20, 21, 23, 24, 25]   Q:5 M:5 F:5
  4594. [2, 3, 5, 6, 7, 8, 10, 12, 16, 20, 21, 22, 23, 24, 25]   Q:5 M:5 F:5
  4595. [2, 3, 5, 6, 7, 8, 10, 16, 17, 20, 21, 22, 23, 24, 25]   Q:5 M:5 F:5
  4596. [2, 3, 5, 6, 7, 10, 12, 16, 17, 20, 21, 22, 23, 24, 25]  Q:5 M:5 F:5
  4597. [2, 3, 5, 6, 7, 8, 10, 12, 17, 18, 20, 21, 22, 23, 24]   Q:5 M:5 F:5
  4598. [2, 3, 5, 6, 7, 8, 10, 12, 17, 18, 20, 21, 22, 23, 25]   Q:5 M:5 F:5
  4599. [2, 3, 5, 6, 7, 8, 10, 12, 17, 18, 20, 21, 23, 24, 25]   Q:5 M:5 F:5
  4600. [2, 3, 5, 6, 7, 8, 10, 12, 18, 20, 21, 22, 23, 24, 25]   Q:5 M:5 F:5
  4601. [2, 3, 5, 6, 7, 8, 10, 17, 18, 20, 21, 22, 23, 24, 25]   Q:5 M:5 F:5
  4602. [2, 3, 5, 6, 7, 10, 12, 17, 18, 20, 21, 22, 23, 24, 25]  Q:5 M:5 F:5
  4603. [2, 3, 5, 6, 7, 8, 10, 12, 17, 19, 20, 21, 22, 23, 24]   Q:5 M:5 F:5
  4604. [2, 3, 5, 6, 7, 8, 10, 12, 17, 19, 20, 21, 22, 23, 25]   Q:5 M:5 F:5
  4605. [2, 3, 5, 6, 7, 8, 10, 12, 17, 19, 20, 21, 23, 24, 25]   Q:5 M:5 F:5
  4606. [2, 3, 5, 6, 7, 8, 10, 12, 19, 20, 21, 22, 23, 24, 25]   Q:5 M:5 F:5
  4607. [2, 3, 5, 6, 7, 8, 10, 17, 19, 20, 21, 22, 23, 24, 25]   Q:5 M:5 F:5
  4608. [2, 3, 5, 6, 7, 10, 12, 17, 19, 20, 21, 22, 23, 24, 25]  Q:5 M:5 F:5
  4609. [2, 3, 5, 6, 8, 9, 10, 11, 12, 17, 20, 21, 22, 23, 24]   Q:5 M:5 F:5
  4610. [2, 3, 5, 6, 8, 9, 10, 11, 12, 17, 20, 21, 22, 23, 25]   Q:5 M:5 F:5
  4611. [2, 3, 5, 6, 8, 9, 10, 11, 12, 17, 20, 21, 23, 24, 25]   Q:5 M:5 F:5
  4612. [2, 3, 5, 6, 8, 9, 10, 11, 12, 20, 21, 22, 23, 24, 25]   Q:5 M:5 F:5
  4613. [2, 3, 5, 6, 8, 9, 10, 11, 17, 20, 21, 22, 23, 24, 25]   Q:5 M:5 F:5
  4614. [2, 3, 5, 6, 9, 10, 11, 12, 17, 20, 21, 22, 23, 24, 25]  Q:5 M:5 F:5
  4615. [2, 3, 5, 6, 8, 9, 10, 12, 13, 17, 20, 21, 22, 23, 24]   Q:5 M:5 F:5
  4616. [2, 3, 5, 6, 8, 9, 10, 12, 13, 17, 20, 21, 22, 23, 25]   Q:5 M:5 F:5
  4617. [2, 3, 5, 6, 8, 9, 10, 12, 13, 17, 20, 21, 23, 24, 25]   Q:5 M:5 F:5
  4618. [2, 3, 5, 6, 8, 9, 10, 12, 13, 20, 21, 22, 23, 24, 25]   Q:5 M:5 F:5
  4619. [2, 3, 5, 6, 8, 9, 10, 13, 17, 20, 21, 22, 23, 24, 25]   Q:5 M:5 F:5
  4620. [2, 3, 5, 6, 9, 10, 12, 13, 17, 20, 21, 22, 23, 24, 25]  Q:5 M:5 F:5
  4621. [2, 3, 5, 6, 8, 9, 10, 12, 14, 17, 20, 21, 22, 23, 24]   Q:5 M:5 F:5
  4622. [2, 3, 5, 6, 8, 9, 10, 12, 14, 17, 20, 21, 22, 23, 25]   Q:5 M:5 F:5
  4623. [2, 3, 5, 6, 8, 9, 10, 12, 14, 17, 20, 21, 23, 24, 25]   Q:5 M:5 F:5
  4624. [2, 3, 5, 6, 8, 9, 10, 12, 14, 20, 21, 22, 23, 24, 25]   Q:5 M:5 F:5
  4625. [2, 3, 5, 6, 8, 9, 10, 14, 17, 20, 21, 22, 23, 24, 25]   Q:5 M:5 F:5
  4626. [2, 3, 5, 6, 9, 10, 12, 14, 17, 20, 21, 22, 23, 24, 25]  Q:5 M:5 F:5
  4627. [2, 3, 5, 6, 8, 9, 10, 12, 15, 17, 20, 21, 22, 23, 24]   Q:5 M:5 F:5
  4628. [2, 3, 5, 6, 8, 9, 10, 12, 15, 17, 20, 21, 22, 23, 25]   Q:5 M:5 F:5
  4629. [2, 3, 5, 6, 8, 9, 10, 12, 15, 17, 20, 21, 23, 24, 25]   Q:5 M:5 F:5
  4630. [2, 3, 5, 6, 8, 9, 10, 12, 15, 20, 21, 22, 23, 24, 25]   Q:5 M:5 F:5
  4631. [2, 3, 5, 6, 8, 9, 10, 15, 17, 20, 21, 22, 23, 24, 25]   Q:5 M:5 F:5
  4632. [2, 3, 5, 6, 9, 10, 12, 15, 17, 20, 21, 22, 23, 24, 25]  Q:5 M:5 F:5
  4633. [2, 3, 5, 6, 8, 9, 10, 12, 16, 17, 20, 21, 22, 23, 24]   Q:5 M:5 F:5
  4634. [2, 3, 5, 6, 8, 9, 10, 12, 16, 17, 20, 21, 22, 23, 25]   Q:5 M:5 F:5
  4635. [2, 3, 5, 6, 8, 9, 10, 12, 16, 17, 20, 21, 23, 24, 25]   Q:5 M:5 F:5
  4636. [2, 3, 5, 6, 8, 9, 10, 12, 16, 20, 21, 22, 23, 24, 25]   Q:5 M:5 F:5
  4637. [2, 3, 5, 6, 8, 9, 10, 16, 17, 20, 21, 22, 23, 24, 25]   Q:5 M:5 F:5
  4638. [2, 3, 5, 6, 9, 10, 12, 16, 17, 20, 21, 22, 23, 24, 25]  Q:5 M:5 F:5
  4639. [2, 3, 5, 6, 8, 9, 10, 12, 17, 18, 20, 21, 22, 23, 24]   Q:5 M:5 F:5
  4640. [2, 3, 5, 6, 8, 9, 10, 12, 17, 18, 20, 21, 22, 23, 25]   Q:5 M:5 F:5
  4641. [2, 3, 5, 6, 8, 9, 10, 12, 17, 18, 20, 21, 23, 24, 25]   Q:5 M:5 F:5
  4642. [2, 3, 5, 6, 8, 9, 10, 12, 18, 20, 21, 22, 23, 24, 25]   Q:5 M:5 F:5
  4643. [2, 3, 5, 6, 8, 9, 10, 17, 18, 20, 21, 22, 23, 24, 25]   Q:5 M:5 F:5
  4644. [2, 3, 5, 6, 9, 10, 12, 17, 18, 20, 21, 22, 23, 24, 25]  Q:5 M:5 F:5
  4645. [2, 3, 5, 6, 8, 9, 10, 12, 17, 19, 20, 21, 22, 23, 24]   Q:5 M:5 F:5
  4646. [2, 3, 5, 6, 8, 9, 10, 12, 17, 19, 20, 21, 22, 23, 25]   Q:5 M:5 F:5
  4647. [2, 3, 5, 6, 8, 9, 10, 12, 17, 19, 20, 21, 23, 24, 25]   Q:5 M:5 F:5
  4648. [2, 3, 5, 6, 8, 9, 10, 12, 19, 20, 21, 22, 23, 24, 25]   Q:5 M:5 F:5
  4649. [2, 3, 5, 6, 8, 9, 10, 17, 19, 20, 21, 22, 23, 24, 25]   Q:5 M:5 F:5
  4650. [2, 3, 5, 6, 9, 10, 12, 17, 19, 20, 21, 22, 23, 24, 25]  Q:5 M:5 F:5
  4651. [2, 3, 5, 6, 8, 10, 11, 12, 13, 17, 20, 21, 22, 23, 24]  Q:5 M:5 F:5
  4652. [2, 3, 5, 6, 8, 10, 11, 12, 13, 17, 20, 21, 22, 23, 25]  Q:5 M:5 F:5
  4653. [2, 3, 5, 6, 8, 10, 11, 12, 13, 17, 20, 21, 23, 24, 25]  Q:5 M:5 F:5
  4654. [2, 3, 5, 6, 8, 10, 11, 12, 13, 20, 21, 22, 23, 24, 25]  Q:5 M:5 F:5
  4655. [2, 3, 5, 6, 8, 10, 11, 13, 17, 20, 21, 22, 23, 24, 25]  Q:5 M:5 F:5
  4656. [2, 3, 5, 6, 10, 11, 12, 13, 17, 20, 21, 22, 23, 24, 25]  Q:5 M:5 F:5
  4657. [2, 3, 5, 6, 8, 10, 11, 12, 14, 17, 20, 21, 22, 23, 24]  Q:5 M:5 F:5
  4658. [2, 3, 5, 6, 8, 10, 11, 12, 14, 17, 20, 21, 22, 23, 25]  Q:5 M:5 F:5
  4659. [2, 3, 5, 6, 8, 10, 11, 12, 14, 17, 20, 21, 23, 24, 25]  Q:5 M:5 F:5
  4660. [2, 3, 5, 6, 8, 10, 11, 12, 14, 20, 21, 22, 23, 24, 25]  Q:5 M:5 F:5
  4661. [2, 3, 5, 6, 8, 10, 11, 14, 17, 20, 21, 22, 23, 24, 25]  Q:5 M:5 F:5
  4662. [2, 3, 5, 6, 10, 11, 12, 14, 17, 20, 21, 22, 23, 24, 25]  Q:5 M:5 F:5
  4663. [2, 3, 5, 6, 8, 10, 11, 12, 15, 17, 20, 21, 22, 23, 24]  Q:5 M:5 F:5
  4664. [2, 3, 5, 6, 8, 10, 11, 12, 15, 17, 20, 21, 22, 23, 25]  Q:5 M:5 F:5
  4665. [2, 3, 5, 6, 8, 10, 11, 12, 15, 17, 20, 21, 23, 24, 25]  Q:5 M:5 F:5
  4666. [2, 3, 5, 6, 8, 10, 11, 12, 15, 20, 21, 22, 23, 24, 25]  Q:5 M:5 F:5
  4667. [2, 3, 5, 6, 8, 10, 11, 15, 17, 20, 21, 22, 23, 24, 25]  Q:5 M:5 F:5
  4668. [2, 3, 5, 6, 10, 11, 12, 15, 17, 20, 21, 22, 23, 24, 25]  Q:5 M:5 F:5
  4669. [2, 3, 5, 6, 8, 10, 11, 12, 16, 17, 20, 21, 22, 23, 24]  Q:5 M:5 F:5
  4670. [2, 3, 5, 6, 8, 10, 11, 12, 16, 17, 20, 21, 22, 23, 25]  Q:5 M:5 F:5
  4671. [2, 3, 5, 6, 8, 10, 11, 12, 16, 17, 20, 21, 23, 24, 25]  Q:5 M:5 F:5
  4672. [2, 3, 5, 6, 8, 10, 11, 12, 16, 20, 21, 22, 23, 24, 25]  Q:5 M:5 F:5
  4673. [2, 3, 5, 6, 8, 10, 11, 16, 17, 20, 21, 22, 23, 24, 25]  Q:5 M:5 F:5
  4674. [2, 3, 5, 6, 10, 11, 12, 16, 17, 20, 21, 22, 23, 24, 25]  Q:5 M:5 F:5
  4675. [2, 3, 5, 6, 8, 10, 11, 12, 17, 18, 20, 21, 22, 23, 24]  Q:5 M:5 F:5
  4676. [2, 3, 5, 6, 8, 10, 11, 12, 17, 18, 20, 21, 22, 23, 25]  Q:5 M:5 F:5
  4677. [2, 3, 5, 6, 8, 10, 11, 12, 17, 18, 20, 21, 23, 24, 25]  Q:5 M:5 F:5
  4678. [2, 3, 5, 6, 8, 10, 11, 12, 18, 20, 21, 22, 23, 24, 25]  Q:5 M:5 F:5
  4679. [2, 3, 5, 6, 8, 10, 11, 17, 18, 20, 21, 22, 23, 24, 25]  Q:5 M:5 F:5
  4680. [2, 3, 5, 6, 10, 11, 12, 17, 18, 20, 21, 22, 23, 24, 25]  Q:5 M:5 F:5
  4681. [2, 3, 5, 6, 8, 10, 11, 12, 17, 19, 20, 21, 22, 23, 24]  Q:5 M:5 F:5
  4682. [2, 3, 5, 6, 8, 10, 11, 12, 17, 19, 20, 21, 22, 23, 25]  Q:5 M:5 F:5
  4683. [2, 3, 5, 6, 8, 10, 11, 12, 17, 19, 20, 21, 23, 24, 25]  Q:5 M:5 F:5
  4684. [2, 3, 5, 6, 8, 10, 11, 12, 19, 20, 21, 22, 23, 24, 25]  Q:5 M:5 F:5
  4685. [2, 3, 5, 6, 8, 10, 11, 17, 19, 20, 21, 22, 23, 24, 25]  Q:5 M:5 F:5
  4686. [2, 3, 5, 6, 10, 11, 12, 17, 19, 20, 21, 22, 23, 24, 25]  Q:5 M:5 F:5
  4687. [2, 3, 5, 6, 8, 10, 12, 13, 14, 17, 20, 21, 22, 23, 24]  Q:5 M:5 F:5
  4688. [2, 3, 5, 6, 8, 10, 12, 13, 14, 17, 20, 21, 22, 23, 25]  Q:5 M:5 F:5
  4689. [2, 3, 5, 6, 8, 10, 12, 13, 14, 17, 20, 21, 23, 24, 25]  Q:5 M:5 F:5
  4690. [2, 3, 5, 6, 8, 10, 12, 13, 14, 20, 21, 22, 23, 24, 25]  Q:5 M:5 F:5
  4691. [2, 3, 5, 6, 8, 10, 13, 14, 17, 20, 21, 22, 23, 24, 25]  Q:5 M:5 F:5
  4692. [2, 3, 5, 6, 10, 12, 13, 14, 17, 20, 21, 22, 23, 24, 25]  Q:5 M:5 F:5
  4693. [2, 3, 5, 6, 8, 10, 12, 13, 15, 17, 20, 21, 22, 23, 24]  Q:5 M:5 F:5
  4694. [2, 3, 5, 6, 8, 10, 12, 13, 15, 17, 20, 21, 22, 23, 25]  Q:5 M:5 F:5
  4695. [2, 3, 5, 6, 8, 10, 12, 13, 15, 17, 20, 21, 23, 24, 25]  Q:5 M:5 F:5
  4696. [2, 3, 5, 6, 8, 10, 12, 13, 15, 20, 21, 22, 23, 24, 25]  Q:5 M:5 F:5
  4697. [2, 3, 5, 6, 8, 10, 13, 15, 17, 20, 21, 22, 23, 24, 25]  Q:5 M:5 F:5
  4698. [2, 3, 5, 6, 10, 12, 13, 15, 17, 20, 21, 22, 23, 24, 25]  Q:5 M:5 F:5
  4699. [2, 3, 5, 6, 8, 10, 12, 13, 16, 17, 20, 21, 22, 23, 24]  Q:5 M:5 F:5
  4700. [2, 3, 5, 6, 8, 10, 12, 13, 16, 17, 20, 21, 22, 23, 25]  Q:5 M:5 F:5
  4701. [2, 3, 5, 6, 8, 10, 12, 13, 16, 17, 20, 21, 23, 24, 25]  Q:5 M:5 F:5
  4702. [2, 3, 5, 6, 8, 10, 12, 13, 16, 20, 21, 22, 23, 24, 25]  Q:5 M:5 F:5
  4703. [2, 3, 5, 6, 8, 10, 13, 16, 17, 20, 21, 22, 23, 24, 25]  Q:5 M:5 F:5
  4704. [2, 3, 5, 6, 10, 12, 13, 16, 17, 20, 21, 22, 23, 24, 25]  Q:5 M:5 F:5
  4705. [2, 3, 5, 6, 8, 10, 12, 13, 17, 18, 20, 21, 22, 23, 24]  Q:5 M:5 F:5
  4706. [2, 3, 5, 6, 8, 10, 12, 13, 17, 18, 20, 21, 22, 23, 25]  Q:5 M:5 F:5
  4707. [2, 3, 5, 6, 8, 10, 12, 13, 17, 18, 20, 21, 23, 24, 25]  Q:5 M:5 F:5
  4708. [2, 3, 5, 6, 8, 10, 12, 13, 18, 20, 21, 22, 23, 24, 25]  Q:5 M:5 F:5
  4709. [2, 3, 5, 6, 8, 10, 13, 17, 18, 20, 21, 22, 23, 24, 25]  Q:5 M:5 F:5
  4710. [2, 3, 5, 6, 10, 12, 13, 17, 18, 20, 21, 22, 23, 24, 25]  Q:5 M:5 F:5
  4711. [2, 3, 5, 6, 8, 10, 12, 13, 17, 19, 20, 21, 22, 23, 24]  Q:5 M:5 F:5
  4712. [2, 3, 5, 6, 8, 10, 12, 13, 17, 19, 20, 21, 22, 23, 25]  Q:5 M:5 F:5
  4713. [2, 3, 5, 6, 8, 10, 12, 13, 17, 19, 20, 21, 23, 24, 25]  Q:5 M:5 F:5
  4714. [2, 3, 5, 6, 8, 10, 12, 13, 19, 20, 21, 22, 23, 24, 25]  Q:5 M:5 F:5
  4715. [2, 3, 5, 6, 8, 10, 13, 17, 19, 20, 21, 22, 23, 24, 25]  Q:5 M:5 F:5
  4716. [2, 3, 5, 6, 10, 12, 13, 17, 19, 20, 21, 22, 23, 24, 25]  Q:5 M:5 F:5
  4717. [2, 3, 5, 6, 8, 10, 12, 14, 15, 17, 20, 21, 22, 23, 24]  Q:5 M:5 F:5
  4718. [2, 3, 5, 6, 8, 10, 12, 14, 15, 17, 20, 21, 22, 23, 25]  Q:5 M:5 F:5
  4719. [2, 3, 5, 6, 8, 10, 12, 14, 15, 17, 20, 21, 23, 24, 25]  Q:5 M:5 F:5
  4720. [2, 3, 5, 6, 8, 10, 12, 14, 15, 20, 21, 22, 23, 24, 25]  Q:5 M:5 F:5
  4721. [2, 3, 5, 6, 8, 10, 14, 15, 17, 20, 21, 22, 23, 24, 25]  Q:5 M:5 F:5
  4722. [2, 3, 5, 6, 10, 12, 14, 15, 17, 20, 21, 22, 23, 24, 25]  Q:5 M:5 F:5
  4723. [2, 3, 5, 6, 8, 10, 12, 14, 16, 17, 20, 21, 22, 23, 24]  Q:5 M:5 F:5
  4724. [2, 3, 5, 6, 8, 10, 12, 14, 16, 17, 20, 21, 22, 23, 25]  Q:5 M:5 F:5
  4725. [2, 3, 5, 6, 8, 10, 12, 14, 16, 17, 20, 21, 23, 24, 25]  Q:5 M:5 F:5
  4726. [2, 3, 5, 6, 8, 10, 12, 14, 16, 20, 21, 22, 23, 24, 25]  Q:5 M:5 F:5
  4727. [2, 3, 5, 6, 8, 10, 14, 16, 17, 20, 21, 22, 23, 24, 25]  Q:5 M:5 F:5
  4728. [2, 3, 5, 6, 10, 12, 14, 16, 17, 20, 21, 22, 23, 24, 25]  Q:5 M:5 F:5
  4729. [2, 3, 5, 6, 8, 10, 12, 14, 17, 18, 20, 21, 22, 23, 24]  Q:5 M:5 F:5
  4730. [2, 3, 5, 6, 8, 10, 12, 14, 17, 18, 20, 21, 22, 23, 25]  Q:5 M:5 F:5
  4731. [2, 3, 5, 6, 8, 10, 12, 14, 17, 18, 20, 21, 23, 24, 25]  Q:5 M:5 F:5
  4732. [2, 3, 5, 6, 8, 10, 12, 14, 18, 20, 21, 22, 23, 24, 25]  Q:5 M:5 F:5
  4733. [2, 3, 5, 6, 8, 10, 14, 17, 18, 20, 21, 22, 23, 24, 25]  Q:5 M:5 F:5
  4734. [2, 3, 5, 6, 10, 12, 14, 17, 18, 20, 21, 22, 23, 24, 25]  Q:5 M:5 F:5
  4735. [2, 3, 5, 6, 8, 10, 12, 14, 17, 19, 20, 21, 22, 23, 24]  Q:5 M:5 F:5
  4736. [2, 3, 5, 6, 8, 10, 12, 14, 17, 19, 20, 21, 22, 23, 25]  Q:5 M:5 F:5
  4737. [2, 3, 5, 6, 8, 10, 12, 14, 17, 19, 20, 21, 23, 24, 25]  Q:5 M:5 F:5
  4738. [2, 3, 5, 6, 8, 10, 12, 14, 19, 20, 21, 22, 23, 24, 25]  Q:5 M:5 F:5
  4739. [2, 3, 5, 6, 8, 10, 14, 17, 19, 20, 21, 22, 23, 24, 25]  Q:5 M:5 F:5
  4740. [2, 3, 5, 6, 10, 12, 14, 17, 19, 20, 21, 22, 23, 24, 25]  Q:5 M:5 F:5
  4741. [2, 3, 5, 6, 8, 10, 12, 15, 16, 17, 20, 21, 22, 23, 24]  Q:5 M:5 F:5
  4742. [2, 3, 5, 6, 8, 10, 12, 15, 16, 17, 20, 21, 22, 23, 25]  Q:5 M:5 F:5
  4743. [2, 3, 5, 6, 8, 10, 12, 15, 16, 17, 20, 21, 23, 24, 25]  Q:5 M:5 F:5
  4744. [2, 3, 5, 6, 8, 10, 12, 15, 16, 20, 21, 22, 23, 24, 25]  Q:5 M:5 F:5
  4745. [2, 3, 5, 6, 8, 10, 15, 16, 17, 20, 21, 22, 23, 24, 25]  Q:5 M:5 F:5
  4746. [2, 3, 5, 6, 10, 12, 15, 16, 17, 20, 21, 22, 23, 24, 25]  Q:5 M:5 F:5
  4747. [2, 3, 5, 6, 8, 10, 12, 15, 17, 18, 20, 21, 22, 23, 24]  Q:5 M:5 F:5
  4748. [2, 3, 5, 6, 8, 10, 12, 15, 17, 18, 20, 21, 22, 23, 25]  Q:5 M:5 F:5
  4749. [2, 3, 5, 6, 8, 10, 12, 15, 17, 18, 20, 21, 23, 24, 25]  Q:5 M:5 F:5
  4750. [2, 3, 5, 6, 8, 10, 12, 15, 18, 20, 21, 22, 23, 24, 25]  Q:5 M:5 F:5
  4751. [2, 3, 5, 6, 8, 10, 15, 17, 18, 20, 21, 22, 23, 24, 25]  Q:5 M:5 F:5
  4752. [2, 3, 5, 6, 10, 12, 15, 17, 18, 20, 21, 22, 23, 24, 25]  Q:5 M:5 F:5
  4753. [2, 3, 5, 6, 8, 10, 12, 15, 17, 19, 20, 21, 22, 23, 24]  Q:5 M:5 F:5
  4754. [2, 3, 5, 6, 8, 10, 12, 15, 17, 19, 20, 21, 22, 23, 25]  Q:5 M:5 F:5
  4755. [2, 3, 5, 6, 8, 10, 12, 15, 17, 19, 20, 21, 23, 24, 25]  Q:5 M:5 F:5
  4756. [2, 3, 5, 6, 8, 10, 12, 15, 19, 20, 21, 22, 23, 24, 25]  Q:5 M:5 F:5
  4757. [2, 3, 5, 6, 8, 10, 15, 17, 19, 20, 21, 22, 23, 24, 25]  Q:5 M:5 F:5
  4758. [2, 3, 5, 6, 10, 12, 15, 17, 19, 20, 21, 22, 23, 24, 25]  Q:5 M:5 F:5
  4759. [2, 3, 5, 6, 8, 10, 12, 16, 17, 18, 20, 21, 22, 23, 24]  Q:5 M:5 F:5
  4760. [2, 3, 5, 6, 8, 10, 12, 16, 17, 18, 20, 21, 22, 23, 25]  Q:5 M:5 F:5
  4761. [2, 3, 5, 6, 8, 10, 12, 16, 17, 18, 20, 21, 23, 24, 25]  Q:5 M:5 F:5
  4762. [2, 3, 5, 6, 8, 10, 12, 16, 18, 20, 21, 22, 23, 24, 25]  Q:5 M:5 F:5
  4763. [2, 3, 5, 6, 8, 10, 16, 17, 18, 20, 21, 22, 23, 24, 25]  Q:5 M:5 F:5
  4764. [2, 3, 5, 6, 10, 12, 16, 17, 18, 20, 21, 22, 23, 24, 25]  Q:5 M:5 F:5
  4765. [2, 3, 5, 6, 8, 10, 12, 16, 17, 19, 20, 21, 22, 23, 24]  Q:5 M:5 F:5
  4766. [2, 3, 5, 6, 8, 10, 12, 16, 17, 19, 20, 21, 22, 23, 25]  Q:5 M:5 F:5
  4767. [2, 3, 5, 6, 8, 10, 12, 16, 17, 19, 20, 21, 23, 24, 25]  Q:5 M:5 F:5
  4768. [2, 3, 5, 6, 8, 10, 12, 16, 19, 20, 21, 22, 23, 24, 25]  Q:5 M:5 F:5
  4769. [2, 3, 5, 6, 8, 10, 16, 17, 19, 20, 21, 22, 23, 24, 25]  Q:5 M:5 F:5
  4770. [2, 3, 5, 6, 10, 12, 16, 17, 19, 20, 21, 22, 23, 24, 25]  Q:5 M:5 F:5
  4771. [2, 3, 5, 6, 8, 10, 12, 17, 18, 19, 20, 21, 22, 23, 24]  Q:5 M:5 F:5
  4772. [2, 3, 5, 6, 8, 10, 12, 17, 18, 19, 20, 21, 22, 23, 25]  Q:5 M:5 F:5
  4773. [2, 3, 5, 6, 8, 10, 12, 17, 18, 19, 20, 21, 23, 24, 25]  Q:5 M:5 F:5
  4774. [2, 3, 5, 6, 8, 10, 12, 18, 19, 20, 21, 22, 23, 24, 25]  Q:5 M:5 F:5
  4775. [2, 3, 5, 6, 8, 10, 17, 18, 19, 20, 21, 22, 23, 24, 25]  Q:5 M:5 F:5
  4776. [2, 3, 5, 6, 10, 12, 17, 18, 19, 20, 21, 22, 23, 24, 25]  Q:5 M:5 F:5
  4777. [2, 3, 5, 7, 8, 9, 10, 11, 12, 17, 20, 21, 22, 23, 24]   Q:5 M:5 F:5
  4778. [2, 3, 5, 7, 8, 9, 10, 11, 12, 17, 20, 21, 22, 23, 25]   Q:5 M:5 F:5
  4779. [2, 3, 5, 7, 8, 9, 10, 11, 12, 17, 20, 21, 23, 24, 25]   Q:5 M:5 F:5
  4780. [2, 3, 5, 7, 8, 9, 10, 11, 12, 20, 21, 22, 23, 24, 25]   Q:5 M:5 F:5
  4781. [2, 3, 5, 7, 8, 9, 10, 11, 17, 20, 21, 22, 23, 24, 25]   Q:5 M:5 F:5
  4782. [2, 3, 5, 7, 9, 10, 11, 12, 17, 20, 21, 22, 23, 24, 25]  Q:5 M:5 F:5
  4783. [2, 3, 5, 7, 8, 9, 10, 12, 13, 17, 20, 21, 22, 23, 24]   Q:5 M:5 F:5
  4784. [2, 3, 5, 7, 8, 9, 10, 12, 13, 17, 20, 21, 22, 23, 25]   Q:5 M:5 F:5
  4785. [2, 3, 5, 7, 8, 9, 10, 12, 13, 17, 20, 21, 23, 24, 25]   Q:5 M:5 F:5
  4786. [2, 3, 5, 7, 8, 9, 10, 12, 13, 20, 21, 22, 23, 24, 25]   Q:5 M:5 F:5
  4787. [2, 3, 5, 7, 8, 9, 10, 13, 17, 20, 21, 22, 23, 24, 25]   Q:5 M:5 F:5
  4788. [2, 3, 5, 7, 9, 10, 12, 13, 17, 20, 21, 22, 23, 24, 25]  Q:5 M:5 F:5
  4789. [2, 3, 5, 7, 8, 9, 10, 12, 14, 17, 20, 21, 22, 23, 24]   Q:5 M:5 F:5
  4790. [2, 3, 5, 7, 8, 9, 10, 12, 14, 17, 20, 21, 22, 23, 25]   Q:5 M:5 F:5
  4791. [2, 3, 5, 7, 8, 9, 10, 12, 14, 17, 20, 21, 23, 24, 25]   Q:5 M:5 F:5
  4792. [2, 3, 5, 7, 8, 9, 10, 12, 14, 20, 21, 22, 23, 24, 25]   Q:5 M:5 F:5
  4793. [2, 3, 5, 7, 8, 9, 10, 14, 17, 20, 21, 22, 23, 24, 25]   Q:5 M:5 F:5
  4794. [2, 3, 5, 7, 9, 10, 12, 14, 17, 20, 21, 22, 23, 24, 25]  Q:5 M:5 F:5
  4795. [2, 3, 5, 7, 8, 9, 10, 12, 15, 17, 20, 21, 22, 23, 24]   Q:5 M:5 F:5
  4796. [2, 3, 5, 7, 8, 9, 10, 12, 15, 17, 20, 21, 22, 23, 25]   Q:5 M:5 F:5
  4797. [2, 3, 5, 7, 8, 9, 10, 12, 15, 17, 20, 21, 23, 24, 25]   Q:5 M:5 F:5
  4798. [2, 3, 5, 7, 8, 9, 10, 12, 15, 20, 21, 22, 23, 24, 25]   Q:5 M:5 F:5
  4799. [2, 3, 5, 7, 8, 9, 10, 15, 17, 20, 21, 22, 23, 24, 25]   Q:5 M:5 F:5
  4800. [2, 3, 5, 7, 9, 10, 12, 15, 17, 20, 21, 22, 23, 24, 25]  Q:5 M:5 F:5
  4801. [2, 3, 5, 7, 8, 9, 10, 12, 16, 17, 20, 21, 22, 23, 24]   Q:5 M:5 F:5
  4802. [2, 3, 5, 7, 8, 9, 10, 12, 16, 17, 20, 21, 22, 23, 25]   Q:5 M:5 F:5
  4803. [2, 3, 5, 7, 8, 9, 10, 12, 16, 17, 20, 21, 23, 24, 25]   Q:5 M:5 F:5
  4804. [2, 3, 5, 7, 8, 9, 10, 12, 16, 20, 21, 22, 23, 24, 25]   Q:5 M:5 F:5
  4805. [2, 3, 5, 7, 8, 9, 10, 16, 17, 20, 21, 22, 23, 24, 25]   Q:5 M:5 F:5
  4806. [2, 3, 5, 7, 9, 10, 12, 16, 17, 20, 21, 22, 23, 24, 25]  Q:5 M:5 F:5
  4807. [2, 3, 5, 7, 8, 9, 10, 12, 17, 18, 20, 21, 22, 23, 24]   Q:5 M:5 F:5
  4808. [2, 3, 5, 7, 8, 9, 10, 12, 17, 18, 20, 21, 22, 23, 25]   Q:5 M:5 F:5
  4809. [2, 3, 5, 7, 8, 9, 10, 12, 17, 18, 20, 21, 23, 24, 25]   Q:5 M:5 F:5
  4810. [2, 3, 5, 7, 8, 9, 10, 12, 18, 20, 21, 22, 23, 24, 25]   Q:5 M:5 F:5
  4811. [2, 3, 5, 7, 8, 9, 10, 17, 18, 20, 21, 22, 23, 24, 25]   Q:5 M:5 F:5
  4812. [2, 3, 5, 7, 9, 10, 12, 17, 18, 20, 21, 22, 23, 24, 25]  Q:5 M:5 F:5
  4813. [2, 3, 5, 7, 8, 9, 10, 12, 17, 19, 20, 21, 22, 23, 24]   Q:5 M:5 F:5
  4814. [2, 3, 5, 7, 8, 9, 10, 12, 17, 19, 20, 21, 22, 23, 25]   Q:5 M:5 F:5
  4815. [2, 3, 5, 7, 8, 9, 10, 12, 17, 19, 20, 21, 23, 24, 25]   Q:5 M:5 F:5
  4816. [2, 3, 5, 7, 8, 9, 10, 12, 19, 20, 21, 22, 23, 24, 25]   Q:5 M:5 F:5
  4817. [2, 3, 5, 7, 8, 9, 10, 17, 19, 20, 21, 22, 23, 24, 25]   Q:5 M:5 F:5
  4818. [2, 3, 5, 7, 9, 10, 12, 17, 19, 20, 21, 22, 23, 24, 25]  Q:5 M:5 F:5
  4819. [2, 3, 5, 7, 8, 10, 11, 12, 13, 17, 20, 21, 22, 23, 24]  Q:5 M:5 F:5
  4820. [2, 3, 5, 7, 8, 10, 11, 12, 13, 17, 20, 21, 22, 23, 25]  Q:5 M:5 F:5
  4821. [2, 3, 5, 7, 8, 10, 11, 12, 13, 17, 20, 21, 23, 24, 25]  Q:5 M:5 F:5
  4822. [2, 3, 5, 7, 8, 10, 11, 12, 13, 20, 21, 22, 23, 24, 25]  Q:5 M:5 F:5
  4823. [2, 3, 5, 7, 8, 10, 11, 13, 17, 20, 21, 22, 23, 24, 25]  Q:5 M:5 F:5
  4824. [2, 3, 5, 7, 10, 11, 12, 13, 17, 20, 21, 22, 23, 24, 25]  Q:5 M:5 F:5
  4825. [2, 3, 5, 7, 8, 10, 11, 12, 14, 17, 20, 21, 22, 23, 24]  Q:5 M:5 F:5
  4826. [2, 3, 5, 7, 8, 10, 11, 12, 14, 17, 20, 21, 22, 23, 25]  Q:5 M:5 F:5
  4827. [2, 3, 5, 7, 8, 10, 11, 12, 14, 17, 20, 21, 23, 24, 25]  Q:5 M:5 F:5
  4828. [2, 3, 5, 7, 8, 10, 11, 12, 14, 20, 21, 22, 23, 24, 25]  Q:5 M:5 F:5
  4829. [2, 3, 5, 7, 8, 10, 11, 14, 17, 20, 21, 22, 23, 24, 25]  Q:5 M:5 F:5
  4830. [2, 3, 5, 7, 10, 11, 12, 14, 17, 20, 21, 22, 23, 24, 25]  Q:5 M:5 F:5
  4831. [2, 3, 5, 7, 8, 10, 11, 12, 15, 17, 20, 21, 22, 23, 24]  Q:5 M:5 F:5
  4832. [2, 3, 5, 7, 8, 10, 11, 12, 15, 17, 20, 21, 22, 23, 25]  Q:5 M:5 F:5
  4833. [2, 3, 5, 7, 8, 10, 11, 12, 15, 17, 20, 21, 23, 24, 25]  Q:5 M:5 F:5
  4834. [2, 3, 5, 7, 8, 10, 11, 12, 15, 20, 21, 22, 23, 24, 25]  Q:5 M:5 F:5
  4835. [2, 3, 5, 7, 8, 10, 11, 15, 17, 20, 21, 22, 23, 24, 25]  Q:5 M:5 F:5
  4836. [2, 3, 5, 7, 10, 11, 12, 15, 17, 20, 21, 22, 23, 24, 25]  Q:5 M:5 F:5
  4837. [2, 3, 5, 7, 8, 10, 11, 12, 16, 17, 20, 21, 22, 23, 24]  Q:5 M:5 F:5
  4838. [2, 3, 5, 7, 8, 10, 11, 12, 16, 17, 20, 21, 22, 23, 25]  Q:5 M:5 F:5
  4839. [2, 3, 5, 7, 8, 10, 11, 12, 16, 17, 20, 21, 23, 24, 25]  Q:5 M:5 F:5
  4840. [2, 3, 5, 7, 8, 10, 11, 12, 16, 20, 21, 22, 23, 24, 25]  Q:5 M:5 F:5
  4841. [2, 3, 5, 7, 8, 10, 11, 16, 17, 20, 21, 22, 23, 24, 25]  Q:5 M:5 F:5
  4842. [2, 3, 5, 7, 10, 11, 12, 16, 17, 20, 21, 22, 23, 24, 25]  Q:5 M:5 F:5
  4843. [2, 3, 5, 7, 8, 10, 11, 12, 17, 18, 20, 21, 22, 23, 24]  Q:5 M:5 F:5
  4844. [2, 3, 5, 7, 8, 10, 11, 12, 17, 18, 20, 21, 22, 23, 25]  Q:5 M:5 F:5
  4845. [2, 3, 5, 7, 8, 10, 11, 12, 17, 18, 20, 21, 23, 24, 25]  Q:5 M:5 F:5
  4846. [2, 3, 5, 7, 8, 10, 11, 12, 18, 20, 21, 22, 23, 24, 25]  Q:5 M:5 F:5
  4847. [2, 3, 5, 7, 8, 10, 11, 17, 18, 20, 21, 22, 23, 24, 25]  Q:5 M:5 F:5
  4848. [2, 3, 5, 7, 10, 11, 12, 17, 18, 20, 21, 22, 23, 24, 25]  Q:5 M:5 F:5
  4849. [2, 3, 5, 7, 8, 10, 11, 12, 17, 19, 20, 21, 22, 23, 24]  Q:5 M:5 F:5
  4850. [2, 3, 5, 7, 8, 10, 11, 12, 17, 19, 20, 21, 22, 23, 25]  Q:5 M:5 F:5
  4851. [2, 3, 5, 7, 8, 10, 11, 12, 17, 19, 20, 21, 23, 24, 25]  Q:5 M:5 F:5
  4852. [2, 3, 5, 7, 8, 10, 11, 12, 19, 20, 21, 22, 23, 24, 25]  Q:5 M:5 F:5
  4853. [2, 3, 5, 7, 8, 10, 11, 17, 19, 20, 21, 22, 23, 24, 25]  Q:5 M:5 F:5
  4854. [2, 3, 5, 7, 10, 11, 12, 17, 19, 20, 21, 22, 23, 24, 25]  Q:5 M:5 F:5
  4855. [2, 3, 5, 7, 8, 10, 12, 13, 14, 17, 20, 21, 22, 23, 24]  Q:5 M:5 F:5
  4856. [2, 3, 5, 7, 8, 10, 12, 13, 14, 17, 20, 21, 22, 23, 25]  Q:5 M:5 F:5
  4857. [2, 3, 5, 7, 8, 10, 12, 13, 14, 17, 20, 21, 23, 24, 25]  Q:5 M:5 F:5
  4858. [2, 3, 5, 7, 8, 10, 12, 13, 14, 20, 21, 22, 23, 24, 25]  Q:5 M:5 F:5
  4859. [2, 3, 5, 7, 8, 10, 13, 14, 17, 20, 21, 22, 23, 24, 25]  Q:5 M:5 F:5
  4860. [2, 3, 5, 7, 10, 12, 13, 14, 17, 20, 21, 22, 23, 24, 25]  Q:5 M:5 F:5
  4861. [2, 3, 5, 7, 8, 10, 12, 13, 15, 17, 20, 21, 22, 23, 24]  Q:5 M:5 F:5
  4862. [2, 3, 5, 7, 8, 10, 12, 13, 15, 17, 20, 21, 22, 23, 25]  Q:5 M:5 F:5
  4863. [2, 3, 5, 7, 8, 10, 12, 13, 15, 17, 20, 21, 23, 24, 25]  Q:5 M:5 F:5
  4864. [2, 3, 5, 7, 8, 10, 12, 13, 15, 20, 21, 22, 23, 24, 25]  Q:5 M:5 F:5
  4865. [2, 3, 5, 7, 8, 10, 13, 15, 17, 20, 21, 22, 23, 24, 25]  Q:5 M:5 F:5
  4866. [2, 3, 5, 7, 10, 12, 13, 15, 17, 20, 21, 22, 23, 24, 25]  Q:5 M:5 F:5
  4867. [2, 3, 5, 7, 8, 10, 12, 13, 16, 17, 20, 21, 22, 23, 24]  Q:5 M:5 F:5
  4868. [2, 3, 5, 7, 8, 10, 12, 13, 16, 17, 20, 21, 22, 23, 25]  Q:5 M:5 F:5
  4869. [2, 3, 5, 7, 8, 10, 12, 13, 16, 17, 20, 21, 23, 24, 25]  Q:5 M:5 F:5
  4870. [2, 3, 5, 7, 8, 10, 12, 13, 16, 20, 21, 22, 23, 24, 25]  Q:5 M:5 F:5
  4871. [2, 3, 5, 7, 8, 10, 13, 16, 17, 20, 21, 22, 23, 24, 25]  Q:5 M:5 F:5
  4872. [2, 3, 5, 7, 10, 12, 13, 16, 17, 20, 21, 22, 23, 24, 25]  Q:5 M:5 F:5
  4873. [2, 3, 5, 7, 8, 10, 12, 13, 17, 18, 20, 21, 22, 23, 24]  Q:5 M:5 F:5
  4874. [2, 3, 5, 7, 8, 10, 12, 13, 17, 18, 20, 21, 22, 23, 25]  Q:5 M:5 F:5
  4875. [2, 3, 5, 7, 8, 10, 12, 13, 17, 18, 20, 21, 23, 24, 25]  Q:5 M:5 F:5
  4876. [2, 3, 5, 7, 8, 10, 12, 13, 18, 20, 21, 22, 23, 24, 25]  Q:5 M:5 F:5
  4877. [2, 3, 5, 7, 8, 10, 13, 17, 18, 20, 21, 22, 23, 24, 25]  Q:5 M:5 F:5
  4878. [2, 3, 5, 7, 10, 12, 13, 17, 18, 20, 21, 22, 23, 24, 25]  Q:5 M:5 F:5
  4879. [2, 3, 5, 7, 8, 10, 12, 13, 17, 19, 20, 21, 22, 23, 24]  Q:5 M:5 F:5
  4880. [2, 3, 5, 7, 8, 10, 12, 13, 17, 19, 20, 21, 22, 23, 25]  Q:5 M:5 F:5
  4881. [2, 3, 5, 7, 8, 10, 12, 13, 17, 19, 20, 21, 23, 24, 25]  Q:5 M:5 F:5
  4882. [2, 3, 5, 7, 8, 10, 12, 13, 19, 20, 21, 22, 23, 24, 25]  Q:5 M:5 F:5
  4883. [2, 3, 5, 7, 8, 10, 13, 17, 19, 20, 21, 22, 23, 24, 25]  Q:5 M:5 F:5
  4884. [2, 3, 5, 7, 10, 12, 13, 17, 19, 20, 21, 22, 23, 24, 25]  Q:5 M:5 F:5
  4885. [2, 3, 5, 7, 8, 10, 12, 14, 15, 17, 20, 21, 22, 23, 24]  Q:5 M:5 F:5
  4886. [2, 3, 5, 7, 8, 10, 12, 14, 15, 17, 20, 21, 22, 23, 25]  Q:5 M:5 F:5
  4887. [2, 3, 5, 7, 8, 10, 12, 14, 15, 17, 20, 21, 23, 24, 25]  Q:5 M:5 F:5
  4888. [2, 3, 5, 7, 8, 10, 12, 14, 15, 20, 21, 22, 23, 24, 25]  Q:5 M:5 F:5
  4889. [2, 3, 5, 7, 8, 10, 14, 15, 17, 20, 21, 22, 23, 24, 25]  Q:5 M:5 F:5
  4890. [2, 3, 5, 7, 10, 12, 14, 15, 17, 20, 21, 22, 23, 24, 25]  Q:5 M:5 F:5
  4891. [2, 3, 5, 7, 8, 10, 12, 14, 16, 17, 20, 21, 22, 23, 24]  Q:5 M:5 F:5
  4892. [2, 3, 5, 7, 8, 10, 12, 14, 16, 17, 20, 21, 22, 23, 25]  Q:5 M:5 F:5
  4893. [2, 3, 5, 7, 8, 10, 12, 14, 16, 17, 20, 21, 23, 24, 25]  Q:5 M:5 F:5
  4894. [2, 3, 5, 7, 8, 10, 12, 14, 16, 20, 21, 22, 23, 24, 25]  Q:5 M:5 F:5
  4895. [2, 3, 5, 7, 8, 10, 14, 16, 17, 20, 21, 22, 23, 24, 25]  Q:5 M:5 F:5
  4896. [2, 3, 5, 7, 10, 12, 14, 16, 17, 20, 21, 22, 23, 24, 25]  Q:5 M:5 F:5
  4897. [2, 3, 5, 7, 8, 10, 12, 14, 17, 18, 20, 21, 22, 23, 24]  Q:5 M:5 F:5
  4898. [2, 3, 5, 7, 8, 10, 12, 14, 17, 18, 20, 21, 22, 23, 25]  Q:5 M:5 F:5
  4899. [2, 3, 5, 7, 8, 10, 12, 14, 17, 18, 20, 21, 23, 24, 25]  Q:5 M:5 F:5
  4900. [2, 3, 5, 7, 8, 10, 12, 14, 18, 20, 21, 22, 23, 24, 25]  Q:5 M:5 F:5
  4901. [2, 3, 5, 7, 8, 10, 14, 17, 18, 20, 21, 22, 23, 24, 25]  Q:5 M:5 F:5
  4902. [2, 3, 5, 7, 10, 12, 14, 17, 18, 20, 21, 22, 23, 24, 25]  Q:5 M:5 F:5
  4903. [2, 3, 5, 7, 8, 10, 12, 14, 17, 19, 20, 21, 22, 23, 24]  Q:5 M:5 F:5
  4904. [2, 3, 5, 7, 8, 10, 12, 14, 17, 19, 20, 21, 22, 23, 25]  Q:5 M:5 F:5
  4905. [2, 3, 5, 7, 8, 10, 12, 14, 17, 19, 20, 21, 23, 24, 25]  Q:5 M:5 F:5
  4906. [2, 3, 5, 7, 8, 10, 12, 14, 19, 20, 21, 22, 23, 24, 25]  Q:5 M:5 F:5
  4907. [2, 3, 5, 7, 8, 10, 14, 17, 19, 20, 21, 22, 23, 24, 25]  Q:5 M:5 F:5
  4908. [2, 3, 5, 7, 10, 12, 14, 17, 19, 20, 21, 22, 23, 24, 25]  Q:5 M:5 F:5
  4909. [2, 3, 5, 7, 8, 10, 12, 15, 16, 17, 20, 21, 22, 23, 24]  Q:5 M:5 F:5
  4910. [2, 3, 5, 7, 8, 10, 12, 15, 16, 17, 20, 21, 22, 23, 25]  Q:5 M:5 F:5
  4911. [2, 3, 5, 7, 8, 10, 12, 15, 16, 17, 20, 21, 23, 24, 25]  Q:5 M:5 F:5
  4912. [2, 3, 5, 7, 8, 10, 12, 15, 16, 20, 21, 22, 23, 24, 25]  Q:5 M:5 F:5
  4913. [2, 3, 5, 7, 8, 10, 15, 16, 17, 20, 21, 22, 23, 24, 25]  Q:5 M:5 F:5
  4914. [2, 3, 5, 7, 10, 12, 15, 16, 17, 20, 21, 22, 23, 24, 25]  Q:5 M:5 F:5
  4915. [2, 3, 5, 7, 8, 10, 12, 15, 17, 18, 20, 21, 22, 23, 24]  Q:5 M:5 F:5
  4916. [2, 3, 5, 7, 8, 10, 12, 15, 17, 18, 20, 21, 22, 23, 25]  Q:5 M:5 F:5
  4917. [2, 3, 5, 7, 8, 10, 12, 15, 17, 18, 20, 21, 23, 24, 25]  Q:5 M:5 F:5
  4918. [2, 3, 5, 7, 8, 10, 12, 15, 18, 20, 21, 22, 23, 24, 25]  Q:5 M:5 F:5
  4919. [2, 3, 5, 7, 8, 10, 15, 17, 18, 20, 21, 22, 23, 24, 25]  Q:5 M:5 F:5
  4920. [2, 3, 5, 7, 10, 12, 15, 17, 18, 20, 21, 22, 23, 24, 25]  Q:5 M:5 F:5
  4921. [2, 3, 5, 7, 8, 10, 12, 15, 17, 19, 20, 21, 22, 23, 24]  Q:5 M:5 F:5
  4922. [2, 3, 5, 7, 8, 10, 12, 15, 17, 19, 20, 21, 22, 23, 25]  Q:5 M:5 F:5
  4923. [2, 3, 5, 7, 8, 10, 12, 15, 17, 19, 20, 21, 23, 24, 25]  Q:5 M:5 F:5
  4924. [2, 3, 5, 7, 8, 10, 12, 15, 19, 20, 21, 22, 23, 24, 25]  Q:5 M:5 F:5
  4925. [2, 3, 5, 7, 8, 10, 15, 17, 19, 20, 21, 22, 23, 24, 25]  Q:5 M:5 F:5
  4926. [2, 3, 5, 7, 10, 12, 15, 17, 19, 20, 21, 22, 23, 24, 25]  Q:5 M:5 F:5
  4927. [2, 3, 5, 7, 8, 10, 12, 16, 17, 18, 20, 21, 22, 23, 24]  Q:5 M:5 F:5
  4928. [2, 3, 5, 7, 8, 10, 12, 16, 17, 18, 20, 21, 22, 23, 25]  Q:5 M:5 F:5
  4929. [2, 3, 5, 7, 8, 10, 12, 16, 17, 18, 20, 21, 23, 24, 25]  Q:5 M:5 F:5
  4930. [2, 3, 5, 7, 8, 10, 12, 16, 18, 20, 21, 22, 23, 24, 25]  Q:5 M:5 F:5
  4931. [2, 3, 5, 7, 8, 10, 16, 17, 18, 20, 21, 22, 23, 24, 25]  Q:5 M:5 F:5
  4932. [2, 3, 5, 7, 10, 12, 16, 17, 18, 20, 21, 22, 23, 24, 25]  Q:5 M:5 F:5
  4933. [2, 3, 5, 7, 8, 10, 12, 16, 17, 19, 20, 21, 22, 23, 24]  Q:5 M:5 F:5
  4934. [2, 3, 5, 7, 8, 10, 12, 16, 17, 19, 20, 21, 22, 23, 25]  Q:5 M:5 F:5
  4935. [2, 3, 5, 7, 8, 10, 12, 16, 17, 19, 20, 21, 23, 24, 25]  Q:5 M:5 F:5
  4936. [2, 3, 5, 7, 8, 10, 12, 16, 19, 20, 21, 22, 23, 24, 25]  Q:5 M:5 F:5
  4937. [2, 3, 5, 7, 8, 10, 16, 17, 19, 20, 21, 22, 23, 24, 25]  Q:5 M:5 F:5
  4938. [2, 3, 5, 7, 10, 12, 16, 17, 19, 20, 21, 22, 23, 24, 25]  Q:5 M:5 F:5
  4939. [2, 3, 5, 7, 8, 10, 12, 17, 18, 19, 20, 21, 22, 23, 24]  Q:5 M:5 F:5
  4940. [2, 3, 5, 7, 8, 10, 12, 17, 18, 19, 20, 21, 22, 23, 25]  Q:5 M:5 F:5
  4941. [2, 3, 5, 7, 8, 10, 12, 17, 18, 19, 20, 21, 23, 24, 25]  Q:5 M:5 F:5
  4942. [2, 3, 5, 7, 8, 10, 12, 18, 19, 20, 21, 22, 23, 24, 25]  Q:5 M:5 F:5
  4943. [2, 3, 5, 7, 8, 10, 17, 18, 19, 20, 21, 22, 23, 24, 25]  Q:5 M:5 F:5
  4944. [2, 3, 5, 7, 10, 12, 17, 18, 19, 20, 21, 22, 23, 24, 25]  Q:5 M:5 F:5
  4945. [2, 3, 5, 8, 9, 10, 11, 12, 13, 17, 20, 21, 22, 23, 24]  Q:5 M:5 F:5
  4946. [2, 3, 5, 8, 9, 10, 11, 12, 13, 17, 20, 21, 22, 23, 25]  Q:5 M:5 F:5
  4947. [2, 3, 5, 8, 9, 10, 11, 12, 13, 17, 20, 21, 23, 24, 25]  Q:5 M:5 F:5
  4948. [2, 3, 5, 8, 9, 10, 11, 12, 13, 20, 21, 22, 23, 24, 25]  Q:5 M:5 F:5
  4949. [2, 3, 5, 8, 9, 10, 11, 13, 17, 20, 21, 22, 23, 24, 25]  Q:5 M:5 F:5
  4950. [2, 3, 5, 9, 10, 11, 12, 13, 17, 20, 21, 22, 23, 24, 25]  Q:5 M:5 F:5
  4951. [2, 3, 5, 8, 9, 10, 11, 12, 14, 17, 20, 21, 22, 23, 24]  Q:5 M:5 F:5
  4952. [2, 3, 5, 8, 9, 10, 11, 12, 14, 17, 20, 21, 22, 23, 25]  Q:5 M:5 F:5
  4953. [2, 3, 5, 8, 9, 10, 11, 12, 14, 17, 20, 21, 23, 24, 25]  Q:5 M:5 F:5
  4954. [2, 3, 5, 8, 9, 10, 11, 12, 14, 20, 21, 22, 23, 24, 25]  Q:5 M:5 F:5
  4955. [2, 3, 5, 8, 9, 10, 11, 14, 17, 20, 21, 22, 23, 24, 25]  Q:5 M:5 F:5
  4956. [2, 3, 5, 9, 10, 11, 12, 14, 17, 20, 21, 22, 23, 24, 25]  Q:5 M:5 F:5
  4957. [2, 3, 5, 8, 9, 10, 11, 12, 15, 17, 20, 21, 22, 23, 24]  Q:5 M:5 F:5
  4958. [2, 3, 5, 8, 9, 10, 11, 12, 15, 17, 20, 21, 22, 23, 25]  Q:5 M:5 F:5
  4959. [2, 3, 5, 8, 9, 10, 11, 12, 15, 17, 20, 21, 23, 24, 25]  Q:5 M:5 F:5
  4960. [2, 3, 5, 8, 9, 10, 11, 12, 15, 20, 21, 22, 23, 24, 25]  Q:5 M:5 F:5
  4961. [2, 3, 5, 8, 9, 10, 11, 15, 17, 20, 21, 22, 23, 24, 25]  Q:5 M:5 F:5
  4962. [2, 3, 5, 9, 10, 11, 12, 15, 17, 20, 21, 22, 23, 24, 25]  Q:5 M:5 F:5
  4963. [2, 3, 5, 8, 9, 10, 11, 12, 16, 17, 20, 21, 22, 23, 24]  Q:5 M:5 F:5
  4964. [2, 3, 5, 8, 9, 10, 11, 12, 16, 17, 20, 21, 22, 23, 25]  Q:5 M:5 F:5
  4965. [2, 3, 5, 8, 9, 10, 11, 12, 16, 17, 20, 21, 23, 24, 25]  Q:5 M:5 F:5
  4966. [2, 3, 5, 8, 9, 10, 11, 12, 16, 20, 21, 22, 23, 24, 25]  Q:5 M:5 F:5
  4967. [2, 3, 5, 8, 9, 10, 11, 16, 17, 20, 21, 22, 23, 24, 25]  Q:5 M:5 F:5
  4968. [2, 3, 5, 9, 10, 11, 12, 16, 17, 20, 21, 22, 23, 24, 25]  Q:5 M:5 F:5
  4969. [2, 3, 5, 8, 9, 10, 11, 12, 17, 18, 20, 21, 22, 23, 24]  Q:5 M:5 F:5
  4970. [2, 3, 5, 8, 9, 10, 11, 12, 17, 18, 20, 21, 22, 23, 25]  Q:5 M:5 F:5
  4971. [2, 3, 5, 8, 9, 10, 11, 12, 17, 18, 20, 21, 23, 24, 25]  Q:5 M:5 F:5
  4972. [2, 3, 5, 8, 9, 10, 11, 12, 18, 20, 21, 22, 23, 24, 25]  Q:5 M:5 F:5
  4973. [2, 3, 5, 8, 9, 10, 11, 17, 18, 20, 21, 22, 23, 24, 25]  Q:5 M:5 F:5
  4974. [2, 3, 5, 9, 10, 11, 12, 17, 18, 20, 21, 22, 23, 24, 25]  Q:5 M:5 F:5
  4975. [2, 3, 5, 8, 9, 10, 11, 12, 17, 19, 20, 21, 22, 23, 24]  Q:5 M:5 F:5
  4976. [2, 3, 5, 8, 9, 10, 11, 12, 17, 19, 20, 21, 22, 23, 25]  Q:5 M:5 F:5
  4977. [2, 3, 5, 8, 9, 10, 11, 12, 17, 19, 20, 21, 23, 24, 25]  Q:5 M:5 F:5
  4978. [2, 3, 5, 8, 9, 10, 11, 12, 19, 20, 21, 22, 23, 24, 25]  Q:5 M:5 F:5
  4979. [2, 3, 5, 8, 9, 10, 11, 17, 19, 20, 21, 22, 23, 24, 25]  Q:5 M:5 F:5
  4980. [2, 3, 5, 9, 10, 11, 12, 17, 19, 20, 21, 22, 23, 24, 25]  Q:5 M:5 F:5
  4981. [2, 3, 5, 8, 9, 10, 12, 13, 14, 17, 20, 21, 22, 23, 24]  Q:5 M:5 F:5
  4982. [2, 3, 5, 8, 9, 10, 12, 13, 14, 17, 20, 21, 22, 23, 25]  Q:5 M:5 F:5
  4983. [2, 3, 5, 8, 9, 10, 12, 13, 14, 17, 20, 21, 23, 24, 25]  Q:5 M:5 F:5
  4984. [2, 3, 5, 8, 9, 10, 12, 13, 14, 20, 21, 22, 23, 24, 25]  Q:5 M:5 F:5
  4985. [2, 3, 5, 8, 9, 10, 13, 14, 17, 20, 21, 22, 23, 24, 25]  Q:5 M:5 F:5
  4986. [2, 3, 5, 9, 10, 12, 13, 14, 17, 20, 21, 22, 23, 24, 25]  Q:5 M:5 F:5
  4987. [2, 3, 5, 8, 9, 10, 12, 13, 15, 17, 20, 21, 22, 23, 24]  Q:5 M:5 F:5
  4988. [2, 3, 5, 8, 9, 10, 12, 13, 15, 17, 20, 21, 22, 23, 25]  Q:5 M:5 F:5
  4989. [2, 3, 5, 8, 9, 10, 12, 13, 15, 17, 20, 21, 23, 24, 25]  Q:5 M:5 F:5
  4990. [2, 3, 5, 8, 9, 10, 12, 13, 15, 20, 21, 22, 23, 24, 25]  Q:5 M:5 F:5
  4991. [2, 3, 5, 8, 9, 10, 13, 15, 17, 20, 21, 22, 23, 24, 25]  Q:5 M:5 F:5
  4992. [2, 3, 5, 9, 10, 12, 13, 15, 17, 20, 21, 22, 23, 24, 25]  Q:5 M:5 F:5
  4993. [2, 3, 5, 8, 9, 10, 12, 13, 16, 17, 20, 21, 22, 23, 24]  Q:5 M:5 F:5
  4994. [2, 3, 5, 8, 9, 10, 12, 13, 16, 17, 20, 21, 22, 23, 25]  Q:5 M:5 F:5
  4995. [2, 3, 5, 8, 9, 10, 12, 13, 16, 17, 20, 21, 23, 24, 25]  Q:5 M:5 F:5
  4996. [2, 3, 5, 8, 9, 10, 12, 13, 16, 20, 21, 22, 23, 24, 25]  Q:5 M:5 F:5
  4997. [2, 3, 5, 8, 9, 10, 13, 16, 17, 20, 21, 22, 23, 24, 25]  Q:5 M:5 F:5
  4998. [2, 3, 5, 9, 10, 12, 13, 16, 17, 20, 21, 22, 23, 24, 25]  Q:5 M:5 F:5
  4999. [2, 3, 5, 8, 9, 10, 12, 13, 17, 18, 20, 21, 22, 23, 24]  Q:5 M:5 F:5
  5000. [2, 3, 5, 8, 9, 10, 12, 13, 17, 18, 20, 21, 22, 23, 25]  Q:5 M:5 F:5
  5001. [2, 3, 5, 8, 9, 10, 12, 13, 17, 18, 20, 21, 23, 24, 25]  Q:5 M:5 F:5
  5002. [2, 3, 5, 8, 9, 10, 12, 13, 18, 20, 21, 22, 23, 24, 25]  Q:5 M:5 F:5
  5003. [2, 3, 5, 8, 9, 10, 13, 17, 18, 20, 21, 22, 23, 24, 25]  Q:5 M:5 F:5
  5004. [2, 3, 5, 9, 10, 12, 13, 17, 18, 20, 21, 22, 23, 24, 25]  Q:5 M:5 F:5
  5005. [2, 3, 5, 8, 9, 10, 12, 13, 17, 19, 20, 21, 22, 23, 24]  Q:5 M:5 F:5
  5006. [2, 3, 5, 8, 9, 10, 12, 13, 17, 19, 20, 21, 22, 23, 25]  Q:5 M:5 F:5
  5007. [2, 3, 5, 8, 9, 10, 12, 13, 17, 19, 20, 21, 23, 24, 25]  Q:5 M:5 F:5
  5008. [2, 3, 5, 8, 9, 10, 12, 13, 19, 20, 21, 22, 23, 24, 25]  Q:5 M:5 F:5
  5009. [2, 3, 5, 8, 9, 10, 13, 17, 19, 20, 21, 22, 23, 24, 25]  Q:5 M:5 F:5
  5010. [2, 3, 5, 9, 10, 12, 13, 17, 19, 20, 21, 22, 23, 24, 25]  Q:5 M:5 F:5
  5011. [2, 3, 5, 8, 9, 10, 12, 14, 15, 17, 20, 21, 22, 23, 24]  Q:5 M:5 F:5
  5012. [2, 3, 5, 8, 9, 10, 12, 14, 15, 17, 20, 21, 22, 23, 25]  Q:5 M:5 F:5
  5013. [2, 3, 5, 8, 9, 10, 12, 14, 15, 17, 20, 21, 23, 24, 25]  Q:5 M:5 F:5
  5014. [2, 3, 5, 8, 9, 10, 12, 14, 15, 20, 21, 22, 23, 24, 25]  Q:5 M:5 F:5
  5015. [2, 3, 5, 8, 9, 10, 14, 15, 17, 20, 21, 22, 23, 24, 25]  Q:5 M:5 F:5
  5016. [2, 3, 5, 9, 10, 12, 14, 15, 17, 20, 21, 22, 23, 24, 25]  Q:5 M:5 F:5
  5017. [2, 3, 5, 8, 9, 10, 12, 14, 16, 17, 20, 21, 22, 23, 24]  Q:5 M:5 F:5
  5018. [2, 3, 5, 8, 9, 10, 12, 14, 16, 17, 20, 21, 22, 23, 25]  Q:5 M:5 F:5
  5019. [2, 3, 5, 8, 9, 10, 12, 14, 16, 17, 20, 21, 23, 24, 25]  Q:5 M:5 F:5
  5020. [2, 3, 5, 8, 9, 10, 12, 14, 16, 20, 21, 22, 23, 24, 25]  Q:5 M:5 F:5
  5021. [2, 3, 5, 8, 9, 10, 14, 16, 17, 20, 21, 22, 23, 24, 25]  Q:5 M:5 F:5
  5022. [2, 3, 5, 9, 10, 12, 14, 16, 17, 20, 21, 22, 23, 24, 25]  Q:5 M:5 F:5
  5023. [2, 3, 5, 8, 9, 10, 12, 14, 17, 18, 20, 21, 22, 23, 24]  Q:5 M:5 F:5
  5024. [2, 3, 5, 8, 9, 10, 12, 14, 17, 18, 20, 21, 22, 23, 25]  Q:5 M:5 F:5
  5025. [2, 3, 5, 8, 9, 10, 12, 14, 17, 18, 20, 21, 23, 24, 25]  Q:5 M:5 F:5
  5026. [2, 3, 5, 8, 9, 10, 12, 14, 18, 20, 21, 22, 23, 24, 25]  Q:5 M:5 F:5
  5027. [2, 3, 5, 8, 9, 10, 14, 17, 18, 20, 21, 22, 23, 24, 25]  Q:5 M:5 F:5
  5028. [2, 3, 5, 9, 10, 12, 14, 17, 18, 20, 21, 22, 23, 24, 25]  Q:5 M:5 F:5
  5029. [2, 3, 5, 8, 9, 10, 12, 14, 17, 19, 20, 21, 22, 23, 24]  Q:5 M:5 F:5
  5030. [2, 3, 5, 8, 9, 10, 12, 14, 17, 19, 20, 21, 22, 23, 25]  Q:5 M:5 F:5
  5031. [2, 3, 5, 8, 9, 10, 12, 14, 17, 19, 20, 21, 23, 24, 25]  Q:5 M:5 F:5
  5032. [2, 3, 5, 8, 9, 10, 12, 14, 19, 20, 21, 22, 23, 24, 25]  Q:5 M:5 F:5
  5033. [2, 3, 5, 8, 9, 10, 14, 17, 19, 20, 21, 22, 23, 24, 25]  Q:5 M:5 F:5
  5034. [2, 3, 5, 9, 10, 12, 14, 17, 19, 20, 21, 22, 23, 24, 25]  Q:5 M:5 F:5
  5035. [2, 3, 5, 8, 9, 10, 12, 15, 16, 17, 20, 21, 22, 23, 24]  Q:5 M:5 F:5
  5036. [2, 3, 5, 8, 9, 10, 12, 15, 16, 17, 20, 21, 22, 23, 25]  Q:5 M:5 F:5
  5037. [2, 3, 5, 8, 9, 10, 12, 15, 16, 17, 20, 21, 23, 24, 25]  Q:5 M:5 F:5
  5038. [2, 3, 5, 8, 9, 10, 12, 15, 16, 20, 21, 22, 23, 24, 25]  Q:5 M:5 F:5
  5039. [2, 3, 5, 8, 9, 10, 15, 16, 17, 20, 21, 22, 23, 24, 25]  Q:5 M:5 F:5
  5040. [2, 3, 5, 9, 10, 12, 15, 16, 17, 20, 21, 22, 23, 24, 25]  Q:5 M:5 F:5
  5041. [2, 3, 5, 8, 9, 10, 12, 15, 17, 18, 20, 21, 22, 23, 24]  Q:5 M:5 F:5
  5042. [2, 3, 5, 8, 9, 10, 12, 15, 17, 18, 20, 21, 22, 23, 25]  Q:5 M:5 F:5
  5043. [2, 3, 5, 8, 9, 10, 12, 15, 17, 18, 20, 21, 23, 24, 25]  Q:5 M:5 F:5
  5044. [2, 3, 5, 8, 9, 10, 12, 15, 18, 20, 21, 22, 23, 24, 25]  Q:5 M:5 F:5
  5045. [2, 3, 5, 8, 9, 10, 15, 17, 18, 20, 21, 22, 23, 24, 25]  Q:5 M:5 F:5
  5046. [2, 3, 5, 9, 10, 12, 15, 17, 18, 20, 21, 22, 23, 24, 25]  Q:5 M:5 F:5
  5047. [2, 3, 5, 8, 9, 10, 12, 15, 17, 19, 20, 21, 22, 23, 24]  Q:5 M:5 F:5
  5048. [2, 3, 5, 8, 9, 10, 12, 15, 17, 19, 20, 21, 22, 23, 25]  Q:5 M:5 F:5
  5049. [2, 3, 5, 8, 9, 10, 12, 15, 17, 19, 20, 21, 23, 24, 25]  Q:5 M:5 F:5
  5050. [2, 3, 5, 8, 9, 10, 12, 15, 19, 20, 21, 22, 23, 24, 25]  Q:5 M:5 F:5
  5051. [2, 3, 5, 8, 9, 10, 15, 17, 19, 20, 21, 22, 23, 24, 25]  Q:5 M:5 F:5
  5052. [2, 3, 5, 9, 10, 12, 15, 17, 19, 20, 21, 22, 23, 24, 25]  Q:5 M:5 F:5
  5053. [2, 3, 5, 8, 9, 10, 12, 16, 17, 18, 20, 21, 22, 23, 24]  Q:5 M:5 F:5
  5054. [2, 3, 5, 8, 9, 10, 12, 16, 17, 18, 20, 21, 22, 23, 25]  Q:5 M:5 F:5
  5055. [2, 3, 5, 8, 9, 10, 12, 16, 17, 18, 20, 21, 23, 24, 25]  Q:5 M:5 F:5
  5056. [2, 3, 5, 8, 9, 10, 12, 16, 18, 20, 21, 22, 23, 24, 25]  Q:5 M:5 F:5
  5057. [2, 3, 5, 8, 9, 10, 16, 17, 18, 20, 21, 22, 23, 24, 25]  Q:5 M:5 F:5
  5058. [2, 3, 5, 9, 10, 12, 16, 17, 18, 20, 21, 22, 23, 24, 25]  Q:5 M:5 F:5
  5059. [2, 3, 5, 8, 9, 10, 12, 16, 17, 19, 20, 21, 22, 23, 24]  Q:5 M:5 F:5
  5060. [2, 3, 5, 8, 9, 10, 12, 16, 17, 19, 20, 21, 22, 23, 25]  Q:5 M:5 F:5
  5061. [2, 3, 5, 8, 9, 10, 12, 16, 17, 19, 20, 21, 23, 24, 25]  Q:5 M:5 F:5
  5062. [2, 3, 5, 8, 9, 10, 12, 16, 19, 20, 21, 22, 23, 24, 25]  Q:5 M:5 F:5
  5063. [2, 3, 5, 8, 9, 10, 16, 17, 19, 20, 21, 22, 23, 24, 25]  Q:5 M:5 F:5
  5064. [2, 3, 5, 9, 10, 12, 16, 17, 19, 20, 21, 22, 23, 24, 25]  Q:5 M:5 F:5
  5065. [2, 3, 5, 8, 9, 10, 12, 17, 18, 19, 20, 21, 22, 23, 24]  Q:5 M:5 F:5
  5066. [2, 3, 5, 8, 9, 10, 12, 17, 18, 19, 20, 21, 22, 23, 25]  Q:5 M:5 F:5
  5067. [2, 3, 5, 8, 9, 10, 12, 17, 18, 19, 20, 21, 23, 24, 25]  Q:5 M:5 F:5
  5068. [2, 3, 5, 8, 9, 10, 12, 18, 19, 20, 21, 22, 23, 24, 25]  Q:5 M:5 F:5
  5069. [2, 3, 5, 8, 9, 10, 17, 18, 19, 20, 21, 22, 23, 24, 25]  Q:5 M:5 F:5
  5070. [2, 3, 5, 9, 10, 12, 17, 18, 19, 20, 21, 22, 23, 24, 25]  Q:5 M:5 F:5
  5071. [2, 3, 5, 8, 10, 11, 12, 13, 14, 17, 20, 21, 22, 23, 24]  Q:5 M:5 F:5
  5072. [2, 3, 5, 8, 10, 11, 12, 13, 14, 17, 20, 21, 22, 23, 25]  Q:5 M:5 F:5
  5073. [2, 3, 5, 8, 10, 11, 12, 13, 14, 17, 20, 21, 23, 24, 25]  Q:5 M:5 F:5
  5074. [2, 3, 5, 8, 10, 11, 12, 13, 14, 20, 21, 22, 23, 24, 25]  Q:5 M:5 F:5
  5075. [2, 3, 5, 8, 10, 11, 13, 14, 17, 20, 21, 22, 23, 24, 25]  Q:5 M:5 F:5
  5076. [2, 3, 5, 10, 11, 12, 13, 14, 17, 20, 21, 22, 23, 24, 25]  Q:5 M:5 F:5
  5077. [2, 3, 5, 8, 10, 11, 12, 13, 15, 17, 20, 21, 22, 23, 24]  Q:5 M:5 F:5
  5078. [2, 3, 5, 8, 10, 11, 12, 13, 15, 17, 20, 21, 22, 23, 25]  Q:5 M:5 F:5
  5079. [2, 3, 5, 8, 10, 11, 12, 13, 15, 17, 20, 21, 23, 24, 25]  Q:5 M:5 F:5
  5080. [2, 3, 5, 8, 10, 11, 12, 13, 15, 20, 21, 22, 23, 24, 25]  Q:5 M:5 F:5
  5081. [2, 3, 5, 8, 10, 11, 13, 15, 17, 20, 21, 22, 23, 24, 25]  Q:5 M:5 F:5
  5082. [2, 3, 5, 10, 11, 12, 13, 15, 17, 20, 21, 22, 23, 24, 25]  Q:5 M:5 F:5
  5083. [2, 3, 5, 8, 10, 11, 12, 13, 16, 17, 20, 21, 22, 23, 24]  Q:5 M:5 F:5
  5084. [2, 3, 5, 8, 10, 11, 12, 13, 16, 17, 20, 21, 22, 23, 25]  Q:5 M:5 F:5
  5085. [2, 3, 5, 8, 10, 11, 12, 13, 16, 17, 20, 21, 23, 24, 25]  Q:5 M:5 F:5
  5086. [2, 3, 5, 8, 10, 11, 12, 13, 16, 20, 21, 22, 23, 24, 25]  Q:5 M:5 F:5
  5087. [2, 3, 5, 8, 10, 11, 13, 16, 17, 20, 21, 22, 23, 24, 25]  Q:5 M:5 F:5
  5088. [2, 3, 5, 10, 11, 12, 13, 16, 17, 20, 21, 22, 23, 24, 25]  Q:5 M:5 F:5
  5089. [2, 3, 5, 8, 10, 11, 12, 13, 17, 18, 20, 21, 22, 23, 24]  Q:5 M:5 F:5
  5090. [2, 3, 5, 8, 10, 11, 12, 13, 17, 18, 20, 21, 22, 23, 25]  Q:5 M:5 F:5
  5091. [2, 3, 5, 8, 10, 11, 12, 13, 17, 18, 20, 21, 23, 24, 25]  Q:5 M:5 F:5
  5092. [2, 3, 5, 8, 10, 11, 12, 13, 18, 20, 21, 22, 23, 24, 25]  Q:5 M:5 F:5
  5093. [2, 3, 5, 8, 10, 11, 13, 17, 18, 20, 21, 22, 23, 24, 25]  Q:5 M:5 F:5
  5094. [2, 3, 5, 10, 11, 12, 13, 17, 18, 20, 21, 22, 23, 24, 25]  Q:5 M:5 F:5
  5095. [2, 3, 5, 8, 10, 11, 12, 13, 17, 19, 20, 21, 22, 23, 24]  Q:5 M:5 F:5
  5096. [2, 3, 5, 8, 10, 11, 12, 13, 17, 19, 20, 21, 22, 23, 25]  Q:5 M:5 F:5
  5097. [2, 3, 5, 8, 10, 11, 12, 13, 17, 19, 20, 21, 23, 24, 25]  Q:5 M:5 F:5
  5098. [2, 3, 5, 8, 10, 11, 12, 13, 19, 20, 21, 22, 23, 24, 25]  Q:5 M:5 F:5
  5099. [2, 3, 5, 8, 10, 11, 13, 17, 19, 20, 21, 22, 23, 24, 25]  Q:5 M:5 F:5
  5100. [2, 3, 5, 10, 11, 12, 13, 17, 19, 20, 21, 22, 23, 24, 25]  Q:5 M:5 F:5
  5101. [2, 3, 5, 8, 10, 11, 12, 14, 15, 17, 20, 21, 22, 23, 24]  Q:5 M:5 F:5
  5102. [2, 3, 5, 8, 10, 11, 12, 14, 15, 17, 20, 21, 22, 23, 25]  Q:5 M:5 F:5
  5103. [2, 3, 5, 8, 10, 11, 12, 14, 15, 17, 20, 21, 23, 24, 25]  Q:5 M:5 F:5
  5104. [2, 3, 5, 8, 10, 11, 12, 14, 15, 20, 21, 22, 23, 24, 25]  Q:5 M:5 F:5
  5105. [2, 3, 5, 8, 10, 11, 14, 15, 17, 20, 21, 22, 23, 24, 25]  Q:5 M:5 F:5
  5106. [2, 3, 5, 10, 11, 12, 14, 15, 17, 20, 21, 22, 23, 24, 25]  Q:5 M:5 F:5
  5107. [2, 3, 5, 8, 10, 11, 12, 14, 16, 17, 20, 21, 22, 23, 24]  Q:5 M:5 F:5
  5108. [2, 3, 5, 8, 10, 11, 12, 14, 16, 17, 20, 21, 22, 23, 25]  Q:5 M:5 F:5
  5109. [2, 3, 5, 8, 10, 11, 12, 14, 16, 17, 20, 21, 23, 24, 25]  Q:5 M:5 F:5
  5110. [2, 3, 5, 8, 10, 11, 12, 14, 16, 20, 21, 22, 23, 24, 25]  Q:5 M:5 F:5
  5111. [2, 3, 5, 8, 10, 11, 14, 16, 17, 20, 21, 22, 23, 24, 25]  Q:5 M:5 F:5
  5112. [2, 3, 5, 10, 11, 12, 14, 16, 17, 20, 21, 22, 23, 24, 25]  Q:5 M:5 F:5
  5113. [2, 3, 5, 8, 10, 11, 12, 14, 17, 18, 20, 21, 22, 23, 24]  Q:5 M:5 F:5
  5114. [2, 3, 5, 8, 10, 11, 12, 14, 17, 18, 20, 21, 22, 23, 25]  Q:5 M:5 F:5
  5115. [2, 3, 5, 8, 10, 11, 12, 14, 17, 18, 20, 21, 23, 24, 25]  Q:5 M:5 F:5
  5116. [2, 3, 5, 8, 10, 11, 12, 14, 18, 20, 21, 22, 23, 24, 25]  Q:5 M:5 F:5
  5117. [2, 3, 5, 8, 10, 11, 14, 17, 18, 20, 21, 22, 23, 24, 25]  Q:5 M:5 F:5
  5118. [2, 3, 5, 10, 11, 12, 14, 17, 18, 20, 21, 22, 23, 24, 25]  Q:5 M:5 F:5
  5119. [2, 3, 5, 8, 10, 11, 12, 14, 17, 19, 20, 21, 22, 23, 24]  Q:5 M:5 F:5
  5120. [2, 3, 5, 8, 10, 11, 12, 14, 17, 19, 20, 21, 22, 23, 25]  Q:5 M:5 F:5
  5121. [2, 3, 5, 8, 10, 11, 12, 14, 17, 19, 20, 21, 23, 24, 25]  Q:5 M:5 F:5
  5122. [2, 3, 5, 8, 10, 11, 12, 14, 19, 20, 21, 22, 23, 24, 25]  Q:5 M:5 F:5
  5123. [2, 3, 5, 8, 10, 11, 14, 17, 19, 20, 21, 22, 23, 24, 25]  Q:5 M:5 F:5
  5124. [2, 3, 5, 10, 11, 12, 14, 17, 19, 20, 21, 22, 23, 24, 25]  Q:5 M:5 F:5
  5125. [2, 3, 5, 8, 10, 11, 12, 15, 16, 17, 20, 21, 22, 23, 24]  Q:5 M:5 F:5
  5126. [2, 3, 5, 8, 10, 11, 12, 15, 16, 17, 20, 21, 22, 23, 25]  Q:5 M:5 F:5
  5127. [2, 3, 5, 8, 10, 11, 12, 15, 16, 17, 20, 21, 23, 24, 25]  Q:5 M:5 F:5
  5128. [2, 3, 5, 8, 10, 11, 12, 15, 16, 20, 21, 22, 23, 24, 25]  Q:5 M:5 F:5
  5129. [2, 3, 5, 8, 10, 11, 15, 16, 17, 20, 21, 22, 23, 24, 25]  Q:5 M:5 F:5
  5130. [2, 3, 5, 10, 11, 12, 15, 16, 17, 20, 21, 22, 23, 24, 25]  Q:5 M:5 F:5
  5131. [2, 3, 5, 8, 10, 11, 12, 15, 17, 18, 20, 21, 22, 23, 24]  Q:5 M:5 F:5
  5132. [2, 3, 5, 8, 10, 11, 12, 15, 17, 18, 20, 21, 22, 23, 25]  Q:5 M:5 F:5
  5133. [2, 3, 5, 8, 10, 11, 12, 15, 17, 18, 20, 21, 23, 24, 25]  Q:5 M:5 F:5
  5134. [2, 3, 5, 8, 10, 11, 12, 15, 18, 20, 21, 22, 23, 24, 25]  Q:5 M:5 F:5
  5135. [2, 3, 5, 8, 10, 11, 15, 17, 18, 20, 21, 22, 23, 24, 25]  Q:5 M:5 F:5
  5136. [2, 3, 5, 10, 11, 12, 15, 17, 18, 20, 21, 22, 23, 24, 25]  Q:5 M:5 F:5
  5137. [2, 3, 5, 8, 10, 11, 12, 15, 17, 19, 20, 21, 22, 23, 24]  Q:5 M:5 F:5
  5138. [2, 3, 5, 8, 10, 11, 12, 15, 17, 19, 20, 21, 22, 23, 25]  Q:5 M:5 F:5
  5139. [2, 3, 5, 8, 10, 11, 12, 15, 17, 19, 20, 21, 23, 24, 25]  Q:5 M:5 F:5
  5140. [2, 3, 5, 8, 10, 11, 12, 15, 19, 20, 21, 22, 23, 24, 25]  Q:5 M:5 F:5
  5141. [2, 3, 5, 8, 10, 11, 15, 17, 19, 20, 21, 22, 23, 24, 25]  Q:5 M:5 F:5
  5142. [2, 3, 5, 10, 11, 12, 15, 17, 19, 20, 21, 22, 23, 24, 25]  Q:5 M:5 F:5
  5143. [2, 3, 5, 8, 10, 11, 12, 16, 17, 18, 20, 21, 22, 23, 24]  Q:5 M:5 F:5
  5144. [2, 3, 5, 8, 10, 11, 12, 16, 17, 18, 20, 21, 22, 23, 25]  Q:5 M:5 F:5
  5145. [2, 3, 5, 8, 10, 11, 12, 16, 17, 18, 20, 21, 23, 24, 25]  Q:5 M:5 F:5
  5146. [2, 3, 5, 8, 10, 11, 12, 16, 18, 20, 21, 22, 23, 24, 25]  Q:5 M:5 F:5
  5147. [2, 3, 5, 8, 10, 11, 16, 17, 18, 20, 21, 22, 23, 24, 25]  Q:5 M:5 F:5
  5148. [2, 3, 5, 10, 11, 12, 16, 17, 18, 20, 21, 22, 23, 24, 25]  Q:5 M:5 F:5
  5149. [2, 3, 5, 8, 10, 11, 12, 16, 17, 19, 20, 21, 22, 23, 24]  Q:5 M:5 F:5
  5150. [2, 3, 5, 8, 10, 11, 12, 16, 17, 19, 20, 21, 22, 23, 25]  Q:5 M:5 F:5
  5151. [2, 3, 5, 8, 10, 11, 12, 16, 17, 19, 20, 21, 23, 24, 25]  Q:5 M:5 F:5
  5152. [2, 3, 5, 8, 10, 11, 12, 16, 19, 20, 21, 22, 23, 24, 25]  Q:5 M:5 F:5
  5153. [2, 3, 5, 8, 10, 11, 16, 17, 19, 20, 21, 22, 23, 24, 25]  Q:5 M:5 F:5
  5154. [2, 3, 5, 10, 11, 12, 16, 17, 19, 20, 21, 22, 23, 24, 25]  Q:5 M:5 F:5
  5155. [2, 3, 5, 8, 10, 11, 12, 17, 18, 19, 20, 21, 22, 23, 24]  Q:5 M:5 F:5
  5156. [2, 3, 5, 8, 10, 11, 12, 17, 18, 19, 20, 21, 22, 23, 25]  Q:5 M:5 F:5
  5157. [2, 3, 5, 8, 10, 11, 12, 17, 18, 19, 20, 21, 23, 24, 25]  Q:5 M:5 F:5
  5158. [2, 3, 5, 8, 10, 11, 12, 18, 19, 20, 21, 22, 23, 24, 25]  Q:5 M:5 F:5
  5159. [2, 3, 5, 8, 10, 11, 17, 18, 19, 20, 21, 22, 23, 24, 25]  Q:5 M:5 F:5
  5160. [2, 3, 5, 10, 11, 12, 17, 18, 19, 20, 21, 22, 23, 24, 25]  Q:5 M:5 F:5
  5161. [2, 3, 5, 8, 10, 12, 13, 14, 15, 17, 20, 21, 22, 23, 24]  Q:5 M:5 F:5
  5162. [2, 3, 5, 8, 10, 12, 13, 14, 15, 17, 20, 21, 22, 23, 25]  Q:5 M:5 F:5
  5163. [2, 3, 5, 8, 10, 12, 13, 14, 15, 17, 20, 21, 23, 24, 25]  Q:5 M:5 F:5
  5164. [2, 3, 5, 8, 10, 12, 13, 14, 15, 20, 21, 22, 23, 24, 25]  Q:5 M:5 F:5
  5165. [2, 3, 5, 8, 10, 13, 14, 15, 17, 20, 21, 22, 23, 24, 25]  Q:5 M:5 F:5
  5166. [2, 3, 5, 10, 12, 13, 14, 15, 17, 20, 21, 22, 23, 24, 25]  Q:5 M:5 F:5
  5167. [2, 3, 5, 8, 10, 12, 13, 14, 16, 17, 20, 21, 22, 23, 24]  Q:5 M:5 F:5
  5168. [2, 3, 5, 8, 10, 12, 13, 14, 16, 17, 20, 21, 22, 23, 25]  Q:5 M:5 F:5
  5169. [2, 3, 5, 8, 10, 12, 13, 14, 16, 17, 20, 21, 23, 24, 25]  Q:5 M:5 F:5
  5170. [2, 3, 5, 8, 10, 12, 13, 14, 16, 20, 21, 22, 23, 24, 25]  Q:5 M:5 F:5
  5171. [2, 3, 5, 8, 10, 13, 14, 16, 17, 20, 21, 22, 23, 24, 25]  Q:5 M:5 F:5
  5172. [2, 3, 5, 10, 12, 13, 14, 16, 17, 20, 21, 22, 23, 24, 25]  Q:5 M:5 F:5
  5173. [2, 3, 5, 8, 10, 12, 13, 14, 17, 18, 20, 21, 22, 23, 24]  Q:5 M:5 F:5
  5174. [2, 3, 5, 8, 10, 12, 13, 14, 17, 18, 20, 21, 22, 23, 25]  Q:5 M:5 F:5
  5175. [2, 3, 5, 8, 10, 12, 13, 14, 17, 18, 20, 21, 23, 24, 25]  Q:5 M:5 F:5
  5176. [2, 3, 5, 8, 10, 12, 13, 14, 18, 20, 21, 22, 23, 24, 25]  Q:5 M:5 F:5
  5177. [2, 3, 5, 8, 10, 13, 14, 17, 18, 20, 21, 22, 23, 24, 25]  Q:5 M:5 F:5
  5178. [2, 3, 5, 10, 12, 13, 14, 17, 18, 20, 21, 22, 23, 24, 25]  Q:5 M:5 F:5
  5179. [2, 3, 5, 8, 10, 12, 13, 14, 17, 19, 20, 21, 22, 23, 24]  Q:5 M:5 F:5
  5180. [2, 3, 5, 8, 10, 12, 13, 14, 17, 19, 20, 21, 22, 23, 25]  Q:5 M:5 F:5
  5181. [2, 3, 5, 8, 10, 12, 13, 14, 17, 19, 20, 21, 23, 24, 25]  Q:5 M:5 F:5
  5182. [2, 3, 5, 8, 10, 12, 13, 14, 19, 20, 21, 22, 23, 24, 25]  Q:5 M:5 F:5
  5183. [2, 3, 5, 8, 10, 13, 14, 17, 19, 20, 21, 22, 23, 24, 25]  Q:5 M:5 F:5
  5184. [2, 3, 5, 10, 12, 13, 14, 17, 19, 20, 21, 22, 23, 24, 25]  Q:5 M:5 F:5
  5185. [2, 3, 5, 8, 10, 12, 13, 15, 16, 17, 20, 21, 22, 23, 24]  Q:5 M:5 F:5
  5186. [2, 3, 5, 8, 10, 12, 13, 15, 16, 17, 20, 21, 22, 23, 25]  Q:5 M:5 F:5
  5187. [2, 3, 5, 8, 10, 12, 13, 15, 16, 17, 20, 21, 23, 24, 25]  Q:5 M:5 F:5
  5188. [2, 3, 5, 8, 10, 12, 13, 15, 16, 20, 21, 22, 23, 24, 25]  Q:5 M:5 F:5
  5189. [2, 3, 5, 8, 10, 13, 15, 16, 17, 20, 21, 22, 23, 24, 25]  Q:5 M:5 F:5
  5190. [2, 3, 5, 10, 12, 13, 15, 16, 17, 20, 21, 22, 23, 24, 25]  Q:5 M:5 F:5
  5191. [2, 3, 5, 8, 10, 12, 13, 15, 17, 18, 20, 21, 22, 23, 24]  Q:5 M:5 F:5
  5192. [2, 3, 5, 8, 10, 12, 13, 15, 17, 18, 20, 21, 22, 23, 25]  Q:5 M:5 F:5
  5193. [2, 3, 5, 8, 10, 12, 13, 15, 17, 18, 20, 21, 23, 24, 25]  Q:5 M:5 F:5
  5194. [2, 3, 5, 8, 10, 12, 13, 15, 18, 20, 21, 22, 23, 24, 25]  Q:5 M:5 F:5
  5195. [2, 3, 5, 8, 10, 13, 15, 17, 18, 20, 21, 22, 23, 24, 25]  Q:5 M:5 F:5
  5196. [2, 3, 5, 10, 12, 13, 15, 17, 18, 20, 21, 22, 23, 24, 25]  Q:5 M:5 F:5
  5197. [2, 3, 5, 8, 10, 12, 13, 15, 17, 19, 20, 21, 22, 23, 24]  Q:5 M:5 F:5
  5198. [2, 3, 5, 8, 10, 12, 13, 15, 17, 19, 20, 21, 22, 23, 25]  Q:5 M:5 F:5
  5199. [2, 3, 5, 8, 10, 12, 13, 15, 17, 19, 20, 21, 23, 24, 25]  Q:5 M:5 F:5
  5200. [2, 3, 5, 8, 10, 12, 13, 15, 19, 20, 21, 22, 23, 24, 25]  Q:5 M:5 F:5
  5201. [2, 3, 5, 8, 10, 13, 15, 17, 19, 20, 21, 22, 23, 24, 25]  Q:5 M:5 F:5
  5202. [2, 3, 5, 10, 12, 13, 15, 17, 19, 20, 21, 22, 23, 24, 25]  Q:5 M:5 F:5
  5203. [2, 3, 5, 8, 10, 12, 13, 16, 17, 18, 20, 21, 22, 23, 24]  Q:5 M:5 F:5
  5204. [2, 3, 5, 8, 10, 12, 13, 16, 17, 18, 20, 21, 22, 23, 25]  Q:5 M:5 F:5
  5205. [2, 3, 5, 8, 10, 12, 13, 16, 17, 18, 20, 21, 23, 24, 25]  Q:5 M:5 F:5
  5206. [2, 3, 5, 8, 10, 12, 13, 16, 18, 20, 21, 22, 23, 24, 25]  Q:5 M:5 F:5
  5207. [2, 3, 5, 8, 10, 13, 16, 17, 18, 20, 21, 22, 23, 24, 25]  Q:5 M:5 F:5
  5208. [2, 3, 5, 10, 12, 13, 16, 17, 18, 20, 21, 22, 23, 24, 25]  Q:5 M:5 F:5
  5209. [2, 3, 5, 8, 10, 12, 13, 16, 17, 19, 20, 21, 22, 23, 24]  Q:5 M:5 F:5
  5210. [2, 3, 5, 8, 10, 12, 13, 16, 17, 19, 20, 21, 22, 23, 25]  Q:5 M:5 F:5
  5211. [2, 3, 5, 8, 10, 12, 13, 16, 17, 19, 20, 21, 23, 24, 25]  Q:5 M:5 F:5
  5212. [2, 3, 5, 8, 10, 12, 13, 16, 19, 20, 21, 22, 23, 24, 25]  Q:5 M:5 F:5
  5213. [2, 3, 5, 8, 10, 13, 16, 17, 19, 20, 21, 22, 23, 24, 25]  Q:5 M:5 F:5
  5214. [2, 3, 5, 10, 12, 13, 16, 17, 19, 20, 21, 22, 23, 24, 25]  Q:5 M:5 F:5
  5215. [2, 3, 5, 8, 10, 12, 13, 17, 18, 19, 20, 21, 22, 23, 24]  Q:5 M:5 F:5
  5216. [2, 3, 5, 8, 10, 12, 13, 17, 18, 19, 20, 21, 22, 23, 25]  Q:5 M:5 F:5
  5217. [2, 3, 5, 8, 10, 12, 13, 17, 18, 19, 20, 21, 23, 24, 25]  Q:5 M:5 F:5
  5218. [2, 3, 5, 8, 10, 12, 13, 18, 19, 20, 21, 22, 23, 24, 25]  Q:5 M:5 F:5
  5219. [2, 3, 5, 8, 10, 13, 17, 18, 19, 20, 21, 22, 23, 24, 25]  Q:5 M:5 F:5
  5220. [2, 3, 5, 10, 12, 13, 17, 18, 19, 20, 21, 22, 23, 24, 25]  Q:5 M:5 F:5
  5221. [2, 3, 5, 8, 10, 12, 14, 15, 16, 17, 20, 21, 22, 23, 24]  Q:5 M:5 F:5
  5222. [2, 3, 5, 8, 10, 12, 14, 15, 16, 17, 20, 21, 22, 23, 25]  Q:5 M:5 F:5
  5223. [2, 3, 5, 8, 10, 12, 14, 15, 16, 17, 20, 21, 23, 24, 25]  Q:5 M:5 F:5
  5224. [2, 3, 5, 8, 10, 12, 14, 15, 16, 20, 21, 22, 23, 24, 25]  Q:5 M:5 F:5
  5225. [2, 3, 5, 8, 10, 14, 15, 16, 17, 20, 21, 22, 23, 24, 25]  Q:5 M:5 F:5
  5226. [2, 3, 5, 10, 12, 14, 15, 16, 17, 20, 21, 22, 23, 24, 25]  Q:5 M:5 F:5
  5227. [2, 3, 5, 8, 10, 12, 14, 15, 17, 18, 20, 21, 22, 23, 24]  Q:5 M:5 F:5
  5228. [2, 3, 5, 8, 10, 12, 14, 15, 17, 18, 20, 21, 22, 23, 25]  Q:5 M:5 F:5
  5229. [2, 3, 5, 8, 10, 12, 14, 15, 17, 18, 20, 21, 23, 24, 25]  Q:5 M:5 F:5
  5230. [2, 3, 5, 8, 10, 12, 14, 15, 18, 20, 21, 22, 23, 24, 25]  Q:5 M:5 F:5
  5231. [2, 3, 5, 8, 10, 14, 15, 17, 18, 20, 21, 22, 23, 24, 25]  Q:5 M:5 F:5
  5232. [2, 3, 5, 10, 12, 14, 15, 17, 18, 20, 21, 22, 23, 24, 25]  Q:5 M:5 F:5
  5233. [2, 3, 5, 8, 10, 12, 14, 15, 17, 19, 20, 21, 22, 23, 24]  Q:5 M:5 F:5
  5234. [2, 3, 5, 8, 10, 12, 14, 15, 17, 19, 20, 21, 22, 23, 25]  Q:5 M:5 F:5
  5235. [2, 3, 5, 8, 10, 12, 14, 15, 17, 19, 20, 21, 23, 24, 25]  Q:5 M:5 F:5
  5236. [2, 3, 5, 8, 10, 12, 14, 15, 19, 20, 21, 22, 23, 24, 25]  Q:5 M:5 F:5
  5237. [2, 3, 5, 8, 10, 14, 15, 17, 19, 20, 21, 22, 23, 24, 25]  Q:5 M:5 F:5
  5238. [2, 3, 5, 10, 12, 14, 15, 17, 19, 20, 21, 22, 23, 24, 25]  Q:5 M:5 F:5
  5239. [2, 3, 5, 8, 10, 12, 14, 16, 17, 18, 20, 21, 22, 23, 24]  Q:5 M:5 F:5
  5240. [2, 3, 5, 8, 10, 12, 14, 16, 17, 18, 20, 21, 22, 23, 25]  Q:5 M:5 F:5
  5241. [2, 3, 5, 8, 10, 12, 14, 16, 17, 18, 20, 21, 23, 24, 25]  Q:5 M:5 F:5
  5242. [2, 3, 5, 8, 10, 12, 14, 16, 18, 20, 21, 22, 23, 24, 25]  Q:5 M:5 F:5
  5243. [2, 3, 5, 8, 10, 14, 16, 17, 18, 20, 21, 22, 23, 24, 25]  Q:5 M:5 F:5
  5244. [2, 3, 5, 10, 12, 14, 16, 17, 18, 20, 21, 22, 23, 24, 25]  Q:5 M:5 F:5
  5245. [2, 3, 5, 8, 10, 12, 14, 16, 17, 19, 20, 21, 22, 23, 24]  Q:5 M:5 F:5
  5246. [2, 3, 5, 8, 10, 12, 14, 16, 17, 19, 20, 21, 22, 23, 25]  Q:5 M:5 F:5
  5247. [2, 3, 5, 8, 10, 12, 14, 16, 17, 19, 20, 21, 23, 24, 25]  Q:5 M:5 F:5
  5248. [2, 3, 5, 8, 10, 12, 14, 16, 19, 20, 21, 22, 23, 24, 25]  Q:5 M:5 F:5
  5249. [2, 3, 5, 8, 10, 14, 16, 17, 19, 20, 21, 22, 23, 24, 25]  Q:5 M:5 F:5
  5250. [2, 3, 5, 10, 12, 14, 16, 17, 19, 20, 21, 22, 23, 24, 25]  Q:5 M:5 F:5
  5251. [2, 3, 5, 8, 10, 12, 14, 17, 18, 19, 20, 21, 22, 23, 24]  Q:5 M:5 F:5
  5252. [2, 3, 5, 8, 10, 12, 14, 17, 18, 19, 20, 21, 22, 23, 25]  Q:5 M:5 F:5
  5253. [2, 3, 5, 8, 10, 12, 14, 17, 18, 19, 20, 21, 23, 24, 25]  Q:5 M:5 F:5
  5254. [2, 3, 5, 8, 10, 12, 14, 18, 19, 20, 21, 22, 23, 24, 25]  Q:5 M:5 F:5
  5255. [2, 3, 5, 8, 10, 14, 17, 18, 19, 20, 21, 22, 23, 24, 25]  Q:5 M:5 F:5
  5256. [2, 3, 5, 10, 12, 14, 17, 18, 19, 20, 21, 22, 23, 24, 25]  Q:5 M:5 F:5
  5257. [2, 3, 5, 8, 10, 12, 15, 16, 17, 18, 20, 21, 22, 23, 24]  Q:5 M:5 F:5
  5258. [2, 3, 5, 8, 10, 12, 15, 16, 17, 18, 20, 21, 22, 23, 25]  Q:5 M:5 F:5
  5259. [2, 3, 5, 8, 10, 12, 15, 16, 17, 18, 20, 21, 23, 24, 25]  Q:5 M:5 F:5
  5260. [2, 3, 5, 8, 10, 12, 15, 16, 18, 20, 21, 22, 23, 24, 25]  Q:5 M:5 F:5
  5261. [2, 3, 5, 8, 10, 15, 16, 17, 18, 20, 21, 22, 23, 24, 25]  Q:5 M:5 F:5
  5262. [2, 3, 5, 10, 12, 15, 16, 17, 18, 20, 21, 22, 23, 24, 25]  Q:5 M:5 F:5
  5263. [2, 3, 5, 8, 10, 12, 15, 16, 17, 19, 20, 21, 22, 23, 24]  Q:5 M:5 F:5
  5264. [2, 3, 5, 8, 10, 12, 15, 16, 17, 19, 20, 21, 22, 23, 25]  Q:5 M:5 F:5
  5265. [2, 3, 5, 8, 10, 12, 15, 16, 17, 19, 20, 21, 23, 24, 25]  Q:5 M:5 F:5
  5266. [2, 3, 5, 8, 10, 12, 15, 16, 19, 20, 21, 22, 23, 24, 25]  Q:5 M:5 F:5
  5267. [2, 3, 5, 8, 10, 15, 16, 17, 19, 20, 21, 22, 23, 24, 25]  Q:5 M:5 F:5
  5268. [2, 3, 5, 10, 12, 15, 16, 17, 19, 20, 21, 22, 23, 24, 25]  Q:5 M:5 F:5
  5269. [2, 3, 5, 8, 10, 12, 15, 17, 18, 19, 20, 21, 22, 23, 24]  Q:5 M:5 F:5
  5270. [2, 3, 5, 8, 10, 12, 15, 17, 18, 19, 20, 21, 22, 23, 25]  Q:5 M:5 F:5
  5271. [2, 3, 5, 8, 10, 12, 15, 17, 18, 19, 20, 21, 23, 24, 25]  Q:5 M:5 F:5
  5272. [2, 3, 5, 8, 10, 12, 15, 18, 19, 20, 21, 22, 23, 24, 25]  Q:5 M:5 F:5
  5273. [2, 3, 5, 8, 10, 15, 17, 18, 19, 20, 21, 22, 23, 24, 25]  Q:5 M:5 F:5
  5274. [2, 3, 5, 10, 12, 15, 17, 18, 19, 20, 21, 22, 23, 24, 25]  Q:5 M:5 F:5
  5275. [2, 3, 5, 8, 10, 12, 16, 17, 18, 19, 20, 21, 22, 23, 24]  Q:5 M:5 F:5
  5276. [2, 3, 5, 8, 10, 12, 16, 17, 18, 19, 20, 21, 22, 23, 25]  Q:5 M:5 F:5
  5277. [2, 3, 5, 8, 10, 12, 16, 17, 18, 19, 20, 21, 23, 24, 25]  Q:5 M:5 F:5
  5278. [2, 3, 5, 8, 10, 12, 16, 18, 19, 20, 21, 22, 23, 24, 25]  Q:5 M:5 F:5
  5279. [2, 3, 5, 8, 10, 16, 17, 18, 19, 20, 21, 22, 23, 24, 25]  Q:5 M:5 F:5
  5280. [2, 3, 5, 10, 12, 16, 17, 18, 19, 20, 21, 22, 23, 24, 25]  Q:5 M:5 F:5
  5281. [2, 4, 5, 6, 7, 8, 9, 10, 12, 17, 20, 21, 22, 23, 24]    Q:5 M:5 F:5
  5282. [2, 4, 5, 6, 7, 8, 9, 10, 12, 17, 20, 21, 22, 23, 25]    Q:5 M:5 F:5
  5283. [2, 4, 5, 6, 7, 8, 9, 10, 12, 17, 20, 21, 23, 24, 25]    Q:5 M:5 F:5
  5284. [2, 4, 5, 6, 7, 8, 9, 10, 12, 20, 21, 22, 23, 24, 25]    Q:5 M:5 F:5
  5285. [2, 4, 5, 6, 7, 8, 9, 10, 17, 20, 21, 22, 23, 24, 25]    Q:5 M:5 F:5
  5286. [2, 4, 5, 6, 7, 9, 10, 12, 17, 20, 21, 22, 23, 24, 25]   Q:5 M:5 F:5
  5287. [2, 4, 5, 6, 7, 8, 10, 11, 12, 17, 20, 21, 22, 23, 24]   Q:5 M:5 F:5
  5288. [2, 4, 5, 6, 7, 8, 10, 11, 12, 17, 20, 21, 22, 23, 25]   Q:5 M:5 F:5
  5289. [2, 4, 5, 6, 7, 8, 10, 11, 12, 17, 20, 21, 23, 24, 25]   Q:5 M:5 F:5
  5290. [2, 4, 5, 6, 7, 8, 10, 11, 12, 20, 21, 22, 23, 24, 25]   Q:5 M:5 F:5
  5291. [2, 4, 5, 6, 7, 8, 10, 11, 17, 20, 21, 22, 23, 24, 25]   Q:5 M:5 F:5
  5292. [2, 4, 5, 6, 7, 10, 11, 12, 17, 20, 21, 22, 23, 24, 25]  Q:5 M:5 F:5
  5293. [2, 4, 5, 6, 7, 8, 10, 12, 13, 17, 20, 21, 22, 23, 24]   Q:5 M:5 F:5
  5294. [2, 4, 5, 6, 7, 8, 10, 12, 13, 17, 20, 21, 22, 23, 25]   Q:5 M:5 F:5
  5295. [2, 4, 5, 6, 7, 8, 10, 12, 13, 17, 20, 21, 23, 24, 25]   Q:5 M:5 F:5
  5296. [2, 4, 5, 6, 7, 8, 10, 12, 13, 20, 21, 22, 23, 24, 25]   Q:5 M:5 F:5
  5297. [2, 4, 5, 6, 7, 8, 10, 13, 17, 20, 21, 22, 23, 24, 25]   Q:5 M:5 F:5
  5298. [2, 4, 5, 6, 7, 10, 12, 13, 17, 20, 21, 22, 23, 24, 25]  Q:5 M:5 F:5
  5299. [2, 4, 5, 6, 7, 8, 10, 12, 14, 17, 20, 21, 22, 23, 24]   Q:5 M:5 F:5
  5300. [2, 4, 5, 6, 7, 8, 10, 12, 14, 17, 20, 21, 22, 23, 25]   Q:5 M:5 F:5
  5301. [2, 4, 5, 6, 7, 8, 10, 12, 14, 17, 20, 21, 23, 24, 25]   Q:5 M:5 F:5
  5302. [2, 4, 5, 6, 7, 8, 10, 12, 14, 20, 21, 22, 23, 24, 25]   Q:5 M:5 F:5
  5303. [2, 4, 5, 6, 7, 8, 10, 14, 17, 20, 21, 22, 23, 24, 25]   Q:5 M:5 F:5
  5304. [2, 4, 5, 6, 7, 10, 12, 14, 17, 20, 21, 22, 23, 24, 25]  Q:5 M:5 F:5
  5305. [2, 4, 5, 6, 7, 8, 10, 12, 15, 17, 20, 21, 22, 23, 24]   Q:5 M:5 F:5
  5306. [2, 4, 5, 6, 7, 8, 10, 12, 15, 17, 20, 21, 22, 23, 25]   Q:5 M:5 F:5
  5307. [2, 4, 5, 6, 7, 8, 10, 12, 15, 17, 20, 21, 23, 24, 25]   Q:5 M:5 F:5
  5308. [2, 4, 5, 6, 7, 8, 10, 12, 15, 20, 21, 22, 23, 24, 25]   Q:5 M:5 F:5
  5309. [2, 4, 5, 6, 7, 8, 10, 15, 17, 20, 21, 22, 23, 24, 25]   Q:5 M:5 F:5
  5310. [2, 4, 5, 6, 7, 10, 12, 15, 17, 20, 21, 22, 23, 24, 25]  Q:5 M:5 F:5
  5311. [2, 4, 5, 6, 7, 8, 10, 12, 16, 17, 20, 21, 22, 23, 24]   Q:5 M:5 F:5
  5312. [2, 4, 5, 6, 7, 8, 10, 12, 16, 17, 20, 21, 22, 23, 25]   Q:5 M:5 F:5
  5313. [2, 4, 5, 6, 7, 8, 10, 12, 16, 17, 20, 21, 23, 24, 25]   Q:5 M:5 F:5
  5314. [2, 4, 5, 6, 7, 8, 10, 12, 16, 20, 21, 22, 23, 24, 25]   Q:5 M:5 F:5
  5315. [2, 4, 5, 6, 7, 8, 10, 16, 17, 20, 21, 22, 23, 24, 25]   Q:5 M:5 F:5
  5316. [2, 4, 5, 6, 7, 10, 12, 16, 17, 20, 21, 22, 23, 24, 25]  Q:5 M:5 F:5
  5317. [2, 4, 5, 6, 7, 8, 10, 12, 17, 18, 20, 21, 22, 23, 24]   Q:5 M:5 F:5
  5318. [2, 4, 5, 6, 7, 8, 10, 12, 17, 18, 20, 21, 22, 23, 25]   Q:5 M:5 F:5
  5319. [2, 4, 5, 6, 7, 8, 10, 12, 17, 18, 20, 21, 23, 24, 25]   Q:5 M:5 F:5
  5320. [2, 4, 5, 6, 7, 8, 10, 12, 18, 20, 21, 22, 23, 24, 25]   Q:5 M:5 F:5
  5321. [2, 4, 5, 6, 7, 8, 10, 17, 18, 20, 21, 22, 23, 24, 25]   Q:5 M:5 F:5
  5322. [2, 4, 5, 6, 7, 10, 12, 17, 18, 20, 21, 22, 23, 24, 25]  Q:5 M:5 F:5
  5323. [2, 4, 5, 6, 7, 8, 10, 12, 17, 19, 20, 21, 22, 23, 24]   Q:5 M:5 F:5
  5324. [2, 4, 5, 6, 7, 8, 10, 12, 17, 19, 20, 21, 22, 23, 25]   Q:5 M:5 F:5
  5325. [2, 4, 5, 6, 7, 8, 10, 12, 17, 19, 20, 21, 23, 24, 25]   Q:5 M:5 F:5
  5326. [2, 4, 5, 6, 7, 8, 10, 12, 19, 20, 21, 22, 23, 24, 25]   Q:5 M:5 F:5
  5327. [2, 4, 5, 6, 7, 8, 10, 17, 19, 20, 21, 22, 23, 24, 25]   Q:5 M:5 F:5
  5328. [2, 4, 5, 6, 7, 10, 12, 17, 19, 20, 21, 22, 23, 24, 25]  Q:5 M:5 F:5
  5329. [2, 4, 5, 6, 8, 9, 10, 11, 12, 17, 20, 21, 22, 23, 24]   Q:5 M:5 F:5
  5330. [2, 4, 5, 6, 8, 9, 10, 11, 12, 17, 20, 21, 22, 23, 25]   Q:5 M:5 F:5
  5331. [2, 4, 5, 6, 8, 9, 10, 11, 12, 17, 20, 21, 23, 24, 25]   Q:5 M:5 F:5
  5332. [2, 4, 5, 6, 8, 9, 10, 11, 12, 20, 21, 22, 23, 24, 25]   Q:5 M:5 F:5
  5333. [2, 4, 5, 6, 8, 9, 10, 11, 17, 20, 21, 22, 23, 24, 25]   Q:5 M:5 F:5
  5334. [2, 4, 5, 6, 9, 10, 11, 12, 17, 20, 21, 22, 23, 24, 25]  Q:5 M:5 F:5
  5335. [2, 4, 5, 6, 8, 9, 10, 12, 13, 17, 20, 21, 22, 23, 24]   Q:5 M:5 F:5
  5336. [2, 4, 5, 6, 8, 9, 10, 12, 13, 17, 20, 21, 22, 23, 25]   Q:5 M:5 F:5
  5337. [2, 4, 5, 6, 8, 9, 10, 12, 13, 17, 20, 21, 23, 24, 25]   Q:5 M:5 F:5
  5338. [2, 4, 5, 6, 8, 9, 10, 12, 13, 20, 21, 22, 23, 24, 25]   Q:5 M:5 F:5
  5339. [2, 4, 5, 6, 8, 9, 10, 13, 17, 20, 21, 22, 23, 24, 25]   Q:5 M:5 F:5
  5340. [2, 4, 5, 6, 9, 10, 12, 13, 17, 20, 21, 22, 23, 24, 25]  Q:5 M:5 F:5
  5341. [2, 4, 5, 6, 8, 9, 10, 12, 14, 17, 20, 21, 22, 23, 24]   Q:5 M:5 F:5
  5342. [2, 4, 5, 6, 8, 9, 10, 12, 14, 17, 20, 21, 22, 23, 25]   Q:5 M:5 F:5
  5343. [2, 4, 5, 6, 8, 9, 10, 12, 14, 17, 20, 21, 23, 24, 25]   Q:5 M:5 F:5
  5344. [2, 4, 5, 6, 8, 9, 10, 12, 14, 20, 21, 22, 23, 24, 25]   Q:5 M:5 F:5
  5345. [2, 4, 5, 6, 8, 9, 10, 14, 17, 20, 21, 22, 23, 24, 25]   Q:5 M:5 F:5
  5346. [2, 4, 5, 6, 9, 10, 12, 14, 17, 20, 21, 22, 23, 24, 25]  Q:5 M:5 F:5
  5347. [2, 4, 5, 6, 8, 9, 10, 12, 15, 17, 20, 21, 22, 23, 24]   Q:5 M:5 F:5
  5348. [2, 4, 5, 6, 8, 9, 10, 12, 15, 17, 20, 21, 22, 23, 25]   Q:5 M:5 F:5
  5349. [2, 4, 5, 6, 8, 9, 10, 12, 15, 17, 20, 21, 23, 24, 25]   Q:5 M:5 F:5
  5350. [2, 4, 5, 6, 8, 9, 10, 12, 15, 20, 21, 22, 23, 24, 25]   Q:5 M:5 F:5
  5351. [2, 4, 5, 6, 8, 9, 10, 15, 17, 20, 21, 22, 23, 24, 25]   Q:5 M:5 F:5
  5352. [2, 4, 5, 6, 9, 10, 12, 15, 17, 20, 21, 22, 23, 24, 25]  Q:5 M:5 F:5
  5353. [2, 4, 5, 6, 8, 9, 10, 12, 16, 17, 20, 21, 22, 23, 24]   Q:5 M:5 F:5
  5354. [2, 4, 5, 6, 8, 9, 10, 12, 16, 17, 20, 21, 22, 23, 25]   Q:5 M:5 F:5
  5355. [2, 4, 5, 6, 8, 9, 10, 12, 16, 17, 20, 21, 23, 24, 25]   Q:5 M:5 F:5
  5356. [2, 4, 5, 6, 8, 9, 10, 12, 16, 20, 21, 22, 23, 24, 25]   Q:5 M:5 F:5
  5357. [2, 4, 5, 6, 8, 9, 10, 16, 17, 20, 21, 22, 23, 24, 25]   Q:5 M:5 F:5
  5358. [2, 4, 5, 6, 9, 10, 12, 16, 17, 20, 21, 22, 23, 24, 25]  Q:5 M:5 F:5
  5359. [2, 4, 5, 6, 8, 9, 10, 12, 17, 18, 20, 21, 22, 23, 24]   Q:5 M:5 F:5
  5360. [2, 4, 5, 6, 8, 9, 10, 12, 17, 18, 20, 21, 22, 23, 25]   Q:5 M:5 F:5
  5361. [2, 4, 5, 6, 8, 9, 10, 12, 17, 18, 20, 21, 23, 24, 25]   Q:5 M:5 F:5
  5362. [2, 4, 5, 6, 8, 9, 10, 12, 18, 20, 21, 22, 23, 24, 25]   Q:5 M:5 F:5
  5363. [2, 4, 5, 6, 8, 9, 10, 17, 18, 20, 21, 22, 23, 24, 25]   Q:5 M:5 F:5
  5364. [2, 4, 5, 6, 9, 10, 12, 17, 18, 20, 21, 22, 23, 24, 25]  Q:5 M:5 F:5
  5365. [2, 4, 5, 6, 8, 9, 10, 12, 17, 19, 20, 21, 22, 23, 24]   Q:5 M:5 F:5
  5366. [2, 4, 5, 6, 8, 9, 10, 12, 17, 19, 20, 21, 22, 23, 25]   Q:5 M:5 F:5
  5367. [2, 4, 5, 6, 8, 9, 10, 12, 17, 19, 20, 21, 23, 24, 25]   Q:5 M:5 F:5
  5368. [2, 4, 5, 6, 8, 9, 10, 12, 19, 20, 21, 22, 23, 24, 25]   Q:5 M:5 F:5
  5369. [2, 4, 5, 6, 8, 9, 10, 17, 19, 20, 21, 22, 23, 24, 25]   Q:5 M:5 F:5
  5370. [2, 4, 5, 6, 9, 10, 12, 17, 19, 20, 21, 22, 23, 24, 25]  Q:5 M:5 F:5
  5371. [2, 4, 5, 6, 8, 10, 11, 12, 13, 17, 20, 21, 22, 23, 24]  Q:5 M:5 F:5
  5372. [2, 4, 5, 6, 8, 10, 11, 12, 13, 17, 20, 21, 22, 23, 25]  Q:5 M:5 F:5
  5373. [2, 4, 5, 6, 8, 10, 11, 12, 13, 17, 20, 21, 23, 24, 25]  Q:5 M:5 F:5
  5374. [2, 4, 5, 6, 8, 10, 11, 12, 13, 20, 21, 22, 23, 24, 25]  Q:5 M:5 F:5
  5375. [2, 4, 5, 6, 8, 10, 11, 13, 17, 20, 21, 22, 23, 24, 25]  Q:5 M:5 F:5
  5376. [2, 4, 5, 6, 10, 11, 12, 13, 17, 20, 21, 22, 23, 24, 25]  Q:5 M:5 F:5
  5377. [2, 4, 5, 6, 8, 10, 11, 12, 14, 17, 20, 21, 22, 23, 24]  Q:5 M:5 F:5
  5378. [2, 4, 5, 6, 8, 10, 11, 12, 14, 17, 20, 21, 22, 23, 25]  Q:5 M:5 F:5
  5379. [2, 4, 5, 6, 8, 10, 11, 12, 14, 17, 20, 21, 23, 24, 25]  Q:5 M:5 F:5
  5380. [2, 4, 5, 6, 8, 10, 11, 12, 14, 20, 21, 22, 23, 24, 25]  Q:5 M:5 F:5
  5381. [2, 4, 5, 6, 8, 10, 11, 14, 17, 20, 21, 22, 23, 24, 25]  Q:5 M:5 F:5
  5382. [2, 4, 5, 6, 10, 11, 12, 14, 17, 20, 21, 22, 23, 24, 25]  Q:5 M:5 F:5
  5383. [2, 4, 5, 6, 8, 10, 11, 12, 15, 17, 20, 21, 22, 23, 24]  Q:5 M:5 F:5
  5384. [2, 4, 5, 6, 8, 10, 11, 12, 15, 17, 20, 21, 22, 23, 25]  Q:5 M:5 F:5
  5385. [2, 4, 5, 6, 8, 10, 11, 12, 15, 17, 20, 21, 23, 24, 25]  Q:5 M:5 F:5
  5386. [2, 4, 5, 6, 8, 10, 11, 12, 15, 20, 21, 22, 23, 24, 25]  Q:5 M:5 F:5
  5387. [2, 4, 5, 6, 8, 10, 11, 15, 17, 20, 21, 22, 23, 24, 25]  Q:5 M:5 F:5
  5388. [2, 4, 5, 6, 10, 11, 12, 15, 17, 20, 21, 22, 23, 24, 25]  Q:5 M:5 F:5
  5389. [2, 4, 5, 6, 8, 10, 11, 12, 16, 17, 20, 21, 22, 23, 24]  Q:5 M:5 F:5
  5390. [2, 4, 5, 6, 8, 10, 11, 12, 16, 17, 20, 21, 22, 23, 25]  Q:5 M:5 F:5
  5391. [2, 4, 5, 6, 8, 10, 11, 12, 16, 17, 20, 21, 23, 24, 25]  Q:5 M:5 F:5
  5392. [2, 4, 5, 6, 8, 10, 11, 12, 16, 20, 21, 22, 23, 24, 25]  Q:5 M:5 F:5
  5393. [2, 4, 5, 6, 8, 10, 11, 16, 17, 20, 21, 22, 23, 24, 25]  Q:5 M:5 F:5
  5394. [2, 4, 5, 6, 10, 11, 12, 16, 17, 20, 21, 22, 23, 24, 25]  Q:5 M:5 F:5
  5395. [2, 4, 5, 6, 8, 10, 11, 12, 17, 18, 20, 21, 22, 23, 24]  Q:5 M:5 F:5
  5396. [2, 4, 5, 6, 8, 10, 11, 12, 17, 18, 20, 21, 22, 23, 25]  Q:5 M:5 F:5
  5397. [2, 4, 5, 6, 8, 10, 11, 12, 17, 18, 20, 21, 23, 24, 25]  Q:5 M:5 F:5
  5398. [2, 4, 5, 6, 8, 10, 11, 12, 18, 20, 21, 22, 23, 24, 25]  Q:5 M:5 F:5
  5399. [2, 4, 5, 6, 8, 10, 11, 17, 18, 20, 21, 22, 23, 24, 25]  Q:5 M:5 F:5
  5400. [2, 4, 5, 6, 10, 11, 12, 17, 18, 20, 21, 22, 23, 24, 25]  Q:5 M:5 F:5
  5401. [2, 4, 5, 6, 8, 10, 11, 12, 17, 19, 20, 21, 22, 23, 24]  Q:5 M:5 F:5
  5402. [2, 4, 5, 6, 8, 10, 11, 12, 17, 19, 20, 21, 22, 23, 25]  Q:5 M:5 F:5
  5403. [2, 4, 5, 6, 8, 10, 11, 12, 17, 19, 20, 21, 23, 24, 25]  Q:5 M:5 F:5
  5404. [2, 4, 5, 6, 8, 10, 11, 12, 19, 20, 21, 22, 23, 24, 25]  Q:5 M:5 F:5
  5405. [2, 4, 5, 6, 8, 10, 11, 17, 19, 20, 21, 22, 23, 24, 25]  Q:5 M:5 F:5
  5406. [2, 4, 5, 6, 10, 11, 12, 17, 19, 20, 21, 22, 23, 24, 25]  Q:5 M:5 F:5
  5407. [2, 4, 5, 6, 8, 10, 12, 13, 14, 17, 20, 21, 22, 23, 24]  Q:5 M:5 F:5
  5408. [2, 4, 5, 6, 8, 10, 12, 13, 14, 17, 20, 21, 22, 23, 25]  Q:5 M:5 F:5
  5409. [2, 4, 5, 6, 8, 10, 12, 13, 14, 17, 20, 21, 23, 24, 25]  Q:5 M:5 F:5
  5410. [2, 4, 5, 6, 8, 10, 12, 13, 14, 20, 21, 22, 23, 24, 25]  Q:5 M:5 F:5
  5411. [2, 4, 5, 6, 8, 10, 13, 14, 17, 20, 21, 22, 23, 24, 25]  Q:5 M:5 F:5
  5412. [2, 4, 5, 6, 10, 12, 13, 14, 17, 20, 21, 22, 23, 24, 25]  Q:5 M:5 F:5
  5413. [2, 4, 5, 6, 8, 10, 12, 13, 15, 17, 20, 21, 22, 23, 24]  Q:5 M:5 F:5
  5414. [2, 4, 5, 6, 8, 10, 12, 13, 15, 17, 20, 21, 22, 23, 25]  Q:5 M:5 F:5
  5415. [2, 4, 5, 6, 8, 10, 12, 13, 15, 17, 20, 21, 23, 24, 25]  Q:5 M:5 F:5
  5416. [2, 4, 5, 6, 8, 10, 12, 13, 15, 20, 21, 22, 23, 24, 25]  Q:5 M:5 F:5
  5417. [2, 4, 5, 6, 8, 10, 13, 15, 17, 20, 21, 22, 23, 24, 25]  Q:5 M:5 F:5
  5418. [2, 4, 5, 6, 10, 12, 13, 15, 17, 20, 21, 22, 23, 24, 25]  Q:5 M:5 F:5
  5419. [2, 4, 5, 6, 8, 10, 12, 13, 16, 17, 20, 21, 22, 23, 24]  Q:5 M:5 F:5
  5420. [2, 4, 5, 6, 8, 10, 12, 13, 16, 17, 20, 21, 22, 23, 25]  Q:5 M:5 F:5
  5421. [2, 4, 5, 6, 8, 10, 12, 13, 16, 17, 20, 21, 23, 24, 25]  Q:5 M:5 F:5
  5422. [2, 4, 5, 6, 8, 10, 12, 13, 16, 20, 21, 22, 23, 24, 25]  Q:5 M:5 F:5
  5423. [2, 4, 5, 6, 8, 10, 13, 16, 17, 20, 21, 22, 23, 24, 25]  Q:5 M:5 F:5
  5424. [2, 4, 5, 6, 10, 12, 13, 16, 17, 20, 21, 22, 23, 24, 25]  Q:5 M:5 F:5
  5425. [2, 4, 5, 6, 8, 10, 12, 13, 17, 18, 20, 21, 22, 23, 24]  Q:5 M:5 F:5
  5426. [2, 4, 5, 6, 8, 10, 12, 13, 17, 18, 20, 21, 22, 23, 25]  Q:5 M:5 F:5
  5427. [2, 4, 5, 6, 8, 10, 12, 13, 17, 18, 20, 21, 23, 24, 25]  Q:5 M:5 F:5
  5428. [2, 4, 5, 6, 8, 10, 12, 13, 18, 20, 21, 22, 23, 24, 25]  Q:5 M:5 F:5
  5429. [2, 4, 5, 6, 8, 10, 13, 17, 18, 20, 21, 22, 23, 24, 25]  Q:5 M:5 F:5
  5430. [2, 4, 5, 6, 10, 12, 13, 17, 18, 20, 21, 22, 23, 24, 25]  Q:5 M:5 F:5
  5431. [2, 4, 5, 6, 8, 10, 12, 13, 17, 19, 20, 21, 22, 23, 24]  Q:5 M:5 F:5
  5432. [2, 4, 5, 6, 8, 10, 12, 13, 17, 19, 20, 21, 22, 23, 25]  Q:5 M:5 F:5
  5433. [2, 4, 5, 6, 8, 10, 12, 13, 17, 19, 20, 21, 23, 24, 25]  Q:5 M:5 F:5
  5434. [2, 4, 5, 6, 8, 10, 12, 13, 19, 20, 21, 22, 23, 24, 25]  Q:5 M:5 F:5
  5435. [2, 4, 5, 6, 8, 10, 13, 17, 19, 20, 21, 22, 23, 24, 25]  Q:5 M:5 F:5
  5436. [2, 4, 5, 6, 10, 12, 13, 17, 19, 20, 21, 22, 23, 24, 25]  Q:5 M:5 F:5
  5437. [2, 4, 5, 6, 8, 10, 12, 14, 15, 17, 20, 21, 22, 23, 24]  Q:5 M:5 F:5
  5438. [2, 4, 5, 6, 8, 10, 12, 14, 15, 17, 20, 21, 22, 23, 25]  Q:5 M:5 F:5
  5439. [2, 4, 5, 6, 8, 10, 12, 14, 15, 17, 20, 21, 23, 24, 25]  Q:5 M:5 F:5
  5440. [2, 4, 5, 6, 8, 10, 12, 14, 15, 20, 21, 22, 23, 24, 25]  Q:5 M:5 F:5
  5441. [2, 4, 5, 6, 8, 10, 14, 15, 17, 20, 21, 22, 23, 24, 25]  Q:5 M:5 F:5
  5442. [2, 4, 5, 6, 10, 12, 14, 15, 17, 20, 21, 22, 23, 24, 25]  Q:5 M:5 F:5
  5443. [2, 4, 5, 6, 8, 10, 12, 14, 16, 17, 20, 21, 22, 23, 24]  Q:5 M:5 F:5
  5444. [2, 4, 5, 6, 8, 10, 12, 14, 16, 17, 20, 21, 22, 23, 25]  Q:5 M:5 F:5
  5445. [2, 4, 5, 6, 8, 10, 12, 14, 16, 17, 20, 21, 23, 24, 25]  Q:5 M:5 F:5
  5446. [2, 4, 5, 6, 8, 10, 12, 14, 16, 20, 21, 22, 23, 24, 25]  Q:5 M:5 F:5
  5447. [2, 4, 5, 6, 8, 10, 14, 16, 17, 20, 21, 22, 23, 24, 25]  Q:5 M:5 F:5
  5448. [2, 4, 5, 6, 10, 12, 14, 16, 17, 20, 21, 22, 23, 24, 25]  Q:5 M:5 F:5
  5449. [2, 4, 5, 6, 8, 10, 12, 14, 17, 18, 20, 21, 22, 23, 24]  Q:5 M:5 F:5
  5450. [2, 4, 5, 6, 8, 10, 12, 14, 17, 18, 20, 21, 22, 23, 25]  Q:5 M:5 F:5
  5451. [2, 4, 5, 6, 8, 10, 12, 14, 17, 18, 20, 21, 23, 24, 25]  Q:5 M:5 F:5
  5452. [2, 4, 5, 6, 8, 10, 12, 14, 18, 20, 21, 22, 23, 24, 25]  Q:5 M:5 F:5
  5453. [2, 4, 5, 6, 8, 10, 14, 17, 18, 20, 21, 22, 23, 24, 25]  Q:5 M:5 F:5
  5454. [2, 4, 5, 6, 10, 12, 14, 17, 18, 20, 21, 22, 23, 24, 25]  Q:5 M:5 F:5
  5455. [2, 4, 5, 6, 8, 10, 12, 14, 17, 19, 20, 21, 22, 23, 24]  Q:5 M:5 F:5
  5456. [2, 4, 5, 6, 8, 10, 12, 14, 17, 19, 20, 21, 22, 23, 25]  Q:5 M:5 F:5
  5457. [2, 4, 5, 6, 8, 10, 12, 14, 17, 19, 20, 21, 23, 24, 25]  Q:5 M:5 F:5
  5458. [2, 4, 5, 6, 8, 10, 12, 14, 19, 20, 21, 22, 23, 24, 25]  Q:5 M:5 F:5
  5459. [2, 4, 5, 6, 8, 10, 14, 17, 19, 20, 21, 22, 23, 24, 25]  Q:5 M:5 F:5
  5460. [2, 4, 5, 6, 10, 12, 14, 17, 19, 20, 21, 22, 23, 24, 25]  Q:5 M:5 F:5
  5461. [2, 4, 5, 6, 8, 10, 12, 15, 16, 17, 20, 21, 22, 23, 24]  Q:5 M:5 F:5
  5462. [2, 4, 5, 6, 8, 10, 12, 15, 16, 17, 20, 21, 22, 23, 25]  Q:5 M:5 F:5
  5463. [2, 4, 5, 6, 8, 10, 12, 15, 16, 17, 20, 21, 23, 24, 25]  Q:5 M:5 F:5
  5464. [2, 4, 5, 6, 8, 10, 12, 15, 16, 20, 21, 22, 23, 24, 25]  Q:5 M:5 F:5
  5465. [2, 4, 5, 6, 8, 10, 15, 16, 17, 20, 21, 22, 23, 24, 25]  Q:5 M:5 F:5
  5466. [2, 4, 5, 6, 10, 12, 15, 16, 17, 20, 21, 22, 23, 24, 25]  Q:5 M:5 F:5
  5467. [2, 4, 5, 6, 8, 10, 12, 15, 17, 18, 20, 21, 22, 23, 24]  Q:5 M:5 F:5
  5468. [2, 4, 5, 6, 8, 10, 12, 15, 17, 18, 20, 21, 22, 23, 25]  Q:5 M:5 F:5
  5469. [2, 4, 5, 6, 8, 10, 12, 15, 17, 18, 20, 21, 23, 24, 25]  Q:5 M:5 F:5
  5470. [2, 4, 5, 6, 8, 10, 12, 15, 18, 20, 21, 22, 23, 24, 25]  Q:5 M:5 F:5
  5471. [2, 4, 5, 6, 8, 10, 15, 17, 18, 20, 21, 22, 23, 24, 25]  Q:5 M:5 F:5
  5472. [2, 4, 5, 6, 10, 12, 15, 17, 18, 20, 21, 22, 23, 24, 25]  Q:5 M:5 F:5
  5473. [2, 4, 5, 6, 8, 10, 12, 15, 17, 19, 20, 21, 22, 23, 24]  Q:5 M:5 F:5
  5474. [2, 4, 5, 6, 8, 10, 12, 15, 17, 19, 20, 21, 22, 23, 25]  Q:5 M:5 F:5
  5475. [2, 4, 5, 6, 8, 10, 12, 15, 17, 19, 20, 21, 23, 24, 25]  Q:5 M:5 F:5
  5476. [2, 4, 5, 6, 8, 10, 12, 15, 19, 20, 21, 22, 23, 24, 25]  Q:5 M:5 F:5
  5477. [2, 4, 5, 6, 8, 10, 15, 17, 19, 20, 21, 22, 23, 24, 25]  Q:5 M:5 F:5
  5478. [2, 4, 5, 6, 10, 12, 15, 17, 19, 20, 21, 22, 23, 24, 25]  Q:5 M:5 F:5
  5479. [2, 4, 5, 6, 8, 10, 12, 16, 17, 18, 20, 21, 22, 23, 24]  Q:5 M:5 F:5
  5480. [2, 4, 5, 6, 8, 10, 12, 16, 17, 18, 20, 21, 22, 23, 25]  Q:5 M:5 F:5
  5481. [2, 4, 5, 6, 8, 10, 12, 16, 17, 18, 20, 21, 23, 24, 25]  Q:5 M:5 F:5
  5482. [2, 4, 5, 6, 8, 10, 12, 16, 18, 20, 21, 22, 23, 24, 25]  Q:5 M:5 F:5
  5483. [2, 4, 5, 6, 8, 10, 16, 17, 18, 20, 21, 22, 23, 24, 25]  Q:5 M:5 F:5
  5484. [2, 4, 5, 6, 10, 12, 16, 17, 18, 20, 21, 22, 23, 24, 25]  Q:5 M:5 F:5
  5485. [2, 4, 5, 6, 8, 10, 12, 16, 17, 19, 20, 21, 22, 23, 24]  Q:5 M:5 F:5
  5486. [2, 4, 5, 6, 8, 10, 12, 16, 17, 19, 20, 21, 22, 23, 25]  Q:5 M:5 F:5
  5487. [2, 4, 5, 6, 8, 10, 12, 16, 17, 19, 20, 21, 23, 24, 25]  Q:5 M:5 F:5
  5488. [2, 4, 5, 6, 8, 10, 12, 16, 19, 20, 21, 22, 23, 24, 25]  Q:5 M:5 F:5
  5489. [2, 4, 5, 6, 8, 10, 16, 17, 19, 20, 21, 22, 23, 24, 25]  Q:5 M:5 F:5
  5490. [2, 4, 5, 6, 10, 12, 16, 17, 19, 20, 21, 22, 23, 24, 25]  Q:5 M:5 F:5
  5491. [2, 4, 5, 6, 8, 10, 12, 17, 18, 19, 20, 21, 22, 23, 24]  Q:5 M:5 F:5
  5492. [2, 4, 5, 6, 8, 10, 12, 17, 18, 19, 20, 21, 22, 23, 25]  Q:5 M:5 F:5
  5493. [2, 4, 5, 6, 8, 10, 12, 17, 18, 19, 20, 21, 23, 24, 25]  Q:5 M:5 F:5
  5494. [2, 4, 5, 6, 8, 10, 12, 18, 19, 20, 21, 22, 23, 24, 25]  Q:5 M:5 F:5
  5495. [2, 4, 5, 6, 8, 10, 17, 18, 19, 20, 21, 22, 23, 24, 25]  Q:5 M:5 F:5
  5496. [2, 4, 5, 6, 10, 12, 17, 18, 19, 20, 21, 22, 23, 24, 25]  Q:5 M:5 F:5
  5497. [2, 4, 5, 7, 8, 9, 10, 11, 12, 17, 20, 21, 22, 23, 24]   Q:5 M:5 F:5
  5498. [2, 4, 5, 7, 8, 9, 10, 11, 12, 17, 20, 21, 22, 23, 25]   Q:5 M:5 F:5
  5499. [2, 4, 5, 7, 8, 9, 10, 11, 12, 17, 20, 21, 23, 24, 25]   Q:5 M:5 F:5
  5500. [2, 4, 5, 7, 8, 9, 10, 11, 12, 20, 21, 22, 23, 24, 25]   Q:5 M:5 F:5
  5501. [2, 4, 5, 7, 8, 9, 10, 11, 17, 20, 21, 22, 23, 24, 25]   Q:5 M:5 F:5
  5502. [2, 4, 5, 7, 9, 10, 11, 12, 17, 20, 21, 22, 23, 24, 25]  Q:5 M:5 F:5
  5503. [2, 4, 5, 7, 8, 9, 10, 12, 13, 17, 20, 21, 22, 23, 24]   Q:5 M:5 F:5
  5504. [2, 4, 5, 7, 8, 9, 10, 12, 13, 17, 20, 21, 22, 23, 25]   Q:5 M:5 F:5
  5505. [2, 4, 5, 7, 8, 9, 10, 12, 13, 17, 20, 21, 23, 24, 25]   Q:5 M:5 F:5
  5506. [2, 4, 5, 7, 8, 9, 10, 12, 13, 20, 21, 22, 23, 24, 25]   Q:5 M:5 F:5
  5507. [2, 4, 5, 7, 8, 9, 10, 13, 17, 20, 21, 22, 23, 24, 25]   Q:5 M:5 F:5
  5508. [2, 4, 5, 7, 9, 10, 12, 13, 17, 20, 21, 22, 23, 24, 25]  Q:5 M:5 F:5
  5509. [2, 4, 5, 7, 8, 9, 10, 12, 14, 17, 20, 21, 22, 23, 24]   Q:5 M:5 F:5
  5510. [2, 4, 5, 7, 8, 9, 10, 12, 14, 17, 20, 21, 22, 23, 25]   Q:5 M:5 F:5
  5511. [2, 4, 5, 7, 8, 9, 10, 12, 14, 17, 20, 21, 23, 24, 25]   Q:5 M:5 F:5
  5512. [2, 4, 5, 7, 8, 9, 10, 12, 14, 20, 21, 22, 23, 24, 25]   Q:5 M:5 F:5
  5513. [2, 4, 5, 7, 8, 9, 10, 14, 17, 20, 21, 22, 23, 24, 25]   Q:5 M:5 F:5
  5514. [2, 4, 5, 7, 9, 10, 12, 14, 17, 20, 21, 22, 23, 24, 25]  Q:5 M:5 F:5
  5515. [2, 4, 5, 7, 8, 9, 10, 12, 15, 17, 20, 21, 22, 23, 24]   Q:5 M:5 F:5
  5516. [2, 4, 5, 7, 8, 9, 10, 12, 15, 17, 20, 21, 22, 23, 25]   Q:5 M:5 F:5
  5517. [2, 4, 5, 7, 8, 9, 10, 12, 15, 17, 20, 21, 23, 24, 25]   Q:5 M:5 F:5
  5518. [2, 4, 5, 7, 8, 9, 10, 12, 15, 20, 21, 22, 23, 24, 25]   Q:5 M:5 F:5
  5519. [2, 4, 5, 7, 8, 9, 10, 15, 17, 20, 21, 22, 23, 24, 25]   Q:5 M:5 F:5
  5520. [2, 4, 5, 7, 9, 10, 12, 15, 17, 20, 21, 22, 23, 24, 25]  Q:5 M:5 F:5
  5521. [2, 4, 5, 7, 8, 9, 10, 12, 16, 17, 20, 21, 22, 23, 24]   Q:5 M:5 F:5
  5522. [2, 4, 5, 7, 8, 9, 10, 12, 16, 17, 20, 21, 22, 23, 25]   Q:5 M:5 F:5
  5523. [2, 4, 5, 7, 8, 9, 10, 12, 16, 17, 20, 21, 23, 24, 25]   Q:5 M:5 F:5
  5524. [2, 4, 5, 7, 8, 9, 10, 12, 16, 20, 21, 22, 23, 24, 25]   Q:5 M:5 F:5
  5525. [2, 4, 5, 7, 8, 9, 10, 16, 17, 20, 21, 22, 23, 24, 25]   Q:5 M:5 F:5
  5526. [2, 4, 5, 7, 9, 10, 12, 16, 17, 20, 21, 22, 23, 24, 25]  Q:5 M:5 F:5
  5527. [2, 4, 5, 7, 8, 9, 10, 12, 17, 18, 20, 21, 22, 23, 24]   Q:5 M:5 F:5
  5528. [2, 4, 5, 7, 8, 9, 10, 12, 17, 18, 20, 21, 22, 23, 25]   Q:5 M:5 F:5
  5529. [2, 4, 5, 7, 8, 9, 10, 12, 17, 18, 20, 21, 23, 24, 25]   Q:5 M:5 F:5
  5530. [2, 4, 5, 7, 8, 9, 10, 12, 18, 20, 21, 22, 23, 24, 25]   Q:5 M:5 F:5
  5531. [2, 4, 5, 7, 8, 9, 10, 17, 18, 20, 21, 22, 23, 24, 25]   Q:5 M:5 F:5
  5532. [2, 4, 5, 7, 9, 10, 12, 17, 18, 20, 21, 22, 23, 24, 25]  Q:5 M:5 F:5
  5533. [2, 4, 5, 7, 8, 9, 10, 12, 17, 19, 20, 21, 22, 23, 24]   Q:5 M:5 F:5
  5534. [2, 4, 5, 7, 8, 9, 10, 12, 17, 19, 20, 21, 22, 23, 25]   Q:5 M:5 F:5
  5535. [2, 4, 5, 7, 8, 9, 10, 12, 17, 19, 20, 21, 23, 24, 25]   Q:5 M:5 F:5
  5536. [2, 4, 5, 7, 8, 9, 10, 12, 19, 20, 21, 22, 23, 24, 25]   Q:5 M:5 F:5
  5537. [2, 4, 5, 7, 8, 9, 10, 17, 19, 20, 21, 22, 23, 24, 25]   Q:5 M:5 F:5
  5538. [2, 4, 5, 7, 9, 10, 12, 17, 19, 20, 21, 22, 23, 24, 25]  Q:5 M:5 F:5
  5539. [2, 4, 5, 7, 8, 10, 11, 12, 13, 17, 20, 21, 22, 23, 24]  Q:5 M:5 F:5
  5540. [2, 4, 5, 7, 8, 10, 11, 12, 13, 17, 20, 21, 22, 23, 25]  Q:5 M:5 F:5
  5541. [2, 4, 5, 7, 8, 10, 11, 12, 13, 17, 20, 21, 23, 24, 25]  Q:5 M:5 F:5
  5542. [2, 4, 5, 7, 8, 10, 11, 12, 13, 20, 21, 22, 23, 24, 25]  Q:5 M:5 F:5
  5543. [2, 4, 5, 7, 8, 10, 11, 13, 17, 20, 21, 22, 23, 24, 25]  Q:5 M:5 F:5
  5544. [2, 4, 5, 7, 10, 11, 12, 13, 17, 20, 21, 22, 23, 24, 25]  Q:5 M:5 F:5
  5545. [2, 4, 5, 7, 8, 10, 11, 12, 14, 17, 20, 21, 22, 23, 24]  Q:5 M:5 F:5
  5546. [2, 4, 5, 7, 8, 10, 11, 12, 14, 17, 20, 21, 22, 23, 25]  Q:5 M:5 F:5
  5547. [2, 4, 5, 7, 8, 10, 11, 12, 14, 17, 20, 21, 23, 24, 25]  Q:5 M:5 F:5
  5548. [2, 4, 5, 7, 8, 10, 11, 12, 14, 20, 21, 22, 23, 24, 25]  Q:5 M:5 F:5
  5549. [2, 4, 5, 7, 8, 10, 11, 14, 17, 20, 21, 22, 23, 24, 25]  Q:5 M:5 F:5
  5550. [2, 4, 5, 7, 10, 11, 12, 14, 17, 20, 21, 22, 23, 24, 25]  Q:5 M:5 F:5
  5551. [2, 4, 5, 7, 8, 10, 11, 12, 15, 17, 20, 21, 22, 23, 24]  Q:5 M:5 F:5
  5552. [2, 4, 5, 7, 8, 10, 11, 12, 15, 17, 20, 21, 22, 23, 25]  Q:5 M:5 F:5
  5553. [2, 4, 5, 7, 8, 10, 11, 12, 15, 17, 20, 21, 23, 24, 25]  Q:5 M:5 F:5
  5554. [2, 4, 5, 7, 8, 10, 11, 12, 15, 20, 21, 22, 23, 24, 25]  Q:5 M:5 F:5
  5555. [2, 4, 5, 7, 8, 10, 11, 15, 17, 20, 21, 22, 23, 24, 25]  Q:5 M:5 F:5
  5556. [2, 4, 5, 7, 10, 11, 12, 15, 17, 20, 21, 22, 23, 24, 25]  Q:5 M:5 F:5
  5557. [2, 4, 5, 7, 8, 10, 11, 12, 16, 17, 20, 21, 22, 23, 24]  Q:5 M:5 F:5
  5558. [2, 4, 5, 7, 8, 10, 11, 12, 16, 17, 20, 21, 22, 23, 25]  Q:5 M:5 F:5
  5559. [2, 4, 5, 7, 8, 10, 11, 12, 16, 17, 20, 21, 23, 24, 25]  Q:5 M:5 F:5
  5560. [2, 4, 5, 7, 8, 10, 11, 12, 16, 20, 21, 22, 23, 24, 25]  Q:5 M:5 F:5
  5561. [2, 4, 5, 7, 8, 10, 11, 16, 17, 20, 21, 22, 23, 24, 25]  Q:5 M:5 F:5
  5562. [2, 4, 5, 7, 10, 11, 12, 16, 17, 20, 21, 22, 23, 24, 25]  Q:5 M:5 F:5
  5563. [2, 4, 5, 7, 8, 10, 11, 12, 17, 18, 20, 21, 22, 23, 24]  Q:5 M:5 F:5
  5564. [2, 4, 5, 7, 8, 10, 11, 12, 17, 18, 20, 21, 22, 23, 25]  Q:5 M:5 F:5
  5565. [2, 4, 5, 7, 8, 10, 11, 12, 17, 18, 20, 21, 23, 24, 25]  Q:5 M:5 F:5
  5566. [2, 4, 5, 7, 8, 10, 11, 12, 18, 20, 21, 22, 23, 24, 25]  Q:5 M:5 F:5
  5567. [2, 4, 5, 7, 8, 10, 11, 17, 18, 20, 21, 22, 23, 24, 25]  Q:5 M:5 F:5
  5568. [2, 4, 5, 7, 10, 11, 12, 17, 18, 20, 21, 22, 23, 24, 25]  Q:5 M:5 F:5
  5569. [2, 4, 5, 7, 8, 10, 11, 12, 17, 19, 20, 21, 22, 23, 24]  Q:5 M:5 F:5
  5570. [2, 4, 5, 7, 8, 10, 11, 12, 17, 19, 20, 21, 22, 23, 25]  Q:5 M:5 F:5
  5571. [2, 4, 5, 7, 8, 10, 11, 12, 17, 19, 20, 21, 23, 24, 25]  Q:5 M:5 F:5
  5572. [2, 4, 5, 7, 8, 10, 11, 12, 19, 20, 21, 22, 23, 24, 25]  Q:5 M:5 F:5
  5573. [2, 4, 5, 7, 8, 10, 11, 17, 19, 20, 21, 22, 23, 24, 25]  Q:5 M:5 F:5
  5574. [2, 4, 5, 7, 10, 11, 12, 17, 19, 20, 21, 22, 23, 24, 25]  Q:5 M:5 F:5
  5575. [2, 4, 5, 7, 8, 10, 12, 13, 14, 17, 20, 21, 22, 23, 24]  Q:5 M:5 F:5
  5576. [2, 4, 5, 7, 8, 10, 12, 13, 14, 17, 20, 21, 22, 23, 25]  Q:5 M:5 F:5
  5577. [2, 4, 5, 7, 8, 10, 12, 13, 14, 17, 20, 21, 23, 24, 25]  Q:5 M:5 F:5
  5578. [2, 4, 5, 7, 8, 10, 12, 13, 14, 20, 21, 22, 23, 24, 25]  Q:5 M:5 F:5
  5579. [2, 4, 5, 7, 8, 10, 13, 14, 17, 20, 21, 22, 23, 24, 25]  Q:5 M:5 F:5
  5580. [2, 4, 5, 7, 10, 12, 13, 14, 17, 20, 21, 22, 23, 24, 25]  Q:5 M:5 F:5
  5581. [2, 4, 5, 7, 8, 10, 12, 13, 15, 17, 20, 21, 22, 23, 24]  Q:5 M:5 F:5
  5582. [2, 4, 5, 7, 8, 10, 12, 13, 15, 17, 20, 21, 22, 23, 25]  Q:5 M:5 F:5
  5583. [2, 4, 5, 7, 8, 10, 12, 13, 15, 17, 20, 21, 23, 24, 25]  Q:5 M:5 F:5
  5584. [2, 4, 5, 7, 8, 10, 12, 13, 15, 20, 21, 22, 23, 24, 25]  Q:5 M:5 F:5
  5585. [2, 4, 5, 7, 8, 10, 13, 15, 17, 20, 21, 22, 23, 24, 25]  Q:5 M:5 F:5
  5586. [2, 4, 5, 7, 10, 12, 13, 15, 17, 20, 21, 22, 23, 24, 25]  Q:5 M:5 F:5
  5587. [2, 4, 5, 7, 8, 10, 12, 13, 16, 17, 20, 21, 22, 23, 24]  Q:5 M:5 F:5
  5588. [2, 4, 5, 7, 8, 10, 12, 13, 16, 17, 20, 21, 22, 23, 25]  Q:5 M:5 F:5
  5589. [2, 4, 5, 7, 8, 10, 12, 13, 16, 17, 20, 21, 23, 24, 25]  Q:5 M:5 F:5
  5590. [2, 4, 5, 7, 8, 10, 12, 13, 16, 20, 21, 22, 23, 24, 25]  Q:5 M:5 F:5
  5591. [2, 4, 5, 7, 8, 10, 13, 16, 17, 20, 21, 22, 23, 24, 25]  Q:5 M:5 F:5
  5592. [2, 4, 5, 7, 10, 12, 13, 16, 17, 20, 21, 22, 23, 24, 25]  Q:5 M:5 F:5
  5593. [2, 4, 5, 7, 8, 10, 12, 13, 17, 18, 20, 21, 22, 23, 24]  Q:5 M:5 F:5
  5594. [2, 4, 5, 7, 8, 10, 12, 13, 17, 18, 20, 21, 22, 23, 25]  Q:5 M:5 F:5
  5595. [2, 4, 5, 7, 8, 10, 12, 13, 17, 18, 20, 21, 23, 24, 25]  Q:5 M:5 F:5
  5596. [2, 4, 5, 7, 8, 10, 12, 13, 18, 20, 21, 22, 23, 24, 25]  Q:5 M:5 F:5
  5597. [2, 4, 5, 7, 8, 10, 13, 17, 18, 20, 21, 22, 23, 24, 25]  Q:5 M:5 F:5
  5598. [2, 4, 5, 7, 10, 12, 13, 17, 18, 20, 21, 22, 23, 24, 25]  Q:5 M:5 F:5
  5599. [2, 4, 5, 7, 8, 10, 12, 13, 17, 19, 20, 21, 22, 23, 24]  Q:5 M:5 F:5
  5600. [2, 4, 5, 7, 8, 10, 12, 13, 17, 19, 20, 21, 22, 23, 25]  Q:5 M:5 F:5
  5601. [2, 4, 5, 7, 8, 10, 12, 13, 17, 19, 20, 21, 23, 24, 25]  Q:5 M:5 F:5
  5602. [2, 4, 5, 7, 8, 10, 12, 13, 19, 20, 21, 22, 23, 24, 25]  Q:5 M:5 F:5
  5603. [2, 4, 5, 7, 8, 10, 13, 17, 19, 20, 21, 22, 23, 24, 25]  Q:5 M:5 F:5
  5604. [2, 4, 5, 7, 10, 12, 13, 17, 19, 20, 21, 22, 23, 24, 25]  Q:5 M:5 F:5
  5605. [2, 4, 5, 7, 8, 10, 12, 14, 15, 17, 20, 21, 22, 23, 24]  Q:5 M:5 F:5
  5606. [2, 4, 5, 7, 8, 10, 12, 14, 15, 17, 20, 21, 22, 23, 25]  Q:5 M:5 F:5
  5607. [2, 4, 5, 7, 8, 10, 12, 14, 15, 17, 20, 21, 23, 24, 25]  Q:5 M:5 F:5
  5608. [2, 4, 5, 7, 8, 10, 12, 14, 15, 20, 21, 22, 23, 24, 25]  Q:5 M:5 F:5
  5609. [2, 4, 5, 7, 8, 10, 14, 15, 17, 20, 21, 22, 23, 24, 25]  Q:5 M:5 F:5
  5610. [2, 4, 5, 7, 10, 12, 14, 15, 17, 20, 21, 22, 23, 24, 25]  Q:5 M:5 F:5
  5611. [2, 4, 5, 7, 8, 10, 12, 14, 16, 17, 20, 21, 22, 23, 24]  Q:5 M:5 F:5
  5612. [2, 4, 5, 7, 8, 10, 12, 14, 16, 17, 20, 21, 22, 23, 25]  Q:5 M:5 F:5
  5613. [2, 4, 5, 7, 8, 10, 12, 14, 16, 17, 20, 21, 23, 24, 25]  Q:5 M:5 F:5
  5614. [2, 4, 5, 7, 8, 10, 12, 14, 16, 20, 21, 22, 23, 24, 25]  Q:5 M:5 F:5
  5615. [2, 4, 5, 7, 8, 10, 14, 16, 17, 20, 21, 22, 23, 24, 25]  Q:5 M:5 F:5
  5616. [2, 4, 5, 7, 10, 12, 14, 16, 17, 20, 21, 22, 23, 24, 25]  Q:5 M:5 F:5
  5617. [2, 4, 5, 7, 8, 10, 12, 14, 17, 18, 20, 21, 22, 23, 24]  Q:5 M:5 F:5
  5618. [2, 4, 5, 7, 8, 10, 12, 14, 17, 18, 20, 21, 22, 23, 25]  Q:5 M:5 F:5
  5619. [2, 4, 5, 7, 8, 10, 12, 14, 17, 18, 20, 21, 23, 24, 25]  Q:5 M:5 F:5
  5620. [2, 4, 5, 7, 8, 10, 12, 14, 18, 20, 21, 22, 23, 24, 25]  Q:5 M:5 F:5
  5621. [2, 4, 5, 7, 8, 10, 14, 17, 18, 20, 21, 22, 23, 24, 25]  Q:5 M:5 F:5
  5622. [2, 4, 5, 7, 10, 12, 14, 17, 18, 20, 21, 22, 23, 24, 25]  Q:5 M:5 F:5
  5623. [2, 4, 5, 7, 8, 10, 12, 14, 17, 19, 20, 21, 22, 23, 24]  Q:5 M:5 F:5
  5624. [2, 4, 5, 7, 8, 10, 12, 14, 17, 19, 20, 21, 22, 23, 25]  Q:5 M:5 F:5
  5625. [2, 4, 5, 7, 8, 10, 12, 14, 17, 19, 20, 21, 23, 24, 25]  Q:5 M:5 F:5
  5626. [2, 4, 5, 7, 8, 10, 12, 14, 19, 20, 21, 22, 23, 24, 25]  Q:5 M:5 F:5
  5627. [2, 4, 5, 7, 8, 10, 14, 17, 19, 20, 21, 22, 23, 24, 25]  Q:5 M:5 F:5
  5628. [2, 4, 5, 7, 10, 12, 14, 17, 19, 20, 21, 22, 23, 24, 25]  Q:5 M:5 F:5
  5629. [2, 4, 5, 7, 8, 10, 12, 15, 16, 17, 20, 21, 22, 23, 24]  Q:5 M:5 F:5
  5630. [2, 4, 5, 7, 8, 10, 12, 15, 16, 17, 20, 21, 22, 23, 25]  Q:5 M:5 F:5
  5631. [2, 4, 5, 7, 8, 10, 12, 15, 16, 17, 20, 21, 23, 24, 25]  Q:5 M:5 F:5
  5632. [2, 4, 5, 7, 8, 10, 12, 15, 16, 20, 21, 22, 23, 24, 25]  Q:5 M:5 F:5
  5633. [2, 4, 5, 7, 8, 10, 15, 16, 17, 20, 21, 22, 23, 24, 25]  Q:5 M:5 F:5
  5634. [2, 4, 5, 7, 10, 12, 15, 16, 17, 20, 21, 22, 23, 24, 25]  Q:5 M:5 F:5
  5635. [2, 4, 5, 7, 8, 10, 12, 15, 17, 18, 20, 21, 22, 23, 24]  Q:5 M:5 F:5
  5636. [2, 4, 5, 7, 8, 10, 12, 15, 17, 18, 20, 21, 22, 23, 25]  Q:5 M:5 F:5
  5637. [2, 4, 5, 7, 8, 10, 12, 15, 17, 18, 20, 21, 23, 24, 25]  Q:5 M:5 F:5
  5638. [2, 4, 5, 7, 8, 10, 12, 15, 18, 20, 21, 22, 23, 24, 25]  Q:5 M:5 F:5
  5639. [2, 4, 5, 7, 8, 10, 15, 17, 18, 20, 21, 22, 23, 24, 25]  Q:5 M:5 F:5
  5640. [2, 4, 5, 7, 10, 12, 15, 17, 18, 20, 21, 22, 23, 24, 25]  Q:5 M:5 F:5
  5641. [2, 4, 5, 7, 8, 10, 12, 15, 17, 19, 20, 21, 22, 23, 24]  Q:5 M:5 F:5
  5642. [2, 4, 5, 7, 8, 10, 12, 15, 17, 19, 20, 21, 22, 23, 25]  Q:5 M:5 F:5
  5643. [2, 4, 5, 7, 8, 10, 12, 15, 17, 19, 20, 21, 23, 24, 25]  Q:5 M:5 F:5
  5644. [2, 4, 5, 7, 8, 10, 12, 15, 19, 20, 21, 22, 23, 24, 25]  Q:5 M:5 F:5
  5645. [2, 4, 5, 7, 8, 10, 15, 17, 19, 20, 21, 22, 23, 24, 25]  Q:5 M:5 F:5
  5646. [2, 4, 5, 7, 10, 12, 15, 17, 19, 20, 21, 22, 23, 24, 25]  Q:5 M:5 F:5
  5647. [2, 4, 5, 7, 8, 10, 12, 16, 17, 18, 20, 21, 22, 23, 24]  Q:5 M:5 F:5
  5648. [2, 4, 5, 7, 8, 10, 12, 16, 17, 18, 20, 21, 22, 23, 25]  Q:5 M:5 F:5
  5649. [2, 4, 5, 7, 8, 10, 12, 16, 17, 18, 20, 21, 23, 24, 25]  Q:5 M:5 F:5
  5650. [2, 4, 5, 7, 8, 10, 12, 16, 18, 20, 21, 22, 23, 24, 25]  Q:5 M:5 F:5
  5651. [2, 4, 5, 7, 8, 10, 16, 17, 18, 20, 21, 22, 23, 24, 25]  Q:5 M:5 F:5
  5652. [2, 4, 5, 7, 10, 12, 16, 17, 18, 20, 21, 22, 23, 24, 25]  Q:5 M:5 F:5
  5653. [2, 4, 5, 7, 8, 10, 12, 16, 17, 19, 20, 21, 22, 23, 24]  Q:5 M:5 F:5
  5654. [2, 4, 5, 7, 8, 10, 12, 16, 17, 19, 20, 21, 22, 23, 25]  Q:5 M:5 F:5
  5655. [2, 4, 5, 7, 8, 10, 12, 16, 17, 19, 20, 21, 23, 24, 25]  Q:5 M:5 F:5
  5656. [2, 4, 5, 7, 8, 10, 12, 16, 19, 20, 21, 22, 23, 24, 25]  Q:5 M:5 F:5
  5657. [2, 4, 5, 7, 8, 10, 16, 17, 19, 20, 21, 22, 23, 24, 25]  Q:5 M:5 F:5
  5658. [2, 4, 5, 7, 10, 12, 16, 17, 19, 20, 21, 22, 23, 24, 25]  Q:5 M:5 F:5
  5659. [2, 4, 5, 7, 8, 10, 12, 17, 18, 19, 20, 21, 22, 23, 24]  Q:5 M:5 F:5
  5660. [2, 4, 5, 7, 8, 10, 12, 17, 18, 19, 20, 21, 22, 23, 25]  Q:5 M:5 F:5
  5661. [2, 4, 5, 7, 8, 10, 12, 17, 18, 19, 20, 21, 23, 24, 25]  Q:5 M:5 F:5
  5662. [2, 4, 5, 7, 8, 10, 12, 18, 19, 20, 21, 22, 23, 24, 25]  Q:5 M:5 F:5
  5663. [2, 4, 5, 7, 8, 10, 17, 18, 19, 20, 21, 22, 23, 24, 25]  Q:5 M:5 F:5
  5664. [2, 4, 5, 7, 10, 12, 17, 18, 19, 20, 21, 22, 23, 24, 25]  Q:5 M:5 F:5
  5665. [2, 4, 5, 8, 9, 10, 11, 12, 13, 17, 20, 21, 22, 23, 24]  Q:5 M:5 F:5
  5666. [2, 4, 5, 8, 9, 10, 11, 12, 13, 17, 20, 21, 22, 23, 25]  Q:5 M:5 F:5
  5667. [2, 4, 5, 8, 9, 10, 11, 12, 13, 17, 20, 21, 23, 24, 25]  Q:5 M:5 F:5
  5668. [2, 4, 5, 8, 9, 10, 11, 12, 13, 20, 21, 22, 23, 24, 25]  Q:5 M:5 F:5
  5669. [2, 4, 5, 8, 9, 10, 11, 13, 17, 20, 21, 22, 23, 24, 25]  Q:5 M:5 F:5
  5670. [2, 4, 5, 9, 10, 11, 12, 13, 17, 20, 21, 22, 23, 24, 25]  Q:5 M:5 F:5
  5671. [2, 4, 5, 8, 9, 10, 11, 12, 14, 17, 20, 21, 22, 23, 24]  Q:5 M:5 F:5
  5672. [2, 4, 5, 8, 9, 10, 11, 12, 14, 17, 20, 21, 22, 23, 25]  Q:5 M:5 F:5
  5673. [2, 4, 5, 8, 9, 10, 11, 12, 14, 17, 20, 21, 23, 24, 25]  Q:5 M:5 F:5
  5674. [2, 4, 5, 8, 9, 10, 11, 12, 14, 20, 21, 22, 23, 24, 25]  Q:5 M:5 F:5
  5675. [2, 4, 5, 8, 9, 10, 11, 14, 17, 20, 21, 22, 23, 24, 25]  Q:5 M:5 F:5
  5676. [2, 4, 5, 9, 10, 11, 12, 14, 17, 20, 21, 22, 23, 24, 25]  Q:5 M:5 F:5
  5677. [2, 4, 5, 8, 9, 10, 11, 12, 15, 17, 20, 21, 22, 23, 24]  Q:5 M:5 F:5
  5678. [2, 4, 5, 8, 9, 10, 11, 12, 15, 17, 20, 21, 22, 23, 25]  Q:5 M:5 F:5
  5679. [2, 4, 5, 8, 9, 10, 11, 12, 15, 17, 20, 21, 23, 24, 25]  Q:5 M:5 F:5
  5680. [2, 4, 5, 8, 9, 10, 11, 12, 15, 20, 21, 22, 23, 24, 25]  Q:5 M:5 F:5
  5681. [2, 4, 5, 8, 9, 10, 11, 15, 17, 20, 21, 22, 23, 24, 25]  Q:5 M:5 F:5
  5682. [2, 4, 5, 9, 10, 11, 12, 15, 17, 20, 21, 22, 23, 24, 25]  Q:5 M:5 F:5
  5683. [2, 4, 5, 8, 9, 10, 11, 12, 16, 17, 20, 21, 22, 23, 24]  Q:5 M:5 F:5
  5684. [2, 4, 5, 8, 9, 10, 11, 12, 16, 17, 20, 21, 22, 23, 25]  Q:5 M:5 F:5
  5685. [2, 4, 5, 8, 9, 10, 11, 12, 16, 17, 20, 21, 23, 24, 25]  Q:5 M:5 F:5
  5686. [2, 4, 5, 8, 9, 10, 11, 12, 16, 20, 21, 22, 23, 24, 25]  Q:5 M:5 F:5
  5687. [2, 4, 5, 8, 9, 10, 11, 16, 17, 20, 21, 22, 23, 24, 25]  Q:5 M:5 F:5
  5688. [2, 4, 5, 9, 10, 11, 12, 16, 17, 20, 21, 22, 23, 24, 25]  Q:5 M:5 F:5
  5689. [2, 4, 5, 8, 9, 10, 11, 12, 17, 18, 20, 21, 22, 23, 24]  Q:5 M:5 F:5
  5690. [2, 4, 5, 8, 9, 10, 11, 12, 17, 18, 20, 21, 22, 23, 25]  Q:5 M:5 F:5
  5691. [2, 4, 5, 8, 9, 10, 11, 12, 17, 18, 20, 21, 23, 24, 25]  Q:5 M:5 F:5
  5692. [2, 4, 5, 8, 9, 10, 11, 12, 18, 20, 21, 22, 23, 24, 25]  Q:5 M:5 F:5
  5693. [2, 4, 5, 8, 9, 10, 11, 17, 18, 20, 21, 22, 23, 24, 25]  Q:5 M:5 F:5
  5694. [2, 4, 5, 9, 10, 11, 12, 17, 18, 20, 21, 22, 23, 24, 25]  Q:5 M:5 F:5
  5695. [2, 4, 5, 8, 9, 10, 11, 12, 17, 19, 20, 21, 22, 23, 24]  Q:5 M:5 F:5
  5696. [2, 4, 5, 8, 9, 10, 11, 12, 17, 19, 20, 21, 22, 23, 25]  Q:5 M:5 F:5
  5697. [2, 4, 5, 8, 9, 10, 11, 12, 17, 19, 20, 21, 23, 24, 25]  Q:5 M:5 F:5
  5698. [2, 4, 5, 8, 9, 10, 11, 12, 19, 20, 21, 22, 23, 24, 25]  Q:5 M:5 F:5
  5699. [2, 4, 5, 8, 9, 10, 11, 17, 19, 20, 21, 22, 23, 24, 25]  Q:5 M:5 F:5
  5700. [2, 4, 5, 9, 10, 11, 12, 17, 19, 20, 21, 22, 23, 24, 25]  Q:5 M:5 F:5
  5701. [2, 4, 5, 8, 9, 10, 12, 13, 14, 17, 20, 21, 22, 23, 24]  Q:5 M:5 F:5
  5702. [2, 4, 5, 8, 9, 10, 12, 13, 14, 17, 20, 21, 22, 23, 25]  Q:5 M:5 F:5
  5703. [2, 4, 5, 8, 9, 10, 12, 13, 14, 17, 20, 21, 23, 24, 25]  Q:5 M:5 F:5
  5704. [2, 4, 5, 8, 9, 10, 12, 13, 14, 20, 21, 22, 23, 24, 25]  Q:5 M:5 F:5
  5705. [2, 4, 5, 8, 9, 10, 13, 14, 17, 20, 21, 22, 23, 24, 25]  Q:5 M:5 F:5
  5706. [2, 4, 5, 9, 10, 12, 13, 14, 17, 20, 21, 22, 23, 24, 25]  Q:5 M:5 F:5
  5707. [2, 4, 5, 8, 9, 10, 12, 13, 15, 17, 20, 21, 22, 23, 24]  Q:5 M:5 F:5
  5708. [2, 4, 5, 8, 9, 10, 12, 13, 15, 17, 20, 21, 22, 23, 25]  Q:5 M:5 F:5
  5709. [2, 4, 5, 8, 9, 10, 12, 13, 15, 17, 20, 21, 23, 24, 25]  Q:5 M:5 F:5
  5710. [2, 4, 5, 8, 9, 10, 12, 13, 15, 20, 21, 22, 23, 24, 25]  Q:5 M:5 F:5
  5711. [2, 4, 5, 8, 9, 10, 13, 15, 17, 20, 21, 22, 23, 24, 25]  Q:5 M:5 F:5
  5712. [2, 4, 5, 9, 10, 12, 13, 15, 17, 20, 21, 22, 23, 24, 25]  Q:5 M:5 F:5
  5713. [2, 4, 5, 8, 9, 10, 12, 13, 16, 17, 20, 21, 22, 23, 24]  Q:5 M:5 F:5
  5714. [2, 4, 5, 8, 9, 10, 12, 13, 16, 17, 20, 21, 22, 23, 25]  Q:5 M:5 F:5
  5715. [2, 4, 5, 8, 9, 10, 12, 13, 16, 17, 20, 21, 23, 24, 25]  Q:5 M:5 F:5
  5716. [2, 4, 5, 8, 9, 10, 12, 13, 16, 20, 21, 22, 23, 24, 25]  Q:5 M:5 F:5
  5717. [2, 4, 5, 8, 9, 10, 13, 16, 17, 20, 21, 22, 23, 24, 25]  Q:5 M:5 F:5
  5718. [2, 4, 5, 9, 10, 12, 13, 16, 17, 20, 21, 22, 23, 24, 25]  Q:5 M:5 F:5
  5719. [2, 4, 5, 8, 9, 10, 12, 13, 17, 18, 20, 21, 22, 23, 24]  Q:5 M:5 F:5
  5720. [2, 4, 5, 8, 9, 10, 12, 13, 17, 18, 20, 21, 22, 23, 25]  Q:5 M:5 F:5
  5721. [2, 4, 5, 8, 9, 10, 12, 13, 17, 18, 20, 21, 23, 24, 25]  Q:5 M:5 F:5
  5722. [2, 4, 5, 8, 9, 10, 12, 13, 18, 20, 21, 22, 23, 24, 25]  Q:5 M:5 F:5
  5723. [2, 4, 5, 8, 9, 10, 13, 17, 18, 20, 21, 22, 23, 24, 25]  Q:5 M:5 F:5
  5724. [2, 4, 5, 9, 10, 12, 13, 17, 18, 20, 21, 22, 23, 24, 25]  Q:5 M:5 F:5
  5725. [2, 4, 5, 8, 9, 10, 12, 13, 17, 19, 20, 21, 22, 23, 24]  Q:5 M:5 F:5
  5726. [2, 4, 5, 8, 9, 10, 12, 13, 17, 19, 20, 21, 22, 23, 25]  Q:5 M:5 F:5
  5727. [2, 4, 5, 8, 9, 10, 12, 13, 17, 19, 20, 21, 23, 24, 25]  Q:5 M:5 F:5
  5728. [2, 4, 5, 8, 9, 10, 12, 13, 19, 20, 21, 22, 23, 24, 25]  Q:5 M:5 F:5
  5729. [2, 4, 5, 8, 9, 10, 13, 17, 19, 20, 21, 22, 23, 24, 25]  Q:5 M:5 F:5
  5730. [2, 4, 5, 9, 10, 12, 13, 17, 19, 20, 21, 22, 23, 24, 25]  Q:5 M:5 F:5
  5731. [2, 4, 5, 8, 9, 10, 12, 14, 15, 17, 20, 21, 22, 23, 24]  Q:5 M:5 F:5
  5732. [2, 4, 5, 8, 9, 10, 12, 14, 15, 17, 20, 21, 22, 23, 25]  Q:5 M:5 F:5
  5733. [2, 4, 5, 8, 9, 10, 12, 14, 15, 17, 20, 21, 23, 24, 25]  Q:5 M:5 F:5
  5734. [2, 4, 5, 8, 9, 10, 12, 14, 15, 20, 21, 22, 23, 24, 25]  Q:5 M:5 F:5
  5735. [2, 4, 5, 8, 9, 10, 14, 15, 17, 20, 21, 22, 23, 24, 25]  Q:5 M:5 F:5
  5736. [2, 4, 5, 9, 10, 12, 14, 15, 17, 20, 21, 22, 23, 24, 25]  Q:5 M:5 F:5
  5737. [2, 4, 5, 8, 9, 10, 12, 14, 16, 17, 20, 21, 22, 23, 24]  Q:5 M:5 F:5
  5738. [2, 4, 5, 8, 9, 10, 12, 14, 16, 17, 20, 21, 22, 23, 25]  Q:5 M:5 F:5
  5739. [2, 4, 5, 8, 9, 10, 12, 14, 16, 17, 20, 21, 23, 24, 25]  Q:5 M:5 F:5
  5740. [2, 4, 5, 8, 9, 10, 12, 14, 16, 20, 21, 22, 23, 24, 25]  Q:5 M:5 F:5
  5741. [2, 4, 5, 8, 9, 10, 14, 16, 17, 20, 21, 22, 23, 24, 25]  Q:5 M:5 F:5
  5742. [2, 4, 5, 9, 10, 12, 14, 16, 17, 20, 21, 22, 23, 24, 25]  Q:5 M:5 F:5
  5743. [2, 4, 5, 8, 9, 10, 12, 14, 17, 18, 20, 21, 22, 23, 24]  Q:5 M:5 F:5
  5744. [2, 4, 5, 8, 9, 10, 12, 14, 17, 18, 20, 21, 22, 23, 25]  Q:5 M:5 F:5
  5745. [2, 4, 5, 8, 9, 10, 12, 14, 17, 18, 20, 21, 23, 24, 25]  Q:5 M:5 F:5
  5746. [2, 4, 5, 8, 9, 10, 12, 14, 18, 20, 21, 22, 23, 24, 25]  Q:5 M:5 F:5
  5747. [2, 4, 5, 8, 9, 10, 14, 17, 18, 20, 21, 22, 23, 24, 25]  Q:5 M:5 F:5
  5748. [2, 4, 5, 9, 10, 12, 14, 17, 18, 20, 21, 22, 23, 24, 25]  Q:5 M:5 F:5
  5749. [2, 4, 5, 8, 9, 10, 12, 14, 17, 19, 20, 21, 22, 23, 24]  Q:5 M:5 F:5
  5750. [2, 4, 5, 8, 9, 10, 12, 14, 17, 19, 20, 21, 22, 23, 25]  Q:5 M:5 F:5
  5751. [2, 4, 5, 8, 9, 10, 12, 14, 17, 19, 20, 21, 23, 24, 25]  Q:5 M:5 F:5
  5752. [2, 4, 5, 8, 9, 10, 12, 14, 19, 20, 21, 22, 23, 24, 25]  Q:5 M:5 F:5
  5753. [2, 4, 5, 8, 9, 10, 14, 17, 19, 20, 21, 22, 23, 24, 25]  Q:5 M:5 F:5
  5754. [2, 4, 5, 9, 10, 12, 14, 17, 19, 20, 21, 22, 23, 24, 25]  Q:5 M:5 F:5
  5755. [2, 4, 5, 8, 9, 10, 12, 15, 16, 17, 20, 21, 22, 23, 24]  Q:5 M:5 F:5
  5756. [2, 4, 5, 8, 9, 10, 12, 15, 16, 17, 20, 21, 22, 23, 25]  Q:5 M:5 F:5
  5757. [2, 4, 5, 8, 9, 10, 12, 15, 16, 17, 20, 21, 23, 24, 25]  Q:5 M:5 F:5
  5758. [2, 4, 5, 8, 9, 10, 12, 15, 16, 20, 21, 22, 23, 24, 25]  Q:5 M:5 F:5
  5759. [2, 4, 5, 8, 9, 10, 15, 16, 17, 20, 21, 22, 23, 24, 25]  Q:5 M:5 F:5
  5760. [2, 4, 5, 9, 10, 12, 15, 16, 17, 20, 21, 22, 23, 24, 25]  Q:5 M:5 F:5
  5761. [2, 4, 5, 8, 9, 10, 12, 15, 17, 18, 20, 21, 22, 23, 24]  Q:5 M:5 F:5
  5762. [2, 4, 5, 8, 9, 10, 12, 15, 17, 18, 20, 21, 22, 23, 25]  Q:5 M:5 F:5
  5763. [2, 4, 5, 8, 9, 10, 12, 15, 17, 18, 20, 21, 23, 24, 25]  Q:5 M:5 F:5
  5764. [2, 4, 5, 8, 9, 10, 12, 15, 18, 20, 21, 22, 23, 24, 25]  Q:5 M:5 F:5
  5765. [2, 4, 5, 8, 9, 10, 15, 17, 18, 20, 21, 22, 23, 24, 25]  Q:5 M:5 F:5
  5766. [2, 4, 5, 9, 10, 12, 15, 17, 18, 20, 21, 22, 23, 24, 25]  Q:5 M:5 F:5
  5767. [2, 4, 5, 8, 9, 10, 12, 15, 17, 19, 20, 21, 22, 23, 24]  Q:5 M:5 F:5
  5768. [2, 4, 5, 8, 9, 10, 12, 15, 17, 19, 20, 21, 22, 23, 25]  Q:5 M:5 F:5
  5769. [2, 4, 5, 8, 9, 10, 12, 15, 17, 19, 20, 21, 23, 24, 25]  Q:5 M:5 F:5
  5770. [2, 4, 5, 8, 9, 10, 12, 15, 19, 20, 21, 22, 23, 24, 25]  Q:5 M:5 F:5
  5771. [2, 4, 5, 8, 9, 10, 15, 17, 19, 20, 21, 22, 23, 24, 25]  Q:5 M:5 F:5
  5772. [2, 4, 5, 9, 10, 12, 15, 17, 19, 20, 21, 22, 23, 24, 25]  Q:5 M:5 F:5
  5773. [2, 4, 5, 8, 9, 10, 12, 16, 17, 18, 20, 21, 22, 23, 24]  Q:5 M:5 F:5
  5774. [2, 4, 5, 8, 9, 10, 12, 16, 17, 18, 20, 21, 22, 23, 25]  Q:5 M:5 F:5
  5775. [2, 4, 5, 8, 9, 10, 12, 16, 17, 18, 20, 21, 23, 24, 25]  Q:5 M:5 F:5
  5776. [2, 4, 5, 8, 9, 10, 12, 16, 18, 20, 21, 22, 23, 24, 25]  Q:5 M:5 F:5
  5777. [2, 4, 5, 8, 9, 10, 16, 17, 18, 20, 21, 22, 23, 24, 25]  Q:5 M:5 F:5
  5778. [2, 4, 5, 9, 10, 12, 16, 17, 18, 20, 21, 22, 23, 24, 25]  Q:5 M:5 F:5
  5779. [2, 4, 5, 8, 9, 10, 12, 16, 17, 19, 20, 21, 22, 23, 24]  Q:5 M:5 F:5
  5780. [2, 4, 5, 8, 9, 10, 12, 16, 17, 19, 20, 21, 22, 23, 25]  Q:5 M:5 F:5
  5781. [2, 4, 5, 8, 9, 10, 12, 16, 17, 19, 20, 21, 23, 24, 25]  Q:5 M:5 F:5
  5782. [2, 4, 5, 8, 9, 10, 12, 16, 19, 20, 21, 22, 23, 24, 25]  Q:5 M:5 F:5
  5783. [2, 4, 5, 8, 9, 10, 16, 17, 19, 20, 21, 22, 23, 24, 25]  Q:5 M:5 F:5
  5784. [2, 4, 5, 9, 10, 12, 16, 17, 19, 20, 21, 22, 23, 24, 25]  Q:5 M:5 F:5
  5785. [2, 4, 5, 8, 9, 10, 12, 17, 18, 19, 20, 21, 22, 23, 24]  Q:5 M:5 F:5
  5786. [2, 4, 5, 8, 9, 10, 12, 17, 18, 19, 20, 21, 22, 23, 25]  Q:5 M:5 F:5
  5787. [2, 4, 5, 8, 9, 10, 12, 17, 18, 19, 20, 21, 23, 24, 25]  Q:5 M:5 F:5
  5788. [2, 4, 5, 8, 9, 10, 12, 18, 19, 20, 21, 22, 23, 24, 25]  Q:5 M:5 F:5
  5789. [2, 4, 5, 8, 9, 10, 17, 18, 19, 20, 21, 22, 23, 24, 25]  Q:5 M:5 F:5
  5790. [2, 4, 5, 9, 10, 12, 17, 18, 19, 20, 21, 22, 23, 24, 25]  Q:5 M:5 F:5
  5791. [2, 4, 5, 8, 10, 11, 12, 13, 14, 17, 20, 21, 22, 23, 24]  Q:5 M:5 F:5
  5792. [2, 4, 5, 8, 10, 11, 12, 13, 14, 17, 20, 21, 22, 23, 25]  Q:5 M:5 F:5
  5793. [2, 4, 5, 8, 10, 11, 12, 13, 14, 17, 20, 21, 23, 24, 25]  Q:5 M:5 F:5
  5794. [2, 4, 5, 8, 10, 11, 12, 13, 14, 20, 21, 22, 23, 24, 25]  Q:5 M:5 F:5
  5795. [2, 4, 5, 8, 10, 11, 13, 14, 17, 20, 21, 22, 23, 24, 25]  Q:5 M:5 F:5
  5796. [2, 4, 5, 10, 11, 12, 13, 14, 17, 20, 21, 22, 23, 24, 25]  Q:5 M:5 F:5
  5797. [2, 4, 5, 8, 10, 11, 12, 13, 15, 17, 20, 21, 22, 23, 24]  Q:5 M:5 F:5
  5798. [2, 4, 5, 8, 10, 11, 12, 13, 15, 17, 20, 21, 22, 23, 25]  Q:5 M:5 F:5
  5799. [2, 4, 5, 8, 10, 11, 12, 13, 15, 17, 20, 21, 23, 24, 25]  Q:5 M:5 F:5
  5800. [2, 4, 5, 8, 10, 11, 12, 13, 15, 20, 21, 22, 23, 24, 25]  Q:5 M:5 F:5
  5801. [2, 4, 5, 8, 10, 11, 13, 15, 17, 20, 21, 22, 23, 24, 25]  Q:5 M:5 F:5
  5802. [2, 4, 5, 10, 11, 12, 13, 15, 17, 20, 21, 22, 23, 24, 25]  Q:5 M:5 F:5
  5803. [2, 4, 5, 8, 10, 11, 12, 13, 16, 17, 20, 21, 22, 23, 24]  Q:5 M:5 F:5
  5804. [2, 4, 5, 8, 10, 11, 12, 13, 16, 17, 20, 21, 22, 23, 25]  Q:5 M:5 F:5
  5805. [2, 4, 5, 8, 10, 11, 12, 13, 16, 17, 20, 21, 23, 24, 25]  Q:5 M:5 F:5
  5806. [2, 4, 5, 8, 10, 11, 12, 13, 16, 20, 21, 22, 23, 24, 25]  Q:5 M:5 F:5
  5807. [2, 4, 5, 8, 10, 11, 13, 16, 17, 20, 21, 22, 23, 24, 25]  Q:5 M:5 F:5
  5808. [2, 4, 5, 10, 11, 12, 13, 16, 17, 20, 21, 22, 23, 24, 25]  Q:5 M:5 F:5
  5809. [2, 4, 5, 8, 10, 11, 12, 13, 17, 18, 20, 21, 22, 23, 24]  Q:5 M:5 F:5
  5810. [2, 4, 5, 8, 10, 11, 12, 13, 17, 18, 20, 21, 22, 23, 25]  Q:5 M:5 F:5
  5811. [2, 4, 5, 8, 10, 11, 12, 13, 17, 18, 20, 21, 23, 24, 25]  Q:5 M:5 F:5
  5812. [2, 4, 5, 8, 10, 11, 12, 13, 18, 20, 21, 22, 23, 24, 25]  Q:5 M:5 F:5
  5813. [2, 4, 5, 8, 10, 11, 13, 17, 18, 20, 21, 22, 23, 24, 25]  Q:5 M:5 F:5
  5814. [2, 4, 5, 10, 11, 12, 13, 17, 18, 20, 21, 22, 23, 24, 25]  Q:5 M:5 F:5
  5815. [2, 4, 5, 8, 10, 11, 12, 13, 17, 19, 20, 21, 22, 23, 24]  Q:5 M:5 F:5
  5816. [2, 4, 5, 8, 10, 11, 12, 13, 17, 19, 20, 21, 22, 23, 25]  Q:5 M:5 F:5
  5817. [2, 4, 5, 8, 10, 11, 12, 13, 17, 19, 20, 21, 23, 24, 25]  Q:5 M:5 F:5
  5818. [2, 4, 5, 8, 10, 11, 12, 13, 19, 20, 21, 22, 23, 24, 25]  Q:5 M:5 F:5
  5819. [2, 4, 5, 8, 10, 11, 13, 17, 19, 20, 21, 22, 23, 24, 25]  Q:5 M:5 F:5
  5820. [2, 4, 5, 10, 11, 12, 13, 17, 19, 20, 21, 22, 23, 24, 25]  Q:5 M:5 F:5
  5821. [2, 4, 5, 8, 10, 11, 12, 14, 15, 17, 20, 21, 22, 23, 24]  Q:5 M:5 F:5
  5822. [2, 4, 5, 8, 10, 11, 12, 14, 15, 17, 20, 21, 22, 23, 25]  Q:5 M:5 F:5
  5823. [2, 4, 5, 8, 10, 11, 12, 14, 15, 17, 20, 21, 23, 24, 25]  Q:5 M:5 F:5
  5824. [2, 4, 5, 8, 10, 11, 12, 14, 15, 20, 21, 22, 23, 24, 25]  Q:5 M:5 F:5
  5825. [2, 4, 5, 8, 10, 11, 14, 15, 17, 20, 21, 22, 23, 24, 25]  Q:5 M:5 F:5
  5826. [2, 4, 5, 10, 11, 12, 14, 15, 17, 20, 21, 22, 23, 24, 25]  Q:5 M:5 F:5
  5827. [2, 4, 5, 8, 10, 11, 12, 14, 16, 17, 20, 21, 22, 23, 24]  Q:5 M:5 F:5
  5828. [2, 4, 5, 8, 10, 11, 12, 14, 16, 17, 20, 21, 22, 23, 25]  Q:5 M:5 F:5
  5829. [2, 4, 5, 8, 10, 11, 12, 14, 16, 17, 20, 21, 23, 24, 25]  Q:5 M:5 F:5
  5830. [2, 4, 5, 8, 10, 11, 12, 14, 16, 20, 21, 22, 23, 24, 25]  Q:5 M:5 F:5
  5831. [2, 4, 5, 8, 10, 11, 14, 16, 17, 20, 21, 22, 23, 24, 25]  Q:5 M:5 F:5
  5832. [2, 4, 5, 10, 11, 12, 14, 16, 17, 20, 21, 22, 23, 24, 25]  Q:5 M:5 F:5
  5833. [2, 4, 5, 8, 10, 11, 12, 14, 17, 18, 20, 21, 22, 23, 24]  Q:5 M:5 F:5
  5834. [2, 4, 5, 8, 10, 11, 12, 14, 17, 18, 20, 21, 22, 23, 25]  Q:5 M:5 F:5
  5835. [2, 4, 5, 8, 10, 11, 12, 14, 17, 18, 20, 21, 23, 24, 25]  Q:5 M:5 F:5
  5836. [2, 4, 5, 8, 10, 11, 12, 14, 18, 20, 21, 22, 23, 24, 25]  Q:5 M:5 F:5
  5837. [2, 4, 5, 8, 10, 11, 14, 17, 18, 20, 21, 22, 23, 24, 25]  Q:5 M:5 F:5
  5838. [2, 4, 5, 10, 11, 12, 14, 17, 18, 20, 21, 22, 23, 24, 25]  Q:5 M:5 F:5
  5839. [2, 4, 5, 8, 10, 11, 12, 14, 17, 19, 20, 21, 22, 23, 24]  Q:5 M:5 F:5
  5840. [2, 4, 5, 8, 10, 11, 12, 14, 17, 19, 20, 21, 22, 23, 25]  Q:5 M:5 F:5
  5841. [2, 4, 5, 8, 10, 11, 12, 14, 17, 19, 20, 21, 23, 24, 25]  Q:5 M:5 F:5
  5842. [2, 4, 5, 8, 10, 11, 12, 14, 19, 20, 21, 22, 23, 24, 25]  Q:5 M:5 F:5
  5843. [2, 4, 5, 8, 10, 11, 14, 17, 19, 20, 21, 22, 23, 24, 25]  Q:5 M:5 F:5
  5844. [2, 4, 5, 10, 11, 12, 14, 17, 19, 20, 21, 22, 23, 24, 25]  Q:5 M:5 F:5
  5845. [2, 4, 5, 8, 10, 11, 12, 15, 16, 17, 20, 21, 22, 23, 24]  Q:5 M:5 F:5
  5846. [2, 4, 5, 8, 10, 11, 12, 15, 16, 17, 20, 21, 22, 23, 25]  Q:5 M:5 F:5
  5847. [2, 4, 5, 8, 10, 11, 12, 15, 16, 17, 20, 21, 23, 24, 25]  Q:5 M:5 F:5
  5848. [2, 4, 5, 8, 10, 11, 12, 15, 16, 20, 21, 22, 23, 24, 25]  Q:5 M:5 F:5
  5849. [2, 4, 5, 8, 10, 11, 15, 16, 17, 20, 21, 22, 23, 24, 25]  Q:5 M:5 F:5
  5850. [2, 4, 5, 10, 11, 12, 15, 16, 17, 20, 21, 22, 23, 24, 25]  Q:5 M:5 F:5
  5851. [2, 4, 5, 8, 10, 11, 12, 15, 17, 18, 20, 21, 22, 23, 24]  Q:5 M:5 F:5
  5852. [2, 4, 5, 8, 10, 11, 12, 15, 17, 18, 20, 21, 22, 23, 25]  Q:5 M:5 F:5
  5853. [2, 4, 5, 8, 10, 11, 12, 15, 17, 18, 20, 21, 23, 24, 25]  Q:5 M:5 F:5
  5854. [2, 4, 5, 8, 10, 11, 12, 15, 18, 20, 21, 22, 23, 24, 25]  Q:5 M:5 F:5
  5855. [2, 4, 5, 8, 10, 11, 15, 17, 18, 20, 21, 22, 23, 24, 25]  Q:5 M:5 F:5
  5856. [2, 4, 5, 10, 11, 12, 15, 17, 18, 20, 21, 22, 23, 24, 25]  Q:5 M:5 F:5
  5857. [2, 4, 5, 8, 10, 11, 12, 15, 17, 19, 20, 21, 22, 23, 24]  Q:5 M:5 F:5
  5858. [2, 4, 5, 8, 10, 11, 12, 15, 17, 19, 20, 21, 22, 23, 25]  Q:5 M:5 F:5
  5859. [2, 4, 5, 8, 10, 11, 12, 15, 17, 19, 20, 21, 23, 24, 25]  Q:5 M:5 F:5
  5860. [2, 4, 5, 8, 10, 11, 12, 15, 19, 20, 21, 22, 23, 24, 25]  Q:5 M:5 F:5
  5861. [2, 4, 5, 8, 10, 11, 15, 17, 19, 20, 21, 22, 23, 24, 25]  Q:5 M:5 F:5
  5862. [2, 4, 5, 10, 11, 12, 15, 17, 19, 20, 21, 22, 23, 24, 25]  Q:5 M:5 F:5
  5863. [2, 4, 5, 8, 10, 11, 12, 16, 17, 18, 20, 21, 22, 23, 24]  Q:5 M:5 F:5
  5864. [2, 4, 5, 8, 10, 11, 12, 16, 17, 18, 20, 21, 22, 23, 25]  Q:5 M:5 F:5
  5865. [2, 4, 5, 8, 10, 11, 12, 16, 17, 18, 20, 21, 23, 24, 25]  Q:5 M:5 F:5
  5866. [2, 4, 5, 8, 10, 11, 12, 16, 18, 20, 21, 22, 23, 24, 25]  Q:5 M:5 F:5
  5867. [2, 4, 5, 8, 10, 11, 16, 17, 18, 20, 21, 22, 23, 24, 25]  Q:5 M:5 F:5
  5868. [2, 4, 5, 10, 11, 12, 16, 17, 18, 20, 21, 22, 23, 24, 25]  Q:5 M:5 F:5
  5869. [2, 4, 5, 8, 10, 11, 12, 16, 17, 19, 20, 21, 22, 23, 24]  Q:5 M:5 F:5
  5870. [2, 4, 5, 8, 10, 11, 12, 16, 17, 19, 20, 21, 22, 23, 25]  Q:5 M:5 F:5
  5871. [2, 4, 5, 8, 10, 11, 12, 16, 17, 19, 20, 21, 23, 24, 25]  Q:5 M:5 F:5
  5872. [2, 4, 5, 8, 10, 11, 12, 16, 19, 20, 21, 22, 23, 24, 25]  Q:5 M:5 F:5
  5873. [2, 4, 5, 8, 10, 11, 16, 17, 19, 20, 21, 22, 23, 24, 25]  Q:5 M:5 F:5
  5874. [2, 4, 5, 10, 11, 12, 16, 17, 19, 20, 21, 22, 23, 24, 25]  Q:5 M:5 F:5
  5875. [2, 4, 5, 8, 10, 11, 12, 17, 18, 19, 20, 21, 22, 23, 24]  Q:5 M:5 F:5
  5876. [2, 4, 5, 8, 10, 11, 12, 17, 18, 19, 20, 21, 22, 23, 25]  Q:5 M:5 F:5
  5877. [2, 4, 5, 8, 10, 11, 12, 17, 18, 19, 20, 21, 23, 24, 25]  Q:5 M:5 F:5
  5878. [2, 4, 5, 8, 10, 11, 12, 18, 19, 20, 21, 22, 23, 24, 25]  Q:5 M:5 F:5
  5879. [2, 4, 5, 8, 10, 11, 17, 18, 19, 20, 21, 22, 23, 24, 25]  Q:5 M:5 F:5
  5880. [2, 4, 5, 10, 11, 12, 17, 18, 19, 20, 21, 22, 23, 24, 25]  Q:5 M:5 F:5
  5881. [2, 4, 5, 8, 10, 12, 13, 14, 15, 17, 20, 21, 22, 23, 24]  Q:5 M:5 F:5
  5882. [2, 4, 5, 8, 10, 12, 13, 14, 15, 17, 20, 21, 22, 23, 25]  Q:5 M:5 F:5
  5883. [2, 4, 5, 8, 10, 12, 13, 14, 15, 17, 20, 21, 23, 24, 25]  Q:5 M:5 F:5
  5884. [2, 4, 5, 8, 10, 12, 13, 14, 15, 20, 21, 22, 23, 24, 25]  Q:5 M:5 F:5
  5885. [2, 4, 5, 8, 10, 13, 14, 15, 17, 20, 21, 22, 23, 24, 25]  Q:5 M:5 F:5
  5886. [2, 4, 5, 10, 12, 13, 14, 15, 17, 20, 21, 22, 23, 24, 25]  Q:5 M:5 F:5
  5887. [2, 4, 5, 8, 10, 12, 13, 14, 16, 17, 20, 21, 22, 23, 24]  Q:5 M:5 F:5
  5888. [2, 4, 5, 8, 10, 12, 13, 14, 16, 17, 20, 21, 22, 23, 25]  Q:5 M:5 F:5
  5889. [2, 4, 5, 8, 10, 12, 13, 14, 16, 17, 20, 21, 23, 24, 25]  Q:5 M:5 F:5
  5890. [2, 4, 5, 8, 10, 12, 13, 14, 16, 20, 21, 22, 23, 24, 25]  Q:5 M:5 F:5
  5891. [2, 4, 5, 8, 10, 13, 14, 16, 17, 20, 21, 22, 23, 24, 25]  Q:5 M:5 F:5
  5892. [2, 4, 5, 10, 12, 13, 14, 16, 17, 20, 21, 22, 23, 24, 25]  Q:5 M:5 F:5
  5893. [2, 4, 5, 8, 10, 12, 13, 14, 17, 18, 20, 21, 22, 23, 24]  Q:5 M:5 F:5
  5894. [2, 4, 5, 8, 10, 12, 13, 14, 17, 18, 20, 21, 22, 23, 25]  Q:5 M:5 F:5
  5895. [2, 4, 5, 8, 10, 12, 13, 14, 17, 18, 20, 21, 23, 24, 25]  Q:5 M:5 F:5
  5896. [2, 4, 5, 8, 10, 12, 13, 14, 18, 20, 21, 22, 23, 24, 25]  Q:5 M:5 F:5
  5897. [2, 4, 5, 8, 10, 13, 14, 17, 18, 20, 21, 22, 23, 24, 25]  Q:5 M:5 F:5
  5898. [2, 4, 5, 10, 12, 13, 14, 17, 18, 20, 21, 22, 23, 24, 25]  Q:5 M:5 F:5
  5899. [2, 4, 5, 8, 10, 12, 13, 14, 17, 19, 20, 21, 22, 23, 24]  Q:5 M:5 F:5
  5900. [2, 4, 5, 8, 10, 12, 13, 14, 17, 19, 20, 21, 22, 23, 25]  Q:5 M:5 F:5
  5901. [2, 4, 5, 8, 10, 12, 13, 14, 17, 19, 20, 21, 23, 24, 25]  Q:5 M:5 F:5
  5902. [2, 4, 5, 8, 10, 12, 13, 14, 19, 20, 21, 22, 23, 24, 25]  Q:5 M:5 F:5
  5903. [2, 4, 5, 8, 10, 13, 14, 17, 19, 20, 21, 22, 23, 24, 25]  Q:5 M:5 F:5
  5904. [2, 4, 5, 10, 12, 13, 14, 17, 19, 20, 21, 22, 23, 24, 25]  Q:5 M:5 F:5
  5905. [2, 4, 5, 8, 10, 12, 13, 15, 16, 17, 20, 21, 22, 23, 24]  Q:5 M:5 F:5
  5906. [2, 4, 5, 8, 10, 12, 13, 15, 16, 17, 20, 21, 22, 23, 25]  Q:5 M:5 F:5
  5907. [2, 4, 5, 8, 10, 12, 13, 15, 16, 17, 20, 21, 23, 24, 25]  Q:5 M:5 F:5
  5908. [2, 4, 5, 8, 10, 12, 13, 15, 16, 20, 21, 22, 23, 24, 25]  Q:5 M:5 F:5
  5909. [2, 4, 5, 8, 10, 13, 15, 16, 17, 20, 21, 22, 23, 24, 25]  Q:5 M:5 F:5
  5910. [2, 4, 5, 10, 12, 13, 15, 16, 17, 20, 21, 22, 23, 24, 25]  Q:5 M:5 F:5
  5911. [2, 4, 5, 8, 10, 12, 13, 15, 17, 18, 20, 21, 22, 23, 24]  Q:5 M:5 F:5
  5912. [2, 4, 5, 8, 10, 12, 13, 15, 17, 18, 20, 21, 22, 23, 25]  Q:5 M:5 F:5
  5913. [2, 4, 5, 8, 10, 12, 13, 15, 17, 18, 20, 21, 23, 24, 25]  Q:5 M:5 F:5
  5914. [2, 4, 5, 8, 10, 12, 13, 15, 18, 20, 21, 22, 23, 24, 25]  Q:5 M:5 F:5
  5915. [2, 4, 5, 8, 10, 13, 15, 17, 18, 20, 21, 22, 23, 24, 25]  Q:5 M:5 F:5
  5916. [2, 4, 5, 10, 12, 13, 15, 17, 18, 20, 21, 22, 23, 24, 25]  Q:5 M:5 F:5
  5917. [2, 4, 5, 8, 10, 12, 13, 15, 17, 19, 20, 21, 22, 23, 24]  Q:5 M:5 F:5
  5918. [2, 4, 5, 8, 10, 12, 13, 15, 17, 19, 20, 21, 22, 23, 25]  Q:5 M:5 F:5
  5919. [2, 4, 5, 8, 10, 12, 13, 15, 17, 19, 20, 21, 23, 24, 25]  Q:5 M:5 F:5
  5920. [2, 4, 5, 8, 10, 12, 13, 15, 19, 20, 21, 22, 23, 24, 25]  Q:5 M:5 F:5
  5921. [2, 4, 5, 8, 10, 13, 15, 17, 19, 20, 21, 22, 23, 24, 25]  Q:5 M:5 F:5
  5922. [2, 4, 5, 10, 12, 13, 15, 17, 19, 20, 21, 22, 23, 24, 25]  Q:5 M:5 F:5
  5923. [2, 4, 5, 8, 10, 12, 13, 16, 17, 18, 20, 21, 22, 23, 24]  Q:5 M:5 F:5
  5924. [2, 4, 5, 8, 10, 12, 13, 16, 17, 18, 20, 21, 22, 23, 25]  Q:5 M:5 F:5
  5925. [2, 4, 5, 8, 10, 12, 13, 16, 17, 18, 20, 21, 23, 24, 25]  Q:5 M:5 F:5
  5926. [2, 4, 5, 8, 10, 12, 13, 16, 18, 20, 21, 22, 23, 24, 25]  Q:5 M:5 F:5
  5927. [2, 4, 5, 8, 10, 13, 16, 17, 18, 20, 21, 22, 23, 24, 25]  Q:5 M:5 F:5
  5928. [2, 4, 5, 10, 12, 13, 16, 17, 18, 20, 21, 22, 23, 24, 25]  Q:5 M:5 F:5
  5929. [2, 4, 5, 8, 10, 12, 13, 16, 17, 19, 20, 21, 22, 23, 24]  Q:5 M:5 F:5
  5930. [2, 4, 5, 8, 10, 12, 13, 16, 17, 19, 20, 21, 22, 23, 25]  Q:5 M:5 F:5
  5931. [2, 4, 5, 8, 10, 12, 13, 16, 17, 19, 20, 21, 23, 24, 25]  Q:5 M:5 F:5
  5932. [2, 4, 5, 8, 10, 12, 13, 16, 19, 20, 21, 22, 23, 24, 25]  Q:5 M:5 F:5
  5933. [2, 4, 5, 8, 10, 13, 16, 17, 19, 20, 21, 22, 23, 24, 25]  Q:5 M:5 F:5
  5934. [2, 4, 5, 10, 12, 13, 16, 17, 19, 20, 21, 22, 23, 24, 25]  Q:5 M:5 F:5
  5935. [2, 4, 5, 8, 10, 12, 13, 17, 18, 19, 20, 21, 22, 23, 24]  Q:5 M:5 F:5
  5936. [2, 4, 5, 8, 10, 12, 13, 17, 18, 19, 20, 21, 22, 23, 25]  Q:5 M:5 F:5
  5937. [2, 4, 5, 8, 10, 12, 13, 17, 18, 19, 20, 21, 23, 24, 25]  Q:5 M:5 F:5
  5938. [2, 4, 5, 8, 10, 12, 13, 18, 19, 20, 21, 22, 23, 24, 25]  Q:5 M:5 F:5
  5939. [2, 4, 5, 8, 10, 13, 17, 18, 19, 20, 21, 22, 23, 24, 25]  Q:5 M:5 F:5
  5940. [2, 4, 5, 10, 12, 13, 17, 18, 19, 20, 21, 22, 23, 24, 25]  Q:5 M:5 F:5
  5941. [2, 4, 5, 8, 10, 12, 14, 15, 16, 17, 20, 21, 22, 23, 24]  Q:5 M:5 F:5
  5942. [2, 4, 5, 8, 10, 12, 14, 15, 16, 17, 20, 21, 22, 23, 25]  Q:5 M:5 F:5
  5943. [2, 4, 5, 8, 10, 12, 14, 15, 16, 17, 20, 21, 23, 24, 25]  Q:5 M:5 F:5
  5944. [2, 4, 5, 8, 10, 12, 14, 15, 16, 20, 21, 22, 23, 24, 25]  Q:5 M:5 F:5
  5945. [2, 4, 5, 8, 10, 14, 15, 16, 17, 20, 21, 22, 23, 24, 25]  Q:5 M:5 F:5
  5946. [2, 4, 5, 10, 12, 14, 15, 16, 17, 20, 21, 22, 23, 24, 25]  Q:5 M:5 F:5
  5947. [2, 4, 5, 8, 10, 12, 14, 15, 17, 18, 20, 21, 22, 23, 24]  Q:5 M:5 F:5
  5948. [2, 4, 5, 8, 10, 12, 14, 15, 17, 18, 20, 21, 22, 23, 25]  Q:5 M:5 F:5
  5949. [2, 4, 5, 8, 10, 12, 14, 15, 17, 18, 20, 21, 23, 24, 25]  Q:5 M:5 F:5
  5950. [2, 4, 5, 8, 10, 12, 14, 15, 18, 20, 21, 22, 23, 24, 25]  Q:5 M:5 F:5
  5951. [2, 4, 5, 8, 10, 14, 15, 17, 18, 20, 21, 22, 23, 24, 25]  Q:5 M:5 F:5
  5952. [2, 4, 5, 10, 12, 14, 15, 17, 18, 20, 21, 22, 23, 24, 25]  Q:5 M:5 F:5
  5953. [2, 4, 5, 8, 10, 12, 14, 15, 17, 19, 20, 21, 22, 23, 24]  Q:5 M:5 F:5
  5954. [2, 4, 5, 8, 10, 12, 14, 15, 17, 19, 20, 21, 22, 23, 25]  Q:5 M:5 F:5
  5955. [2, 4, 5, 8, 10, 12, 14, 15, 17, 19, 20, 21, 23, 24, 25]  Q:5 M:5 F:5
  5956. [2, 4, 5, 8, 10, 12, 14, 15, 19, 20, 21, 22, 23, 24, 25]  Q:5 M:5 F:5
  5957. [2, 4, 5, 8, 10, 14, 15, 17, 19, 20, 21, 22, 23, 24, 25]  Q:5 M:5 F:5
  5958. [2, 4, 5, 10, 12, 14, 15, 17, 19, 20, 21, 22, 23, 24, 25]  Q:5 M:5 F:5
  5959. [2, 4, 5, 8, 10, 12, 14, 16, 17, 18, 20, 21, 22, 23, 24]  Q:5 M:5 F:5
  5960. [2, 4, 5, 8, 10, 12, 14, 16, 17, 18, 20, 21, 22, 23, 25]  Q:5 M:5 F:5
  5961. [2, 4, 5, 8, 10, 12, 14, 16, 17, 18, 20, 21, 23, 24, 25]  Q:5 M:5 F:5
  5962. [2, 4, 5, 8, 10, 12, 14, 16, 18, 20, 21, 22, 23, 24, 25]  Q:5 M:5 F:5
  5963. [2, 4, 5, 8, 10, 14, 16, 17, 18, 20, 21, 22, 23, 24, 25]  Q:5 M:5 F:5
  5964. [2, 4, 5, 10, 12, 14, 16, 17, 18, 20, 21, 22, 23, 24, 25]  Q:5 M:5 F:5
  5965. [2, 4, 5, 8, 10, 12, 14, 16, 17, 19, 20, 21, 22, 23, 24]  Q:5 M:5 F:5
  5966. [2, 4, 5, 8, 10, 12, 14, 16, 17, 19, 20, 21, 22, 23, 25]  Q:5 M:5 F:5
  5967. [2, 4, 5, 8, 10, 12, 14, 16, 17, 19, 20, 21, 23, 24, 25]  Q:5 M:5 F:5
  5968. [2, 4, 5, 8, 10, 12, 14, 16, 19, 20, 21, 22, 23, 24, 25]  Q:5 M:5 F:5
  5969. [2, 4, 5, 8, 10, 14, 16, 17, 19, 20, 21, 22, 23, 24, 25]  Q:5 M:5 F:5
  5970. [2, 4, 5, 10, 12, 14, 16, 17, 19, 20, 21, 22, 23, 24, 25]  Q:5 M:5 F:5
  5971. [2, 4, 5, 8, 10, 12, 14, 17, 18, 19, 20, 21, 22, 23, 24]  Q:5 M:5 F:5
  5972. [2, 4, 5, 8, 10, 12, 14, 17, 18, 19, 20, 21, 22, 23, 25]  Q:5 M:5 F:5
  5973. [2, 4, 5, 8, 10, 12, 14, 17, 18, 19, 20, 21, 23, 24, 25]  Q:5 M:5 F:5
  5974. [2, 4, 5, 8, 10, 12, 14, 18, 19, 20, 21, 22, 23, 24, 25]  Q:5 M:5 F:5
  5975. [2, 4, 5, 8, 10, 14, 17, 18, 19, 20, 21, 22, 23, 24, 25]  Q:5 M:5 F:5
  5976. [2, 4, 5, 10, 12, 14, 17, 18, 19, 20, 21, 22, 23, 24, 25]  Q:5 M:5 F:5
  5977. [2, 4, 5, 8, 10, 12, 15, 16, 17, 18, 20, 21, 22, 23, 24]  Q:5 M:5 F:5
  5978. [2, 4, 5, 8, 10, 12, 15, 16, 17, 18, 20, 21, 22, 23, 25]  Q:5 M:5 F:5
  5979. [2, 4, 5, 8, 10, 12, 15, 16, 17, 18, 20, 21, 23, 24, 25]  Q:5 M:5 F:5
  5980. [2, 4, 5, 8, 10, 12, 15, 16, 18, 20, 21, 22, 23, 24, 25]  Q:5 M:5 F:5
  5981. [2, 4, 5, 8, 10, 15, 16, 17, 18, 20, 21, 22, 23, 24, 25]  Q:5 M:5 F:5
  5982. [2, 4, 5, 10, 12, 15, 16, 17, 18, 20, 21, 22, 23, 24, 25]  Q:5 M:5 F:5
  5983. [2, 4, 5, 8, 10, 12, 15, 16, 17, 19, 20, 21, 22, 23, 24]  Q:5 M:5 F:5
  5984. [2, 4, 5, 8, 10, 12, 15, 16, 17, 19, 20, 21, 22, 23, 25]  Q:5 M:5 F:5
  5985. [2, 4, 5, 8, 10, 12, 15, 16, 17, 19, 20, 21, 23, 24, 25]  Q:5 M:5 F:5
  5986. [2, 4, 5, 8, 10, 12, 15, 16, 19, 20, 21, 22, 23, 24, 25]  Q:5 M:5 F:5
  5987. [2, 4, 5, 8, 10, 15, 16, 17, 19, 20, 21, 22, 23, 24, 25]  Q:5 M:5 F:5
  5988. [2, 4, 5, 10, 12, 15, 16, 17, 19, 20, 21, 22, 23, 24, 25]  Q:5 M:5 F:5
  5989. [2, 4, 5, 8, 10, 12, 15, 17, 18, 19, 20, 21, 22, 23, 24]  Q:5 M:5 F:5
  5990. [2, 4, 5, 8, 10, 12, 15, 17, 18, 19, 20, 21, 22, 23, 25]  Q:5 M:5 F:5
  5991. [2, 4, 5, 8, 10, 12, 15, 17, 18, 19, 20, 21, 23, 24, 25]  Q:5 M:5 F:5
  5992. [2, 4, 5, 8, 10, 12, 15, 18, 19, 20, 21, 22, 23, 24, 25]  Q:5 M:5 F:5
  5993. [2, 4, 5, 8, 10, 15, 17, 18, 19, 20, 21, 22, 23, 24, 25]  Q:5 M:5 F:5
  5994. [2, 4, 5, 10, 12, 15, 17, 18, 19, 20, 21, 22, 23, 24, 25]  Q:5 M:5 F:5
  5995. [2, 4, 5, 8, 10, 12, 16, 17, 18, 19, 20, 21, 22, 23, 24]  Q:5 M:5 F:5
  5996. [2, 4, 5, 8, 10, 12, 16, 17, 18, 19, 20, 21, 22, 23, 25]  Q:5 M:5 F:5
  5997. [2, 4, 5, 8, 10, 12, 16, 17, 18, 19, 20, 21, 23, 24, 25]  Q:5 M:5 F:5
  5998. [2, 4, 5, 8, 10, 12, 16, 18, 19, 20, 21, 22, 23, 24, 25]  Q:5 M:5 F:5
  5999. [2, 4, 5, 8, 10, 16, 17, 18, 19, 20, 21, 22, 23, 24, 25]  Q:5 M:5 F:5
  6000. [2, 4, 5, 10, 12, 16, 17, 18, 19, 20, 21, 22, 23, 24, 25]  Q:5 M:5 F:5
  6001. [2, 5, 6, 7, 8, 9, 10, 11, 12, 17, 20, 21, 22, 23, 24]   Q:5 M:5 F:5
  6002. [2, 5, 6, 7, 8, 9, 10, 11, 12, 17, 20, 21, 22, 23, 25]   Q:5 M:5 F:5
  6003. [2, 5, 6, 7, 8, 9, 10, 11, 12, 17, 20, 21, 23, 24, 25]   Q:5 M:5 F:5
  6004. [2, 5, 6, 7, 8, 9, 10, 11, 12, 20, 21, 22, 23, 24, 25]   Q:5 M:5 F:5
  6005. [2, 5, 6, 7, 8, 9, 10, 11, 17, 20, 21, 22, 23, 24, 25]   Q:5 M:5 F:5
  6006. [2, 5, 6, 7, 9, 10, 11, 12, 17, 20, 21, 22, 23, 24, 25]  Q:5 M:5 F:5
  6007. [2, 5, 6, 7, 8, 9, 10, 12, 13, 17, 20, 21, 22, 23, 24]   Q:5 M:5 F:5
  6008. [2, 5, 6, 7, 8, 9, 10, 12, 13, 17, 20, 21, 22, 23, 25]   Q:5 M:5 F:5
  6009. [2, 5, 6, 7, 8, 9, 10, 12, 13, 17, 20, 21, 23, 24, 25]   Q:5 M:5 F:5
  6010. [2, 5, 6, 7, 8, 9, 10, 12, 13, 20, 21, 22, 23, 24, 25]   Q:5 M:5 F:5
  6011. [2, 5, 6, 7, 8, 9, 10, 13, 17, 20, 21, 22, 23, 24, 25]   Q:5 M:5 F:5
  6012. [2, 5, 6, 7, 9, 10, 12, 13, 17, 20, 21, 22, 23, 24, 25]  Q:5 M:5 F:5
  6013. [2, 5, 6, 7, 8, 9, 10, 12, 14, 17, 20, 21, 22, 23, 24]   Q:5 M:5 F:5
  6014. [2, 5, 6, 7, 8, 9, 10, 12, 14, 17, 20, 21, 22, 23, 25]   Q:5 M:5 F:5
  6015. [2, 5, 6, 7, 8, 9, 10, 12, 14, 17, 20, 21, 23, 24, 25]   Q:5 M:5 F:5
  6016. [2, 5, 6, 7, 8, 9, 10, 12, 14, 20, 21, 22, 23, 24, 25]   Q:5 M:5 F:5
  6017. [2, 5, 6, 7, 8, 9, 10, 14, 17, 20, 21, 22, 23, 24, 25]   Q:5 M:5 F:5
  6018. [2, 5, 6, 7, 9, 10, 12, 14, 17, 20, 21, 22, 23, 24, 25]  Q:5 M:5 F:5
  6019. [2, 5, 6, 7, 8, 9, 10, 12, 15, 17, 20, 21, 22, 23, 24]   Q:5 M:5 F:5
  6020. [2, 5, 6, 7, 8, 9, 10, 12, 15, 17, 20, 21, 22, 23, 25]   Q:5 M:5 F:5
  6021. [2, 5, 6, 7, 8, 9, 10, 12, 15, 17, 20, 21, 23, 24, 25]   Q:5 M:5 F:5
  6022. [2, 5, 6, 7, 8, 9, 10, 12, 15, 20, 21, 22, 23, 24, 25]   Q:5 M:5 F:5
  6023. [2, 5, 6, 7, 8, 9, 10, 15, 17, 20, 21, 22, 23, 24, 25]   Q:5 M:5 F:5
  6024. [2, 5, 6, 7, 9, 10, 12, 15, 17, 20, 21, 22, 23, 24, 25]  Q:5 M:5 F:5
  6025. [2, 5, 6, 7, 8, 9, 10, 12, 16, 17, 20, 21, 22, 23, 24]   Q:5 M:5 F:5
  6026. [2, 5, 6, 7, 8, 9, 10, 12, 16, 17, 20, 21, 22, 23, 25]   Q:5 M:5 F:5
  6027. [2, 5, 6, 7, 8, 9, 10, 12, 16, 17, 20, 21, 23, 24, 25]   Q:5 M:5 F:5
  6028. [2, 5, 6, 7, 8, 9, 10, 12, 16, 20, 21, 22, 23, 24, 25]   Q:5 M:5 F:5
  6029. [2, 5, 6, 7, 8, 9, 10, 16, 17, 20, 21, 22, 23, 24, 25]   Q:5 M:5 F:5
  6030. [2, 5, 6, 7, 9, 10, 12, 16, 17, 20, 21, 22, 23, 24, 25]  Q:5 M:5 F:5
  6031. [2, 5, 6, 7, 8, 9, 10, 12, 17, 18, 20, 21, 22, 23, 24]   Q:5 M:5 F:5
  6032. [2, 5, 6, 7, 8, 9, 10, 12, 17, 18, 20, 21, 22, 23, 25]   Q:5 M:5 F:5
  6033. [2, 5, 6, 7, 8, 9, 10, 12, 17, 18, 20, 21, 23, 24, 25]   Q:5 M:5 F:5
  6034. [2, 5, 6, 7, 8, 9, 10, 12, 18, 20, 21, 22, 23, 24, 25]   Q:5 M:5 F:5
  6035. [2, 5, 6, 7, 8, 9, 10, 17, 18, 20, 21, 22, 23, 24, 25]   Q:5 M:5 F:5
  6036. [2, 5, 6, 7, 9, 10, 12, 17, 18, 20, 21, 22, 23, 24, 25]  Q:5 M:5 F:5
  6037. [2, 5, 6, 7, 8, 9, 10, 12, 17, 19, 20, 21, 22, 23, 24]   Q:5 M:5 F:5
  6038. [2, 5, 6, 7, 8, 9, 10, 12, 17, 19, 20, 21, 22, 23, 25]   Q:5 M:5 F:5
  6039. [2, 5, 6, 7, 8, 9, 10, 12, 17, 19, 20, 21, 23, 24, 25]   Q:5 M:5 F:5
  6040. [2, 5, 6, 7, 8, 9, 10, 12, 19, 20, 21, 22, 23, 24, 25]   Q:5 M:5 F:5
  6041. [2, 5, 6, 7, 8, 9, 10, 17, 19, 20, 21, 22, 23, 24, 25]   Q:5 M:5 F:5
  6042. [2, 5, 6, 7, 9, 10, 12, 17, 19, 20, 21, 22, 23, 24, 25]  Q:5 M:5 F:5
  6043. [2, 5, 6, 7, 8, 10, 11, 12, 13, 17, 20, 21, 22, 23, 24]  Q:5 M:5 F:5
  6044. [2, 5, 6, 7, 8, 10, 11, 12, 13, 17, 20, 21, 22, 23, 25]  Q:5 M:5 F:5
  6045. [2, 5, 6, 7, 8, 10, 11, 12, 13, 17, 20, 21, 23, 24, 25]  Q:5 M:5 F:5
  6046. [2, 5, 6, 7, 8, 10, 11, 12, 13, 20, 21, 22, 23, 24, 25]  Q:5 M:5 F:5
  6047. [2, 5, 6, 7, 8, 10, 11, 13, 17, 20, 21, 22, 23, 24, 25]  Q:5 M:5 F:5
  6048. [2, 5, 6, 7, 10, 11, 12, 13, 17, 20, 21, 22, 23, 24, 25]  Q:5 M:5 F:5
  6049. [2, 5, 6, 7, 8, 10, 11, 12, 14, 17, 20, 21, 22, 23, 24]  Q:5 M:5 F:5
  6050. [2, 5, 6, 7, 8, 10, 11, 12, 14, 17, 20, 21, 22, 23, 25]  Q:5 M:5 F:5
  6051. [2, 5, 6, 7, 8, 10, 11, 12, 14, 17, 20, 21, 23, 24, 25]  Q:5 M:5 F:5
  6052. [2, 5, 6, 7, 8, 10, 11, 12, 14, 20, 21, 22, 23, 24, 25]  Q:5 M:5 F:5
  6053. [2, 5, 6, 7, 8, 10, 11, 14, 17, 20, 21, 22, 23, 24, 25]  Q:5 M:5 F:5
  6054. [2, 5, 6, 7, 10, 11, 12, 14, 17, 20, 21, 22, 23, 24, 25]  Q:5 M:5 F:5
  6055. [2, 5, 6, 7, 8, 10, 11, 12, 15, 17, 20, 21, 22, 23, 24]  Q:5 M:5 F:5
  6056. [2, 5, 6, 7, 8, 10, 11, 12, 15, 17, 20, 21, 22, 23, 25]  Q:5 M:5 F:5
  6057. [2, 5, 6, 7, 8, 10, 11, 12, 15, 17, 20, 21, 23, 24, 25]  Q:5 M:5 F:5
  6058. [2, 5, 6, 7, 8, 10, 11, 12, 15, 20, 21, 22, 23, 24, 25]  Q:5 M:5 F:5
  6059. [2, 5, 6, 7, 8, 10, 11, 15, 17, 20, 21, 22, 23, 24, 25]  Q:5 M:5 F:5
  6060. [2, 5, 6, 7, 10, 11, 12, 15, 17, 20, 21, 22, 23, 24, 25]  Q:5 M:5 F:5
  6061. [2, 5, 6, 7, 8, 10, 11, 12, 16, 17, 20, 21, 22, 23, 24]  Q:5 M:5 F:5
  6062. [2, 5, 6, 7, 8, 10, 11, 12, 16, 17, 20, 21, 22, 23, 25]  Q:5 M:5 F:5
  6063. [2, 5, 6, 7, 8, 10, 11, 12, 16, 17, 20, 21, 23, 24, 25]  Q:5 M:5 F:5
  6064. [2, 5, 6, 7, 8, 10, 11, 12, 16, 20, 21, 22, 23, 24, 25]  Q:5 M:5 F:5
  6065. [2, 5, 6, 7, 8, 10, 11, 16, 17, 20, 21, 22, 23, 24, 25]  Q:5 M:5 F:5
  6066. [2, 5, 6, 7, 10, 11, 12, 16, 17, 20, 21, 22, 23, 24, 25]  Q:5 M:5 F:5
  6067. [2, 5, 6, 7, 8, 10, 11, 12, 17, 18, 20, 21, 22, 23, 24]  Q:5 M:5 F:5
  6068. [2, 5, 6, 7, 8, 10, 11, 12, 17, 18, 20, 21, 22, 23, 25]  Q:5 M:5 F:5
  6069. [2, 5, 6, 7, 8, 10, 11, 12, 17, 18, 20, 21, 23, 24, 25]  Q:5 M:5 F:5
  6070. [2, 5, 6, 7, 8, 10, 11, 12, 18, 20, 21, 22, 23, 24, 25]  Q:5 M:5 F:5
  6071. [2, 5, 6, 7, 8, 10, 11, 17, 18, 20, 21, 22, 23, 24, 25]  Q:5 M:5 F:5
  6072. [2, 5, 6, 7, 10, 11, 12, 17, 18, 20, 21, 22, 23, 24, 25]  Q:5 M:5 F:5
  6073. [2, 5, 6, 7, 8, 10, 11, 12, 17, 19, 20, 21, 22, 23, 24]  Q:5 M:5 F:5
  6074. [2, 5, 6, 7, 8, 10, 11, 12, 17, 19, 20, 21, 22, 23, 25]  Q:5 M:5 F:5
  6075. [2, 5, 6, 7, 8, 10, 11, 12, 17, 19, 20, 21, 23, 24, 25]  Q:5 M:5 F:5
  6076. [2, 5, 6, 7, 8, 10, 11, 12, 19, 20, 21, 22, 23, 24, 25]  Q:5 M:5 F:5
  6077. [2, 5, 6, 7, 8, 10, 11, 17, 19, 20, 21, 22, 23, 24, 25]  Q:5 M:5 F:5
  6078. [2, 5, 6, 7, 10, 11, 12, 17, 19, 20, 21, 22, 23, 24, 25]  Q:5 M:5 F:5
  6079. [2, 5, 6, 7, 8, 10, 12, 13, 14, 17, 20, 21, 22, 23, 24]  Q:5 M:5 F:5
  6080. [2, 5, 6, 7, 8, 10, 12, 13, 14, 17, 20, 21, 22, 23, 25]  Q:5 M:5 F:5
  6081. [2, 5, 6, 7, 8, 10, 12, 13, 14, 17, 20, 21, 23, 24, 25]  Q:5 M:5 F:5
  6082. [2, 5, 6, 7, 8, 10, 12, 13, 14, 20, 21, 22, 23, 24, 25]  Q:5 M:5 F:5
  6083. [2, 5, 6, 7, 8, 10, 13, 14, 17, 20, 21, 22, 23, 24, 25]  Q:5 M:5 F:5
  6084. [2, 5, 6, 7, 10, 12, 13, 14, 17, 20, 21, 22, 23, 24, 25]  Q:5 M:5 F:5
  6085. [2, 5, 6, 7, 8, 10, 12, 13, 15, 17, 20, 21, 22, 23, 24]  Q:5 M:5 F:5
  6086. [2, 5, 6, 7, 8, 10, 12, 13, 15, 17, 20, 21, 22, 23, 25]  Q:5 M:5 F:5
  6087. [2, 5, 6, 7, 8, 10, 12, 13, 15, 17, 20, 21, 23, 24, 25]  Q:5 M:5 F:5
  6088. [2, 5, 6, 7, 8, 10, 12, 13, 15, 20, 21, 22, 23, 24, 25]  Q:5 M:5 F:5
  6089. [2, 5, 6, 7, 8, 10, 13, 15, 17, 20, 21, 22, 23, 24, 25]  Q:5 M:5 F:5
  6090. [2, 5, 6, 7, 10, 12, 13, 15, 17, 20, 21, 22, 23, 24, 25]  Q:5 M:5 F:5
  6091. [2, 5, 6, 7, 8, 10, 12, 13, 16, 17, 20, 21, 22, 23, 24]  Q:5 M:5 F:5
  6092. [2, 5, 6, 7, 8, 10, 12, 13, 16, 17, 20, 21, 22, 23, 25]  Q:5 M:5 F:5
  6093. [2, 5, 6, 7, 8, 10, 12, 13, 16, 17, 20, 21, 23, 24, 25]  Q:5 M:5 F:5
  6094. [2, 5, 6, 7, 8, 10, 12, 13, 16, 20, 21, 22, 23, 24, 25]  Q:5 M:5 F:5
  6095. [2, 5, 6, 7, 8, 10, 13, 16, 17, 20, 21, 22, 23, 24, 25]  Q:5 M:5 F:5
  6096. [2, 5, 6, 7, 10, 12, 13, 16, 17, 20, 21, 22, 23, 24, 25]  Q:5 M:5 F:5
  6097. [2, 5, 6, 7, 8, 10, 12, 13, 17, 18, 20, 21, 22, 23, 24]  Q:5 M:5 F:5
  6098. [2, 5, 6, 7, 8, 10, 12, 13, 17, 18, 20, 21, 22, 23, 25]  Q:5 M:5 F:5
  6099. [2, 5, 6, 7, 8, 10, 12, 13, 17, 18, 20, 21, 23, 24, 25]  Q:5 M:5 F:5
  6100. [2, 5, 6, 7, 8, 10, 12, 13, 18, 20, 21, 22, 23, 24, 25]  Q:5 M:5 F:5
  6101. [2, 5, 6, 7, 8, 10, 13, 17, 18, 20, 21, 22, 23, 24, 25]  Q:5 M:5 F:5
  6102. [2, 5, 6, 7, 10, 12, 13, 17, 18, 20, 21, 22, 23, 24, 25]  Q:5 M:5 F:5
  6103. [2, 5, 6, 7, 8, 10, 12, 13, 17, 19, 20, 21, 22, 23, 24]  Q:5 M:5 F:5
  6104. [2, 5, 6, 7, 8, 10, 12, 13, 17, 19, 20, 21, 22, 23, 25]  Q:5 M:5 F:5
  6105. [2, 5, 6, 7, 8, 10, 12, 13, 17, 19, 20, 21, 23, 24, 25]  Q:5 M:5 F:5
  6106. [2, 5, 6, 7, 8, 10, 12, 13, 19, 20, 21, 22, 23, 24, 25]  Q:5 M:5 F:5
  6107. [2, 5, 6, 7, 8, 10, 13, 17, 19, 20, 21, 22, 23, 24, 25]  Q:5 M:5 F:5
  6108. [2, 5, 6, 7, 10, 12, 13, 17, 19, 20, 21, 22, 23, 24, 25]  Q:5 M:5 F:5
  6109. [2, 5, 6, 7, 8, 10, 12, 14, 15, 17, 20, 21, 22, 23, 24]  Q:5 M:5 F:5
  6110. [2, 5, 6, 7, 8, 10, 12, 14, 15, 17, 20, 21, 22, 23, 25]  Q:5 M:5 F:5
  6111. [2, 5, 6, 7, 8, 10, 12, 14, 15, 17, 20, 21, 23, 24, 25]  Q:5 M:5 F:5
  6112. [2, 5, 6, 7, 8, 10, 12, 14, 15, 20, 21, 22, 23, 24, 25]  Q:5 M:5 F:5
  6113. [2, 5, 6, 7, 8, 10, 14, 15, 17, 20, 21, 22, 23, 24, 25]  Q:5 M:5 F:5
  6114. [2, 5, 6, 7, 10, 12, 14, 15, 17, 20, 21, 22, 23, 24, 25]  Q:5 M:5 F:5
  6115. [2, 5, 6, 7, 8, 10, 12, 14, 16, 17, 20, 21, 22, 23, 24]  Q:5 M:5 F:5
  6116. [2, 5, 6, 7, 8, 10, 12, 14, 16, 17, 20, 21, 22, 23, 25]  Q:5 M:5 F:5
  6117. [2, 5, 6, 7, 8, 10, 12, 14, 16, 17, 20, 21, 23, 24, 25]  Q:5 M:5 F:5
  6118. [2, 5, 6, 7, 8, 10, 12, 14, 16, 20, 21, 22, 23, 24, 25]  Q:5 M:5 F:5
  6119. [2, 5, 6, 7, 8, 10, 14, 16, 17, 20, 21, 22, 23, 24, 25]  Q:5 M:5 F:5
  6120. [2, 5, 6, 7, 10, 12, 14, 16, 17, 20, 21, 22, 23, 24, 25]  Q:5 M:5 F:5
  6121. [2, 5, 6, 7, 8, 10, 12, 14, 17, 18, 20, 21, 22, 23, 24]  Q:5 M:5 F:5
  6122. [2, 5, 6, 7, 8, 10, 12, 14, 17, 18, 20, 21, 22, 23, 25]  Q:5 M:5 F:5
  6123. [2, 5, 6, 7, 8, 10, 12, 14, 17, 18, 20, 21, 23, 24, 25]  Q:5 M:5 F:5
  6124. [2, 5, 6, 7, 8, 10, 12, 14, 18, 20, 21, 22, 23, 24, 25]  Q:5 M:5 F:5
  6125. [2, 5, 6, 7, 8, 10, 14, 17, 18, 20, 21, 22, 23, 24, 25]  Q:5 M:5 F:5
  6126. [2, 5, 6, 7, 10, 12, 14, 17, 18, 20, 21, 22, 23, 24, 25]  Q:5 M:5 F:5
  6127. [2, 5, 6, 7, 8, 10, 12, 14, 17, 19, 20, 21, 22, 23, 24]  Q:5 M:5 F:5
  6128. [2, 5, 6, 7, 8, 10, 12, 14, 17, 19, 20, 21, 22, 23, 25]  Q:5 M:5 F:5
  6129. [2, 5, 6, 7, 8, 10, 12, 14, 17, 19, 20, 21, 23, 24, 25]  Q:5 M:5 F:5
  6130. [2, 5, 6, 7, 8, 10, 12, 14, 19, 20, 21, 22, 23, 24, 25]  Q:5 M:5 F:5
  6131. [2, 5, 6, 7, 8, 10, 14, 17, 19, 20, 21, 22, 23, 24, 25]  Q:5 M:5 F:5
  6132. [2, 5, 6, 7, 10, 12, 14, 17, 19, 20, 21, 22, 23, 24, 25]  Q:5 M:5 F:5
  6133. [2, 5, 6, 7, 8, 10, 12, 15, 16, 17, 20, 21, 22, 23, 24]  Q:5 M:5 F:5
  6134. [2, 5, 6, 7, 8, 10, 12, 15, 16, 17, 20, 21, 22, 23, 25]  Q:5 M:5 F:5
  6135. [2, 5, 6, 7, 8, 10, 12, 15, 16, 17, 20, 21, 23, 24, 25]  Q:5 M:5 F:5
  6136. [2, 5, 6, 7, 8, 10, 12, 15, 16, 20, 21, 22, 23, 24, 25]  Q:5 M:5 F:5
  6137. [2, 5, 6, 7, 8, 10, 15, 16, 17, 20, 21, 22, 23, 24, 25]  Q:5 M:5 F:5
  6138. [2, 5, 6, 7, 10, 12, 15, 16, 17, 20, 21, 22, 23, 24, 25]  Q:5 M:5 F:5
  6139. [2, 5, 6, 7, 8, 10, 12, 15, 17, 18, 20, 21, 22, 23, 24]  Q:5 M:5 F:5
  6140. [2, 5, 6, 7, 8, 10, 12, 15, 17, 18, 20, 21, 22, 23, 25]  Q:5 M:5 F:5
  6141. [2, 5, 6, 7, 8, 10, 12, 15, 17, 18, 20, 21, 23, 24, 25]  Q:5 M:5 F:5
  6142. [2, 5, 6, 7, 8, 10, 12, 15, 18, 20, 21, 22, 23, 24, 25]  Q:5 M:5 F:5
  6143. [2, 5, 6, 7, 8, 10, 15, 17, 18, 20, 21, 22, 23, 24, 25]  Q:5 M:5 F:5
  6144. [2, 5, 6, 7, 10, 12, 15, 17, 18, 20, 21, 22, 23, 24, 25]  Q:5 M:5 F:5
  6145. [2, 5, 6, 7, 8, 10, 12, 15, 17, 19, 20, 21, 22, 23, 24]  Q:5 M:5 F:5
  6146. [2, 5, 6, 7, 8, 10, 12, 15, 17, 19, 20, 21, 22, 23, 25]  Q:5 M:5 F:5
  6147. [2, 5, 6, 7, 8, 10, 12, 15, 17, 19, 20, 21, 23, 24, 25]  Q:5 M:5 F:5
  6148. [2, 5, 6, 7, 8, 10, 12, 15, 19, 20, 21, 22, 23, 24, 25]  Q:5 M:5 F:5
  6149. [2, 5, 6, 7, 8, 10, 15, 17, 19, 20, 21, 22, 23, 24, 25]  Q:5 M:5 F:5
  6150. [2, 5, 6, 7, 10, 12, 15, 17, 19, 20, 21, 22, 23, 24, 25]  Q:5 M:5 F:5
  6151. [2, 5, 6, 7, 8, 10, 12, 16, 17, 18, 20, 21, 22, 23, 24]  Q:5 M:5 F:5
  6152. [2, 5, 6, 7, 8, 10, 12, 16, 17, 18, 20, 21, 22, 23, 25]  Q:5 M:5 F:5
  6153. [2, 5, 6, 7, 8, 10, 12, 16, 17, 18, 20, 21, 23, 24, 25]  Q:5 M:5 F:5
  6154. [2, 5, 6, 7, 8, 10, 12, 16, 18, 20, 21, 22, 23, 24, 25]  Q:5 M:5 F:5
  6155. [2, 5, 6, 7, 8, 10, 16, 17, 18, 20, 21, 22, 23, 24, 25]  Q:5 M:5 F:5
  6156. [2, 5, 6, 7, 10, 12, 16, 17, 18, 20, 21, 22, 23, 24, 25]  Q:5 M:5 F:5
  6157. [2, 5, 6, 7, 8, 10, 12, 16, 17, 19, 20, 21, 22, 23, 24]  Q:5 M:5 F:5
  6158. [2, 5, 6, 7, 8, 10, 12, 16, 17, 19, 20, 21, 22, 23, 25]  Q:5 M:5 F:5
  6159. [2, 5, 6, 7, 8, 10, 12, 16, 17, 19, 20, 21, 23, 24, 25]  Q:5 M:5 F:5
  6160. [2, 5, 6, 7, 8, 10, 12, 16, 19, 20, 21, 22, 23, 24, 25]  Q:5 M:5 F:5
  6161. [2, 5, 6, 7, 8, 10, 16, 17, 19, 20, 21, 22, 23, 24, 25]  Q:5 M:5 F:5
  6162. [2, 5, 6, 7, 10, 12, 16, 17, 19, 20, 21, 22, 23, 24, 25]  Q:5 M:5 F:5
  6163. [2, 5, 6, 7, 8, 10, 12, 17, 18, 19, 20, 21, 22, 23, 24]  Q:5 M:5 F:5
  6164. [2, 5, 6, 7, 8, 10, 12, 17, 18, 19, 20, 21, 22, 23, 25]  Q:5 M:5 F:5
  6165. [2, 5, 6, 7, 8, 10, 12, 17, 18, 19, 20, 21, 23, 24, 25]  Q:5 M:5 F:5
  6166. [2, 5, 6, 7, 8, 10, 12, 18, 19, 20, 21, 22, 23, 24, 25]  Q:5 M:5 F:5
  6167. [2, 5, 6, 7, 8, 10, 17, 18, 19, 20, 21, 22, 23, 24, 25]  Q:5 M:5 F:5
  6168. [2, 5, 6, 7, 10, 12, 17, 18, 19, 20, 21, 22, 23, 24, 25]  Q:5 M:5 F:5
  6169. [2, 5, 6, 8, 9, 10, 11, 12, 13, 17, 20, 21, 22, 23, 24]  Q:5 M:5 F:5
  6170. [2, 5, 6, 8, 9, 10, 11, 12, 13, 17, 20, 21, 22, 23, 25]  Q:5 M:5 F:5
  6171. [2, 5, 6, 8, 9, 10, 11, 12, 13, 17, 20, 21, 23, 24, 25]  Q:5 M:5 F:5
  6172. [2, 5, 6, 8, 9, 10, 11, 12, 13, 20, 21, 22, 23, 24, 25]  Q:5 M:5 F:5
  6173. [2, 5, 6, 8, 9, 10, 11, 13, 17, 20, 21, 22, 23, 24, 25]  Q:5 M:5 F:5
  6174. [2, 5, 6, 9, 10, 11, 12, 13, 17, 20, 21, 22, 23, 24, 25]  Q:5 M:5 F:5
  6175. [2, 5, 6, 8, 9, 10, 11, 12, 14, 17, 20, 21, 22, 23, 24]  Q:5 M:5 F:5
  6176. [2, 5, 6, 8, 9, 10, 11, 12, 14, 17, 20, 21, 22, 23, 25]  Q:5 M:5 F:5
  6177. [2, 5, 6, 8, 9, 10, 11, 12, 14, 17, 20, 21, 23, 24, 25]  Q:5 M:5 F:5
  6178. [2, 5, 6, 8, 9, 10, 11, 12, 14, 20, 21, 22, 23, 24, 25]  Q:5 M:5 F:5
  6179. [2, 5, 6, 8, 9, 10, 11, 14, 17, 20, 21, 22, 23, 24, 25]  Q:5 M:5 F:5
  6180. [2, 5, 6, 9, 10, 11, 12, 14, 17, 20, 21, 22, 23, 24, 25]  Q:5 M:5 F:5
  6181. [2, 5, 6, 8, 9, 10, 11, 12, 15, 17, 20, 21, 22, 23, 24]  Q:5 M:5 F:5
  6182. [2, 5, 6, 8, 9, 10, 11, 12, 15, 17, 20, 21, 22, 23, 25]  Q:5 M:5 F:5
  6183. [2, 5, 6, 8, 9, 10, 11, 12, 15, 17, 20, 21, 23, 24, 25]  Q:5 M:5 F:5
  6184. [2, 5, 6, 8, 9, 10, 11, 12, 15, 20, 21, 22, 23, 24, 25]  Q:5 M:5 F:5
  6185. [2, 5, 6, 8, 9, 10, 11, 15, 17, 20, 21, 22, 23, 24, 25]  Q:5 M:5 F:5
  6186. [2, 5, 6, 9, 10, 11, 12, 15, 17, 20, 21, 22, 23, 24, 25]  Q:5 M:5 F:5
  6187. [2, 5, 6, 8, 9, 10, 11, 12, 16, 17, 20, 21, 22, 23, 24]  Q:5 M:5 F:5
  6188. [2, 5, 6, 8, 9, 10, 11, 12, 16, 17, 20, 21, 22, 23, 25]  Q:5 M:5 F:5
  6189. [2, 5, 6, 8, 9, 10, 11, 12, 16, 17, 20, 21, 23, 24, 25]  Q:5 M:5 F:5
  6190. [2, 5, 6, 8, 9, 10, 11, 12, 16, 20, 21, 22, 23, 24, 25]  Q:5 M:5 F:5
  6191. [2, 5, 6, 8, 9, 10, 11, 16, 17, 20, 21, 22, 23, 24, 25]  Q:5 M:5 F:5
  6192. [2, 5, 6, 9, 10, 11, 12, 16, 17, 20, 21, 22, 23, 24, 25]  Q:5 M:5 F:5
  6193. [2, 5, 6, 8, 9, 10, 11, 12, 17, 18, 20, 21, 22, 23, 24]  Q:5 M:5 F:5
  6194. [2, 5, 6, 8, 9, 10, 11, 12, 17, 18, 20, 21, 22, 23, 25]  Q:5 M:5 F:5
  6195. [2, 5, 6, 8, 9, 10, 11, 12, 17, 18, 20, 21, 23, 24, 25]  Q:5 M:5 F:5
  6196. [2, 5, 6, 8, 9, 10, 11, 12, 18, 20, 21, 22, 23, 24, 25]  Q:5 M:5 F:5
  6197. [2, 5, 6, 8, 9, 10, 11, 17, 18, 20, 21, 22, 23, 24, 25]  Q:5 M:5 F:5
  6198. [2, 5, 6, 9, 10, 11, 12, 17, 18, 20, 21, 22, 23, 24, 25]  Q:5 M:5 F:5
  6199. [2, 5, 6, 8, 9, 10, 11, 12, 17, 19, 20, 21, 22, 23, 24]  Q:5 M:5 F:5
  6200. [2, 5, 6, 8, 9, 10, 11, 12, 17, 19, 20, 21, 22, 23, 25]  Q:5 M:5 F:5
  6201. [2, 5, 6, 8, 9, 10, 11, 12, 17, 19, 20, 21, 23, 24, 25]  Q:5 M:5 F:5
  6202. [2, 5, 6, 8, 9, 10, 11, 12, 19, 20, 21, 22, 23, 24, 25]  Q:5 M:5 F:5
  6203. [2, 5, 6, 8, 9, 10, 11, 17, 19, 20, 21, 22, 23, 24, 25]  Q:5 M:5 F:5
  6204. [2, 5, 6, 9, 10, 11, 12, 17, 19, 20, 21, 22, 23, 24, 25]  Q:5 M:5 F:5
  6205. [2, 5, 6, 8, 9, 10, 12, 13, 14, 17, 20, 21, 22, 23, 24]  Q:5 M:5 F:5
  6206. [2, 5, 6, 8, 9, 10, 12, 13, 14, 17, 20, 21, 22, 23, 25]  Q:5 M:5 F:5
  6207. [2, 5, 6, 8, 9, 10, 12, 13, 14, 17, 20, 21, 23, 24, 25]  Q:5 M:5 F:5
  6208. [2, 5, 6, 8, 9, 10, 12, 13, 14, 20, 21, 22, 23, 24, 25]  Q:5 M:5 F:5
  6209. [2, 5, 6, 8, 9, 10, 13, 14, 17, 20, 21, 22, 23, 24, 25]  Q:5 M:5 F:5
  6210. [2, 5, 6, 9, 10, 12, 13, 14, 17, 20, 21, 22, 23, 24, 25]  Q:5 M:5 F:5
  6211. [2, 5, 6, 8, 9, 10, 12, 13, 15, 17, 20, 21, 22, 23, 24]  Q:5 M:5 F:5
  6212. [2, 5, 6, 8, 9, 10, 12, 13, 15, 17, 20, 21, 22, 23, 25]  Q:5 M:5 F:5
  6213. [2, 5, 6, 8, 9, 10, 12, 13, 15, 17, 20, 21, 23, 24, 25]  Q:5 M:5 F:5
  6214. [2, 5, 6, 8, 9, 10, 12, 13, 15, 20, 21, 22, 23, 24, 25]  Q:5 M:5 F:5
  6215. [2, 5, 6, 8, 9, 10, 13, 15, 17, 20, 21, 22, 23, 24, 25]  Q:5 M:5 F:5
  6216. [2, 5, 6, 9, 10, 12, 13, 15, 17, 20, 21, 22, 23, 24, 25]  Q:5 M:5 F:5
  6217. [2, 5, 6, 8, 9, 10, 12, 13, 16, 17, 20, 21, 22, 23, 24]  Q:5 M:5 F:5
  6218. [2, 5, 6, 8, 9, 10, 12, 13, 16, 17, 20, 21, 22, 23, 25]  Q:5 M:5 F:5
  6219. [2, 5, 6, 8, 9, 10, 12, 13, 16, 17, 20, 21, 23, 24, 25]  Q:5 M:5 F:5
  6220. [2, 5, 6, 8, 9, 10, 12, 13, 16, 20, 21, 22, 23, 24, 25]  Q:5 M:5 F:5
  6221. [2, 5, 6, 8, 9, 10, 13, 16, 17, 20, 21, 22, 23, 24, 25]  Q:5 M:5 F:5
  6222. [2, 5, 6, 9, 10, 12, 13, 16, 17, 20, 21, 22, 23, 24, 25]  Q:5 M:5 F:5
  6223. [2, 5, 6, 8, 9, 10, 12, 13, 17, 18, 20, 21, 22, 23, 24]  Q:5 M:5 F:5
  6224. [2, 5, 6, 8, 9, 10, 12, 13, 17, 18, 20, 21, 22, 23, 25]  Q:5 M:5 F:5
  6225. [2, 5, 6, 8, 9, 10, 12, 13, 17, 18, 20, 21, 23, 24, 25]  Q:5 M:5 F:5
  6226. [2, 5, 6, 8, 9, 10, 12, 13, 18, 20, 21, 22, 23, 24, 25]  Q:5 M:5 F:5
  6227. [2, 5, 6, 8, 9, 10, 13, 17, 18, 20, 21, 22, 23, 24, 25]  Q:5 M:5 F:5
  6228. [2, 5, 6, 9, 10, 12, 13, 17, 18, 20, 21, 22, 23, 24, 25]  Q:5 M:5 F:5
  6229. [2, 5, 6, 8, 9, 10, 12, 13, 17, 19, 20, 21, 22, 23, 24]  Q:5 M:5 F:5
  6230. [2, 5, 6, 8, 9, 10, 12, 13, 17, 19, 20, 21, 22, 23, 25]  Q:5 M:5 F:5
  6231. [2, 5, 6, 8, 9, 10, 12, 13, 17, 19, 20, 21, 23, 24, 25]  Q:5 M:5 F:5
  6232. [2, 5, 6, 8, 9, 10, 12, 13, 19, 20, 21, 22, 23, 24, 25]  Q:5 M:5 F:5
  6233. [2, 5, 6, 8, 9, 10, 13, 17, 19, 20, 21, 22, 23, 24, 25]  Q:5 M:5 F:5
  6234. [2, 5, 6, 9, 10, 12, 13, 17, 19, 20, 21, 22, 23, 24, 25]  Q:5 M:5 F:5
  6235. [2, 5, 6, 8, 9, 10, 12, 14, 15, 17, 20, 21, 22, 23, 24]  Q:5 M:5 F:5
  6236. [2, 5, 6, 8, 9, 10, 12, 14, 15, 17, 20, 21, 22, 23, 25]  Q:5 M:5 F:5
  6237. [2, 5, 6, 8, 9, 10, 12, 14, 15, 17, 20, 21, 23, 24, 25]  Q:5 M:5 F:5
  6238. [2, 5, 6, 8, 9, 10, 12, 14, 15, 20, 21, 22, 23, 24, 25]  Q:5 M:5 F:5
  6239. [2, 5, 6, 8, 9, 10, 14, 15, 17, 20, 21, 22, 23, 24, 25]  Q:5 M:5 F:5
  6240. [2, 5, 6, 9, 10, 12, 14, 15, 17, 20, 21, 22, 23, 24, 25]  Q:5 M:5 F:5
  6241. [2, 5, 6, 8, 9, 10, 12, 14, 16, 17, 20, 21, 22, 23, 24]  Q:5 M:5 F:5
  6242. [2, 5, 6, 8, 9, 10, 12, 14, 16, 17, 20, 21, 22, 23, 25]  Q:5 M:5 F:5
  6243. [2, 5, 6, 8, 9, 10, 12, 14, 16, 17, 20, 21, 23, 24, 25]  Q:5 M:5 F:5
  6244. [2, 5, 6, 8, 9, 10, 12, 14, 16, 20, 21, 22, 23, 24, 25]  Q:5 M:5 F:5
  6245. [2, 5, 6, 8, 9, 10, 14, 16, 17, 20, 21, 22, 23, 24, 25]  Q:5 M:5 F:5
  6246. [2, 5, 6, 9, 10, 12, 14, 16, 17, 20, 21, 22, 23, 24, 25]  Q:5 M:5 F:5
  6247. [2, 5, 6, 8, 9, 10, 12, 14, 17, 18, 20, 21, 22, 23, 24]  Q:5 M:5 F:5
  6248. [2, 5, 6, 8, 9, 10, 12, 14, 17, 18, 20, 21, 22, 23, 25]  Q:5 M:5 F:5
  6249. [2, 5, 6, 8, 9, 10, 12, 14, 17, 18, 20, 21, 23, 24, 25]  Q:5 M:5 F:5
  6250. [2, 5, 6, 8, 9, 10, 12, 14, 18, 20, 21, 22, 23, 24, 25]  Q:5 M:5 F:5
  6251. [2, 5, 6, 8, 9, 10, 14, 17, 18, 20, 21, 22, 23, 24, 25]  Q:5 M:5 F:5
  6252. [2, 5, 6, 9, 10, 12, 14, 17, 18, 20, 21, 22, 23, 24, 25]  Q:5 M:5 F:5
  6253. [2, 5, 6, 8, 9, 10, 12, 14, 17, 19, 20, 21, 22, 23, 24]  Q:5 M:5 F:5
  6254. [2, 5, 6, 8, 9, 10, 12, 14, 17, 19, 20, 21, 22, 23, 25]  Q:5 M:5 F:5
  6255. [2, 5, 6, 8, 9, 10, 12, 14, 17, 19, 20, 21, 23, 24, 25]  Q:5 M:5 F:5
  6256. [2, 5, 6, 8, 9, 10, 12, 14, 19, 20, 21, 22, 23, 24, 25]  Q:5 M:5 F:5
  6257. [2, 5, 6, 8, 9, 10, 14, 17, 19, 20, 21, 22, 23, 24, 25]  Q:5 M:5 F:5
  6258. [2, 5, 6, 9, 10, 12, 14, 17, 19, 20, 21, 22, 23, 24, 25]  Q:5 M:5 F:5
  6259. [2, 5, 6, 8, 9, 10, 12, 15, 16, 17, 20, 21, 22, 23, 24]  Q:5 M:5 F:5
  6260. [2, 5, 6, 8, 9, 10, 12, 15, 16, 17, 20, 21, 22, 23, 25]  Q:5 M:5 F:5
  6261. [2, 5, 6, 8, 9, 10, 12, 15, 16, 17, 20, 21, 23, 24, 25]  Q:5 M:5 F:5
  6262. [2, 5, 6, 8, 9, 10, 12, 15, 16, 20, 21, 22, 23, 24, 25]  Q:5 M:5 F:5
  6263. [2, 5, 6, 8, 9, 10, 15, 16, 17, 20, 21, 22, 23, 24, 25]  Q:5 M:5 F:5
  6264. [2, 5, 6, 9, 10, 12, 15, 16, 17, 20, 21, 22, 23, 24, 25]  Q:5 M:5 F:5
  6265. [2, 5, 6, 8, 9, 10, 12, 15, 17, 18, 20, 21, 22, 23, 24]  Q:5 M:5 F:5
  6266. [2, 5, 6, 8, 9, 10, 12, 15, 17, 18, 20, 21, 22, 23, 25]  Q:5 M:5 F:5
  6267. [2, 5, 6, 8, 9, 10, 12, 15, 17, 18, 20, 21, 23, 24, 25]  Q:5 M:5 F:5
  6268. [2, 5, 6, 8, 9, 10, 12, 15, 18, 20, 21, 22, 23, 24, 25]  Q:5 M:5 F:5
  6269. [2, 5, 6, 8, 9, 10, 15, 17, 18, 20, 21, 22, 23, 24, 25]  Q:5 M:5 F:5
  6270. [2, 5, 6, 9, 10, 12, 15, 17, 18, 20, 21, 22, 23, 24, 25]  Q:5 M:5 F:5
  6271. [2, 5, 6, 8, 9, 10, 12, 15, 17, 19, 20, 21, 22, 23, 24]  Q:5 M:5 F:5
  6272. [2, 5, 6, 8, 9, 10, 12, 15, 17, 19, 20, 21, 22, 23, 25]  Q:5 M:5 F:5
  6273. [2, 5, 6, 8, 9, 10, 12, 15, 17, 19, 20, 21, 23, 24, 25]  Q:5 M:5 F:5
  6274. [2, 5, 6, 8, 9, 10, 12, 15, 19, 20, 21, 22, 23, 24, 25]  Q:5 M:5 F:5
  6275. [2, 5, 6, 8, 9, 10, 15, 17, 19, 20, 21, 22, 23, 24, 25]  Q:5 M:5 F:5
  6276. [2, 5, 6, 9, 10, 12, 15, 17, 19, 20, 21, 22, 23, 24, 25]  Q:5 M:5 F:5
  6277. [2, 5, 6, 8, 9, 10, 12, 16, 17, 18, 20, 21, 22, 23, 24]  Q:5 M:5 F:5
  6278. [2, 5, 6, 8, 9, 10, 12, 16, 17, 18, 20, 21, 22, 23, 25]  Q:5 M:5 F:5
  6279. [2, 5, 6, 8, 9, 10, 12, 16, 17, 18, 20, 21, 23, 24, 25]  Q:5 M:5 F:5
  6280. [2, 5, 6, 8, 9, 10, 12, 16, 18, 20, 21, 22, 23, 24, 25]  Q:5 M:5 F:5
  6281. [2, 5, 6, 8, 9, 10, 16, 17, 18, 20, 21, 22, 23, 24, 25]  Q:5 M:5 F:5
  6282. [2, 5, 6, 9, 10, 12, 16, 17, 18, 20, 21, 22, 23, 24, 25]  Q:5 M:5 F:5
  6283. [2, 5, 6, 8, 9, 10, 12, 16, 17, 19, 20, 21, 22, 23, 24]  Q:5 M:5 F:5
  6284. [2, 5, 6, 8, 9, 10, 12, 16, 17, 19, 20, 21, 22, 23, 25]  Q:5 M:5 F:5
  6285. [2, 5, 6, 8, 9, 10, 12, 16, 17, 19, 20, 21, 23, 24, 25]  Q:5 M:5 F:5
  6286. [2, 5, 6, 8, 9, 10, 12, 16, 19, 20, 21, 22, 23, 24, 25]  Q:5 M:5 F:5
  6287. [2, 5, 6, 8, 9, 10, 16, 17, 19, 20, 21, 22, 23, 24, 25]  Q:5 M:5 F:5
  6288. [2, 5, 6, 9, 10, 12, 16, 17, 19, 20, 21, 22, 23, 24, 25]  Q:5 M:5 F:5
  6289. [2, 5, 6, 8, 9, 10, 12, 17, 18, 19, 20, 21, 22, 23, 24]  Q:5 M:5 F:5
  6290. [2, 5, 6, 8, 9, 10, 12, 17, 18, 19, 20, 21, 22, 23, 25]  Q:5 M:5 F:5
  6291. [2, 5, 6, 8, 9, 10, 12, 17, 18, 19, 20, 21, 23, 24, 25]  Q:5 M:5 F:5
  6292. [2, 5, 6, 8, 9, 10, 12, 18, 19, 20, 21, 22, 23, 24, 25]  Q:5 M:5 F:5
  6293. [2, 5, 6, 8, 9, 10, 17, 18, 19, 20, 21, 22, 23, 24, 25]  Q:5 M:5 F:5
  6294. [2, 5, 6, 9, 10, 12, 17, 18, 19, 20, 21, 22, 23, 24, 25]  Q:5 M:5 F:5
  6295. [2, 5, 6, 8, 10, 11, 12, 13, 14, 17, 20, 21, 22, 23, 24]  Q:5 M:5 F:5
  6296. [2, 5, 6, 8, 10, 11, 12, 13, 14, 17, 20, 21, 22, 23, 25]  Q:5 M:5 F:5
  6297. [2, 5, 6, 8, 10, 11, 12, 13, 14, 17, 20, 21, 23, 24, 25]  Q:5 M:5 F:5
  6298. [2, 5, 6, 8, 10, 11, 12, 13, 14, 20, 21, 22, 23, 24, 25]  Q:5 M:5 F:5
  6299. [2, 5, 6, 8, 10, 11, 13, 14, 17, 20, 21, 22, 23, 24, 25]  Q:5 M:5 F:5
  6300. [2, 5, 6, 10, 11, 12, 13, 14, 17, 20, 21, 22, 23, 24, 25]  Q:5 M:5 F:5
  6301. [2, 5, 6, 8, 10, 11, 12, 13, 15, 17, 20, 21, 22, 23, 24]  Q:5 M:5 F:5
  6302. [2, 5, 6, 8, 10, 11, 12, 13, 15, 17, 20, 21, 22, 23, 25]  Q:5 M:5 F:5
  6303. [2, 5, 6, 8, 10, 11, 12, 13, 15, 17, 20, 21, 23, 24, 25]  Q:5 M:5 F:5
  6304. [2, 5, 6, 8, 10, 11, 12, 13, 15, 20, 21, 22, 23, 24, 25]  Q:5 M:5 F:5
  6305. [2, 5, 6, 8, 10, 11, 13, 15, 17, 20, 21, 22, 23, 24, 25]  Q:5 M:5 F:5
  6306. [2, 5, 6, 10, 11, 12, 13, 15, 17, 20, 21, 22, 23, 24, 25]  Q:5 M:5 F:5
  6307. [2, 5, 6, 8, 10, 11, 12, 13, 16, 17, 20, 21, 22, 23, 24]  Q:5 M:5 F:5
  6308. [2, 5, 6, 8, 10, 11, 12, 13, 16, 17, 20, 21, 22, 23, 25]  Q:5 M:5 F:5
  6309. [2, 5, 6, 8, 10, 11, 12, 13, 16, 17, 20, 21, 23, 24, 25]  Q:5 M:5 F:5
  6310. [2, 5, 6, 8, 10, 11, 12, 13, 16, 20, 21, 22, 23, 24, 25]  Q:5 M:5 F:5
  6311. [2, 5, 6, 8, 10, 11, 13, 16, 17, 20, 21, 22, 23, 24, 25]  Q:5 M:5 F:5
  6312. [2, 5, 6, 10, 11, 12, 13, 16, 17, 20, 21, 22, 23, 24, 25]  Q:5 M:5 F:5
  6313. [2, 5, 6, 8, 10, 11, 12, 13, 17, 18, 20, 21, 22, 23, 24]  Q:5 M:5 F:5
  6314. [2, 5, 6, 8, 10, 11, 12, 13, 17, 18, 20, 21, 22, 23, 25]  Q:5 M:5 F:5
  6315. [2, 5, 6, 8, 10, 11, 12, 13, 17, 18, 20, 21, 23, 24, 25]  Q:5 M:5 F:5
  6316. [2, 5, 6, 8, 10, 11, 12, 13, 18, 20, 21, 22, 23, 24, 25]  Q:5 M:5 F:5
  6317. [2, 5, 6, 8, 10, 11, 13, 17, 18, 20, 21, 22, 23, 24, 25]  Q:5 M:5 F:5
  6318. [2, 5, 6, 10, 11, 12, 13, 17, 18, 20, 21, 22, 23, 24, 25]  Q:5 M:5 F:5
  6319. [2, 5, 6, 8, 10, 11, 12, 13, 17, 19, 20, 21, 22, 23, 24]  Q:5 M:5 F:5
  6320. [2, 5, 6, 8, 10, 11, 12, 13, 17, 19, 20, 21, 22, 23, 25]  Q:5 M:5 F:5
  6321. [2, 5, 6, 8, 10, 11, 12, 13, 17, 19, 20, 21, 23, 24, 25]  Q:5 M:5 F:5
  6322. [2, 5, 6, 8, 10, 11, 12, 13, 19, 20, 21, 22, 23, 24, 25]  Q:5 M:5 F:5
  6323. [2, 5, 6, 8, 10, 11, 13, 17, 19, 20, 21, 22, 23, 24, 25]  Q:5 M:5 F:5
  6324. [2, 5, 6, 10, 11, 12, 13, 17, 19, 20, 21, 22, 23, 24, 25]  Q:5 M:5 F:5
  6325. [2, 5, 6, 8, 10, 11, 12, 14, 15, 17, 20, 21, 22, 23, 24]  Q:5 M:5 F:5
  6326. [2, 5, 6, 8, 10, 11, 12, 14, 15, 17, 20, 21, 22, 23, 25]  Q:5 M:5 F:5
  6327. [2, 5, 6, 8, 10, 11, 12, 14, 15, 17, 20, 21, 23, 24, 25]  Q:5 M:5 F:5
  6328. [2, 5, 6, 8, 10, 11, 12, 14, 15, 20, 21, 22, 23, 24, 25]  Q:5 M:5 F:5
  6329. [2, 5, 6, 8, 10, 11, 14, 15, 17, 20, 21, 22, 23, 24, 25]  Q:5 M:5 F:5
  6330. [2, 5, 6, 10, 11, 12, 14, 15, 17, 20, 21, 22, 23, 24, 25]  Q:5 M:5 F:5
  6331. [2, 5, 6, 8, 10, 11, 12, 14, 16, 17, 20, 21, 22, 23, 24]  Q:5 M:5 F:5
  6332. [2, 5, 6, 8, 10, 11, 12, 14, 16, 17, 20, 21, 22, 23, 25]  Q:5 M:5 F:5
  6333. [2, 5, 6, 8, 10, 11, 12, 14, 16, 17, 20, 21, 23, 24, 25]  Q:5 M:5 F:5
  6334. [2, 5, 6, 8, 10, 11, 12, 14, 16, 20, 21, 22, 23, 24, 25]  Q:5 M:5 F:5
  6335. [2, 5, 6, 8, 10, 11, 14, 16, 17, 20, 21, 22, 23, 24, 25]  Q:5 M:5 F:5
  6336. [2, 5, 6, 10, 11, 12, 14, 16, 17, 20, 21, 22, 23, 24, 25]  Q:5 M:5 F:5
  6337. [2, 5, 6, 8, 10, 11, 12, 14, 17, 18, 20, 21, 22, 23, 24]  Q:5 M:5 F:5
  6338. [2, 5, 6, 8, 10, 11, 12, 14, 17, 18, 20, 21, 22, 23, 25]  Q:5 M:5 F:5
  6339. [2, 5, 6, 8, 10, 11, 12, 14, 17, 18, 20, 21, 23, 24, 25]  Q:5 M:5 F:5
  6340. [2, 5, 6, 8, 10, 11, 12, 14, 18, 20, 21, 22, 23, 24, 25]  Q:5 M:5 F:5
  6341. [2, 5, 6, 8, 10, 11, 14, 17, 18, 20, 21, 22, 23, 24, 25]  Q:5 M:5 F:5
  6342. [2, 5, 6, 10, 11, 12, 14, 17, 18, 20, 21, 22, 23, 24, 25]  Q:5 M:5 F:5
  6343. [2, 5, 6, 8, 10, 11, 12, 14, 17, 19, 20, 21, 22, 23, 24]  Q:5 M:5 F:5
  6344. [2, 5, 6, 8, 10, 11, 12, 14, 17, 19, 20, 21, 22, 23, 25]  Q:5 M:5 F:5
  6345. [2, 5, 6, 8, 10, 11, 12, 14, 17, 19, 20, 21, 23, 24, 25]  Q:5 M:5 F:5
  6346. [2, 5, 6, 8, 10, 11, 12, 14, 19, 20, 21, 22, 23, 24, 25]  Q:5 M:5 F:5
  6347. [2, 5, 6, 8, 10, 11, 14, 17, 19, 20, 21, 22, 23, 24, 25]  Q:5 M:5 F:5
  6348. [2, 5, 6, 10, 11, 12, 14, 17, 19, 20, 21, 22, 23, 24, 25]  Q:5 M:5 F:5
  6349. [2, 5, 6, 8, 10, 11, 12, 15, 16, 17, 20, 21, 22, 23, 24]  Q:5 M:5 F:5
  6350. [2, 5, 6, 8, 10, 11, 12, 15, 16, 17, 20, 21, 22, 23, 25]  Q:5 M:5 F:5
  6351. [2, 5, 6, 8, 10, 11, 12, 15, 16, 17, 20, 21, 23, 24, 25]  Q:5 M:5 F:5
  6352. [2, 5, 6, 8, 10, 11, 12, 15, 16, 20, 21, 22, 23, 24, 25]  Q:5 M:5 F:5
  6353. [2, 5, 6, 8, 10, 11, 15, 16, 17, 20, 21, 22, 23, 24, 25]  Q:5 M:5 F:5
  6354. [2, 5, 6, 10, 11, 12, 15, 16, 17, 20, 21, 22, 23, 24, 25]  Q:5 M:5 F:5
  6355. [2, 5, 6, 8, 10, 11, 12, 15, 17, 18, 20, 21, 22, 23, 24]  Q:5 M:5 F:5
  6356. [2, 5, 6, 8, 10, 11, 12, 15, 17, 18, 20, 21, 22, 23, 25]  Q:5 M:5 F:5
  6357. [2, 5, 6, 8, 10, 11, 12, 15, 17, 18, 20, 21, 23, 24, 25]  Q:5 M:5 F:5
  6358. [2, 5, 6, 8, 10, 11, 12, 15, 18, 20, 21, 22, 23, 24, 25]  Q:5 M:5 F:5
  6359. [2, 5, 6, 8, 10, 11, 15, 17, 18, 20, 21, 22, 23, 24, 25]  Q:5 M:5 F:5
  6360. [2, 5, 6, 10, 11, 12, 15, 17, 18, 20, 21, 22, 23, 24, 25]  Q:5 M:5 F:5
  6361. [2, 5, 6, 8, 10, 11, 12, 15, 17, 19, 20, 21, 22, 23, 24]  Q:5 M:5 F:5
  6362. [2, 5, 6, 8, 10, 11, 12, 15, 17, 19, 20, 21, 22, 23, 25]  Q:5 M:5 F:5
  6363. [2, 5, 6, 8, 10, 11, 12, 15, 17, 19, 20, 21, 23, 24, 25]  Q:5 M:5 F:5
  6364. [2, 5, 6, 8, 10, 11, 12, 15, 19, 20, 21, 22, 23, 24, 25]  Q:5 M:5 F:5
  6365. [2, 5, 6, 8, 10, 11, 15, 17, 19, 20, 21, 22, 23, 24, 25]  Q:5 M:5 F:5
  6366. [2, 5, 6, 10, 11, 12, 15, 17, 19, 20, 21, 22, 23, 24, 25]  Q:5 M:5 F:5
  6367. [2, 5, 6, 8, 10, 11, 12, 16, 17, 18, 20, 21, 22, 23, 24]  Q:5 M:5 F:5
  6368. [2, 5, 6, 8, 10, 11, 12, 16, 17, 18, 20, 21, 22, 23, 25]  Q:5 M:5 F:5
  6369. [2, 5, 6, 8, 10, 11, 12, 16, 17, 18, 20, 21, 23, 24, 25]  Q:5 M:5 F:5
  6370. [2, 5, 6, 8, 10, 11, 12, 16, 18, 20, 21, 22, 23, 24, 25]  Q:5 M:5 F:5
  6371. [2, 5, 6, 8, 10, 11, 16, 17, 18, 20, 21, 22, 23, 24, 25]  Q:5 M:5 F:5
  6372. [2, 5, 6, 10, 11, 12, 16, 17, 18, 20, 21, 22, 23, 24, 25]  Q:5 M:5 F:5
  6373. [2, 5, 6, 8, 10, 11, 12, 16, 17, 19, 20, 21, 22, 23, 24]  Q:5 M:5 F:5
  6374. [2, 5, 6, 8, 10, 11, 12, 16, 17, 19, 20, 21, 22, 23, 25]  Q:5 M:5 F:5
  6375. [2, 5, 6, 8, 10, 11, 12, 16, 17, 19, 20, 21, 23, 24, 25]  Q:5 M:5 F:5
  6376. [2, 5, 6, 8, 10, 11, 12, 16, 19, 20, 21, 22, 23, 24, 25]  Q:5 M:5 F:5
  6377. [2, 5, 6, 8, 10, 11, 16, 17, 19, 20, 21, 22, 23, 24, 25]  Q:5 M:5 F:5
  6378. [2, 5, 6, 10, 11, 12, 16, 17, 19, 20, 21, 22, 23, 24, 25]  Q:5 M:5 F:5
  6379. [2, 5, 6, 8, 10, 11, 12, 17, 18, 19, 20, 21, 22, 23, 24]  Q:5 M:5 F:5
  6380. [2, 5, 6, 8, 10, 11, 12, 17, 18, 19, 20, 21, 22, 23, 25]  Q:5 M:5 F:5
  6381. [2, 5, 6, 8, 10, 11, 12, 17, 18, 19, 20, 21, 23, 24, 25]  Q:5 M:5 F:5
  6382. [2, 5, 6, 8, 10, 11, 12, 18, 19, 20, 21, 22, 23, 24, 25]  Q:5 M:5 F:5
  6383. [2, 5, 6, 8, 10, 11, 17, 18, 19, 20, 21, 22, 23, 24, 25]  Q:5 M:5 F:5
  6384. [2, 5, 6, 10, 11, 12, 17, 18, 19, 20, 21, 22, 23, 24, 25]  Q:5 M:5 F:5
  6385. [2, 5, 6, 8, 10, 12, 13, 14, 15, 17, 20, 21, 22, 23, 24]  Q:5 M:5 F:5
  6386. [2, 5, 6, 8, 10, 12, 13, 14, 15, 17, 20, 21, 22, 23, 25]  Q:5 M:5 F:5
  6387. [2, 5, 6, 8, 10, 12, 13, 14, 15, 17, 20, 21, 23, 24, 25]  Q:5 M:5 F:5
  6388. [2, 5, 6, 8, 10, 12, 13, 14, 15, 20, 21, 22, 23, 24, 25]  Q:5 M:5 F:5
  6389. [2, 5, 6, 8, 10, 13, 14, 15, 17, 20, 21, 22, 23, 24, 25]  Q:5 M:5 F:5
  6390. [2, 5, 6, 10, 12, 13, 14, 15, 17, 20, 21, 22, 23, 24, 25]  Q:5 M:5 F:5
  6391. [2, 5, 6, 8, 10, 12, 13, 14, 16, 17, 20, 21, 22, 23, 24]  Q:5 M:5 F:5
  6392. [2, 5, 6, 8, 10, 12, 13, 14, 16, 17, 20, 21, 22, 23, 25]  Q:5 M:5 F:5
  6393. [2, 5, 6, 8, 10, 12, 13, 14, 16, 17, 20, 21, 23, 24, 25]  Q:5 M:5 F:5
  6394. [2, 5, 6, 8, 10, 12, 13, 14, 16, 20, 21, 22, 23, 24, 25]  Q:5 M:5 F:5
  6395. [2, 5, 6, 8, 10, 13, 14, 16, 17, 20, 21, 22, 23, 24, 25]  Q:5 M:5 F:5
  6396. [2, 5, 6, 10, 12, 13, 14, 16, 17, 20, 21, 22, 23, 24, 25]  Q:5 M:5 F:5
  6397. [2, 5, 6, 8, 10, 12, 13, 14, 17, 18, 20, 21, 22, 23, 24]  Q:5 M:5 F:5
  6398. [2, 5, 6, 8, 10, 12, 13, 14, 17, 18, 20, 21, 22, 23, 25]  Q:5 M:5 F:5
  6399. [2, 5, 6, 8, 10, 12, 13, 14, 17, 18, 20, 21, 23, 24, 25]  Q:5 M:5 F:5
  6400. [2, 5, 6, 8, 10, 12, 13, 14, 18, 20, 21, 22, 23, 24, 25]  Q:5 M:5 F:5
  6401. [2, 5, 6, 8, 10, 13, 14, 17, 18, 20, 21, 22, 23, 24, 25]  Q:5 M:5 F:5
  6402. [2, 5, 6, 10, 12, 13, 14, 17, 18, 20, 21, 22, 23, 24, 25]  Q:5 M:5 F:5
  6403. [2, 5, 6, 8, 10, 12, 13, 14, 17, 19, 20, 21, 22, 23, 24]  Q:5 M:5 F:5
  6404. [2, 5, 6, 8, 10, 12, 13, 14, 17, 19, 20, 21, 22, 23, 25]  Q:5 M:5 F:5
  6405. [2, 5, 6, 8, 10, 12, 13, 14, 17, 19, 20, 21, 23, 24, 25]  Q:5 M:5 F:5
  6406. [2, 5, 6, 8, 10, 12, 13, 14, 19, 20, 21, 22, 23, 24, 25]  Q:5 M:5 F:5
  6407. [2, 5, 6, 8, 10, 13, 14, 17, 19, 20, 21, 22, 23, 24, 25]  Q:5 M:5 F:5
  6408. [2, 5, 6, 10, 12, 13, 14, 17, 19, 20, 21, 22, 23, 24, 25]  Q:5 M:5 F:5
  6409. [2, 5, 6, 8, 10, 12, 13, 15, 16, 17, 20, 21, 22, 23, 24]  Q:5 M:5 F:5
  6410. [2, 5, 6, 8, 10, 12, 13, 15, 16, 17, 20, 21, 22, 23, 25]  Q:5 M:5 F:5
  6411. [2, 5, 6, 8, 10, 12, 13, 15, 16, 17, 20, 21, 23, 24, 25]  Q:5 M:5 F:5
  6412. [2, 5, 6, 8, 10, 12, 13, 15, 16, 20, 21, 22, 23, 24, 25]  Q:5 M:5 F:5
  6413. [2, 5, 6, 8, 10, 13, 15, 16, 17, 20, 21, 22, 23, 24, 25]  Q:5 M:5 F:5
  6414. [2, 5, 6, 10, 12, 13, 15, 16, 17, 20, 21, 22, 23, 24, 25]  Q:5 M:5 F:5
  6415. [2, 5, 6, 8, 10, 12, 13, 15, 17, 18, 20, 21, 22, 23, 24]  Q:5 M:5 F:5
  6416. [2, 5, 6, 8, 10, 12, 13, 15, 17, 18, 20, 21, 22, 23, 25]  Q:5 M:5 F:5
  6417. [2, 5, 6, 8, 10, 12, 13, 15, 17, 18, 20, 21, 23, 24, 25]  Q:5 M:5 F:5
  6418. [2, 5, 6, 8, 10, 12, 13, 15, 18, 20, 21, 22, 23, 24, 25]  Q:5 M:5 F:5
  6419. [2, 5, 6, 8, 10, 13, 15, 17, 18, 20, 21, 22, 23, 24, 25]  Q:5 M:5 F:5
  6420. [2, 5, 6, 10, 12, 13, 15, 17, 18, 20, 21, 22, 23, 24, 25]  Q:5 M:5 F:5
  6421. [2, 5, 6, 8, 10, 12, 13, 15, 17, 19, 20, 21, 22, 23, 24]  Q:5 M:5 F:5
  6422. [2, 5, 6, 8, 10, 12, 13, 15, 17, 19, 20, 21, 22, 23, 25]  Q:5 M:5 F:5
  6423. [2, 5, 6, 8, 10, 12, 13, 15, 17, 19, 20, 21, 23, 24, 25]  Q:5 M:5 F:5
  6424. [2, 5, 6, 8, 10, 12, 13, 15, 19, 20, 21, 22, 23, 24, 25]  Q:5 M:5 F:5
  6425. [2, 5, 6, 8, 10, 13, 15, 17, 19, 20, 21, 22, 23, 24, 25]  Q:5 M:5 F:5
  6426. [2, 5, 6, 10, 12, 13, 15, 17, 19, 20, 21, 22, 23, 24, 25]  Q:5 M:5 F:5
  6427. [2, 5, 6, 8, 10, 12, 13, 16, 17, 18, 20, 21, 22, 23, 24]  Q:5 M:5 F:5
  6428. [2, 5, 6, 8, 10, 12, 13, 16, 17, 18, 20, 21, 22, 23, 25]  Q:5 M:5 F:5
  6429. [2, 5, 6, 8, 10, 12, 13, 16, 17, 18, 20, 21, 23, 24, 25]  Q:5 M:5 F:5
  6430. [2, 5, 6, 8, 10, 12, 13, 16, 18, 20, 21, 22, 23, 24, 25]  Q:5 M:5 F:5
  6431. [2, 5, 6, 8, 10, 13, 16, 17, 18, 20, 21, 22, 23, 24, 25]  Q:5 M:5 F:5
  6432. [2, 5, 6, 10, 12, 13, 16, 17, 18, 20, 21, 22, 23, 24, 25]  Q:5 M:5 F:5
  6433. [2, 5, 6, 8, 10, 12, 13, 16, 17, 19, 20, 21, 22, 23, 24]  Q:5 M:5 F:5
  6434. [2, 5, 6, 8, 10, 12, 13, 16, 17, 19, 20, 21, 22, 23, 25]  Q:5 M:5 F:5
  6435. [2, 5, 6, 8, 10, 12, 13, 16, 17, 19, 20, 21, 23, 24, 25]  Q:5 M:5 F:5
  6436. [2, 5, 6, 8, 10, 12, 13, 16, 19, 20, 21, 22, 23, 24, 25]  Q:5 M:5 F:5
  6437. [2, 5, 6, 8, 10, 13, 16, 17, 19, 20, 21, 22, 23, 24, 25]  Q:5 M:5 F:5
  6438. [2, 5, 6, 10, 12, 13, 16, 17, 19, 20, 21, 22, 23, 24, 25]  Q:5 M:5 F:5
  6439. [2, 5, 6, 8, 10, 12, 13, 17, 18, 19, 20, 21, 22, 23, 24]  Q:5 M:5 F:5
  6440. [2, 5, 6, 8, 10, 12, 13, 17, 18, 19, 20, 21, 22, 23, 25]  Q:5 M:5 F:5
  6441. [2, 5, 6, 8, 10, 12, 13, 17, 18, 19, 20, 21, 23, 24, 25]  Q:5 M:5 F:5
  6442. [2, 5, 6, 8, 10, 12, 13, 18, 19, 20, 21, 22, 23, 24, 25]  Q:5 M:5 F:5
  6443. [2, 5, 6, 8, 10, 13, 17, 18, 19, 20, 21, 22, 23, 24, 25]  Q:5 M:5 F:5
  6444. [2, 5, 6, 10, 12, 13, 17, 18, 19, 20, 21, 22, 23, 24, 25]  Q:5 M:5 F:5
  6445. [2, 5, 6, 8, 10, 12, 14, 15, 16, 17, 20, 21, 22, 23, 24]  Q:5 M:5 F:5
  6446. [2, 5, 6, 8, 10, 12, 14, 15, 16, 17, 20, 21, 22, 23, 25]  Q:5 M:5 F:5
  6447. [2, 5, 6, 8, 10, 12, 14, 15, 16, 17, 20, 21, 23, 24, 25]  Q:5 M:5 F:5
  6448. [2, 5, 6, 8, 10, 12, 14, 15, 16, 20, 21, 22, 23, 24, 25]  Q:5 M:5 F:5
  6449. [2, 5, 6, 8, 10, 14, 15, 16, 17, 20, 21, 22, 23, 24, 25]  Q:5 M:5 F:5
  6450. [2, 5, 6, 10, 12, 14, 15, 16, 17, 20, 21, 22, 23, 24, 25]  Q:5 M:5 F:5
  6451. [2, 5, 6, 8, 10, 12, 14, 15, 17, 18, 20, 21, 22, 23, 24]  Q:5 M:5 F:5
  6452. [2, 5, 6, 8, 10, 12, 14, 15, 17, 18, 20, 21, 22, 23, 25]  Q:5 M:5 F:5
  6453. [2, 5, 6, 8, 10, 12, 14, 15, 17, 18, 20, 21, 23, 24, 25]  Q:5 M:5 F:5
  6454. [2, 5, 6, 8, 10, 12, 14, 15, 18, 20, 21, 22, 23, 24, 25]  Q:5 M:5 F:5
  6455. [2, 5, 6, 8, 10, 14, 15, 17, 18, 20, 21, 22, 23, 24, 25]  Q:5 M:5 F:5
  6456. [2, 5, 6, 10, 12, 14, 15, 17, 18, 20, 21, 22, 23, 24, 25]  Q:5 M:5 F:5
  6457. [2, 5, 6, 8, 10, 12, 14, 15, 17, 19, 20, 21, 22, 23, 24]  Q:5 M:5 F:5
  6458. [2, 5, 6, 8, 10, 12, 14, 15, 17, 19, 20, 21, 22, 23, 25]  Q:5 M:5 F:5
  6459. [2, 5, 6, 8, 10, 12, 14, 15, 17, 19, 20, 21, 23, 24, 25]  Q:5 M:5 F:5
  6460. [2, 5, 6, 8, 10, 12, 14, 15, 19, 20, 21, 22, 23, 24, 25]  Q:5 M:5 F:5
  6461. [2, 5, 6, 8, 10, 14, 15, 17, 19, 20, 21, 22, 23, 24, 25]  Q:5 M:5 F:5
  6462. [2, 5, 6, 10, 12, 14, 15, 17, 19, 20, 21, 22, 23, 24, 25]  Q:5 M:5 F:5
  6463. [2, 5, 6, 8, 10, 12, 14, 16, 17, 18, 20, 21, 22, 23, 24]  Q:5 M:5 F:5
  6464. [2, 5, 6, 8, 10, 12, 14, 16, 17, 18, 20, 21, 22, 23, 25]  Q:5 M:5 F:5
  6465. [2, 5, 6, 8, 10, 12, 14, 16, 17, 18, 20, 21, 23, 24, 25]  Q:5 M:5 F:5
  6466. [2, 5, 6, 8, 10, 12, 14, 16, 18, 20, 21, 22, 23, 24, 25]  Q:5 M:5 F:5
  6467. [2, 5, 6, 8, 10, 14, 16, 17, 18, 20, 21, 22, 23, 24, 25]  Q:5 M:5 F:5
  6468. [2, 5, 6, 10, 12, 14, 16, 17, 18, 20, 21, 22, 23, 24, 25]  Q:5 M:5 F:5
  6469. [2, 5, 6, 8, 10, 12, 14, 16, 17, 19, 20, 21, 22, 23, 24]  Q:5 M:5 F:5
  6470. [2, 5, 6, 8, 10, 12, 14, 16, 17, 19, 20, 21, 22, 23, 25]  Q:5 M:5 F:5
  6471. [2, 5, 6, 8, 10, 12, 14, 16, 17, 19, 20, 21, 23, 24, 25]  Q:5 M:5 F:5
  6472. [2, 5, 6, 8, 10, 12, 14, 16, 19, 20, 21, 22, 23, 24, 25]  Q:5 M:5 F:5
  6473. [2, 5, 6, 8, 10, 14, 16, 17, 19, 20, 21, 22, 23, 24, 25]  Q:5 M:5 F:5
  6474. [2, 5, 6, 10, 12, 14, 16, 17, 19, 20, 21, 22, 23, 24, 25]  Q:5 M:5 F:5
  6475. [2, 5, 6, 8, 10, 12, 14, 17, 18, 19, 20, 21, 22, 23, 24]  Q:5 M:5 F:5
  6476. [2, 5, 6, 8, 10, 12, 14, 17, 18, 19, 20, 21, 22, 23, 25]  Q:5 M:5 F:5
  6477. [2, 5, 6, 8, 10, 12, 14, 17, 18, 19, 20, 21, 23, 24, 25]  Q:5 M:5 F:5
  6478. [2, 5, 6, 8, 10, 12, 14, 18, 19, 20, 21, 22, 23, 24, 25]  Q:5 M:5 F:5
  6479. [2, 5, 6, 8, 10, 14, 17, 18, 19, 20, 21, 22, 23, 24, 25]  Q:5 M:5 F:5
  6480. [2, 5, 6, 10, 12, 14, 17, 18, 19, 20, 21, 22, 23, 24, 25]  Q:5 M:5 F:5
  6481. [2, 5, 6, 8, 10, 12, 15, 16, 17, 18, 20, 21, 22, 23, 24]  Q:5 M:5 F:5
  6482. [2, 5, 6, 8, 10, 12, 15, 16, 17, 18, 20, 21, 22, 23, 25]  Q:5 M:5 F:5
  6483. [2, 5, 6, 8, 10, 12, 15, 16, 17, 18, 20, 21, 23, 24, 25]  Q:5 M:5 F:5
  6484. [2, 5, 6, 8, 10, 12, 15, 16, 18, 20, 21, 22, 23, 24, 25]  Q:5 M:5 F:5
  6485. [2, 5, 6, 8, 10, 15, 16, 17, 18, 20, 21, 22, 23, 24, 25]  Q:5 M:5 F:5
  6486. [2, 5, 6, 10, 12, 15, 16, 17, 18, 20, 21, 22, 23, 24, 25]  Q:5 M:5 F:5
  6487. [2, 5, 6, 8, 10, 12, 15, 16, 17, 19, 20, 21, 22, 23, 24]  Q:5 M:5 F:5
  6488. [2, 5, 6, 8, 10, 12, 15, 16, 17, 19, 20, 21, 22, 23, 25]  Q:5 M:5 F:5
  6489. [2, 5, 6, 8, 10, 12, 15, 16, 17, 19, 20, 21, 23, 24, 25]  Q:5 M:5 F:5
  6490. [2, 5, 6, 8, 10, 12, 15, 16, 19, 20, 21, 22, 23, 24, 25]  Q:5 M:5 F:5
  6491. [2, 5, 6, 8, 10, 15, 16, 17, 19, 20, 21, 22, 23, 24, 25]  Q:5 M:5 F:5
  6492. [2, 5, 6, 10, 12, 15, 16, 17, 19, 20, 21, 22, 23, 24, 25]  Q:5 M:5 F:5
  6493. [2, 5, 6, 8, 10, 12, 15, 17, 18, 19, 20, 21, 22, 23, 24]  Q:5 M:5 F:5
  6494. [2, 5, 6, 8, 10, 12, 15, 17, 18, 19, 20, 21, 22, 23, 25]  Q:5 M:5 F:5
  6495. [2, 5, 6, 8, 10, 12, 15, 17, 18, 19, 20, 21, 23, 24, 25]  Q:5 M:5 F:5
  6496. [2, 5, 6, 8, 10, 12, 15, 18, 19, 20, 21, 22, 23, 24, 25]  Q:5 M:5 F:5
  6497. [2, 5, 6, 8, 10, 15, 17, 18, 19, 20, 21, 22, 23, 24, 25]  Q:5 M:5 F:5
  6498. [2, 5, 6, 10, 12, 15, 17, 18, 19, 20, 21, 22, 23, 24, 25]  Q:5 M:5 F:5
  6499. [2, 5, 6, 8, 10, 12, 16, 17, 18, 19, 20, 21, 22, 23, 24]  Q:5 M:5 F:5
  6500. [2, 5, 6, 8, 10, 12, 16, 17, 18, 19, 20, 21, 22, 23, 25]  Q:5 M:5 F:5
  6501. [2, 5, 6, 8, 10, 12, 16, 17, 18, 19, 20, 21, 23, 24, 25]  Q:5 M:5 F:5
  6502. [2, 5, 6, 8, 10, 12, 16, 18, 19, 20, 21, 22, 23, 24, 25]  Q:5 M:5 F:5
  6503. [2, 5, 6, 8, 10, 16, 17, 18, 19, 20, 21, 22, 23, 24, 25]  Q:5 M:5 F:5
  6504. [2, 5, 6, 10, 12, 16, 17, 18, 19, 20, 21, 22, 23, 24, 25]  Q:5 M:5 F:5
  6505. [2, 5, 7, 8, 9, 10, 11, 12, 13, 17, 20, 21, 22, 23, 24]  Q:5 M:5 F:5
  6506. [2, 5, 7, 8, 9, 10, 11, 12, 13, 17, 20, 21, 22, 23, 25]  Q:5 M:5 F:5
  6507. [2, 5, 7, 8, 9, 10, 11, 12, 13, 17, 20, 21, 23, 24, 25]  Q:5 M:5 F:5
  6508. [2, 5, 7, 8, 9, 10, 11, 12, 13, 20, 21, 22, 23, 24, 25]  Q:5 M:5 F:5
  6509. [2, 5, 7, 8, 9, 10, 11, 13, 17, 20, 21, 22, 23, 24, 25]  Q:5 M:5 F:5
  6510. [2, 5, 7, 9, 10, 11, 12, 13, 17, 20, 21, 22, 23, 24, 25]  Q:5 M:5 F:5
  6511. [2, 5, 7, 8, 9, 10, 11, 12, 14, 17, 20, 21, 22, 23, 24]  Q:5 M:5 F:5
  6512. [2, 5, 7, 8, 9, 10, 11, 12, 14, 17, 20, 21, 22, 23, 25]  Q:5 M:5 F:5
  6513. [2, 5, 7, 8, 9, 10, 11, 12, 14, 17, 20, 21, 23, 24, 25]  Q:5 M:5 F:5
  6514. [2, 5, 7, 8, 9, 10, 11, 12, 14, 20, 21, 22, 23, 24, 25]  Q:5 M:5 F:5
  6515. [2, 5, 7, 8, 9, 10, 11, 14, 17, 20, 21, 22, 23, 24, 25]  Q:5 M:5 F:5
  6516. [2, 5, 7, 9, 10, 11, 12, 14, 17, 20, 21, 22, 23, 24, 25]  Q:5 M:5 F:5
  6517. [2, 5, 7, 8, 9, 10, 11, 12, 15, 17, 20, 21, 22, 23, 24]  Q:5 M:5 F:5
  6518. [2, 5, 7, 8, 9, 10, 11, 12, 15, 17, 20, 21, 22, 23, 25]  Q:5 M:5 F:5
  6519. [2, 5, 7, 8, 9, 10, 11, 12, 15, 17, 20, 21, 23, 24, 25]  Q:5 M:5 F:5
  6520. [2, 5, 7, 8, 9, 10, 11, 12, 15, 20, 21, 22, 23, 24, 25]  Q:5 M:5 F:5
  6521. [2, 5, 7, 8, 9, 10, 11, 15, 17, 20, 21, 22, 23, 24, 25]  Q:5 M:5 F:5
  6522. [2, 5, 7, 9, 10, 11, 12, 15, 17, 20, 21, 22, 23, 24, 25]  Q:5 M:5 F:5
  6523. [2, 5, 7, 8, 9, 10, 11, 12, 16, 17, 20, 21, 22, 23, 24]  Q:5 M:5 F:5
  6524. [2, 5, 7, 8, 9, 10, 11, 12, 16, 17, 20, 21, 22, 23, 25]  Q:5 M:5 F:5
  6525. [2, 5, 7, 8, 9, 10, 11, 12, 16, 17, 20, 21, 23, 24, 25]  Q:5 M:5 F:5
  6526. [2, 5, 7, 8, 9, 10, 11, 12, 16, 20, 21, 22, 23, 24, 25]  Q:5 M:5 F:5
  6527. [2, 5, 7, 8, 9, 10, 11, 16, 17, 20, 21, 22, 23, 24, 25]  Q:5 M:5 F:5
  6528. [2, 5, 7, 9, 10, 11, 12, 16, 17, 20, 21, 22, 23, 24, 25]  Q:5 M:5 F:5
  6529. [2, 5, 7, 8, 9, 10, 11, 12, 17, 18, 20, 21, 22, 23, 24]  Q:5 M:5 F:5
  6530. [2, 5, 7, 8, 9, 10, 11, 12, 17, 18, 20, 21, 22, 23, 25]  Q:5 M:5 F:5
  6531. [2, 5, 7, 8, 9, 10, 11, 12, 17, 18, 20, 21, 23, 24, 25]  Q:5 M:5 F:5
  6532. [2, 5, 7, 8, 9, 10, 11, 12, 18, 20, 21, 22, 23, 24, 25]  Q:5 M:5 F:5
  6533. [2, 5, 7, 8, 9, 10, 11, 17, 18, 20, 21, 22, 23, 24, 25]  Q:5 M:5 F:5
  6534. [2, 5, 7, 9, 10, 11, 12, 17, 18, 20, 21, 22, 23, 24, 25]  Q:5 M:5 F:5
  6535. [2, 5, 7, 8, 9, 10, 11, 12, 17, 19, 20, 21, 22, 23, 24]  Q:5 M:5 F:5
  6536. [2, 5, 7, 8, 9, 10, 11, 12, 17, 19, 20, 21, 22, 23, 25]  Q:5 M:5 F:5
  6537. [2, 5, 7, 8, 9, 10, 11, 12, 17, 19, 20, 21, 23, 24, 25]  Q:5 M:5 F:5
  6538. [2, 5, 7, 8, 9, 10, 11, 12, 19, 20, 21, 22, 23, 24, 25]  Q:5 M:5 F:5
  6539. [2, 5, 7, 8, 9, 10, 11, 17, 19, 20, 21, 22, 23, 24, 25]  Q:5 M:5 F:5
  6540. [2, 5, 7, 9, 10, 11, 12, 17, 19, 20, 21, 22, 23, 24, 25]  Q:5 M:5 F:5
  6541. [2, 5, 7, 8, 9, 10, 12, 13, 14, 17, 20, 21, 22, 23, 24]  Q:5 M:5 F:5
  6542. [2, 5, 7, 8, 9, 10, 12, 13, 14, 17, 20, 21, 22, 23, 25]  Q:5 M:5 F:5
  6543. [2, 5, 7, 8, 9, 10, 12, 13, 14, 17, 20, 21, 23, 24, 25]  Q:5 M:5 F:5
  6544. [2, 5, 7, 8, 9, 10, 12, 13, 14, 20, 21, 22, 23, 24, 25]  Q:5 M:5 F:5
  6545. [2, 5, 7, 8, 9, 10, 13, 14, 17, 20, 21, 22, 23, 24, 25]  Q:5 M:5 F:5
  6546. [2, 5, 7, 9, 10, 12, 13, 14, 17, 20, 21, 22, 23, 24, 25]  Q:5 M:5 F:5
  6547. [2, 5, 7, 8, 9, 10, 12, 13, 15, 17, 20, 21, 22, 23, 24]  Q:5 M:5 F:5
  6548. [2, 5, 7, 8, 9, 10, 12, 13, 15, 17, 20, 21, 22, 23, 25]  Q:5 M:5 F:5
  6549. [2, 5, 7, 8, 9, 10, 12, 13, 15, 17, 20, 21, 23, 24, 25]  Q:5 M:5 F:5
  6550. [2, 5, 7, 8, 9, 10, 12, 13, 15, 20, 21, 22, 23, 24, 25]  Q:5 M:5 F:5
  6551. [2, 5, 7, 8, 9, 10, 13, 15, 17, 20, 21, 22, 23, 24, 25]  Q:5 M:5 F:5
  6552. [2, 5, 7, 9, 10, 12, 13, 15, 17, 20, 21, 22, 23, 24, 25]  Q:5 M:5 F:5
  6553. [2, 5, 7, 8, 9, 10, 12, 13, 16, 17, 20, 21, 22, 23, 24]  Q:5 M:5 F:5
  6554. [2, 5, 7, 8, 9, 10, 12, 13, 16, 17, 20, 21, 22, 23, 25]  Q:5 M:5 F:5
  6555. [2, 5, 7, 8, 9, 10, 12, 13, 16, 17, 20, 21, 23, 24, 25]  Q:5 M:5 F:5
  6556. [2, 5, 7, 8, 9, 10, 12, 13, 16, 20, 21, 22, 23, 24, 25]  Q:5 M:5 F:5
  6557. [2, 5, 7, 8, 9, 10, 13, 16, 17, 20, 21, 22, 23, 24, 25]  Q:5 M:5 F:5
  6558. [2, 5, 7, 9, 10, 12, 13, 16, 17, 20, 21, 22, 23, 24, 25]  Q:5 M:5 F:5
  6559. [2, 5, 7, 8, 9, 10, 12, 13, 17, 18, 20, 21, 22, 23, 24]  Q:5 M:5 F:5
  6560. [2, 5, 7, 8, 9, 10, 12, 13, 17, 18, 20, 21, 22, 23, 25]  Q:5 M:5 F:5
  6561. [2, 5, 7, 8, 9, 10, 12, 13, 17, 18, 20, 21, 23, 24, 25]  Q:5 M:5 F:5
  6562. [2, 5, 7, 8, 9, 10, 12, 13, 18, 20, 21, 22, 23, 24, 25]  Q:5 M:5 F:5
  6563. [2, 5, 7, 8, 9, 10, 13, 17, 18, 20, 21, 22, 23, 24, 25]  Q:5 M:5 F:5
  6564. [2, 5, 7, 9, 10, 12, 13, 17, 18, 20, 21, 22, 23, 24, 25]  Q:5 M:5 F:5
  6565. [2, 5, 7, 8, 9, 10, 12, 13, 17, 19, 20, 21, 22, 23, 24]  Q:5 M:5 F:5
  6566. [2, 5, 7, 8, 9, 10, 12, 13, 17, 19, 20, 21, 22, 23, 25]  Q:5 M:5 F:5
  6567. [2, 5, 7, 8, 9, 10, 12, 13, 17, 19, 20, 21, 23, 24, 25]  Q:5 M:5 F:5
  6568. [2, 5, 7, 8, 9, 10, 12, 13, 19, 20, 21, 22, 23, 24, 25]  Q:5 M:5 F:5
  6569. [2, 5, 7, 8, 9, 10, 13, 17, 19, 20, 21, 22, 23, 24, 25]  Q:5 M:5 F:5
  6570. [2, 5, 7, 9, 10, 12, 13, 17, 19, 20, 21, 22, 23, 24, 25]  Q:5 M:5 F:5
  6571. [2, 5, 7, 8, 9, 10, 12, 14, 15, 17, 20, 21, 22, 23, 24]  Q:5 M:5 F:5
  6572. [2, 5, 7, 8, 9, 10, 12, 14, 15, 17, 20, 21, 22, 23, 25]  Q:5 M:5 F:5
  6573. [2, 5, 7, 8, 9, 10, 12, 14, 15, 17, 20, 21, 23, 24, 25]  Q:5 M:5 F:5
  6574. [2, 5, 7, 8, 9, 10, 12, 14, 15, 20, 21, 22, 23, 24, 25]  Q:5 M:5 F:5
  6575. [2, 5, 7, 8, 9, 10, 14, 15, 17, 20, 21, 22, 23, 24, 25]  Q:5 M:5 F:5
  6576. [2, 5, 7, 9, 10, 12, 14, 15, 17, 20, 21, 22, 23, 24, 25]  Q:5 M:5 F:5
  6577. [2, 5, 7, 8, 9, 10, 12, 14, 16, 17, 20, 21, 22, 23, 24]  Q:5 M:5 F:5
  6578. [2, 5, 7, 8, 9, 10, 12, 14, 16, 17, 20, 21, 22, 23, 25]  Q:5 M:5 F:5
  6579. [2, 5, 7, 8, 9, 10, 12, 14, 16, 17, 20, 21, 23, 24, 25]  Q:5 M:5 F:5
  6580. [2, 5, 7, 8, 9, 10, 12, 14, 16, 20, 21, 22, 23, 24, 25]  Q:5 M:5 F:5
  6581. [2, 5, 7, 8, 9, 10, 14, 16, 17, 20, 21, 22, 23, 24, 25]  Q:5 M:5 F:5
  6582. [2, 5, 7, 9, 10, 12, 14, 16, 17, 20, 21, 22, 23, 24, 25]  Q:5 M:5 F:5
  6583. [2, 5, 7, 8, 9, 10, 12, 14, 17, 18, 20, 21, 22, 23, 24]  Q:5 M:5 F:5
  6584. [2, 5, 7, 8, 9, 10, 12, 14, 17, 18, 20, 21, 22, 23, 25]  Q:5 M:5 F:5
  6585. [2, 5, 7, 8, 9, 10, 12, 14, 17, 18, 20, 21, 23, 24, 25]  Q:5 M:5 F:5
  6586. [2, 5, 7, 8, 9, 10, 12, 14, 18, 20, 21, 22, 23, 24, 25]  Q:5 M:5 F:5
  6587. [2, 5, 7, 8, 9, 10, 14, 17, 18, 20, 21, 22, 23, 24, 25]  Q:5 M:5 F:5
  6588. [2, 5, 7, 9, 10, 12, 14, 17, 18, 20, 21, 22, 23, 24, 25]  Q:5 M:5 F:5
  6589. [2, 5, 7, 8, 9, 10, 12, 14, 17, 19, 20, 21, 22, 23, 24]  Q:5 M:5 F:5
  6590. [2, 5, 7, 8, 9, 10, 12, 14, 17, 19, 20, 21, 22, 23, 25]  Q:5 M:5 F:5
  6591. [2, 5, 7, 8, 9, 10, 12, 14, 17, 19, 20, 21, 23, 24, 25]  Q:5 M:5 F:5
  6592. [2, 5, 7, 8, 9, 10, 12, 14, 19, 20, 21, 22, 23, 24, 25]  Q:5 M:5 F:5
  6593. [2, 5, 7, 8, 9, 10, 14, 17, 19, 20, 21, 22, 23, 24, 25]  Q:5 M:5 F:5
  6594. [2, 5, 7, 9, 10, 12, 14, 17, 19, 20, 21, 22, 23, 24, 25]  Q:5 M:5 F:5
  6595. [2, 5, 7, 8, 9, 10, 12, 15, 16, 17, 20, 21, 22, 23, 24]  Q:5 M:5 F:5
  6596. [2, 5, 7, 8, 9, 10, 12, 15, 16, 17, 20, 21, 22, 23, 25]  Q:5 M:5 F:5
  6597. [2, 5, 7, 8, 9, 10, 12, 15, 16, 17, 20, 21, 23, 24, 25]  Q:5 M:5 F:5
  6598. [2, 5, 7, 8, 9, 10, 12, 15, 16, 20, 21, 22, 23, 24, 25]  Q:5 M:5 F:5
  6599. [2, 5, 7, 8, 9, 10, 15, 16, 17, 20, 21, 22, 23, 24, 25]  Q:5 M:5 F:5
  6600. [2, 5, 7, 9, 10, 12, 15, 16, 17, 20, 21, 22, 23, 24, 25]  Q:5 M:5 F:5
  6601. [2, 5, 7, 8, 9, 10, 12, 15, 17, 18, 20, 21, 22, 23, 24]  Q:5 M:5 F:5
  6602. [2, 5, 7, 8, 9, 10, 12, 15, 17, 18, 20, 21, 22, 23, 25]  Q:5 M:5 F:5
  6603. [2, 5, 7, 8, 9, 10, 12, 15, 17, 18, 20, 21, 23, 24, 25]  Q:5 M:5 F:5
  6604. [2, 5, 7, 8, 9, 10, 12, 15, 18, 20, 21, 22, 23, 24, 25]  Q:5 M:5 F:5
  6605. [2, 5, 7, 8, 9, 10, 15, 17, 18, 20, 21, 22, 23, 24, 25]  Q:5 M:5 F:5
  6606. [2, 5, 7, 9, 10, 12, 15, 17, 18, 20, 21, 22, 23, 24, 25]  Q:5 M:5 F:5
  6607. [2, 5, 7, 8, 9, 10, 12, 15, 17, 19, 20, 21, 22, 23, 24]  Q:5 M:5 F:5
  6608. [2, 5, 7, 8, 9, 10, 12, 15, 17, 19, 20, 21, 22, 23, 25]  Q:5 M:5 F:5
  6609. [2, 5, 7, 8, 9, 10, 12, 15, 17, 19, 20, 21, 23, 24, 25]  Q:5 M:5 F:5
  6610. [2, 5, 7, 8, 9, 10, 12, 15, 19, 20, 21, 22, 23, 24, 25]  Q:5 M:5 F:5
  6611. [2, 5, 7, 8, 9, 10, 15, 17, 19, 20, 21, 22, 23, 24, 25]  Q:5 M:5 F:5
  6612. [2, 5, 7, 9, 10, 12, 15, 17, 19, 20, 21, 22, 23, 24, 25]  Q:5 M:5 F:5
  6613. [2, 5, 7, 8, 9, 10, 12, 16, 17, 18, 20, 21, 22, 23, 24]  Q:5 M:5 F:5
  6614. [2, 5, 7, 8, 9, 10, 12, 16, 17, 18, 20, 21, 22, 23, 25]  Q:5 M:5 F:5
  6615. [2, 5, 7, 8, 9, 10, 12, 16, 17, 18, 20, 21, 23, 24, 25]  Q:5 M:5 F:5
  6616. [2, 5, 7, 8, 9, 10, 12, 16, 18, 20, 21, 22, 23, 24, 25]  Q:5 M:5 F:5
  6617. [2, 5, 7, 8, 9, 10, 16, 17, 18, 20, 21, 22, 23, 24, 25]  Q:5 M:5 F:5
  6618. [2, 5, 7, 9, 10, 12, 16, 17, 18, 20, 21, 22, 23, 24, 25]  Q:5 M:5 F:5
  6619. [2, 5, 7, 8, 9, 10, 12, 16, 17, 19, 20, 21, 22, 23, 24]  Q:5 M:5 F:5
  6620. [2, 5, 7, 8, 9, 10, 12, 16, 17, 19, 20, 21, 22, 23, 25]  Q:5 M:5 F:5
  6621. [2, 5, 7, 8, 9, 10, 12, 16, 17, 19, 20, 21, 23, 24, 25]  Q:5 M:5 F:5
  6622. [2, 5, 7, 8, 9, 10, 12, 16, 19, 20, 21, 22, 23, 24, 25]  Q:5 M:5 F:5
  6623. [2, 5, 7, 8, 9, 10, 16, 17, 19, 20, 21, 22, 23, 24, 25]  Q:5 M:5 F:5
  6624. [2, 5, 7, 9, 10, 12, 16, 17, 19, 20, 21, 22, 23, 24, 25]  Q:5 M:5 F:5
  6625. [2, 5, 7, 8, 9, 10, 12, 17, 18, 19, 20, 21, 22, 23, 24]  Q:5 M:5 F:5
  6626. [2, 5, 7, 8, 9, 10, 12, 17, 18, 19, 20, 21, 22, 23, 25]  Q:5 M:5 F:5
  6627. [2, 5, 7, 8, 9, 10, 12, 17, 18, 19, 20, 21, 23, 24, 25]  Q:5 M:5 F:5
  6628. [2, 5, 7, 8, 9, 10, 12, 18, 19, 20, 21, 22, 23, 24, 25]  Q:5 M:5 F:5
  6629. [2, 5, 7, 8, 9, 10, 17, 18, 19, 20, 21, 22, 23, 24, 25]  Q:5 M:5 F:5
  6630. [2, 5, 7, 9, 10, 12, 17, 18, 19, 20, 21, 22, 23, 24, 25]  Q:5 M:5 F:5
  6631. [2, 5, 7, 8, 10, 11, 12, 13, 14, 17, 20, 21, 22, 23, 24]  Q:5 M:5 F:5
  6632. [2, 5, 7, 8, 10, 11, 12, 13, 14, 17, 20, 21, 22, 23, 25]  Q:5 M:5 F:5
  6633. [2, 5, 7, 8, 10, 11, 12, 13, 14, 17, 20, 21, 23, 24, 25]  Q:5 M:5 F:5
  6634. [2, 5, 7, 8, 10, 11, 12, 13, 14, 20, 21, 22, 23, 24, 25]  Q:5 M:5 F:5
  6635. [2, 5, 7, 8, 10, 11, 13, 14, 17, 20, 21, 22, 23, 24, 25]  Q:5 M:5 F:5
  6636. [2, 5, 7, 10, 11, 12, 13, 14, 17, 20, 21, 22, 23, 24, 25]  Q:5 M:5 F:5
  6637. [2, 5, 7, 8, 10, 11, 12, 13, 15, 17, 20, 21, 22, 23, 24]  Q:5 M:5 F:5
  6638. [2, 5, 7, 8, 10, 11, 12, 13, 15, 17, 20, 21, 22, 23, 25]  Q:5 M:5 F:5
  6639. [2, 5, 7, 8, 10, 11, 12, 13, 15, 17, 20, 21, 23, 24, 25]  Q:5 M:5 F:5
  6640. [2, 5, 7, 8, 10, 11, 12, 13, 15, 20, 21, 22, 23, 24, 25]  Q:5 M:5 F:5
  6641. [2, 5, 7, 8, 10, 11, 13, 15, 17, 20, 21, 22, 23, 24, 25]  Q:5 M:5 F:5
  6642. [2, 5, 7, 10, 11, 12, 13, 15, 17, 20, 21, 22, 23, 24, 25]  Q:5 M:5 F:5
  6643. [2, 5, 7, 8, 10, 11, 12, 13, 16, 17, 20, 21, 22, 23, 24]  Q:5 M:5 F:5
  6644. [2, 5, 7, 8, 10, 11, 12, 13, 16, 17, 20, 21, 22, 23, 25]  Q:5 M:5 F:5
  6645. [2, 5, 7, 8, 10, 11, 12, 13, 16, 17, 20, 21, 23, 24, 25]  Q:5 M:5 F:5
  6646. [2, 5, 7, 8, 10, 11, 12, 13, 16, 20, 21, 22, 23, 24, 25]  Q:5 M:5 F:5
  6647. [2, 5, 7, 8, 10, 11, 13, 16, 17, 20, 21, 22, 23, 24, 25]  Q:5 M:5 F:5
  6648. [2, 5, 7, 10, 11, 12, 13, 16, 17, 20, 21, 22, 23, 24, 25]  Q:5 M:5 F:5
  6649. [2, 5, 7, 8, 10, 11, 12, 13, 17, 18, 20, 21, 22, 23, 24]  Q:5 M:5 F:5
  6650. [2, 5, 7, 8, 10, 11, 12, 13, 17, 18, 20, 21, 22, 23, 25]  Q:5 M:5 F:5
  6651. [2, 5, 7, 8, 10, 11, 12, 13, 17, 18, 20, 21, 23, 24, 25]  Q:5 M:5 F:5
  6652. [2, 5, 7, 8, 10, 11, 12, 13, 18, 20, 21, 22, 23, 24, 25]  Q:5 M:5 F:5
  6653. [2, 5, 7, 8, 10, 11, 13, 17, 18, 20, 21, 22, 23, 24, 25]  Q:5 M:5 F:5
  6654. [2, 5, 7, 10, 11, 12, 13, 17, 18, 20, 21, 22, 23, 24, 25]  Q:5 M:5 F:5
  6655. [2, 5, 7, 8, 10, 11, 12, 13, 17, 19, 20, 21, 22, 23, 24]  Q:5 M:5 F:5
  6656. [2, 5, 7, 8, 10, 11, 12, 13, 17, 19, 20, 21, 22, 23, 25]  Q:5 M:5 F:5
  6657. [2, 5, 7, 8, 10, 11, 12, 13, 17, 19, 20, 21, 23, 24, 25]  Q:5 M:5 F:5
  6658. [2, 5, 7, 8, 10, 11, 12, 13, 19, 20, 21, 22, 23, 24, 25]  Q:5 M:5 F:5
  6659. [2, 5, 7, 8, 10, 11, 13, 17, 19, 20, 21, 22, 23, 24, 25]  Q:5 M:5 F:5
  6660. [2, 5, 7, 10, 11, 12, 13, 17, 19, 20, 21, 22, 23, 24, 25]  Q:5 M:5 F:5
  6661. [2, 5, 7, 8, 10, 11, 12, 14, 15, 17, 20, 21, 22, 23, 24]  Q:5 M:5 F:5
  6662. [2, 5, 7, 8, 10, 11, 12, 14, 15, 17, 20, 21, 22, 23, 25]  Q:5 M:5 F:5
  6663. [2, 5, 7, 8, 10, 11, 12, 14, 15, 17, 20, 21, 23, 24, 25]  Q:5 M:5 F:5
  6664. [2, 5, 7, 8, 10, 11, 12, 14, 15, 20, 21, 22, 23, 24, 25]  Q:5 M:5 F:5
  6665. [2, 5, 7, 8, 10, 11, 14, 15, 17, 20, 21, 22, 23, 24, 25]  Q:5 M:5 F:5
  6666. [2, 5, 7, 10, 11, 12, 14, 15, 17, 20, 21, 22, 23, 24, 25]  Q:5 M:5 F:5
  6667. [2, 5, 7, 8, 10, 11, 12, 14, 16, 17, 20, 21, 22, 23, 24]  Q:5 M:5 F:5
  6668. [2, 5, 7, 8, 10, 11, 12, 14, 16, 17, 20, 21, 22, 23, 25]  Q:5 M:5 F:5
  6669. [2, 5, 7, 8, 10, 11, 12, 14, 16, 17, 20, 21, 23, 24, 25]  Q:5 M:5 F:5
  6670. [2, 5, 7, 8, 10, 11, 12, 14, 16, 20, 21, 22, 23, 24, 25]  Q:5 M:5 F:5
  6671. [2, 5, 7, 8, 10, 11, 14, 16, 17, 20, 21, 22, 23, 24, 25]  Q:5 M:5 F:5
  6672. [2, 5, 7, 10, 11, 12, 14, 16, 17, 20, 21, 22, 23, 24, 25]  Q:5 M:5 F:5
  6673. [2, 5, 7, 8, 10, 11, 12, 14, 17, 18, 20, 21, 22, 23, 24]  Q:5 M:5 F:5
  6674. [2, 5, 7, 8, 10, 11, 12, 14, 17, 18, 20, 21, 22, 23, 25]  Q:5 M:5 F:5
  6675. [2, 5, 7, 8, 10, 11, 12, 14, 17, 18, 20, 21, 23, 24, 25]  Q:5 M:5 F:5
  6676. [2, 5, 7, 8, 10, 11, 12, 14, 18, 20, 21, 22, 23, 24, 25]  Q:5 M:5 F:5
  6677. [2, 5, 7, 8, 10, 11, 14, 17, 18, 20, 21, 22, 23, 24, 25]  Q:5 M:5 F:5
  6678. [2, 5, 7, 10, 11, 12, 14, 17, 18, 20, 21, 22, 23, 24, 25]  Q:5 M:5 F:5
  6679. [2, 5, 7, 8, 10, 11, 12, 14, 17, 19, 20, 21, 22, 23, 24]  Q:5 M:5 F:5
  6680. [2, 5, 7, 8, 10, 11, 12, 14, 17, 19, 20, 21, 22, 23, 25]  Q:5 M:5 F:5
  6681. [2, 5, 7, 8, 10, 11, 12, 14, 17, 19, 20, 21, 23, 24, 25]  Q:5 M:5 F:5
  6682. [2, 5, 7, 8, 10, 11, 12, 14, 19, 20, 21, 22, 23, 24, 25]  Q:5 M:5 F:5
  6683. [2, 5, 7, 8, 10, 11, 14, 17, 19, 20, 21, 22, 23, 24, 25]  Q:5 M:5 F:5
  6684. [2, 5, 7, 10, 11, 12, 14, 17, 19, 20, 21, 22, 23, 24, 25]  Q:5 M:5 F:5
  6685. [2, 5, 7, 8, 10, 11, 12, 15, 16, 17, 20, 21, 22, 23, 24]  Q:5 M:5 F:5
  6686. [2, 5, 7, 8, 10, 11, 12, 15, 16, 17, 20, 21, 22, 23, 25]  Q:5 M:5 F:5
  6687. [2, 5, 7, 8, 10, 11, 12, 15, 16, 17, 20, 21, 23, 24, 25]  Q:5 M:5 F:5
  6688. [2, 5, 7, 8, 10, 11, 12, 15, 16, 20, 21, 22, 23, 24, 25]  Q:5 M:5 F:5
  6689. [2, 5, 7, 8, 10, 11, 15, 16, 17, 20, 21, 22, 23, 24, 25]  Q:5 M:5 F:5
  6690. [2, 5, 7, 10, 11, 12, 15, 16, 17, 20, 21, 22, 23, 24, 25]  Q:5 M:5 F:5
  6691. [2, 5, 7, 8, 10, 11, 12, 15, 17, 18, 20, 21, 22, 23, 24]  Q:5 M:5 F:5
  6692. [2, 5, 7, 8, 10, 11, 12, 15, 17, 18, 20, 21, 22, 23, 25]  Q:5 M:5 F:5
  6693. [2, 5, 7, 8, 10, 11, 12, 15, 17, 18, 20, 21, 23, 24, 25]  Q:5 M:5 F:5
  6694. [2, 5, 7, 8, 10, 11, 12, 15, 18, 20, 21, 22, 23, 24, 25]  Q:5 M:5 F:5
  6695. [2, 5, 7, 8, 10, 11, 15, 17, 18, 20, 21, 22, 23, 24, 25]  Q:5 M:5 F:5
  6696. [2, 5, 7, 10, 11, 12, 15, 17, 18, 20, 21, 22, 23, 24, 25]  Q:5 M:5 F:5
  6697. [2, 5, 7, 8, 10, 11, 12, 15, 17, 19, 20, 21, 22, 23, 24]  Q:5 M:5 F:5
  6698. [2, 5, 7, 8, 10, 11, 12, 15, 17, 19, 20, 21, 22, 23, 25]  Q:5 M:5 F:5
  6699. [2, 5, 7, 8, 10, 11, 12, 15, 17, 19, 20, 21, 23, 24, 25]  Q:5 M:5 F:5
  6700. [2, 5, 7, 8, 10, 11, 12, 15, 19, 20, 21, 22, 23, 24, 25]  Q:5 M:5 F:5
  6701. [2, 5, 7, 8, 10, 11, 15, 17, 19, 20, 21, 22, 23, 24, 25]  Q:5 M:5 F:5
  6702. [2, 5, 7, 10, 11, 12, 15, 17, 19, 20, 21, 22, 23, 24, 25]  Q:5 M:5 F:5
  6703. [2, 5, 7, 8, 10, 11, 12, 16, 17, 18, 20, 21, 22, 23, 24]  Q:5 M:5 F:5
  6704. [2, 5, 7, 8, 10, 11, 12, 16, 17, 18, 20, 21, 22, 23, 25]  Q:5 M:5 F:5
  6705. [2, 5, 7, 8, 10, 11, 12, 16, 17, 18, 20, 21, 23, 24, 25]  Q:5 M:5 F:5
  6706. [2, 5, 7, 8, 10, 11, 12, 16, 18, 20, 21, 22, 23, 24, 25]  Q:5 M:5 F:5
  6707. [2, 5, 7, 8, 10, 11, 16, 17, 18, 20, 21, 22, 23, 24, 25]  Q:5 M:5 F:5
  6708. [2, 5, 7, 10, 11, 12, 16, 17, 18, 20, 21, 22, 23, 24, 25]  Q:5 M:5 F:5
  6709. [2, 5, 7, 8, 10, 11, 12, 16, 17, 19, 20, 21, 22, 23, 24]  Q:5 M:5 F:5
  6710. [2, 5, 7, 8, 10, 11, 12, 16, 17, 19, 20, 21, 22, 23, 25]  Q:5 M:5 F:5
  6711. [2, 5, 7, 8, 10, 11, 12, 16, 17, 19, 20, 21, 23, 24, 25]  Q:5 M:5 F:5
  6712. [2, 5, 7, 8, 10, 11, 12, 16, 19, 20, 21, 22, 23, 24, 25]  Q:5 M:5 F:5
  6713. [2, 5, 7, 8, 10, 11, 16, 17, 19, 20, 21, 22, 23, 24, 25]  Q:5 M:5 F:5
  6714. [2, 5, 7, 10, 11, 12, 16, 17, 19, 20, 21, 22, 23, 24, 25]  Q:5 M:5 F:5
  6715. [2, 5, 7, 8, 10, 11, 12, 17, 18, 19, 20, 21, 22, 23, 24]  Q:5 M:5 F:5
  6716. [2, 5, 7, 8, 10, 11, 12, 17, 18, 19, 20, 21, 22, 23, 25]  Q:5 M:5 F:5
  6717. [2, 5, 7, 8, 10, 11, 12, 17, 18, 19, 20, 21, 23, 24, 25]  Q:5 M:5 F:5
  6718. [2, 5, 7, 8, 10, 11, 12, 18, 19, 20, 21, 22, 23, 24, 25]  Q:5 M:5 F:5
  6719. [2, 5, 7, 8, 10, 11, 17, 18, 19, 20, 21, 22, 23, 24, 25]  Q:5 M:5 F:5
  6720. [2, 5, 7, 10, 11, 12, 17, 18, 19, 20, 21, 22, 23, 24, 25]  Q:5 M:5 F:5
  6721. [2, 5, 7, 8, 10, 12, 13, 14, 15, 17, 20, 21, 22, 23, 24]  Q:5 M:5 F:5
  6722. [2, 5, 7, 8, 10, 12, 13, 14, 15, 17, 20, 21, 22, 23, 25]  Q:5 M:5 F:5
  6723. [2, 5, 7, 8, 10, 12, 13, 14, 15, 17, 20, 21, 23, 24, 25]  Q:5 M:5 F:5
  6724. [2, 5, 7, 8, 10, 12, 13, 14, 15, 20, 21, 22, 23, 24, 25]  Q:5 M:5 F:5
  6725. [2, 5, 7, 8, 10, 13, 14, 15, 17, 20, 21, 22, 23, 24, 25]  Q:5 M:5 F:5
  6726. [2, 5, 7, 10, 12, 13, 14, 15, 17, 20, 21, 22, 23, 24, 25]  Q:5 M:5 F:5
  6727. [2, 5, 7, 8, 10, 12, 13, 14, 16, 17, 20, 21, 22, 23, 24]  Q:5 M:5 F:5
  6728. [2, 5, 7, 8, 10, 12, 13, 14, 16, 17, 20, 21, 22, 23, 25]  Q:5 M:5 F:5
  6729. [2, 5, 7, 8, 10, 12, 13, 14, 16, 17, 20, 21, 23, 24, 25]  Q:5 M:5 F:5
  6730. [2, 5, 7, 8, 10, 12, 13, 14, 16, 20, 21, 22, 23, 24, 25]  Q:5 M:5 F:5
  6731. [2, 5, 7, 8, 10, 13, 14, 16, 17, 20, 21, 22, 23, 24, 25]  Q:5 M:5 F:5
  6732. [2, 5, 7, 10, 12, 13, 14, 16, 17, 20, 21, 22, 23, 24, 25]  Q:5 M:5 F:5
  6733. [2, 5, 7, 8, 10, 12, 13, 14, 17, 18, 20, 21, 22, 23, 24]  Q:5 M:5 F:5
  6734. [2, 5, 7, 8, 10, 12, 13, 14, 17, 18, 20, 21, 22, 23, 25]  Q:5 M:5 F:5
  6735. [2, 5, 7, 8, 10, 12, 13, 14, 17, 18, 20, 21, 23, 24, 25]  Q:5 M:5 F:5
  6736. [2, 5, 7, 8, 10, 12, 13, 14, 18, 20, 21, 22, 23, 24, 25]  Q:5 M:5 F:5
  6737. [2, 5, 7, 8, 10, 13, 14, 17, 18, 20, 21, 22, 23, 24, 25]  Q:5 M:5 F:5
  6738. [2, 5, 7, 10, 12, 13, 14, 17, 18, 20, 21, 22, 23, 24, 25]  Q:5 M:5 F:5
  6739. [2, 5, 7, 8, 10, 12, 13, 14, 17, 19, 20, 21, 22, 23, 24]  Q:5 M:5 F:5
  6740. [2, 5, 7, 8, 10, 12, 13, 14, 17, 19, 20, 21, 22, 23, 25]  Q:5 M:5 F:5
  6741. [2, 5, 7, 8, 10, 12, 13, 14, 17, 19, 20, 21, 23, 24, 25]  Q:5 M:5 F:5
  6742. [2, 5, 7, 8, 10, 12, 13, 14, 19, 20, 21, 22, 23, 24, 25]  Q:5 M:5 F:5
  6743. [2, 5, 7, 8, 10, 13, 14, 17, 19, 20, 21, 22, 23, 24, 25]  Q:5 M:5 F:5
  6744. [2, 5, 7, 10, 12, 13, 14, 17, 19, 20, 21, 22, 23, 24, 25]  Q:5 M:5 F:5
  6745. [2, 5, 7, 8, 10, 12, 13, 15, 16, 17, 20, 21, 22, 23, 24]  Q:5 M:5 F:5
  6746. [2, 5, 7, 8, 10, 12, 13, 15, 16, 17, 20, 21, 22, 23, 25]  Q:5 M:5 F:5
  6747. [2, 5, 7, 8, 10, 12, 13, 15, 16, 17, 20, 21, 23, 24, 25]  Q:5 M:5 F:5
  6748. [2, 5, 7, 8, 10, 12, 13, 15, 16, 20, 21, 22, 23, 24, 25]  Q:5 M:5 F:5
  6749. [2, 5, 7, 8, 10, 13, 15, 16, 17, 20, 21, 22, 23, 24, 25]  Q:5 M:5 F:5
  6750. [2, 5, 7, 10, 12, 13, 15, 16, 17, 20, 21, 22, 23, 24, 25]  Q:5 M:5 F:5
  6751. [2, 5, 7, 8, 10, 12, 13, 15, 17, 18, 20, 21, 22, 23, 24]  Q:5 M:5 F:5
  6752. [2, 5, 7, 8, 10, 12, 13, 15, 17, 18, 20, 21, 22, 23, 25]  Q:5 M:5 F:5
  6753. [2, 5, 7, 8, 10, 12, 13, 15, 17, 18, 20, 21, 23, 24, 25]  Q:5 M:5 F:5
  6754. [2, 5, 7, 8, 10, 12, 13, 15, 18, 20, 21, 22, 23, 24, 25]  Q:5 M:5 F:5
  6755. [2, 5, 7, 8, 10, 13, 15, 17, 18, 20, 21, 22, 23, 24, 25]  Q:5 M:5 F:5
  6756. [2, 5, 7, 10, 12, 13, 15, 17, 18, 20, 21, 22, 23, 24, 25]  Q:5 M:5 F:5
  6757. [2, 5, 7, 8, 10, 12, 13, 15, 17, 19, 20, 21, 22, 23, 24]  Q:5 M:5 F:5
  6758. [2, 5, 7, 8, 10, 12, 13, 15, 17, 19, 20, 21, 22, 23, 25]  Q:5 M:5 F:5
  6759. [2, 5, 7, 8, 10, 12, 13, 15, 17, 19, 20, 21, 23, 24, 25]  Q:5 M:5 F:5
  6760. [2, 5, 7, 8, 10, 12, 13, 15, 19, 20, 21, 22, 23, 24, 25]  Q:5 M:5 F:5
  6761. [2, 5, 7, 8, 10, 13, 15, 17, 19, 20, 21, 22, 23, 24, 25]  Q:5 M:5 F:5
  6762. [2, 5, 7, 10, 12, 13, 15, 17, 19, 20, 21, 22, 23, 24, 25]  Q:5 M:5 F:5
  6763. [2, 5, 7, 8, 10, 12, 13, 16, 17, 18, 20, 21, 22, 23, 24]  Q:5 M:5 F:5
  6764. [2, 5, 7, 8, 10, 12, 13, 16, 17, 18, 20, 21, 22, 23, 25]  Q:5 M:5 F:5
  6765. [2, 5, 7, 8, 10, 12, 13, 16, 17, 18, 20, 21, 23, 24, 25]  Q:5 M:5 F:5
  6766. [2, 5, 7, 8, 10, 12, 13, 16, 18, 20, 21, 22, 23, 24, 25]  Q:5 M:5 F:5
  6767. [2, 5, 7, 8, 10, 13, 16, 17, 18, 20, 21, 22, 23, 24, 25]  Q:5 M:5 F:5
  6768. [2, 5, 7, 10, 12, 13, 16, 17, 18, 20, 21, 22, 23, 24, 25]  Q:5 M:5 F:5
  6769. [2, 5, 7, 8, 10, 12, 13, 16, 17, 19, 20, 21, 22, 23, 24]  Q:5 M:5 F:5
  6770. [2, 5, 7, 8, 10, 12, 13, 16, 17, 19, 20, 21, 22, 23, 25]  Q:5 M:5 F:5
  6771. [2, 5, 7, 8, 10, 12, 13, 16, 17, 19, 20, 21, 23, 24, 25]  Q:5 M:5 F:5
  6772. [2, 5, 7, 8, 10, 12, 13, 16, 19, 20, 21, 22, 23, 24, 25]  Q:5 M:5 F:5
  6773. [2, 5, 7, 8, 10, 13, 16, 17, 19, 20, 21, 22, 23, 24, 25]  Q:5 M:5 F:5
  6774. [2, 5, 7, 10, 12, 13, 16, 17, 19, 20, 21, 22, 23, 24, 25]  Q:5 M:5 F:5
  6775. [2, 5, 7, 8, 10, 12, 13, 17, 18, 19, 20, 21, 22, 23, 24]  Q:5 M:5 F:5
  6776. [2, 5, 7, 8, 10, 12, 13, 17, 18, 19, 20, 21, 22, 23, 25]  Q:5 M:5 F:5
  6777. [2, 5, 7, 8, 10, 12, 13, 17, 18, 19, 20, 21, 23, 24, 25]  Q:5 M:5 F:5
  6778. [2, 5, 7, 8, 10, 12, 13, 18, 19, 20, 21, 22, 23, 24, 25]  Q:5 M:5 F:5
  6779. [2, 5, 7, 8, 10, 13, 17, 18, 19, 20, 21, 22, 23, 24, 25]  Q:5 M:5 F:5
  6780. [2, 5, 7, 10, 12, 13, 17, 18, 19, 20, 21, 22, 23, 24, 25]  Q:5 M:5 F:5
  6781. [2, 5, 7, 8, 10, 12, 14, 15, 16, 17, 20, 21, 22, 23, 24]  Q:5 M:5 F:5
  6782. [2, 5, 7, 8, 10, 12, 14, 15, 16, 17, 20, 21, 22, 23, 25]  Q:5 M:5 F:5
  6783. [2, 5, 7, 8, 10, 12, 14, 15, 16, 17, 20, 21, 23, 24, 25]  Q:5 M:5 F:5
  6784. [2, 5, 7, 8, 10, 12, 14, 15, 16, 20, 21, 22, 23, 24, 25]  Q:5 M:5 F:5
  6785. [2, 5, 7, 8, 10, 14, 15, 16, 17, 20, 21, 22, 23, 24, 25]  Q:5 M:5 F:5
  6786. [2, 5, 7, 10, 12, 14, 15, 16, 17, 20, 21, 22, 23, 24, 25]  Q:5 M:5 F:5
  6787. [2, 5, 7, 8, 10, 12, 14, 15, 17, 18, 20, 21, 22, 23, 24]  Q:5 M:5 F:5
  6788. [2, 5, 7, 8, 10, 12, 14, 15, 17, 18, 20, 21, 22, 23, 25]  Q:5 M:5 F:5
  6789. [2, 5, 7, 8, 10, 12, 14, 15, 17, 18, 20, 21, 23, 24, 25]  Q:5 M:5 F:5
  6790. [2, 5, 7, 8, 10, 12, 14, 15, 18, 20, 21, 22, 23, 24, 25]  Q:5 M:5 F:5
  6791. [2, 5, 7, 8, 10, 14, 15, 17, 18, 20, 21, 22, 23, 24, 25]  Q:5 M:5 F:5
  6792. [2, 5, 7, 10, 12, 14, 15, 17, 18, 20, 21, 22, 23, 24, 25]  Q:5 M:5 F:5
  6793. [2, 5, 7, 8, 10, 12, 14, 15, 17, 19, 20, 21, 22, 23, 24]  Q:5 M:5 F:5
  6794. [2, 5, 7, 8, 10, 12, 14, 15, 17, 19, 20, 21, 22, 23, 25]  Q:5 M:5 F:5
  6795. [2, 5, 7, 8, 10, 12, 14, 15, 17, 19, 20, 21, 23, 24, 25]  Q:5 M:5 F:5
  6796. [2, 5, 7, 8, 10, 12, 14, 15, 19, 20, 21, 22, 23, 24, 25]  Q:5 M:5 F:5
  6797. [2, 5, 7, 8, 10, 14, 15, 17, 19, 20, 21, 22, 23, 24, 25]  Q:5 M:5 F:5
  6798. [2, 5, 7, 10, 12, 14, 15, 17, 19, 20, 21, 22, 23, 24, 25]  Q:5 M:5 F:5
  6799. [2, 5, 7, 8, 10, 12, 14, 16, 17, 18, 20, 21, 22, 23, 24]  Q:5 M:5 F:5
  6800. [2, 5, 7, 8, 10, 12, 14, 16, 17, 18, 20, 21, 22, 23, 25]  Q:5 M:5 F:5
  6801. [2, 5, 7, 8, 10, 12, 14, 16, 17, 18, 20, 21, 23, 24, 25]  Q:5 M:5 F:5
  6802. [2, 5, 7, 8, 10, 12, 14, 16, 18, 20, 21, 22, 23, 24, 25]  Q:5 M:5 F:5
  6803. [2, 5, 7, 8, 10, 14, 16, 17, 18, 20, 21, 22, 23, 24, 25]  Q:5 M:5 F:5
  6804. [2, 5, 7, 10, 12, 14, 16, 17, 18, 20, 21, 22, 23, 24, 25]  Q:5 M:5 F:5
  6805. [2, 5, 7, 8, 10, 12, 14, 16, 17, 19, 20, 21, 22, 23, 24]  Q:5 M:5 F:5
  6806. [2, 5, 7, 8, 10, 12, 14, 16, 17, 19, 20, 21, 22, 23, 25]  Q:5 M:5 F:5
  6807. [2, 5, 7, 8, 10, 12, 14, 16, 17, 19, 20, 21, 23, 24, 25]  Q:5 M:5 F:5
  6808. [2, 5, 7, 8, 10, 12, 14, 16, 19, 20, 21, 22, 23, 24, 25]  Q:5 M:5 F:5
  6809. [2, 5, 7, 8, 10, 14, 16, 17, 19, 20, 21, 22, 23, 24, 25]  Q:5 M:5 F:5
  6810. [2, 5, 7, 10, 12, 14, 16, 17, 19, 20, 21, 22, 23, 24, 25]  Q:5 M:5 F:5
  6811. [2, 5, 7, 8, 10, 12, 14, 17, 18, 19, 20, 21, 22, 23, 24]  Q:5 M:5 F:5
  6812. [2, 5, 7, 8, 10, 12, 14, 17, 18, 19, 20, 21, 22, 23, 25]  Q:5 M:5 F:5
  6813. [2, 5, 7, 8, 10, 12, 14, 17, 18, 19, 20, 21, 23, 24, 25]  Q:5 M:5 F:5
  6814. [2, 5, 7, 8, 10, 12, 14, 18, 19, 20, 21, 22, 23, 24, 25]  Q:5 M:5 F:5
  6815. [2, 5, 7, 8, 10, 14, 17, 18, 19, 20, 21, 22, 23, 24, 25]  Q:5 M:5 F:5
  6816. [2, 5, 7, 10, 12, 14, 17, 18, 19, 20, 21, 22, 23, 24, 25]  Q:5 M:5 F:5
  6817. [2, 5, 7, 8, 10, 12, 15, 16, 17, 18, 20, 21, 22, 23, 24]  Q:5 M:5 F:5
  6818. [2, 5, 7, 8, 10, 12, 15, 16, 17, 18, 20, 21, 22, 23, 25]  Q:5 M:5 F:5
  6819. [2, 5, 7, 8, 10, 12, 15, 16, 17, 18, 20, 21, 23, 24, 25]  Q:5 M:5 F:5
  6820. [2, 5, 7, 8, 10, 12, 15, 16, 18, 20, 21, 22, 23, 24, 25]  Q:5 M:5 F:5
  6821. [2, 5, 7, 8, 10, 15, 16, 17, 18, 20, 21, 22, 23, 24, 25]  Q:5 M:5 F:5
  6822. [2, 5, 7, 10, 12, 15, 16, 17, 18, 20, 21, 22, 23, 24, 25]  Q:5 M:5 F:5
  6823. [2, 5, 7, 8, 10, 12, 15, 16, 17, 19, 20, 21, 22, 23, 24]  Q:5 M:5 F:5
  6824. [2, 5, 7, 8, 10, 12, 15, 16, 17, 19, 20, 21, 22, 23, 25]  Q:5 M:5 F:5
  6825. [2, 5, 7, 8, 10, 12, 15, 16, 17, 19, 20, 21, 23, 24, 25]  Q:5 M:5 F:5
  6826. [2, 5, 7, 8, 10, 12, 15, 16, 19, 20, 21, 22, 23, 24, 25]  Q:5 M:5 F:5
  6827. [2, 5, 7, 8, 10, 15, 16, 17, 19, 20, 21, 22, 23, 24, 25]  Q:5 M:5 F:5
  6828. [2, 5, 7, 10, 12, 15, 16, 17, 19, 20, 21, 22, 23, 24, 25]  Q:5 M:5 F:5
  6829. [2, 5, 7, 8, 10, 12, 15, 17, 18, 19, 20, 21, 22, 23, 24]  Q:5 M:5 F:5
  6830. [2, 5, 7, 8, 10, 12, 15, 17, 18, 19, 20, 21, 22, 23, 25]  Q:5 M:5 F:5
  6831. [2, 5, 7, 8, 10, 12, 15, 17, 18, 19, 20, 21, 23, 24, 25]  Q:5 M:5 F:5
  6832. [2, 5, 7, 8, 10, 12, 15, 18, 19, 20, 21, 22, 23, 24, 25]  Q:5 M:5 F:5
  6833. [2, 5, 7, 8, 10, 15, 17, 18, 19, 20, 21, 22, 23, 24, 25]  Q:5 M:5 F:5
  6834. [2, 5, 7, 10, 12, 15, 17, 18, 19, 20, 21, 22, 23, 24, 25]  Q:5 M:5 F:5
  6835. [2, 5, 7, 8, 10, 12, 16, 17, 18, 19, 20, 21, 22, 23, 24]  Q:5 M:5 F:5
  6836. [2, 5, 7, 8, 10, 12, 16, 17, 18, 19, 20, 21, 22, 23, 25]  Q:5 M:5 F:5
  6837. [2, 5, 7, 8, 10, 12, 16, 17, 18, 19, 20, 21, 23, 24, 25]  Q:5 M:5 F:5
  6838. [2, 5, 7, 8, 10, 12, 16, 18, 19, 20, 21, 22, 23, 24, 25]  Q:5 M:5 F:5
  6839. [2, 5, 7, 8, 10, 16, 17, 18, 19, 20, 21, 22, 23, 24, 25]  Q:5 M:5 F:5
  6840. [2, 5, 7, 10, 12, 16, 17, 18, 19, 20, 21, 22, 23, 24, 25]  Q:5 M:5 F:5
  6841. [2, 5, 8, 9, 10, 11, 12, 13, 14, 17, 20, 21, 22, 23, 24]  Q:5 M:5 F:5
  6842. [2, 5, 8, 9, 10, 11, 12, 13, 14, 17, 20, 21, 22, 23, 25]  Q:5 M:5 F:5
  6843. [2, 5, 8, 9, 10, 11, 12, 13, 14, 17, 20, 21, 23, 24, 25]  Q:5 M:5 F:5
  6844. [2, 5, 8, 9, 10, 11, 12, 13, 14, 20, 21, 22, 23, 24, 25]  Q:5 M:5 F:5
  6845. [2, 5, 8, 9, 10, 11, 13, 14, 17, 20, 21, 22, 23, 24, 25]  Q:5 M:5 F:5
  6846. [2, 5, 9, 10, 11, 12, 13, 14, 17, 20, 21, 22, 23, 24, 25]  Q:5 M:5 F:5
  6847. [2, 5, 8, 9, 10, 11, 12, 13, 15, 17, 20, 21, 22, 23, 24]  Q:5 M:5 F:5
  6848. [2, 5, 8, 9, 10, 11, 12, 13, 15, 17, 20, 21, 22, 23, 25]  Q:5 M:5 F:5
  6849. [2, 5, 8, 9, 10, 11, 12, 13, 15, 17, 20, 21, 23, 24, 25]  Q:5 M:5 F:5
  6850. [2, 5, 8, 9, 10, 11, 12, 13, 15, 20, 21, 22, 23, 24, 25]  Q:5 M:5 F:5
  6851. [2, 5, 8, 9, 10, 11, 13, 15, 17, 20, 21, 22, 23, 24, 25]  Q:5 M:5 F:5
  6852. [2, 5, 9, 10, 11, 12, 13, 15, 17, 20, 21, 22, 23, 24, 25]  Q:5 M:5 F:5
  6853. [2, 5, 8, 9, 10, 11, 12, 13, 16, 17, 20, 21, 22, 23, 24]  Q:5 M:5 F:5
  6854. [2, 5, 8, 9, 10, 11, 12, 13, 16, 17, 20, 21, 22, 23, 25]  Q:5 M:5 F:5
  6855. [2, 5, 8, 9, 10, 11, 12, 13, 16, 17, 20, 21, 23, 24, 25]  Q:5 M:5 F:5
  6856. [2, 5, 8, 9, 10, 11, 12, 13, 16, 20, 21, 22, 23, 24, 25]  Q:5 M:5 F:5
  6857. [2, 5, 8, 9, 10, 11, 13, 16, 17, 20, 21, 22, 23, 24, 25]  Q:5 M:5 F:5
  6858. [2, 5, 9, 10, 11, 12, 13, 16, 17, 20, 21, 22, 23, 24, 25]  Q:5 M:5 F:5
  6859. [2, 5, 8, 9, 10, 11, 12, 13, 17, 18, 20, 21, 22, 23, 24]  Q:5 M:5 F:5
  6860. [2, 5, 8, 9, 10, 11, 12, 13, 17, 18, 20, 21, 22, 23, 25]  Q:5 M:5 F:5
  6861. [2, 5, 8, 9, 10, 11, 12, 13, 17, 18, 20, 21, 23, 24, 25]  Q:5 M:5 F:5
  6862. [2, 5, 8, 9, 10, 11, 12, 13, 18, 20, 21, 22, 23, 24, 25]  Q:5 M:5 F:5
  6863. [2, 5, 8, 9, 10, 11, 13, 17, 18, 20, 21, 22, 23, 24, 25]  Q:5 M:5 F:5
  6864. [2, 5, 9, 10, 11, 12, 13, 17, 18, 20, 21, 22, 23, 24, 25]  Q:5 M:5 F:5
  6865. [2, 5, 8, 9, 10, 11, 12, 13, 17, 19, 20, 21, 22, 23, 24]  Q:5 M:5 F:5
  6866. [2, 5, 8, 9, 10, 11, 12, 13, 17, 19, 20, 21, 22, 23, 25]  Q:5 M:5 F:5
  6867. [2, 5, 8, 9, 10, 11, 12, 13, 17, 19, 20, 21, 23, 24, 25]  Q:5 M:5 F:5
  6868. [2, 5, 8, 9, 10, 11, 12, 13, 19, 20, 21, 22, 23, 24, 25]  Q:5 M:5 F:5
  6869. [2, 5, 8, 9, 10, 11, 13, 17, 19, 20, 21, 22, 23, 24, 25]  Q:5 M:5 F:5
  6870. [2, 5, 9, 10, 11, 12, 13, 17, 19, 20, 21, 22, 23, 24, 25]  Q:5 M:5 F:5
  6871. [2, 5, 8, 9, 10, 11, 12, 14, 15, 17, 20, 21, 22, 23, 24]  Q:5 M:5 F:5
  6872. [2, 5, 8, 9, 10, 11, 12, 14, 15, 17, 20, 21, 22, 23, 25]  Q:5 M:5 F:5
  6873. [2, 5, 8, 9, 10, 11, 12, 14, 15, 17, 20, 21, 23, 24, 25]  Q:5 M:5 F:5
  6874. [2, 5, 8, 9, 10, 11, 12, 14, 15, 20, 21, 22, 23, 24, 25]  Q:5 M:5 F:5
  6875. [2, 5, 8, 9, 10, 11, 14, 15, 17, 20, 21, 22, 23, 24, 25]  Q:5 M:5 F:5
  6876. [2, 5, 9, 10, 11, 12, 14, 15, 17, 20, 21, 22, 23, 24, 25]  Q:5 M:5 F:5
  6877. [2, 5, 8, 9, 10, 11, 12, 14, 16, 17, 20, 21, 22, 23, 24]  Q:5 M:5 F:5
  6878. [2, 5, 8, 9, 10, 11, 12, 14, 16, 17, 20, 21, 22, 23, 25]  Q:5 M:5 F:5
  6879. [2, 5, 8, 9, 10, 11, 12, 14, 16, 17, 20, 21, 23, 24, 25]  Q:5 M:5 F:5
  6880. [2, 5, 8, 9, 10, 11, 12, 14, 16, 20, 21, 22, 23, 24, 25]  Q:5 M:5 F:5
  6881. [2, 5, 8, 9, 10, 11, 14, 16, 17, 20, 21, 22, 23, 24, 25]  Q:5 M:5 F:5
  6882. [2, 5, 9, 10, 11, 12, 14, 16, 17, 20, 21, 22, 23, 24, 25]  Q:5 M:5 F:5
  6883. [2, 5, 8, 9, 10, 11, 12, 14, 17, 18, 20, 21, 22, 23, 24]  Q:5 M:5 F:5
  6884. [2, 5, 8, 9, 10, 11, 12, 14, 17, 18, 20, 21, 22, 23, 25]  Q:5 M:5 F:5
  6885. [2, 5, 8, 9, 10, 11, 12, 14, 17, 18, 20, 21, 23, 24, 25]  Q:5 M:5 F:5
  6886. [2, 5, 8, 9, 10, 11, 12, 14, 18, 20, 21, 22, 23, 24, 25]  Q:5 M:5 F:5
  6887. [2, 5, 8, 9, 10, 11, 14, 17, 18, 20, 21, 22, 23, 24, 25]  Q:5 M:5 F:5
  6888. [2, 5, 9, 10, 11, 12, 14, 17, 18, 20, 21, 22, 23, 24, 25]  Q:5 M:5 F:5
  6889. [2, 5, 8, 9, 10, 11, 12, 14, 17, 19, 20, 21, 22, 23, 24]  Q:5 M:5 F:5
  6890. [2, 5, 8, 9, 10, 11, 12, 14, 17, 19, 20, 21, 22, 23, 25]  Q:5 M:5 F:5
  6891. [2, 5, 8, 9, 10, 11, 12, 14, 17, 19, 20, 21, 23, 24, 25]  Q:5 M:5 F:5
  6892. [2, 5, 8, 9, 10, 11, 12, 14, 19, 20, 21, 22, 23, 24, 25]  Q:5 M:5 F:5
  6893. [2, 5, 8, 9, 10, 11, 14, 17, 19, 20, 21, 22, 23, 24, 25]  Q:5 M:5 F:5
  6894. [2, 5, 9, 10, 11, 12, 14, 17, 19, 20, 21, 22, 23, 24, 25]  Q:5 M:5 F:5
  6895. [2, 5, 8, 9, 10, 11, 12, 15, 16, 17, 20, 21, 22, 23, 24]  Q:5 M:5 F:5
  6896. [2, 5, 8, 9, 10, 11, 12, 15, 16, 17, 20, 21, 22, 23, 25]  Q:5 M:5 F:5
  6897. [2, 5, 8, 9, 10, 11, 12, 15, 16, 17, 20, 21, 23, 24, 25]  Q:5 M:5 F:5
  6898. [2, 5, 8, 9, 10, 11, 12, 15, 16, 20, 21, 22, 23, 24, 25]  Q:5 M:5 F:5
  6899. [2, 5, 8, 9, 10, 11, 15, 16, 17, 20, 21, 22, 23, 24, 25]  Q:5 M:5 F:5
  6900. [2, 5, 9, 10, 11, 12, 15, 16, 17, 20, 21, 22, 23, 24, 25]  Q:5 M:5 F:5
  6901. [2, 5, 8, 9, 10, 11, 12, 15, 17, 18, 20, 21, 22, 23, 24]  Q:5 M:5 F:5
  6902. [2, 5, 8, 9, 10, 11, 12, 15, 17, 18, 20, 21, 22, 23, 25]  Q:5 M:5 F:5
  6903. [2, 5, 8, 9, 10, 11, 12, 15, 17, 18, 20, 21, 23, 24, 25]  Q:5 M:5 F:5
  6904. [2, 5, 8, 9, 10, 11, 12, 15, 18, 20, 21, 22, 23, 24, 25]  Q:5 M:5 F:5
  6905. [2, 5, 8, 9, 10, 11, 15, 17, 18, 20, 21, 22, 23, 24, 25]  Q:5 M:5 F:5
  6906. [2, 5, 9, 10, 11, 12, 15, 17, 18, 20, 21, 22, 23, 24, 25]  Q:5 M:5 F:5
  6907. [2, 5, 8, 9, 10, 11, 12, 15, 17, 19, 20, 21, 22, 23, 24]  Q:5 M:5 F:5
  6908. [2, 5, 8, 9, 10, 11, 12, 15, 17, 19, 20, 21, 22, 23, 25]  Q:5 M:5 F:5
  6909. [2, 5, 8, 9, 10, 11, 12, 15, 17, 19, 20, 21, 23, 24, 25]  Q:5 M:5 F:5
  6910. [2, 5, 8, 9, 10, 11, 12, 15, 19, 20, 21, 22, 23, 24, 25]  Q:5 M:5 F:5
  6911. [2, 5, 8, 9, 10, 11, 15, 17, 19, 20, 21, 22, 23, 24, 25]  Q:5 M:5 F:5
  6912. [2, 5, 9, 10, 11, 12, 15, 17, 19, 20, 21, 22, 23, 24, 25]  Q:5 M:5 F:5
  6913. [2, 5, 8, 9, 10, 11, 12, 16, 17, 18, 20, 21, 22, 23, 24]  Q:5 M:5 F:5
  6914. [2, 5, 8, 9, 10, 11, 12, 16, 17, 18, 20, 21, 22, 23, 25]  Q:5 M:5 F:5
  6915. [2, 5, 8, 9, 10, 11, 12, 16, 17, 18, 20, 21, 23, 24, 25]  Q:5 M:5 F:5
  6916. [2, 5, 8, 9, 10, 11, 12, 16, 18, 20, 21, 22, 23, 24, 25]  Q:5 M:5 F:5
  6917. [2, 5, 8, 9, 10, 11, 16, 17, 18, 20, 21, 22, 23, 24, 25]  Q:5 M:5 F:5
  6918. [2, 5, 9, 10, 11, 12, 16, 17, 18, 20, 21, 22, 23, 24, 25]  Q:5 M:5 F:5
  6919. [2, 5, 8, 9, 10, 11, 12, 16, 17, 19, 20, 21, 22, 23, 24]  Q:5 M:5 F:5
  6920. [2, 5, 8, 9, 10, 11, 12, 16, 17, 19, 20, 21, 22, 23, 25]  Q:5 M:5 F:5
  6921. [2, 5, 8, 9, 10, 11, 12, 16, 17, 19, 20, 21, 23, 24, 25]  Q:5 M:5 F:5
  6922. [2, 5, 8, 9, 10, 11, 12, 16, 19, 20, 21, 22, 23, 24, 25]  Q:5 M:5 F:5
  6923. [2, 5, 8, 9, 10, 11, 16, 17, 19, 20, 21, 22, 23, 24, 25]  Q:5 M:5 F:5
  6924. [2, 5, 9, 10, 11, 12, 16, 17, 19, 20, 21, 22, 23, 24, 25]  Q:5 M:5 F:5
  6925. [2, 5, 8, 9, 10, 11, 12, 17, 18, 19, 20, 21, 22, 23, 24]  Q:5 M:5 F:5
  6926. [2, 5, 8, 9, 10, 11, 12, 17, 18, 19, 20, 21, 22, 23, 25]  Q:5 M:5 F:5
  6927. [2, 5, 8, 9, 10, 11, 12, 17, 18, 19, 20, 21, 23, 24, 25]  Q:5 M:5 F:5
  6928. [2, 5, 8, 9, 10, 11, 12, 18, 19, 20, 21, 22, 23, 24, 25]  Q:5 M:5 F:5
  6929. [2, 5, 8, 9, 10, 11, 17, 18, 19, 20, 21, 22, 23, 24, 25]  Q:5 M:5 F:5
  6930. [2, 5, 9, 10, 11, 12, 17, 18, 19, 20, 21, 22, 23, 24, 25]  Q:5 M:5 F:5
  6931. [2, 5, 8, 9, 10, 12, 13, 14, 15, 17, 20, 21, 22, 23, 24]  Q:5 M:5 F:5
  6932. [2, 5, 8, 9, 10, 12, 13, 14, 15, 17, 20, 21, 22, 23, 25]  Q:5 M:5 F:5
  6933. [2, 5, 8, 9, 10, 12, 13, 14, 15, 17, 20, 21, 23, 24, 25]  Q:5 M:5 F:5
  6934. [2, 5, 8, 9, 10, 12, 13, 14, 15, 20, 21, 22, 23, 24, 25]  Q:5 M:5 F:5
  6935. [2, 5, 8, 9, 10, 13, 14, 15, 17, 20, 21, 22, 23, 24, 25]  Q:5 M:5 F:5
  6936. [2, 5, 9, 10, 12, 13, 14, 15, 17, 20, 21, 22, 23, 24, 25]  Q:5 M:5 F:5
  6937. [2, 5, 8, 9, 10, 12, 13, 14, 16, 17, 20, 21, 22, 23, 24]  Q:5 M:5 F:5
  6938. [2, 5, 8, 9, 10, 12, 13, 14, 16, 17, 20, 21, 22, 23, 25]  Q:5 M:5 F:5
  6939. [2, 5, 8, 9, 10, 12, 13, 14, 16, 17, 20, 21, 23, 24, 25]  Q:5 M:5 F:5
  6940. [2, 5, 8, 9, 10, 12, 13, 14, 16, 20, 21, 22, 23, 24, 25]  Q:5 M:5 F:5
  6941. [2, 5, 8, 9, 10, 13, 14, 16, 17, 20, 21, 22, 23, 24, 25]  Q:5 M:5 F:5
  6942. [2, 5, 9, 10, 12, 13, 14, 16, 17, 20, 21, 22, 23, 24, 25]  Q:5 M:5 F:5
  6943. [2, 5, 8, 9, 10, 12, 13, 14, 17, 18, 20, 21, 22, 23, 24]  Q:5 M:5 F:5
  6944. [2, 5, 8, 9, 10, 12, 13, 14, 17, 18, 20, 21, 22, 23, 25]  Q:5 M:5 F:5
  6945. [2, 5, 8, 9, 10, 12, 13, 14, 17, 18, 20, 21, 23, 24, 25]  Q:5 M:5 F:5
  6946. [2, 5, 8, 9, 10, 12, 13, 14, 18, 20, 21, 22, 23, 24, 25]  Q:5 M:5 F:5
  6947. [2, 5, 8, 9, 10, 13, 14, 17, 18, 20, 21, 22, 23, 24, 25]  Q:5 M:5 F:5
  6948. [2, 5, 9, 10, 12, 13, 14, 17, 18, 20, 21, 22, 23, 24, 25]  Q:5 M:5 F:5
  6949. [2, 5, 8, 9, 10, 12, 13, 14, 17, 19, 20, 21, 22, 23, 24]  Q:5 M:5 F:5
  6950. [2, 5, 8, 9, 10, 12, 13, 14, 17, 19, 20, 21, 22, 23, 25]  Q:5 M:5 F:5
  6951. [2, 5, 8, 9, 10, 12, 13, 14, 17, 19, 20, 21, 23, 24, 25]  Q:5 M:5 F:5
  6952. [2, 5, 8, 9, 10, 12, 13, 14, 19, 20, 21, 22, 23, 24, 25]  Q:5 M:5 F:5
  6953. [2, 5, 8, 9, 10, 13, 14, 17, 19, 20, 21, 22, 23, 24, 25]  Q:5 M:5 F:5
  6954. [2, 5, 9, 10, 12, 13, 14, 17, 19, 20, 21, 22, 23, 24, 25]  Q:5 M:5 F:5
  6955. [2, 5, 8, 9, 10, 12, 13, 15, 16, 17, 20, 21, 22, 23, 24]  Q:5 M:5 F:5
  6956. [2, 5, 8, 9, 10, 12, 13, 15, 16, 17, 20, 21, 22, 23, 25]  Q:5 M:5 F:5
  6957. [2, 5, 8, 9, 10, 12, 13, 15, 16, 17, 20, 21, 23, 24, 25]  Q:5 M:5 F:5
  6958. [2, 5, 8, 9, 10, 12, 13, 15, 16, 20, 21, 22, 23, 24, 25]  Q:5 M:5 F:5
  6959. [2, 5, 8, 9, 10, 13, 15, 16, 17, 20, 21, 22, 23, 24, 25]  Q:5 M:5 F:5
  6960. [2, 5, 9, 10, 12, 13, 15, 16, 17, 20, 21, 22, 23, 24, 25]  Q:5 M:5 F:5
  6961. [2, 5, 8, 9, 10, 12, 13, 15, 17, 18, 20, 21, 22, 23, 24]  Q:5 M:5 F:5
  6962. [2, 5, 8, 9, 10, 12, 13, 15, 17, 18, 20, 21, 22, 23, 25]  Q:5 M:5 F:5
  6963. [2, 5, 8, 9, 10, 12, 13, 15, 17, 18, 20, 21, 23, 24, 25]  Q:5 M:5 F:5
  6964. [2, 5, 8, 9, 10, 12, 13, 15, 18, 20, 21, 22, 23, 24, 25]  Q:5 M:5 F:5
  6965. [2, 5, 8, 9, 10, 13, 15, 17, 18, 20, 21, 22, 23, 24, 25]  Q:5 M:5 F:5
  6966. [2, 5, 9, 10, 12, 13, 15, 17, 18, 20, 21, 22, 23, 24, 25]  Q:5 M:5 F:5
  6967. [2, 5, 8, 9, 10, 12, 13, 15, 17, 19, 20, 21, 22, 23, 24]  Q:5 M:5 F:5
  6968. [2, 5, 8, 9, 10, 12, 13, 15, 17, 19, 20, 21, 22, 23, 25]  Q:5 M:5 F:5
  6969. [2, 5, 8, 9, 10, 12, 13, 15, 17, 19, 20, 21, 23, 24, 25]  Q:5 M:5 F:5
  6970. [2, 5, 8, 9, 10, 12, 13, 15, 19, 20, 21, 22, 23, 24, 25]  Q:5 M:5 F:5
  6971. [2, 5, 8, 9, 10, 13, 15, 17, 19, 20, 21, 22, 23, 24, 25]  Q:5 M:5 F:5
  6972. [2, 5, 9, 10, 12, 13, 15, 17, 19, 20, 21, 22, 23, 24, 25]  Q:5 M:5 F:5
  6973. [2, 5, 8, 9, 10, 12, 13, 16, 17, 18, 20, 21, 22, 23, 24]  Q:5 M:5 F:5
  6974. [2, 5, 8, 9, 10, 12, 13, 16, 17, 18, 20, 21, 22, 23, 25]  Q:5 M:5 F:5
  6975. [2, 5, 8, 9, 10, 12, 13, 16, 17, 18, 20, 21, 23, 24, 25]  Q:5 M:5 F:5
  6976. [2, 5, 8, 9, 10, 12, 13, 16, 18, 20, 21, 22, 23, 24, 25]  Q:5 M:5 F:5
  6977. [2, 5, 8, 9, 10, 13, 16, 17, 18, 20, 21, 22, 23, 24, 25]  Q:5 M:5 F:5
  6978. [2, 5, 9, 10, 12, 13, 16, 17, 18, 20, 21, 22, 23, 24, 25]  Q:5 M:5 F:5
  6979. [2, 5, 8, 9, 10, 12, 13, 16, 17, 19, 20, 21, 22, 23, 24]  Q:5 M:5 F:5
  6980. [2, 5, 8, 9, 10, 12, 13, 16, 17, 19, 20, 21, 22, 23, 25]  Q:5 M:5 F:5
  6981. [2, 5, 8, 9, 10, 12, 13, 16, 17, 19, 20, 21, 23, 24, 25]  Q:5 M:5 F:5
  6982. [2, 5, 8, 9, 10, 12, 13, 16, 19, 20, 21, 22, 23, 24, 25]  Q:5 M:5 F:5
  6983. [2, 5, 8, 9, 10, 13, 16, 17, 19, 20, 21, 22, 23, 24, 25]  Q:5 M:5 F:5
  6984. [2, 5, 9, 10, 12, 13, 16, 17, 19, 20, 21, 22, 23, 24, 25]  Q:5 M:5 F:5
  6985. [2, 5, 8, 9, 10, 12, 13, 17, 18, 19, 20, 21, 22, 23, 24]  Q:5 M:5 F:5
  6986. [2, 5, 8, 9, 10, 12, 13, 17, 18, 19, 20, 21, 22, 23, 25]  Q:5 M:5 F:5
  6987. [2, 5, 8, 9, 10, 12, 13, 17, 18, 19, 20, 21, 23, 24, 25]  Q:5 M:5 F:5
  6988. [2, 5, 8, 9, 10, 12, 13, 18, 19, 20, 21, 22, 23, 24, 25]  Q:5 M:5 F:5
  6989. [2, 5, 8, 9, 10, 13, 17, 18, 19, 20, 21, 22, 23, 24, 25]  Q:5 M:5 F:5
  6990. [2, 5, 9, 10, 12, 13, 17, 18, 19, 20, 21, 22, 23, 24, 25]  Q:5 M:5 F:5
  6991. [2, 5, 8, 9, 10, 12, 14, 15, 16, 17, 20, 21, 22, 23, 24]  Q:5 M:5 F:5
  6992. [2, 5, 8, 9, 10, 12, 14, 15, 16, 17, 20, 21, 22, 23, 25]  Q:5 M:5 F:5
  6993. [2, 5, 8, 9, 10, 12, 14, 15, 16, 17, 20, 21, 23, 24, 25]  Q:5 M:5 F:5
  6994. [2, 5, 8, 9, 10, 12, 14, 15, 16, 20, 21, 22, 23, 24, 25]  Q:5 M:5 F:5
  6995. [2, 5, 8, 9, 10, 14, 15, 16, 17, 20, 21, 22, 23, 24, 25]  Q:5 M:5 F:5
  6996. [2, 5, 9, 10, 12, 14, 15, 16, 17, 20, 21, 22, 23, 24, 25]  Q:5 M:5 F:5
  6997. [2, 5, 8, 9, 10, 12, 14, 15, 17, 18, 20, 21, 22, 23, 24]  Q:5 M:5 F:5
  6998. [2, 5, 8, 9, 10, 12, 14, 15, 17, 18, 20, 21, 22, 23, 25]  Q:5 M:5 F:5
  6999. [2, 5, 8, 9, 10, 12, 14, 15, 17, 18, 20, 21, 23, 24, 25]  Q:5 M:5 F:5
  7000. [2, 5, 8, 9, 10, 12, 14, 15, 18, 20, 21, 22, 23, 24, 25]  Q:5 M:5 F:5
  7001. [2, 5, 8, 9, 10, 14, 15, 17, 18, 20, 21, 22, 23, 24, 25]  Q:5 M:5 F:5
  7002. [2, 5, 9, 10, 12, 14, 15, 17, 18, 20, 21, 22, 23, 24, 25]  Q:5 M:5 F:5
  7003. [2, 5, 8, 9, 10, 12, 14, 15, 17, 19, 20, 21, 22, 23, 24]  Q:5 M:5 F:5
  7004. [2, 5, 8, 9, 10, 12, 14, 15, 17, 19, 20, 21, 22, 23, 25]  Q:5 M:5 F:5
  7005. [2, 5, 8, 9, 10, 12, 14, 15, 17, 19, 20, 21, 23, 24, 25]  Q:5 M:5 F:5
  7006. [2, 5, 8, 9, 10, 12, 14, 15, 19, 20, 21, 22, 23, 24, 25]  Q:5 M:5 F:5
  7007. [2, 5, 8, 9, 10, 14, 15, 17, 19, 20, 21, 22, 23, 24, 25]  Q:5 M:5 F:5
  7008. [2, 5, 9, 10, 12, 14, 15, 17, 19, 20, 21, 22, 23, 24, 25]  Q:5 M:5 F:5
  7009. [2, 5, 8, 9, 10, 12, 14, 16, 17, 18, 20, 21, 22, 23, 24]  Q:5 M:5 F:5
  7010. [2, 5, 8, 9, 10, 12, 14, 16, 17, 18, 20, 21, 22, 23, 25]  Q:5 M:5 F:5
  7011. [2, 5, 8, 9, 10, 12, 14, 16, 17, 18, 20, 21, 23, 24, 25]  Q:5 M:5 F:5
  7012. [2, 5, 8, 9, 10, 12, 14, 16, 18, 20, 21, 22, 23, 24, 25]  Q:5 M:5 F:5
  7013. [2, 5, 8, 9, 10, 14, 16, 17, 18, 20, 21, 22, 23, 24, 25]  Q:5 M:5 F:5
  7014. [2, 5, 9, 10, 12, 14, 16, 17, 18, 20, 21, 22, 23, 24, 25]  Q:5 M:5 F:5
  7015. [2, 5, 8, 9, 10, 12, 14, 16, 17, 19, 20, 21, 22, 23, 24]  Q:5 M:5 F:5
  7016. [2, 5, 8, 9, 10, 12, 14, 16, 17, 19, 20, 21, 22, 23, 25]  Q:5 M:5 F:5
  7017. [2, 5, 8, 9, 10, 12, 14, 16, 17, 19, 20, 21, 23, 24, 25]  Q:5 M:5 F:5
  7018. [2, 5, 8, 9, 10, 12, 14, 16, 19, 20, 21, 22, 23, 24, 25]  Q:5 M:5 F:5
  7019. [2, 5, 8, 9, 10, 14, 16, 17, 19, 20, 21, 22, 23, 24, 25]  Q:5 M:5 F:5
  7020. [2, 5, 9, 10, 12, 14, 16, 17, 19, 20, 21, 22, 23, 24, 25]  Q:5 M:5 F:5
  7021. [2, 5, 8, 9, 10, 12, 14, 17, 18, 19, 20, 21, 22, 23, 24]  Q:5 M:5 F:5
  7022. [2, 5, 8, 9, 10, 12, 14, 17, 18, 19, 20, 21, 22, 23, 25]  Q:5 M:5 F:5
  7023. [2, 5, 8, 9, 10, 12, 14, 17, 18, 19, 20, 21, 23, 24, 25]  Q:5 M:5 F:5
  7024. [2, 5, 8, 9, 10, 12, 14, 18, 19, 20, 21, 22, 23, 24, 25]  Q:5 M:5 F:5
  7025. [2, 5, 8, 9, 10, 14, 17, 18, 19, 20, 21, 22, 23, 24, 25]  Q:5 M:5 F:5
  7026. [2, 5, 9, 10, 12, 14, 17, 18, 19, 20, 21, 22, 23, 24, 25]  Q:5 M:5 F:5
  7027. [2, 5, 8, 9, 10, 12, 15, 16, 17, 18, 20, 21, 22, 23, 24]  Q:5 M:5 F:5
  7028. [2, 5, 8, 9, 10, 12, 15, 16, 17, 18, 20, 21, 22, 23, 25]  Q:5 M:5 F:5
  7029. [2, 5, 8, 9, 10, 12, 15, 16, 17, 18, 20, 21, 23, 24, 25]  Q:5 M:5 F:5
  7030. [2, 5, 8, 9, 10, 12, 15, 16, 18, 20, 21, 22, 23, 24, 25]  Q:5 M:5 F:5
  7031. [2, 5, 8, 9, 10, 15, 16, 17, 18, 20, 21, 22, 23, 24, 25]  Q:5 M:5 F:5
  7032. [2, 5, 9, 10, 12, 15, 16, 17, 18, 20, 21, 22, 23, 24, 25]  Q:5 M:5 F:5
  7033. [2, 5, 8, 9, 10, 12, 15, 16, 17, 19, 20, 21, 22, 23, 24]  Q:5 M:5 F:5
  7034. [2, 5, 8, 9, 10, 12, 15, 16, 17, 19, 20, 21, 22, 23, 25]  Q:5 M:5 F:5
  7035. [2, 5, 8, 9, 10, 12, 15, 16, 17, 19, 20, 21, 23, 24, 25]  Q:5 M:5 F:5
  7036. [2, 5, 8, 9, 10, 12, 15, 16, 19, 20, 21, 22, 23, 24, 25]  Q:5 M:5 F:5
  7037. [2, 5, 8, 9, 10, 15, 16, 17, 19, 20, 21, 22, 23, 24, 25]  Q:5 M:5 F:5
  7038. [2, 5, 9, 10, 12, 15, 16, 17, 19, 20, 21, 22, 23, 24, 25]  Q:5 M:5 F:5
  7039. [2, 5, 8, 9, 10, 12, 15, 17, 18, 19, 20, 21, 22, 23, 24]  Q:5 M:5 F:5
  7040. [2, 5, 8, 9, 10, 12, 15, 17, 18, 19, 20, 21, 22, 23, 25]  Q:5 M:5 F:5
  7041. [2, 5, 8, 9, 10, 12, 15, 17, 18, 19, 20, 21, 23, 24, 25]  Q:5 M:5 F:5
  7042. [2, 5, 8, 9, 10, 12, 15, 18, 19, 20, 21, 22, 23, 24, 25]  Q:5 M:5 F:5
  7043. [2, 5, 8, 9, 10, 15, 17, 18, 19, 20, 21, 22, 23, 24, 25]  Q:5 M:5 F:5
  7044. [2, 5, 9, 10, 12, 15, 17, 18, 19, 20, 21, 22, 23, 24, 25]  Q:5 M:5 F:5
  7045. [2, 5, 8, 9, 10, 12, 16, 17, 18, 19, 20, 21, 22, 23, 24]  Q:5 M:5 F:5
  7046. [2, 5, 8, 9, 10, 12, 16, 17, 18, 19, 20, 21, 22, 23, 25]  Q:5 M:5 F:5
  7047. [2, 5, 8, 9, 10, 12, 16, 17, 18, 19, 20, 21, 23, 24, 25]  Q:5 M:5 F:5
  7048. [2, 5, 8, 9, 10, 12, 16, 18, 19, 20, 21, 22, 23, 24, 25]  Q:5 M:5 F:5
  7049. [2, 5, 8, 9, 10, 16, 17, 18, 19, 20, 21, 22, 23, 24, 25]  Q:5 M:5 F:5
  7050. [2, 5, 9, 10, 12, 16, 17, 18, 19, 20, 21, 22, 23, 24, 25]  Q:5 M:5 F:5
  7051. [2, 5, 8, 10, 11, 12, 13, 14, 15, 17, 20, 21, 22, 23, 24]  Q:5 M:5 F:5
  7052. [2, 5, 8, 10, 11, 12, 13, 14, 15, 17, 20, 21, 22, 23, 25]  Q:5 M:5 F:5
  7053. [2, 5, 8, 10, 11, 12, 13, 14, 15, 17, 20, 21, 23, 24, 25]  Q:5 M:5 F:5
  7054. [2, 5, 8, 10, 11, 12, 13, 14, 15, 20, 21, 22, 23, 24, 25]  Q:5 M:5 F:5
  7055. [2, 5, 8, 10, 11, 13, 14, 15, 17, 20, 21, 22, 23, 24, 25]  Q:5 M:5 F:5
  7056. [2, 5, 10, 11, 12, 13, 14, 15, 17, 20, 21, 22, 23, 24, 25]  Q:5 M:5 F:5
  7057. [2, 5, 8, 10, 11, 12, 13, 14, 16, 17, 20, 21, 22, 23, 24]  Q:5 M:5 F:5
  7058. [2, 5, 8, 10, 11, 12, 13, 14, 16, 17, 20, 21, 22, 23, 25]  Q:5 M:5 F:5
  7059. [2, 5, 8, 10, 11, 12, 13, 14, 16, 17, 20, 21, 23, 24, 25]  Q:5 M:5 F:5
  7060. [2, 5, 8, 10, 11, 12, 13, 14, 16, 20, 21, 22, 23, 24, 25]  Q:5 M:5 F:5
  7061. [2, 5, 8, 10, 11, 13, 14, 16, 17, 20, 21, 22, 23, 24, 25]  Q:5 M:5 F:5
  7062. [2, 5, 10, 11, 12, 13, 14, 16, 17, 20, 21, 22, 23, 24, 25]  Q:5 M:5 F:5
  7063. [2, 5, 8, 10, 11, 12, 13, 14, 17, 18, 20, 21, 22, 23, 24]  Q:5 M:5 F:5
  7064. [2, 5, 8, 10, 11, 12, 13, 14, 17, 18, 20, 21, 22, 23, 25]  Q:5 M:5 F:5
  7065. [2, 5, 8, 10, 11, 12, 13, 14, 17, 18, 20, 21, 23, 24, 25]  Q:5 M:5 F:5
  7066. [2, 5, 8, 10, 11, 12, 13, 14, 18, 20, 21, 22, 23, 24, 25]  Q:5 M:5 F:5
  7067. [2, 5, 8, 10, 11, 13, 14, 17, 18, 20, 21, 22, 23, 24, 25]  Q:5 M:5 F:5
  7068. [2, 5, 10, 11, 12, 13, 14, 17, 18, 20, 21, 22, 23, 24, 25]  Q:5 M:5 F:5
  7069. [2, 5, 8, 10, 11, 12, 13, 14, 17, 19, 20, 21, 22, 23, 24]  Q:5 M:5 F:5
  7070. [2, 5, 8, 10, 11, 12, 13, 14, 17, 19, 20, 21, 22, 23, 25]  Q:5 M:5 F:5
  7071. [2, 5, 8, 10, 11, 12, 13, 14, 17, 19, 20, 21, 23, 24, 25]  Q:5 M:5 F:5
  7072. [2, 5, 8, 10, 11, 12, 13, 14, 19, 20, 21, 22, 23, 24, 25]  Q:5 M:5 F:5
  7073. [2, 5, 8, 10, 11, 13, 14, 17, 19, 20, 21, 22, 23, 24, 25]  Q:5 M:5 F:5
  7074. [2, 5, 10, 11, 12, 13, 14, 17, 19, 20, 21, 22, 23, 24, 25]  Q:5 M:5 F:5
  7075. [2, 5, 8, 10, 11, 12, 13, 15, 16, 17, 20, 21, 22, 23, 24]  Q:5 M:5 F:5
  7076. [2, 5, 8, 10, 11, 12, 13, 15, 16, 17, 20, 21, 22, 23, 25]  Q:5 M:5 F:5
  7077. [2, 5, 8, 10, 11, 12, 13, 15, 16, 17, 20, 21, 23, 24, 25]  Q:5 M:5 F:5
  7078. [2, 5, 8, 10, 11, 12, 13, 15, 16, 20, 21, 22, 23, 24, 25]  Q:5 M:5 F:5
  7079. [2, 5, 8, 10, 11, 13, 15, 16, 17, 20, 21, 22, 23, 24, 25]  Q:5 M:5 F:5
  7080. [2, 5, 10, 11, 12, 13, 15, 16, 17, 20, 21, 22, 23, 24, 25]  Q:5 M:5 F:5
  7081. [2, 5, 8, 10, 11, 12, 13, 15, 17, 18, 20, 21, 22, 23, 24]  Q:5 M:5 F:5
  7082. [2, 5, 8, 10, 11, 12, 13, 15, 17, 18, 20, 21, 22, 23, 25]  Q:5 M:5 F:5
  7083. [2, 5, 8, 10, 11, 12, 13, 15, 17, 18, 20, 21, 23, 24, 25]  Q:5 M:5 F:5
  7084. [2, 5, 8, 10, 11, 12, 13, 15, 18, 20, 21, 22, 23, 24, 25]  Q:5 M:5 F:5
  7085. [2, 5, 8, 10, 11, 13, 15, 17, 18, 20, 21, 22, 23, 24, 25]  Q:5 M:5 F:5
  7086. [2, 5, 10, 11, 12, 13, 15, 17, 18, 20, 21, 22, 23, 24, 25]  Q:5 M:5 F:5
  7087. [2, 5, 8, 10, 11, 12, 13, 15, 17, 19, 20, 21, 22, 23, 24]  Q:5 M:5 F:5
  7088. [2, 5, 8, 10, 11, 12, 13, 15, 17, 19, 20, 21, 22, 23, 25]  Q:5 M:5 F:5
  7089. [2, 5, 8, 10, 11, 12, 13, 15, 17, 19, 20, 21, 23, 24, 25]  Q:5 M:5 F:5
  7090. [2, 5, 8, 10, 11, 12, 13, 15, 19, 20, 21, 22, 23, 24, 25]  Q:5 M:5 F:5
  7091. [2, 5, 8, 10, 11, 13, 15, 17, 19, 20, 21, 22, 23, 24, 25]  Q:5 M:5 F:5
  7092. [2, 5, 10, 11, 12, 13, 15, 17, 19, 20, 21, 22, 23, 24, 25]  Q:5 M:5 F:5
  7093. [2, 5, 8, 10, 11, 12, 13, 16, 17, 18, 20, 21, 22, 23, 24]  Q:5 M:5 F:5
  7094. [2, 5, 8, 10, 11, 12, 13, 16, 17, 18, 20, 21, 22, 23, 25]  Q:5 M:5 F:5
  7095. [2, 5, 8, 10, 11, 12, 13, 16, 17, 18, 20, 21, 23, 24, 25]  Q:5 M:5 F:5
  7096. [2, 5, 8, 10, 11, 12, 13, 16, 18, 20, 21, 22, 23, 24, 25]  Q:5 M:5 F:5
  7097. [2, 5, 8, 10, 11, 13, 16, 17, 18, 20, 21, 22, 23, 24, 25]  Q:5 M:5 F:5
  7098. [2, 5, 10, 11, 12, 13, 16, 17, 18, 20, 21, 22, 23, 24, 25]  Q:5 M:5 F:5
  7099. [2, 5, 8, 10, 11, 12, 13, 16, 17, 19, 20, 21, 22, 23, 24]  Q:5 M:5 F:5
  7100. [2, 5, 8, 10, 11, 12, 13, 16, 17, 19, 20, 21, 22, 23, 25]  Q:5 M:5 F:5
  7101. [2, 5, 8, 10, 11, 12, 13, 16, 17, 19, 20, 21, 23, 24, 25]  Q:5 M:5 F:5
  7102. [2, 5, 8, 10, 11, 12, 13, 16, 19, 20, 21, 22, 23, 24, 25]  Q:5 M:5 F:5
  7103. [2, 5, 8, 10, 11, 13, 16, 17, 19, 20, 21, 22, 23, 24, 25]  Q:5 M:5 F:5
  7104. [2, 5, 10, 11, 12, 13, 16, 17, 19, 20, 21, 22, 23, 24, 25]  Q:5 M:5 F:5
  7105. [2, 5, 8, 10, 11, 12, 13, 17, 18, 19, 20, 21, 22, 23, 24]  Q:5 M:5 F:5
  7106. [2, 5, 8, 10, 11, 12, 13, 17, 18, 19, 20, 21, 22, 23, 25]  Q:5 M:5 F:5
  7107. [2, 5, 8, 10, 11, 12, 13, 17, 18, 19, 20, 21, 23, 24, 25]  Q:5 M:5 F:5
  7108. [2, 5, 8, 10, 11, 12, 13, 18, 19, 20, 21, 22, 23, 24, 25]  Q:5 M:5 F:5
  7109. [2, 5, 8, 10, 11, 13, 17, 18, 19, 20, 21, 22, 23, 24, 25]  Q:5 M:5 F:5
  7110. [2, 5, 10, 11, 12, 13, 17, 18, 19, 20, 21, 22, 23, 24, 25]  Q:5 M:5 F:5
  7111. [2, 5, 8, 10, 11, 12, 14, 15, 16, 17, 20, 21, 22, 23, 24]  Q:5 M:5 F:5
  7112. [2, 5, 8, 10, 11, 12, 14, 15, 16, 17, 20, 21, 22, 23, 25]  Q:5 M:5 F:5
  7113. [2, 5, 8, 10, 11, 12, 14, 15, 16, 17, 20, 21, 23, 24, 25]  Q:5 M:5 F:5
  7114. [2, 5, 8, 10, 11, 12, 14, 15, 16, 20, 21, 22, 23, 24, 25]  Q:5 M:5 F:5
  7115. [2, 5, 8, 10, 11, 14, 15, 16, 17, 20, 21, 22, 23, 24, 25]  Q:5 M:5 F:5
  7116. [2, 5, 10, 11, 12, 14, 15, 16, 17, 20, 21, 22, 23, 24, 25]  Q:5 M:5 F:5
  7117. [2, 5, 8, 10, 11, 12, 14, 15, 17, 18, 20, 21, 22, 23, 24]  Q:5 M:5 F:5
  7118. [2, 5, 8, 10, 11, 12, 14, 15, 17, 18, 20, 21, 22, 23, 25]  Q:5 M:5 F:5
  7119. [2, 5, 8, 10, 11, 12, 14, 15, 17, 18, 20, 21, 23, 24, 25]  Q:5 M:5 F:5
  7120. [2, 5, 8, 10, 11, 12, 14, 15, 18, 20, 21, 22, 23, 24, 25]  Q:5 M:5 F:5
  7121. [2, 5, 8, 10, 11, 14, 15, 17, 18, 20, 21, 22, 23, 24, 25]  Q:5 M:5 F:5
  7122. [2, 5, 10, 11, 12, 14, 15, 17, 18, 20, 21, 22, 23, 24, 25]  Q:5 M:5 F:5
  7123. [2, 5, 8, 10, 11, 12, 14, 15, 17, 19, 20, 21, 22, 23, 24]  Q:5 M:5 F:5
  7124. [2, 5, 8, 10, 11, 12, 14, 15, 17, 19, 20, 21, 22, 23, 25]  Q:5 M:5 F:5
  7125. [2, 5, 8, 10, 11, 12, 14, 15, 17, 19, 20, 21, 23, 24, 25]  Q:5 M:5 F:5
  7126. [2, 5, 8, 10, 11, 12, 14, 15, 19, 20, 21, 22, 23, 24, 25]  Q:5 M:5 F:5
  7127. [2, 5, 8, 10, 11, 14, 15, 17, 19, 20, 21, 22, 23, 24, 25]  Q:5 M:5 F:5
  7128. [2, 5, 10, 11, 12, 14, 15, 17, 19, 20, 21, 22, 23, 24, 25]  Q:5 M:5 F:5
  7129. [2, 5, 8, 10, 11, 12, 14, 16, 17, 18, 20, 21, 22, 23, 24]  Q:5 M:5 F:5
  7130. [2, 5, 8, 10, 11, 12, 14, 16, 17, 18, 20, 21, 22, 23, 25]  Q:5 M:5 F:5
  7131. [2, 5, 8, 10, 11, 12, 14, 16, 17, 18, 20, 21, 23, 24, 25]  Q:5 M:5 F:5
  7132. [2, 5, 8, 10, 11, 12, 14, 16, 18, 20, 21, 22, 23, 24, 25]  Q:5 M:5 F:5
  7133. [2, 5, 8, 10, 11, 14, 16, 17, 18, 20, 21, 22, 23, 24, 25]  Q:5 M:5 F:5
  7134. [2, 5, 10, 11, 12, 14, 16, 17, 18, 20, 21, 22, 23, 24, 25]  Q:5 M:5 F:5
  7135. [2, 5, 8, 10, 11, 12, 14, 16, 17, 19, 20, 21, 22, 23, 24]  Q:5 M:5 F:5
  7136. [2, 5, 8, 10, 11, 12, 14, 16, 17, 19, 20, 21, 22, 23, 25]  Q:5 M:5 F:5
  7137. [2, 5, 8, 10, 11, 12, 14, 16, 17, 19, 20, 21, 23, 24, 25]  Q:5 M:5 F:5
  7138. [2, 5, 8, 10, 11, 12, 14, 16, 19, 20, 21, 22, 23, 24, 25]  Q:5 M:5 F:5
  7139. [2, 5, 8, 10, 11, 14, 16, 17, 19, 20, 21, 22, 23, 24, 25]  Q:5 M:5 F:5
  7140. [2, 5, 10, 11, 12, 14, 16, 17, 19, 20, 21, 22, 23, 24, 25]  Q:5 M:5 F:5
  7141. [2, 5, 8, 10, 11, 12, 14, 17, 18, 19, 20, 21, 22, 23, 24]  Q:5 M:5 F:5
  7142. [2, 5, 8, 10, 11, 12, 14, 17, 18, 19, 20, 21, 22, 23, 25]  Q:5 M:5 F:5
  7143. [2, 5, 8, 10, 11, 12, 14, 17, 18, 19, 20, 21, 23, 24, 25]  Q:5 M:5 F:5
  7144. [2, 5, 8, 10, 11, 12, 14, 18, 19, 20, 21, 22, 23, 24, 25]  Q:5 M:5 F:5
  7145. [2, 5, 8, 10, 11, 14, 17, 18, 19, 20, 21, 22, 23, 24, 25]  Q:5 M:5 F:5
  7146. [2, 5, 10, 11, 12, 14, 17, 18, 19, 20, 21, 22, 23, 24, 25]  Q:5 M:5 F:5
  7147. [2, 5, 8, 10, 11, 12, 15, 16, 17, 18, 20, 21, 22, 23, 24]  Q:5 M:5 F:5
  7148. [2, 5, 8, 10, 11, 12, 15, 16, 17, 18, 20, 21, 22, 23, 25]  Q:5 M:5 F:5
  7149. [2, 5, 8, 10, 11, 12, 15, 16, 17, 18, 20, 21, 23, 24, 25]  Q:5 M:5 F:5
  7150. [2, 5, 8, 10, 11, 12, 15, 16, 18, 20, 21, 22, 23, 24, 25]  Q:5 M:5 F:5
  7151. [2, 5, 8, 10, 11, 15, 16, 17, 18, 20, 21, 22, 23, 24, 25]  Q:5 M:5 F:5
  7152. [2, 5, 10, 11, 12, 15, 16, 17, 18, 20, 21, 22, 23, 24, 25]  Q:5 M:5 F:5
  7153. [2, 5, 8, 10, 11, 12, 15, 16, 17, 19, 20, 21, 22, 23, 24]  Q:5 M:5 F:5
  7154. [2, 5, 8, 10, 11, 12, 15, 16, 17, 19, 20, 21, 22, 23, 25]  Q:5 M:5 F:5
  7155. [2, 5, 8, 10, 11, 12, 15, 16, 17, 19, 20, 21, 23, 24, 25]  Q:5 M:5 F:5
  7156. [2, 5, 8, 10, 11, 12, 15, 16, 19, 20, 21, 22, 23, 24, 25]  Q:5 M:5 F:5
  7157. [2, 5, 8, 10, 11, 15, 16, 17, 19, 20, 21, 22, 23, 24, 25]  Q:5 M:5 F:5
  7158. [2, 5, 10, 11, 12, 15, 16, 17, 19, 20, 21, 22, 23, 24, 25]  Q:5 M:5 F:5
  7159. [2, 5, 8, 10, 11, 12, 15, 17, 18, 19, 20, 21, 22, 23, 24]  Q:5 M:5 F:5
  7160. [2, 5, 8, 10, 11, 12, 15, 17, 18, 19, 20, 21, 22, 23, 25]  Q:5 M:5 F:5
  7161. [2, 5, 8, 10, 11, 12, 15, 17, 18, 19, 20, 21, 23, 24, 25]  Q:5 M:5 F:5
  7162. [2, 5, 8, 10, 11, 12, 15, 18, 19, 20, 21, 22, 23, 24, 25]  Q:5 M:5 F:5
  7163. [2, 5, 8, 10, 11, 15, 17, 18, 19, 20, 21, 22, 23, 24, 25]  Q:5 M:5 F:5
  7164. [2, 5, 10, 11, 12, 15, 17, 18, 19, 20, 21, 22, 23, 24, 25]  Q:5 M:5 F:5
  7165. [2, 5, 8, 10, 11, 12, 16, 17, 18, 19, 20, 21, 22, 23, 24]  Q:5 M:5 F:5
  7166. [2, 5, 8, 10, 11, 12, 16, 17, 18, 19, 20, 21, 22, 23, 25]  Q:5 M:5 F:5
  7167. [2, 5, 8, 10, 11, 12, 16, 17, 18, 19, 20, 21, 23, 24, 25]  Q:5 M:5 F:5
  7168. [2, 5, 8, 10, 11, 12, 16, 18, 19, 20, 21, 22, 23, 24, 25]  Q:5 M:5 F:5
  7169. [2, 5, 8, 10, 11, 16, 17, 18, 19, 20, 21, 22, 23, 24, 25]  Q:5 M:5 F:5
  7170. [2, 5, 10, 11, 12, 16, 17, 18, 19, 20, 21, 22, 23, 24, 25]  Q:5 M:5 F:5
  7171. [2, 5, 8, 10, 12, 13, 14, 15, 16, 17, 20, 21, 22, 23, 24]  Q:5 M:5 F:5
  7172. [2, 5, 8, 10, 12, 13, 14, 15, 16, 17, 20, 21, 22, 23, 25]  Q:5 M:5 F:5
  7173. [2, 5, 8, 10, 12, 13, 14, 15, 16, 17, 20, 21, 23, 24, 25]  Q:5 M:5 F:5
  7174. [2, 5, 8, 10, 12, 13, 14, 15, 16, 20, 21, 22, 23, 24, 25]  Q:5 M:5 F:5
  7175. [2, 5, 8, 10, 13, 14, 15, 16, 17, 20, 21, 22, 23, 24, 25]  Q:5 M:5 F:5
  7176. [2, 5, 10, 12, 13, 14, 15, 16, 17, 20, 21, 22, 23, 24, 25]  Q:5 M:5 F:5
  7177. [2, 5, 8, 10, 12, 13, 14, 15, 17, 18, 20, 21, 22, 23, 24]  Q:5 M:5 F:5
  7178. [2, 5, 8, 10, 12, 13, 14, 15, 17, 18, 20, 21, 22, 23, 25]  Q:5 M:5 F:5
  7179. [2, 5, 8, 10, 12, 13, 14, 15, 17, 18, 20, 21, 23, 24, 25]  Q:5 M:5 F:5
  7180. [2, 5, 8, 10, 12, 13, 14, 15, 18, 20, 21, 22, 23, 24, 25]  Q:5 M:5 F:5
  7181. [2, 5, 8, 10, 13, 14, 15, 17, 18, 20, 21, 22, 23, 24, 25]  Q:5 M:5 F:5
  7182. [2, 5, 10, 12, 13, 14, 15, 17, 18, 20, 21, 22, 23, 24, 25]  Q:5 M:5 F:5
  7183. [2, 5, 8, 10, 12, 13, 14, 15, 17, 19, 20, 21, 22, 23, 24]  Q:5 M:5 F:5
  7184. [2, 5, 8, 10, 12, 13, 14, 15, 17, 19, 20, 21, 22, 23, 25]  Q:5 M:5 F:5
  7185. [2, 5, 8, 10, 12, 13, 14, 15, 17, 19, 20, 21, 23, 24, 25]  Q:5 M:5 F:5
  7186. [2, 5, 8, 10, 12, 13, 14, 15, 19, 20, 21, 22, 23, 24, 25]  Q:5 M:5 F:5
  7187. [2, 5, 8, 10, 13, 14, 15, 17, 19, 20, 21, 22, 23, 24, 25]  Q:5 M:5 F:5
  7188. [2, 5, 10, 12, 13, 14, 15, 17, 19, 20, 21, 22, 23, 24, 25]  Q:5 M:5 F:5
  7189. [2, 5, 8, 10, 12, 13, 14, 16, 17, 18, 20, 21, 22, 23, 24]  Q:5 M:5 F:5
  7190. [2, 5, 8, 10, 12, 13, 14, 16, 17, 18, 20, 21, 22, 23, 25]  Q:5 M:5 F:5
  7191. [2, 5, 8, 10, 12, 13, 14, 16, 17, 18, 20, 21, 23, 24, 25]  Q:5 M:5 F:5
  7192. [2, 5, 8, 10, 12, 13, 14, 16, 18, 20, 21, 22, 23, 24, 25]  Q:5 M:5 F:5
  7193. [2, 5, 8, 10, 13, 14, 16, 17, 18, 20, 21, 22, 23, 24, 25]  Q:5 M:5 F:5
  7194. [2, 5, 10, 12, 13, 14, 16, 17, 18, 20, 21, 22, 23, 24, 25]  Q:5 M:5 F:5
  7195. [2, 5, 8, 10, 12, 13, 14, 16, 17, 19, 20, 21, 22, 23, 24]  Q:5 M:5 F:5
  7196. [2, 5, 8, 10, 12, 13, 14, 16, 17, 19, 20, 21, 22, 23, 25]  Q:5 M:5 F:5
  7197. [2, 5, 8, 10, 12, 13, 14, 16, 17, 19, 20, 21, 23, 24, 25]  Q:5 M:5 F:5
  7198. [2, 5, 8, 10, 12, 13, 14, 16, 19, 20, 21, 22, 23, 24, 25]  Q:5 M:5 F:5
  7199. [2, 5, 8, 10, 13, 14, 16, 17, 19, 20, 21, 22, 23, 24, 25]  Q:5 M:5 F:5
  7200. [2, 5, 10, 12, 13, 14, 16, 17, 19, 20, 21, 22, 23, 24, 25]  Q:5 M:5 F:5
  7201. [2, 5, 8, 10, 12, 13, 14, 17, 18, 19, 20, 21, 22, 23, 24]  Q:5 M:5 F:5
  7202. [2, 5, 8, 10, 12, 13, 14, 17, 18, 19, 20, 21, 22, 23, 25]  Q:5 M:5 F:5
  7203. [2, 5, 8, 10, 12, 13, 14, 17, 18, 19, 20, 21, 23, 24, 25]  Q:5 M:5 F:5
  7204. [2, 5, 8, 10, 12, 13, 14, 18, 19, 20, 21, 22, 23, 24, 25]  Q:5 M:5 F:5
  7205. [2, 5, 8, 10, 13, 14, 17, 18, 19, 20, 21, 22, 23, 24, 25]  Q:5 M:5 F:5
  7206. [2, 5, 10, 12, 13, 14, 17, 18, 19, 20, 21, 22, 23, 24, 25]  Q:5 M:5 F:5
  7207. [2, 5, 8, 10, 12, 13, 15, 16, 17, 18, 20, 21, 22, 23, 24]  Q:5 M:5 F:5
  7208. [2, 5, 8, 10, 12, 13, 15, 16, 17, 18, 20, 21, 22, 23, 25]  Q:5 M:5 F:5
  7209. [2, 5, 8, 10, 12, 13, 15, 16, 17, 18, 20, 21, 23, 24, 25]  Q:5 M:5 F:5
  7210. [2, 5, 8, 10, 12, 13, 15, 16, 18, 20, 21, 22, 23, 24, 25]  Q:5 M:5 F:5
  7211. [2, 5, 8, 10, 13, 15, 16, 17, 18, 20, 21, 22, 23, 24, 25]  Q:5 M:5 F:5
  7212. [2, 5, 10, 12, 13, 15, 16, 17, 18, 20, 21, 22, 23, 24, 25]  Q:5 M:5 F:5
  7213. [2, 5, 8, 10, 12, 13, 15, 16, 17, 19, 20, 21, 22, 23, 24]  Q:5 M:5 F:5
  7214. [2, 5, 8, 10, 12, 13, 15, 16, 17, 19, 20, 21, 22, 23, 25]  Q:5 M:5 F:5
  7215. [2, 5, 8, 10, 12, 13, 15, 16, 17, 19, 20, 21, 23, 24, 25]  Q:5 M:5 F:5
  7216. [2, 5, 8, 10, 12, 13, 15, 16, 19, 20, 21, 22, 23, 24, 25]  Q:5 M:5 F:5
  7217. [2, 5, 8, 10, 13, 15, 16, 17, 19, 20, 21, 22, 23, 24, 25]  Q:5 M:5 F:5
  7218. [2, 5, 10, 12, 13, 15, 16, 17, 19, 20, 21, 22, 23, 24, 25]  Q:5 M:5 F:5
  7219. [2, 5, 8, 10, 12, 13, 15, 17, 18, 19, 20, 21, 22, 23, 24]  Q:5 M:5 F:5
  7220. [2, 5, 8, 10, 12, 13, 15, 17, 18, 19, 20, 21, 22, 23, 25]  Q:5 M:5 F:5
  7221. [2, 5, 8, 10, 12, 13, 15, 17, 18, 19, 20, 21, 23, 24, 25]  Q:5 M:5 F:5
  7222. [2, 5, 8, 10, 12, 13, 15, 18, 19, 20, 21, 22, 23, 24, 25]  Q:5 M:5 F:5
  7223. [2, 5, 8, 10, 13, 15, 17, 18, 19, 20, 21, 22, 23, 24, 25]  Q:5 M:5 F:5
  7224. [2, 5, 10, 12, 13, 15, 17, 18, 19, 20, 21, 22, 23, 24, 25]  Q:5 M:5 F:5
  7225. [2, 5, 8, 10, 12, 13, 16, 17, 18, 19, 20, 21, 22, 23, 24]  Q:5 M:5 F:5
  7226. [2, 5, 8, 10, 12, 13, 16, 17, 18, 19, 20, 21, 22, 23, 25]  Q:5 M:5 F:5
  7227. [2, 5, 8, 10, 12, 13, 16, 17, 18, 19, 20, 21, 23, 24, 25]  Q:5 M:5 F:5
  7228. [2, 5, 8, 10, 12, 13, 16, 18, 19, 20, 21, 22, 23, 24, 25]  Q:5 M:5 F:5
  7229. [2, 5, 8, 10, 13, 16, 17, 18, 19, 20, 21, 22, 23, 24, 25]  Q:5 M:5 F:5
  7230. [2, 5, 10, 12, 13, 16, 17, 18, 19, 20, 21, 22, 23, 24, 25]  Q:5 M:5 F:5
  7231. [2, 5, 8, 10, 12, 14, 15, 16, 17, 18, 20, 21, 22, 23, 24]  Q:5 M:5 F:5
  7232. [2, 5, 8, 10, 12, 14, 15, 16, 17, 18, 20, 21, 22, 23, 25]  Q:5 M:5 F:5
  7233. [2, 5, 8, 10, 12, 14, 15, 16, 17, 18, 20, 21, 23, 24, 25]  Q:5 M:5 F:5
  7234. [2, 5, 8, 10, 12, 14, 15, 16, 18, 20, 21, 22, 23, 24, 25]  Q:5 M:5 F:5
  7235. [2, 5, 8, 10, 14, 15, 16, 17, 18, 20, 21, 22, 23, 24, 25]  Q:5 M:5 F:5
  7236. [2, 5, 10, 12, 14, 15, 16, 17, 18, 20, 21, 22, 23, 24, 25]  Q:5 M:5 F:5
  7237. [2, 5, 8, 10, 12, 14, 15, 16, 17, 19, 20, 21, 22, 23, 24]  Q:5 M:5 F:5
  7238. [2, 5, 8, 10, 12, 14, 15, 16, 17, 19, 20, 21, 22, 23, 25]  Q:5 M:5 F:5
  7239. [2, 5, 8, 10, 12, 14, 15, 16, 17, 19, 20, 21, 23, 24, 25]  Q:5 M:5 F:5
  7240. [2, 5, 8, 10, 12, 14, 15, 16, 19, 20, 21, 22, 23, 24, 25]  Q:5 M:5 F:5
  7241. [2, 5, 8, 10, 14, 15, 16, 17, 19, 20, 21, 22, 23, 24, 25]  Q:5 M:5 F:5
  7242. [2, 5, 10, 12, 14, 15, 16, 17, 19, 20, 21, 22, 23, 24, 25]  Q:5 M:5 F:5
  7243. [2, 5, 8, 10, 12, 14, 15, 17, 18, 19, 20, 21, 22, 23, 24]  Q:5 M:5 F:5
  7244. [2, 5, 8, 10, 12, 14, 15, 17, 18, 19, 20, 21, 22, 23, 25]  Q:5 M:5 F:5
  7245. [2, 5, 8, 10, 12, 14, 15, 17, 18, 19, 20, 21, 23, 24, 25]  Q:5 M:5 F:5
  7246. [2, 5, 8, 10, 12, 14, 15, 18, 19, 20, 21, 22, 23, 24, 25]  Q:5 M:5 F:5
  7247. [2, 5, 8, 10, 14, 15, 17, 18, 19, 20, 21, 22, 23, 24, 25]  Q:5 M:5 F:5
  7248. [2, 5, 10, 12, 14, 15, 17, 18, 19, 20, 21, 22, 23, 24, 25]  Q:5 M:5 F:5
  7249. [2, 5, 8, 10, 12, 14, 16, 17, 18, 19, 20, 21, 22, 23, 24]  Q:5 M:5 F:5
  7250. [2, 5, 8, 10, 12, 14, 16, 17, 18, 19, 20, 21, 22, 23, 25]  Q:5 M:5 F:5
  7251. [2, 5, 8, 10, 12, 14, 16, 17, 18, 19, 20, 21, 23, 24, 25]  Q:5 M:5 F:5
  7252. [2, 5, 8, 10, 12, 14, 16, 18, 19, 20, 21, 22, 23, 24, 25]  Q:5 M:5 F:5
  7253. [2, 5, 8, 10, 14, 16, 17, 18, 19, 20, 21, 22, 23, 24, 25]  Q:5 M:5 F:5
  7254. [2, 5, 10, 12, 14, 16, 17, 18, 19, 20, 21, 22, 23, 24, 25]  Q:5 M:5 F:5
  7255. [2, 5, 8, 10, 12, 15, 16, 17, 18, 19, 20, 21, 22, 23, 24]  Q:5 M:5 F:5
  7256. [2, 5, 8, 10, 12, 15, 16, 17, 18, 19, 20, 21, 22, 23, 25]  Q:5 M:5 F:5
  7257. [2, 5, 8, 10, 12, 15, 16, 17, 18, 19, 20, 21, 23, 24, 25]  Q:5 M:5 F:5
  7258. [2, 5, 8, 10, 12, 15, 16, 18, 19, 20, 21, 22, 23, 24, 25]  Q:5 M:5 F:5
  7259. [2, 5, 8, 10, 15, 16, 17, 18, 19, 20, 21, 22, 23, 24, 25]  Q:5 M:5 F:5
  7260. [2, 5, 10, 12, 15, 16, 17, 18, 19, 20, 21, 22, 23, 24, 25]  Q:5 M:5 F:5
  7261. [3, 4, 5, 6, 7, 8, 9, 10, 12, 17, 20, 21, 22, 23, 24]    Q:5 M:5 F:5
  7262. [3, 4, 5, 6, 7, 8, 9, 10, 12, 17, 20, 21, 22, 23, 25]    Q:5 M:5 F:5
  7263. [3, 4, 5, 6, 7, 8, 9, 10, 12, 17, 20, 21, 23, 24, 25]    Q:5 M:5 F:5
  7264. [3, 4, 5, 6, 7, 8, 9, 10, 12, 20, 21, 22, 23, 24, 25]    Q:5 M:5 F:5
  7265. [3, 4, 5, 6, 7, 8, 9, 10, 17, 20, 21, 22, 23, 24, 25]    Q:5 M:5 F:5
  7266. [3, 4, 5, 6, 7, 9, 10, 12, 17, 20, 21, 22, 23, 24, 25]   Q:5 M:5 F:5
  7267. [3, 4, 5, 6, 7, 8, 10, 11, 12, 17, 20, 21, 22, 23, 24]   Q:5 M:5 F:5
  7268. [3, 4, 5, 6, 7, 8, 10, 11, 12, 17, 20, 21, 22, 23, 25]   Q:5 M:5 F:5
  7269. [3, 4, 5, 6, 7, 8, 10, 11, 12, 17, 20, 21, 23, 24, 25]   Q:5 M:5 F:5
  7270. [3, 4, 5, 6, 7, 8, 10, 11, 12, 20, 21, 22, 23, 24, 25]   Q:5 M:5 F:5
  7271. [3, 4, 5, 6, 7, 8, 10, 11, 17, 20, 21, 22, 23, 24, 25]   Q:5 M:5 F:5
  7272. [3, 4, 5, 6, 7, 10, 11, 12, 17, 20, 21, 22, 23, 24, 25]  Q:5 M:5 F:5
  7273. [3, 4, 5, 6, 7, 8, 10, 12, 13, 17, 20, 21, 22, 23, 24]   Q:5 M:5 F:5
  7274. [3, 4, 5, 6, 7, 8, 10, 12, 13, 17, 20, 21, 22, 23, 25]   Q:5 M:5 F:5
  7275. [3, 4, 5, 6, 7, 8, 10, 12, 13, 17, 20, 21, 23, 24, 25]   Q:5 M:5 F:5
  7276. [3, 4, 5, 6, 7, 8, 10, 12, 13, 20, 21, 22, 23, 24, 25]   Q:5 M:5 F:5
  7277. [3, 4, 5, 6, 7, 8, 10, 13, 17, 20, 21, 22, 23, 24, 25]   Q:5 M:5 F:5
  7278. [3, 4, 5, 6, 7, 10, 12, 13, 17, 20, 21, 22, 23, 24, 25]  Q:5 M:5 F:5
  7279. [3, 4, 5, 6, 7, 8, 10, 12, 14, 17, 20, 21, 22, 23, 24]   Q:5 M:5 F:5
  7280. [3, 4, 5, 6, 7, 8, 10, 12, 14, 17, 20, 21, 22, 23, 25]   Q:5 M:5 F:5
  7281. [3, 4, 5, 6, 7, 8, 10, 12, 14, 17, 20, 21, 23, 24, 25]   Q:5 M:5 F:5
  7282. [3, 4, 5, 6, 7, 8, 10, 12, 14, 20, 21, 22, 23, 24, 25]   Q:5 M:5 F:5
  7283. [3, 4, 5, 6, 7, 8, 10, 14, 17, 20, 21, 22, 23, 24, 25]   Q:5 M:5 F:5
  7284. [3, 4, 5, 6, 7, 10, 12, 14, 17, 20, 21, 22, 23, 24, 25]  Q:5 M:5 F:5
  7285. [3, 4, 5, 6, 7, 8, 10, 12, 15, 17, 20, 21, 22, 23, 24]   Q:5 M:5 F:5
  7286. [3, 4, 5, 6, 7, 8, 10, 12, 15, 17, 20, 21, 22, 23, 25]   Q:5 M:5 F:5
  7287. [3, 4, 5, 6, 7, 8, 10, 12, 15, 17, 20, 21, 23, 24, 25]   Q:5 M:5 F:5
  7288. [3, 4, 5, 6, 7, 8, 10, 12, 15, 20, 21, 22, 23, 24, 25]   Q:5 M:5 F:5
  7289. [3, 4, 5, 6, 7, 8, 10, 15, 17, 20, 21, 22, 23, 24, 25]   Q:5 M:5 F:5
  7290. [3, 4, 5, 6, 7, 10, 12, 15, 17, 20, 21, 22, 23, 24, 25]  Q:5 M:5 F:5
  7291. [3, 4, 5, 6, 7, 8, 10, 12, 16, 17, 20, 21, 22, 23, 24]   Q:5 M:5 F:5
  7292. [3, 4, 5, 6, 7, 8, 10, 12, 16, 17, 20, 21, 22, 23, 25]   Q:5 M:5 F:5
  7293. [3, 4, 5, 6, 7, 8, 10, 12, 16, 17, 20, 21, 23, 24, 25]   Q:5 M:5 F:5
  7294. [3, 4, 5, 6, 7, 8, 10, 12, 16, 20, 21, 22, 23, 24, 25]   Q:5 M:5 F:5
  7295. [3, 4, 5, 6, 7, 8, 10, 16, 17, 20, 21, 22, 23, 24, 25]   Q:5 M:5 F:5
  7296. [3, 4, 5, 6, 7, 10, 12, 16, 17, 20, 21, 22, 23, 24, 25]  Q:5 M:5 F:5
  7297. [3, 4, 5, 6, 7, 8, 10, 12, 17, 18, 20, 21, 22, 23, 24]   Q:5 M:5 F:5
  7298. [3, 4, 5, 6, 7, 8, 10, 12, 17, 18, 20, 21, 22, 23, 25]   Q:5 M:5 F:5
  7299. [3, 4, 5, 6, 7, 8, 10, 12, 17, 18, 20, 21, 23, 24, 25]   Q:5 M:5 F:5
  7300. [3, 4, 5, 6, 7, 8, 10, 12, 18, 20, 21, 22, 23, 24, 25]   Q:5 M:5 F:5
  7301. [3, 4, 5, 6, 7, 8, 10, 17, 18, 20, 21, 22, 23, 24, 25]   Q:5 M:5 F:5
  7302. [3, 4, 5, 6, 7, 10, 12, 17, 18, 20, 21, 22, 23, 24, 25]  Q:5 M:5 F:5
  7303. [3, 4, 5, 6, 7, 8, 10, 12, 17, 19, 20, 21, 22, 23, 24]   Q:5 M:5 F:5
  7304. [3, 4, 5, 6, 7, 8, 10, 12, 17, 19, 20, 21, 22, 23, 25]   Q:5 M:5 F:5
  7305. [3, 4, 5, 6, 7, 8, 10, 12, 17, 19, 20, 21, 23, 24, 25]   Q:5 M:5 F:5
  7306. [3, 4, 5, 6, 7, 8, 10, 12, 19, 20, 21, 22, 23, 24, 25]   Q:5 M:5 F:5
  7307. [3, 4, 5, 6, 7, 8, 10, 17, 19, 20, 21, 22, 23, 24, 25]   Q:5 M:5 F:5
  7308. [3, 4, 5, 6, 7, 10, 12, 17, 19, 20, 21, 22, 23, 24, 25]  Q:5 M:5 F:5
  7309. [3, 4, 5, 6, 8, 9, 10, 11, 12, 17, 20, 21, 22, 23, 24]   Q:5 M:5 F:5
  7310. [3, 4, 5, 6, 8, 9, 10, 11, 12, 17, 20, 21, 22, 23, 25]   Q:5 M:5 F:5
  7311. [3, 4, 5, 6, 8, 9, 10, 11, 12, 17, 20, 21, 23, 24, 25]   Q:5 M:5 F:5
  7312. [3, 4, 5, 6, 8, 9, 10, 11, 12, 20, 21, 22, 23, 24, 25]   Q:5 M:5 F:5
  7313. [3, 4, 5, 6, 8, 9, 10, 11, 17, 20, 21, 22, 23, 24, 25]   Q:5 M:5 F:5
  7314. [3, 4, 5, 6, 9, 10, 11, 12, 17, 20, 21, 22, 23, 24, 25]  Q:5 M:5 F:5
  7315. [3, 4, 5, 6, 8, 9, 10, 12, 13, 17, 20, 21, 22, 23, 24]   Q:5 M:5 F:5
  7316. [3, 4, 5, 6, 8, 9, 10, 12, 13, 17, 20, 21, 22, 23, 25]   Q:5 M:5 F:5
  7317. [3, 4, 5, 6, 8, 9, 10, 12, 13, 17, 20, 21, 23, 24, 25]   Q:5 M:5 F:5
  7318. [3, 4, 5, 6, 8, 9, 10, 12, 13, 20, 21, 22, 23, 24, 25]   Q:5 M:5 F:5
  7319. [3, 4, 5, 6, 8, 9, 10, 13, 17, 20, 21, 22, 23, 24, 25]   Q:5 M:5 F:5
  7320. [3, 4, 5, 6, 9, 10, 12, 13, 17, 20, 21, 22, 23, 24, 25]  Q:5 M:5 F:5
  7321. [3, 4, 5, 6, 8, 9, 10, 12, 14, 17, 20, 21, 22, 23, 24]   Q:5 M:5 F:5
  7322. [3, 4, 5, 6, 8, 9, 10, 12, 14, 17, 20, 21, 22, 23, 25]   Q:5 M:5 F:5
  7323. [3, 4, 5, 6, 8, 9, 10, 12, 14, 17, 20, 21, 23, 24, 25]   Q:5 M:5 F:5
  7324. [3, 4, 5, 6, 8, 9, 10, 12, 14, 20, 21, 22, 23, 24, 25]   Q:5 M:5 F:5
  7325. [3, 4, 5, 6, 8, 9, 10, 14, 17, 20, 21, 22, 23, 24, 25]   Q:5 M:5 F:5
  7326. [3, 4, 5, 6, 9, 10, 12, 14, 17, 20, 21, 22, 23, 24, 25]  Q:5 M:5 F:5
  7327. [3, 4, 5, 6, 8, 9, 10, 12, 15, 17, 20, 21, 22, 23, 24]   Q:5 M:5 F:5
  7328. [3, 4, 5, 6, 8, 9, 10, 12, 15, 17, 20, 21, 22, 23, 25]   Q:5 M:5 F:5
  7329. [3, 4, 5, 6, 8, 9, 10, 12, 15, 17, 20, 21, 23, 24, 25]   Q:5 M:5 F:5
  7330. [3, 4, 5, 6, 8, 9, 10, 12, 15, 20, 21, 22, 23, 24, 25]   Q:5 M:5 F:5
  7331. [3, 4, 5, 6, 8, 9, 10, 15, 17, 20, 21, 22, 23, 24, 25]   Q:5 M:5 F:5
  7332. [3, 4, 5, 6, 9, 10, 12, 15, 17, 20, 21, 22, 23, 24, 25]  Q:5 M:5 F:5
  7333. [3, 4, 5, 6, 8, 9, 10, 12, 16, 17, 20, 21, 22, 23, 24]   Q:5 M:5 F:5
  7334. [3, 4, 5, 6, 8, 9, 10, 12, 16, 17, 20, 21, 22, 23, 25]   Q:5 M:5 F:5
  7335. [3, 4, 5, 6, 8, 9, 10, 12, 16, 17, 20, 21, 23, 24, 25]   Q:5 M:5 F:5
  7336. [3, 4, 5, 6, 8, 9, 10, 12, 16, 20, 21, 22, 23, 24, 25]   Q:5 M:5 F:5
  7337. [3, 4, 5, 6, 8, 9, 10, 16, 17, 20, 21, 22, 23, 24, 25]   Q:5 M:5 F:5
  7338. [3, 4, 5, 6, 9, 10, 12, 16, 17, 20, 21, 22, 23, 24, 25]  Q:5 M:5 F:5
  7339. [3, 4, 5, 6, 8, 9, 10, 12, 17, 18, 20, 21, 22, 23, 24]   Q:5 M:5 F:5
  7340. [3, 4, 5, 6, 8, 9, 10, 12, 17, 18, 20, 21, 22, 23, 25]   Q:5 M:5 F:5
  7341. [3, 4, 5, 6, 8, 9, 10, 12, 17, 18, 20, 21, 23, 24, 25]   Q:5 M:5 F:5
  7342. [3, 4, 5, 6, 8, 9, 10, 12, 18, 20, 21, 22, 23, 24, 25]   Q:5 M:5 F:5
  7343. [3, 4, 5, 6, 8, 9, 10, 17, 18, 20, 21, 22, 23, 24, 25]   Q:5 M:5 F:5
  7344. [3, 4, 5, 6, 9, 10, 12, 17, 18, 20, 21, 22, 23, 24, 25]  Q:5 M:5 F:5
  7345. [3, 4, 5, 6, 8, 9, 10, 12, 17, 19, 20, 21, 22, 23, 24]   Q:5 M:5 F:5
  7346. [3, 4, 5, 6, 8, 9, 10, 12, 17, 19, 20, 21, 22, 23, 25]   Q:5 M:5 F:5
  7347. [3, 4, 5, 6, 8, 9, 10, 12, 17, 19, 20, 21, 23, 24, 25]   Q:5 M:5 F:5
  7348. [3, 4, 5, 6, 8, 9, 10, 12, 19, 20, 21, 22, 23, 24, 25]   Q:5 M:5 F:5
  7349. [3, 4, 5, 6, 8, 9, 10, 17, 19, 20, 21, 22, 23, 24, 25]   Q:5 M:5 F:5
  7350. [3, 4, 5, 6, 9, 10, 12, 17, 19, 20, 21, 22, 23, 24, 25]  Q:5 M:5 F:5
  7351. [3, 4, 5, 6, 8, 10, 11, 12, 13, 17, 20, 21, 22, 23, 24]  Q:5 M:5 F:5
  7352. [3, 4, 5, 6, 8, 10, 11, 12, 13, 17, 20, 21, 22, 23, 25]  Q:5 M:5 F:5
  7353. [3, 4, 5, 6, 8, 10, 11, 12, 13, 17, 20, 21, 23, 24, 25]  Q:5 M:5 F:5
  7354. [3, 4, 5, 6, 8, 10, 11, 12, 13, 20, 21, 22, 23, 24, 25]  Q:5 M:5 F:5
  7355. [3, 4, 5, 6, 8, 10, 11, 13, 17, 20, 21, 22, 23, 24, 25]  Q:5 M:5 F:5
  7356. [3, 4, 5, 6, 10, 11, 12, 13, 17, 20, 21, 22, 23, 24, 25]  Q:5 M:5 F:5
  7357. [3, 4, 5, 6, 8, 10, 11, 12, 14, 17, 20, 21, 22, 23, 24]  Q:5 M:5 F:5
  7358. [3, 4, 5, 6, 8, 10, 11, 12, 14, 17, 20, 21, 22, 23, 25]  Q:5 M:5 F:5
  7359. [3, 4, 5, 6, 8, 10, 11, 12, 14, 17, 20, 21, 23, 24, 25]  Q:5 M:5 F:5
  7360. [3, 4, 5, 6, 8, 10, 11, 12, 14, 20, 21, 22, 23, 24, 25]  Q:5 M:5 F:5
  7361. [3, 4, 5, 6, 8, 10, 11, 14, 17, 20, 21, 22, 23, 24, 25]  Q:5 M:5 F:5
  7362. [3, 4, 5, 6, 10, 11, 12, 14, 17, 20, 21, 22, 23, 24, 25]  Q:5 M:5 F:5
  7363. [3, 4, 5, 6, 8, 10, 11, 12, 15, 17, 20, 21, 22, 23, 24]  Q:5 M:5 F:5
  7364. [3, 4, 5, 6, 8, 10, 11, 12, 15, 17, 20, 21, 22, 23, 25]  Q:5 M:5 F:5
  7365. [3, 4, 5, 6, 8, 10, 11, 12, 15, 17, 20, 21, 23, 24, 25]  Q:5 M:5 F:5
  7366. [3, 4, 5, 6, 8, 10, 11, 12, 15, 20, 21, 22, 23, 24, 25]  Q:5 M:5 F:5
  7367. [3, 4, 5, 6, 8, 10, 11, 15, 17, 20, 21, 22, 23, 24, 25]  Q:5 M:5 F:5
  7368. [3, 4, 5, 6, 10, 11, 12, 15, 17, 20, 21, 22, 23, 24, 25]  Q:5 M:5 F:5
  7369. [3, 4, 5, 6, 8, 10, 11, 12, 16, 17, 20, 21, 22, 23, 24]  Q:5 M:5 F:5
  7370. [3, 4, 5, 6, 8, 10, 11, 12, 16, 17, 20, 21, 22, 23, 25]  Q:5 M:5 F:5
  7371. [3, 4, 5, 6, 8, 10, 11, 12, 16, 17, 20, 21, 23, 24, 25]  Q:5 M:5 F:5
  7372. [3, 4, 5, 6, 8, 10, 11, 12, 16, 20, 21, 22, 23, 24, 25]  Q:5 M:5 F:5
  7373. [3, 4, 5, 6, 8, 10, 11, 16, 17, 20, 21, 22, 23, 24, 25]  Q:5 M:5 F:5
  7374. [3, 4, 5, 6, 10, 11, 12, 16, 17, 20, 21, 22, 23, 24, 25]  Q:5 M:5 F:5
  7375. [3, 4, 5, 6, 8, 10, 11, 12, 17, 18, 20, 21, 22, 23, 24]  Q:5 M:5 F:5
  7376. [3, 4, 5, 6, 8, 10, 11, 12, 17, 18, 20, 21, 22, 23, 25]  Q:5 M:5 F:5
  7377. [3, 4, 5, 6, 8, 10, 11, 12, 17, 18, 20, 21, 23, 24, 25]  Q:5 M:5 F:5
  7378. [3, 4, 5, 6, 8, 10, 11, 12, 18, 20, 21, 22, 23, 24, 25]  Q:5 M:5 F:5
  7379. [3, 4, 5, 6, 8, 10, 11, 17, 18, 20, 21, 22, 23, 24, 25]  Q:5 M:5 F:5
  7380. [3, 4, 5, 6, 10, 11, 12, 17, 18, 20, 21, 22, 23, 24, 25]  Q:5 M:5 F:5
  7381. [3, 4, 5, 6, 8, 10, 11, 12, 17, 19, 20, 21, 22, 23, 24]  Q:5 M:5 F:5
  7382. [3, 4, 5, 6, 8, 10, 11, 12, 17, 19, 20, 21, 22, 23, 25]  Q:5 M:5 F:5
  7383. [3, 4, 5, 6, 8, 10, 11, 12, 17, 19, 20, 21, 23, 24, 25]  Q:5 M:5 F:5
  7384. [3, 4, 5, 6, 8, 10, 11, 12, 19, 20, 21, 22, 23, 24, 25]  Q:5 M:5 F:5
  7385. [3, 4, 5, 6, 8, 10, 11, 17, 19, 20, 21, 22, 23, 24, 25]  Q:5 M:5 F:5
  7386. [3, 4, 5, 6, 10, 11, 12, 17, 19, 20, 21, 22, 23, 24, 25]  Q:5 M:5 F:5
  7387. [3, 4, 5, 6, 8, 10, 12, 13, 14, 17, 20, 21, 22, 23, 24]  Q:5 M:5 F:5
  7388. [3, 4, 5, 6, 8, 10, 12, 13, 14, 17, 20, 21, 22, 23, 25]  Q:5 M:5 F:5
  7389. [3, 4, 5, 6, 8, 10, 12, 13, 14, 17, 20, 21, 23, 24, 25]  Q:5 M:5 F:5
  7390. [3, 4, 5, 6, 8, 10, 12, 13, 14, 20, 21, 22, 23, 24, 25]  Q:5 M:5 F:5
  7391. [3, 4, 5, 6, 8, 10, 13, 14, 17, 20, 21, 22, 23, 24, 25]  Q:5 M:5 F:5
  7392. [3, 4, 5, 6, 10, 12, 13, 14, 17, 20, 21, 22, 23, 24, 25]  Q:5 M:5 F:5
  7393. [3, 4, 5, 6, 8, 10, 12, 13, 15, 17, 20, 21, 22, 23, 24]  Q:5 M:5 F:5
  7394. [3, 4, 5, 6, 8, 10, 12, 13, 15, 17, 20, 21, 22, 23, 25]  Q:5 M:5 F:5
  7395. [3, 4, 5, 6, 8, 10, 12, 13, 15, 17, 20, 21, 23, 24, 25]  Q:5 M:5 F:5
  7396. [3, 4, 5, 6, 8, 10, 12, 13, 15, 20, 21, 22, 23, 24, 25]  Q:5 M:5 F:5
  7397. [3, 4, 5, 6, 8, 10, 13, 15, 17, 20, 21, 22, 23, 24, 25]  Q:5 M:5 F:5
  7398. [3, 4, 5, 6, 10, 12, 13, 15, 17, 20, 21, 22, 23, 24, 25]  Q:5 M:5 F:5
  7399. [3, 4, 5, 6, 8, 10, 12, 13, 16, 17, 20, 21, 22, 23, 24]  Q:5 M:5 F:5
  7400. [3, 4, 5, 6, 8, 10, 12, 13, 16, 17, 20, 21, 22, 23, 25]  Q:5 M:5 F:5
  7401. [3, 4, 5, 6, 8, 10, 12, 13, 16, 17, 20, 21, 23, 24, 25]  Q:5 M:5 F:5
  7402. [3, 4, 5, 6, 8, 10, 12, 13, 16, 20, 21, 22, 23, 24, 25]  Q:5 M:5 F:5
  7403. [3, 4, 5, 6, 8, 10, 13, 16, 17, 20, 21, 22, 23, 24, 25]  Q:5 M:5 F:5
  7404. [3, 4, 5, 6, 10, 12, 13, 16, 17, 20, 21, 22, 23, 24, 25]  Q:5 M:5 F:5
  7405. [3, 4, 5, 6, 8, 10, 12, 13, 17, 18, 20, 21, 22, 23, 24]  Q:5 M:5 F:5
  7406. [3, 4, 5, 6, 8, 10, 12, 13, 17, 18, 20, 21, 22, 23, 25]  Q:5 M:5 F:5
  7407. [3, 4, 5, 6, 8, 10, 12, 13, 17, 18, 20, 21, 23, 24, 25]  Q:5 M:5 F:5
  7408. [3, 4, 5, 6, 8, 10, 12, 13, 18, 20, 21, 22, 23, 24, 25]  Q:5 M:5 F:5
  7409. [3, 4, 5, 6, 8, 10, 13, 17, 18, 20, 21, 22, 23, 24, 25]  Q:5 M:5 F:5
  7410. [3, 4, 5, 6, 10, 12, 13, 17, 18, 20, 21, 22, 23, 24, 25]  Q:5 M:5 F:5
  7411. [3, 4, 5, 6, 8, 10, 12, 13, 17, 19, 20, 21, 22, 23, 24]  Q:5 M:5 F:5
  7412. [3, 4, 5, 6, 8, 10, 12, 13, 17, 19, 20, 21, 22, 23, 25]  Q:5 M:5 F:5
  7413. [3, 4, 5, 6, 8, 10, 12, 13, 17, 19, 20, 21, 23, 24, 25]  Q:5 M:5 F:5
  7414. [3, 4, 5, 6, 8, 10, 12, 13, 19, 20, 21, 22, 23, 24, 25]  Q:5 M:5 F:5
  7415. [3, 4, 5, 6, 8, 10, 13, 17, 19, 20, 21, 22, 23, 24, 25]  Q:5 M:5 F:5
  7416. [3, 4, 5, 6, 10, 12, 13, 17, 19, 20, 21, 22, 23, 24, 25]  Q:5 M:5 F:5
  7417. [3, 4, 5, 6, 8, 10, 12, 14, 15, 17, 20, 21, 22, 23, 24]  Q:5 M:5 F:5
  7418. [3, 4, 5, 6, 8, 10, 12, 14, 15, 17, 20, 21, 22, 23, 25]  Q:5 M:5 F:5
  7419. [3, 4, 5, 6, 8, 10, 12, 14, 15, 17, 20, 21, 23, 24, 25]  Q:5 M:5 F:5
  7420. [3, 4, 5, 6, 8, 10, 12, 14, 15, 20, 21, 22, 23, 24, 25]  Q:5 M:5 F:5
  7421. [3, 4, 5, 6, 8, 10, 14, 15, 17, 20, 21, 22, 23, 24, 25]  Q:5 M:5 F:5
  7422. [3, 4, 5, 6, 10, 12, 14, 15, 17, 20, 21, 22, 23, 24, 25]  Q:5 M:5 F:5
  7423. [3, 4, 5, 6, 8, 10, 12, 14, 16, 17, 20, 21, 22, 23, 24]  Q:5 M:5 F:5
  7424. [3, 4, 5, 6, 8, 10, 12, 14, 16, 17, 20, 21, 22, 23, 25]  Q:5 M:5 F:5
  7425. [3, 4, 5, 6, 8, 10, 12, 14, 16, 17, 20, 21, 23, 24, 25]  Q:5 M:5 F:5
  7426. [3, 4, 5, 6, 8, 10, 12, 14, 16, 20, 21, 22, 23, 24, 25]  Q:5 M:5 F:5
  7427. [3, 4, 5, 6, 8, 10, 14, 16, 17, 20, 21, 22, 23, 24, 25]  Q:5 M:5 F:5
  7428. [3, 4, 5, 6, 10, 12, 14, 16, 17, 20, 21, 22, 23, 24, 25]  Q:5 M:5 F:5
  7429. [3, 4, 5, 6, 8, 10, 12, 14, 17, 18, 20, 21, 22, 23, 24]  Q:5 M:5 F:5
  7430. [3, 4, 5, 6, 8, 10, 12, 14, 17, 18, 20, 21, 22, 23, 25]  Q:5 M:5 F:5
  7431. [3, 4, 5, 6, 8, 10, 12, 14, 17, 18, 20, 21, 23, 24, 25]  Q:5 M:5 F:5
  7432. [3, 4, 5, 6, 8, 10, 12, 14, 18, 20, 21, 22, 23, 24, 25]  Q:5 M:5 F:5
  7433. [3, 4, 5, 6, 8, 10, 14, 17, 18, 20, 21, 22, 23, 24, 25]  Q:5 M:5 F:5
  7434. [3, 4, 5, 6, 10, 12, 14, 17, 18, 20, 21, 22, 23, 24, 25]  Q:5 M:5 F:5
  7435. [3, 4, 5, 6, 8, 10, 12, 14, 17, 19, 20, 21, 22, 23, 24]  Q:5 M:5 F:5
  7436. [3, 4, 5, 6, 8, 10, 12, 14, 17, 19, 20, 21, 22, 23, 25]  Q:5 M:5 F:5
  7437. [3, 4, 5, 6, 8, 10, 12, 14, 17, 19, 20, 21, 23, 24, 25]  Q:5 M:5 F:5
  7438. [3, 4, 5, 6, 8, 10, 12, 14, 19, 20, 21, 22, 23, 24, 25]  Q:5 M:5 F:5
  7439. [3, 4, 5, 6, 8, 10, 14, 17, 19, 20, 21, 22, 23, 24, 25]  Q:5 M:5 F:5
  7440. [3, 4, 5, 6, 10, 12, 14, 17, 19, 20, 21, 22, 23, 24, 25]  Q:5 M:5 F:5
  7441. [3, 4, 5, 6, 8, 10, 12, 15, 16, 17, 20, 21, 22, 23, 24]  Q:5 M:5 F:5
  7442. [3, 4, 5, 6, 8, 10, 12, 15, 16, 17, 20, 21, 22, 23, 25]  Q:5 M:5 F:5
  7443. [3, 4, 5, 6, 8, 10, 12, 15, 16, 17, 20, 21, 23, 24, 25]  Q:5 M:5 F:5
  7444. [3, 4, 5, 6, 8, 10, 12, 15, 16, 20, 21, 22, 23, 24, 25]  Q:5 M:5 F:5
  7445. [3, 4, 5, 6, 8, 10, 15, 16, 17, 20, 21, 22, 23, 24, 25]  Q:5 M:5 F:5
  7446. [3, 4, 5, 6, 10, 12, 15, 16, 17, 20, 21, 22, 23, 24, 25]  Q:5 M:5 F:5
  7447. [3, 4, 5, 6, 8, 10, 12, 15, 17, 18, 20, 21, 22, 23, 24]  Q:5 M:5 F:5
  7448. [3, 4, 5, 6, 8, 10, 12, 15, 17, 18, 20, 21, 22, 23, 25]  Q:5 M:5 F:5
  7449. [3, 4, 5, 6, 8, 10, 12, 15, 17, 18, 20, 21, 23, 24, 25]  Q:5 M:5 F:5
  7450. [3, 4, 5, 6, 8, 10, 12, 15, 18, 20, 21, 22, 23, 24, 25]  Q:5 M:5 F:5
  7451. [3, 4, 5, 6, 8, 10, 15, 17, 18, 20, 21, 22, 23, 24, 25]  Q:5 M:5 F:5
  7452. [3, 4, 5, 6, 10, 12, 15, 17, 18, 20, 21, 22, 23, 24, 25]  Q:5 M:5 F:5
  7453. [3, 4, 5, 6, 8, 10, 12, 15, 17, 19, 20, 21, 22, 23, 24]  Q:5 M:5 F:5
  7454. [3, 4, 5, 6, 8, 10, 12, 15, 17, 19, 20, 21, 22, 23, 25]  Q:5 M:5 F:5
  7455. [3, 4, 5, 6, 8, 10, 12, 15, 17, 19, 20, 21, 23, 24, 25]  Q:5 M:5 F:5
  7456. [3, 4, 5, 6, 8, 10, 12, 15, 19, 20, 21, 22, 23, 24, 25]  Q:5 M:5 F:5
  7457. [3, 4, 5, 6, 8, 10, 15, 17, 19, 20, 21, 22, 23, 24, 25]  Q:5 M:5 F:5
  7458. [3, 4, 5, 6, 10, 12, 15, 17, 19, 20, 21, 22, 23, 24, 25]  Q:5 M:5 F:5
  7459. [3, 4, 5, 6, 8, 10, 12, 16, 17, 18, 20, 21, 22, 23, 24]  Q:5 M:5 F:5
  7460. [3, 4, 5, 6, 8, 10, 12, 16, 17, 18, 20, 21, 22, 23, 25]  Q:5 M:5 F:5
  7461. [3, 4, 5, 6, 8, 10, 12, 16, 17, 18, 20, 21, 23, 24, 25]  Q:5 M:5 F:5
  7462. [3, 4, 5, 6, 8, 10, 12, 16, 18, 20, 21, 22, 23, 24, 25]  Q:5 M:5 F:5
  7463. [3, 4, 5, 6, 8, 10, 16, 17, 18, 20, 21, 22, 23, 24, 25]  Q:5 M:5 F:5
  7464. [3, 4, 5, 6, 10, 12, 16, 17, 18, 20, 21, 22, 23, 24, 25]  Q:5 M:5 F:5
  7465. [3, 4, 5, 6, 8, 10, 12, 16, 17, 19, 20, 21, 22, 23, 24]  Q:5 M:5 F:5
  7466. [3, 4, 5, 6, 8, 10, 12, 16, 17, 19, 20, 21, 22, 23, 25]  Q:5 M:5 F:5
  7467. [3, 4, 5, 6, 8, 10, 12, 16, 17, 19, 20, 21, 23, 24, 25]  Q:5 M:5 F:5
  7468. [3, 4, 5, 6, 8, 10, 12, 16, 19, 20, 21, 22, 23, 24, 25]  Q:5 M:5 F:5
  7469. [3, 4, 5, 6, 8, 10, 16, 17, 19, 20, 21, 22, 23, 24, 25]  Q:5 M:5 F:5
  7470. [3, 4, 5, 6, 10, 12, 16, 17, 19, 20, 21, 22, 23, 24, 25]  Q:5 M:5 F:5
  7471. [3, 4, 5, 6, 8, 10, 12, 17, 18, 19, 20, 21, 22, 23, 24]  Q:5 M:5 F:5
  7472. [3, 4, 5, 6, 8, 10, 12, 17, 18, 19, 20, 21, 22, 23, 25]  Q:5 M:5 F:5
  7473. [3, 4, 5, 6, 8, 10, 12, 17, 18, 19, 20, 21, 23, 24, 25]  Q:5 M:5 F:5
  7474. [3, 4, 5, 6, 8, 10, 12, 18, 19, 20, 21, 22, 23, 24, 25]  Q:5 M:5 F:5
  7475. [3, 4, 5, 6, 8, 10, 17, 18, 19, 20, 21, 22, 23, 24, 25]  Q:5 M:5 F:5
  7476. [3, 4, 5, 6, 10, 12, 17, 18, 19, 20, 21, 22, 23, 24, 25]  Q:5 M:5 F:5
  7477. [3, 4, 5, 7, 8, 9, 10, 11, 12, 17, 20, 21, 22, 23, 24]   Q:5 M:5 F:5
  7478. [3, 4, 5, 7, 8, 9, 10, 11, 12, 17, 20, 21, 22, 23, 25]   Q:5 M:5 F:5
  7479. [3, 4, 5, 7, 8, 9, 10, 11, 12, 17, 20, 21, 23, 24, 25]   Q:5 M:5 F:5
  7480. [3, 4, 5, 7, 8, 9, 10, 11, 12, 20, 21, 22, 23, 24, 25]   Q:5 M:5 F:5
  7481. [3, 4, 5, 7, 8, 9, 10, 11, 17, 20, 21, 22, 23, 24, 25]   Q:5 M:5 F:5
  7482. [3, 4, 5, 7, 9, 10, 11, 12, 17, 20, 21, 22, 23, 24, 25]  Q:5 M:5 F:5
  7483. [3, 4, 5, 7, 8, 9, 10, 12, 13, 17, 20, 21, 22, 23, 24]   Q:5 M:5 F:5
  7484. [3, 4, 5, 7, 8, 9, 10, 12, 13, 17, 20, 21, 22, 23, 25]   Q:5 M:5 F:5
  7485. [3, 4, 5, 7, 8, 9, 10, 12, 13, 17, 20, 21, 23, 24, 25]   Q:5 M:5 F:5
  7486. [3, 4, 5, 7, 8, 9, 10, 12, 13, 20, 21, 22, 23, 24, 25]   Q:5 M:5 F:5
  7487. [3, 4, 5, 7, 8, 9, 10, 13, 17, 20, 21, 22, 23, 24, 25]   Q:5 M:5 F:5
  7488. [3, 4, 5, 7, 9, 10, 12, 13, 17, 20, 21, 22, 23, 24, 25]  Q:5 M:5 F:5
  7489. [3, 4, 5, 7, 8, 9, 10, 12, 14, 17, 20, 21, 22, 23, 24]   Q:5 M:5 F:5
  7490. [3, 4, 5, 7, 8, 9, 10, 12, 14, 17, 20, 21, 22, 23, 25]   Q:5 M:5 F:5
  7491. [3, 4, 5, 7, 8, 9, 10, 12, 14, 17, 20, 21, 23, 24, 25]   Q:5 M:5 F:5
  7492. [3, 4, 5, 7, 8, 9, 10, 12, 14, 20, 21, 22, 23, 24, 25]   Q:5 M:5 F:5
  7493. [3, 4, 5, 7, 8, 9, 10, 14, 17, 20, 21, 22, 23, 24, 25]   Q:5 M:5 F:5
  7494. [3, 4, 5, 7, 9, 10, 12, 14, 17, 20, 21, 22, 23, 24, 25]  Q:5 M:5 F:5
  7495. [3, 4, 5, 7, 8, 9, 10, 12, 15, 17, 20, 21, 22, 23, 24]   Q:5 M:5 F:5
  7496. [3, 4, 5, 7, 8, 9, 10, 12, 15, 17, 20, 21, 22, 23, 25]   Q:5 M:5 F:5
  7497. [3, 4, 5, 7, 8, 9, 10, 12, 15, 17, 20, 21, 23, 24, 25]   Q:5 M:5 F:5
  7498. [3, 4, 5, 7, 8, 9, 10, 12, 15, 20, 21, 22, 23, 24, 25]   Q:5 M:5 F:5
  7499. [3, 4, 5, 7, 8, 9, 10, 15, 17, 20, 21, 22, 23, 24, 25]   Q:5 M:5 F:5
  7500. [3, 4, 5, 7, 9, 10, 12, 15, 17, 20, 21, 22, 23, 24, 25]  Q:5 M:5 F:5
  7501. [3, 4, 5, 7, 8, 9, 10, 12, 16, 17, 20, 21, 22, 23, 24]   Q:5 M:5 F:5
  7502. [3, 4, 5, 7, 8, 9, 10, 12, 16, 17, 20, 21, 22, 23, 25]   Q:5 M:5 F:5
  7503. [3, 4, 5, 7, 8, 9, 10, 12, 16, 17, 20, 21, 23, 24, 25]   Q:5 M:5 F:5
  7504. [3, 4, 5, 7, 8, 9, 10, 12, 16, 20, 21, 22, 23, 24, 25]   Q:5 M:5 F:5
  7505. [3, 4, 5, 7, 8, 9, 10, 16, 17, 20, 21, 22, 23, 24, 25]   Q:5 M:5 F:5
  7506. [3, 4, 5, 7, 9, 10, 12, 16, 17, 20, 21, 22, 23, 24, 25]  Q:5 M:5 F:5
  7507. [3, 4, 5, 7, 8, 9, 10, 12, 17, 18, 20, 21, 22, 23, 24]   Q:5 M:5 F:5
  7508. [3, 4, 5, 7, 8, 9, 10, 12, 17, 18, 20, 21, 22, 23, 25]   Q:5 M:5 F:5
  7509. [3, 4, 5, 7, 8, 9, 10, 12, 17, 18, 20, 21, 23, 24, 25]   Q:5 M:5 F:5
  7510. [3, 4, 5, 7, 8, 9, 10, 12, 18, 20, 21, 22, 23, 24, 25]   Q:5 M:5 F:5
  7511. [3, 4, 5, 7, 8, 9, 10, 17, 18, 20, 21, 22, 23, 24, 25]   Q:5 M:5 F:5
  7512. [3, 4, 5, 7, 9, 10, 12, 17, 18, 20, 21, 22, 23, 24, 25]  Q:5 M:5 F:5
  7513. [3, 4, 5, 7, 8, 9, 10, 12, 17, 19, 20, 21, 22, 23, 24]   Q:5 M:5 F:5
  7514. [3, 4, 5, 7, 8, 9, 10, 12, 17, 19, 20, 21, 22, 23, 25]   Q:5 M:5 F:5
  7515. [3, 4, 5, 7, 8, 9, 10, 12, 17, 19, 20, 21, 23, 24, 25]   Q:5 M:5 F:5
  7516. [3, 4, 5, 7, 8, 9, 10, 12, 19, 20, 21, 22, 23, 24, 25]   Q:5 M:5 F:5
  7517. [3, 4, 5, 7, 8, 9, 10, 17, 19, 20, 21, 22, 23, 24, 25]   Q:5 M:5 F:5
  7518. [3, 4, 5, 7, 9, 10, 12, 17, 19, 20, 21, 22, 23, 24, 25]  Q:5 M:5 F:5
  7519. [3, 4, 5, 7, 8, 10, 11, 12, 13, 17, 20, 21, 22, 23, 24]  Q:5 M:5 F:5
  7520. [3, 4, 5, 7, 8, 10, 11, 12, 13, 17, 20, 21, 22, 23, 25]  Q:5 M:5 F:5
  7521. [3, 4, 5, 7, 8, 10, 11, 12, 13, 17, 20, 21, 23, 24, 25]  Q:5 M:5 F:5
  7522. [3, 4, 5, 7, 8, 10, 11, 12, 13, 20, 21, 22, 23, 24, 25]  Q:5 M:5 F:5
  7523. [3, 4, 5, 7, 8, 10, 11, 13, 17, 20, 21, 22, 23, 24, 25]  Q:5 M:5 F:5
  7524. [3, 4, 5, 7, 10, 11, 12, 13, 17, 20, 21, 22, 23, 24, 25]  Q:5 M:5 F:5
  7525. [3, 4, 5, 7, 8, 10, 11, 12, 14, 17, 20, 21, 22, 23, 24]  Q:5 M:5 F:5
  7526. [3, 4, 5, 7, 8, 10, 11, 12, 14, 17, 20, 21, 22, 23, 25]  Q:5 M:5 F:5
  7527. [3, 4, 5, 7, 8, 10, 11, 12, 14, 17, 20, 21, 23, 24, 25]  Q:5 M:5 F:5
  7528. [3, 4, 5, 7, 8, 10, 11, 12, 14, 20, 21, 22, 23, 24, 25]  Q:5 M:5 F:5
  7529. [3, 4, 5, 7, 8, 10, 11, 14, 17, 20, 21, 22, 23, 24, 25]  Q:5 M:5 F:5
  7530. [3, 4, 5, 7, 10, 11, 12, 14, 17, 20, 21, 22, 23, 24, 25]  Q:5 M:5 F:5
  7531. [3, 4, 5, 7, 8, 10, 11, 12, 15, 17, 20, 21, 22, 23, 24]  Q:5 M:5 F:5
  7532. [3, 4, 5, 7, 8, 10, 11, 12, 15, 17, 20, 21, 22, 23, 25]  Q:5 M:5 F:5
  7533. [3, 4, 5, 7, 8, 10, 11, 12, 15, 17, 20, 21, 23, 24, 25]  Q:5 M:5 F:5
  7534. [3, 4, 5, 7, 8, 10, 11, 12, 15, 20, 21, 22, 23, 24, 25]  Q:5 M:5 F:5
  7535. [3, 4, 5, 7, 8, 10, 11, 15, 17, 20, 21, 22, 23, 24, 25]  Q:5 M:5 F:5
  7536. [3, 4, 5, 7, 10, 11, 12, 15, 17, 20, 21, 22, 23, 24, 25]  Q:5 M:5 F:5
  7537. [3, 4, 5, 7, 8, 10, 11, 12, 16, 17, 20, 21, 22, 23, 24]  Q:5 M:5 F:5
  7538. [3, 4, 5, 7, 8, 10, 11, 12, 16, 17, 20, 21, 22, 23, 25]  Q:5 M:5 F:5
  7539. [3, 4, 5, 7, 8, 10, 11, 12, 16, 17, 20, 21, 23, 24, 25]  Q:5 M:5 F:5
  7540. [3, 4, 5, 7, 8, 10, 11, 12, 16, 20, 21, 22, 23, 24, 25]  Q:5 M:5 F:5
  7541. [3, 4, 5, 7, 8, 10, 11, 16, 17, 20, 21, 22, 23, 24, 25]  Q:5 M:5 F:5
  7542. [3, 4, 5, 7, 10, 11, 12, 16, 17, 20, 21, 22, 23, 24, 25]  Q:5 M:5 F:5
  7543. [3, 4, 5, 7, 8, 10, 11, 12, 17, 18, 20, 21, 22, 23, 24]  Q:5 M:5 F:5
  7544. [3, 4, 5, 7, 8, 10, 11, 12, 17, 18, 20, 21, 22, 23, 25]  Q:5 M:5 F:5
  7545. [3, 4, 5, 7, 8, 10, 11, 12, 17, 18, 20, 21, 23, 24, 25]  Q:5 M:5 F:5
  7546. [3, 4, 5, 7, 8, 10, 11, 12, 18, 20, 21, 22, 23, 24, 25]  Q:5 M:5 F:5
  7547. [3, 4, 5, 7, 8, 10, 11, 17, 18, 20, 21, 22, 23, 24, 25]  Q:5 M:5 F:5
  7548. [3, 4, 5, 7, 10, 11, 12, 17, 18, 20, 21, 22, 23, 24, 25]  Q:5 M:5 F:5
  7549. [3, 4, 5, 7, 8, 10, 11, 12, 17, 19, 20, 21, 22, 23, 24]  Q:5 M:5 F:5
  7550. [3, 4, 5, 7, 8, 10, 11, 12, 17, 19, 20, 21, 22, 23, 25]  Q:5 M:5 F:5
  7551. [3, 4, 5, 7, 8, 10, 11, 12, 17, 19, 20, 21, 23, 24, 25]  Q:5 M:5 F:5
  7552. [3, 4, 5, 7, 8, 10, 11, 12, 19, 20, 21, 22, 23, 24, 25]  Q:5 M:5 F:5
  7553. [3, 4, 5, 7, 8, 10, 11, 17, 19, 20, 21, 22, 23, 24, 25]  Q:5 M:5 F:5
  7554. [3, 4, 5, 7, 10, 11, 12, 17, 19, 20, 21, 22, 23, 24, 25]  Q:5 M:5 F:5
  7555. [3, 4, 5, 7, 8, 10, 12, 13, 14, 17, 20, 21, 22, 23, 24]  Q:5 M:5 F:5
  7556. [3, 4, 5, 7, 8, 10, 12, 13, 14, 17, 20, 21, 22, 23, 25]  Q:5 M:5 F:5
  7557. [3, 4, 5, 7, 8, 10, 12, 13, 14, 17, 20, 21, 23, 24, 25]  Q:5 M:5 F:5
  7558. [3, 4, 5, 7, 8, 10, 12, 13, 14, 20, 21, 22, 23, 24, 25]  Q:5 M:5 F:5
  7559. [3, 4, 5, 7, 8, 10, 13, 14, 17, 20, 21, 22, 23, 24, 25]  Q:5 M:5 F:5
  7560. [3, 4, 5, 7, 10, 12, 13, 14, 17, 20, 21, 22, 23, 24, 25]  Q:5 M:5 F:5
  7561. [3, 4, 5, 7, 8, 10, 12, 13, 15, 17, 20, 21, 22, 23, 24]  Q:5 M:5 F:5
  7562. [3, 4, 5, 7, 8, 10, 12, 13, 15, 17, 20, 21, 22, 23, 25]  Q:5 M:5 F:5
  7563. [3, 4, 5, 7, 8, 10, 12, 13, 15, 17, 20, 21, 23, 24, 25]  Q:5 M:5 F:5
  7564. [3, 4, 5, 7, 8, 10, 12, 13, 15, 20, 21, 22, 23, 24, 25]  Q:5 M:5 F:5
  7565. [3, 4, 5, 7, 8, 10, 13, 15, 17, 20, 21, 22, 23, 24, 25]  Q:5 M:5 F:5
  7566. [3, 4, 5, 7, 10, 12, 13, 15, 17, 20, 21, 22, 23, 24, 25]  Q:5 M:5 F:5
  7567. [3, 4, 5, 7, 8, 10, 12, 13, 16, 17, 20, 21, 22, 23, 24]  Q:5 M:5 F:5
  7568. [3, 4, 5, 7, 8, 10, 12, 13, 16, 17, 20, 21, 22, 23, 25]  Q:5 M:5 F:5
  7569. [3, 4, 5, 7, 8, 10, 12, 13, 16, 17, 20, 21, 23, 24, 25]  Q:5 M:5 F:5
  7570. [3, 4, 5, 7, 8, 10, 12, 13, 16, 20, 21, 22, 23, 24, 25]  Q:5 M:5 F:5
  7571. [3, 4, 5, 7, 8, 10, 13, 16, 17, 20, 21, 22, 23, 24, 25]  Q:5 M:5 F:5
  7572. [3, 4, 5, 7, 10, 12, 13, 16, 17, 20, 21, 22, 23, 24, 25]  Q:5 M:5 F:5
  7573. [3, 4, 5, 7, 8, 10, 12, 13, 17, 18, 20, 21, 22, 23, 24]  Q:5 M:5 F:5
  7574. [3, 4, 5, 7, 8, 10, 12, 13, 17, 18, 20, 21, 22, 23, 25]  Q:5 M:5 F:5
  7575. [3, 4, 5, 7, 8, 10, 12, 13, 17, 18, 20, 21, 23, 24, 25]  Q:5 M:5 F:5
  7576. [3, 4, 5, 7, 8, 10, 12, 13, 18, 20, 21, 22, 23, 24, 25]  Q:5 M:5 F:5
  7577. [3, 4, 5, 7, 8, 10, 13, 17, 18, 20, 21, 22, 23, 24, 25]  Q:5 M:5 F:5
  7578. [3, 4, 5, 7, 10, 12, 13, 17, 18, 20, 21, 22, 23, 24, 25]  Q:5 M:5 F:5
  7579. [3, 4, 5, 7, 8, 10, 12, 13, 17, 19, 20, 21, 22, 23, 24]  Q:5 M:5 F:5
  7580. [3, 4, 5, 7, 8, 10, 12, 13, 17, 19, 20, 21, 22, 23, 25]  Q:5 M:5 F:5
  7581. [3, 4, 5, 7, 8, 10, 12, 13, 17, 19, 20, 21, 23, 24, 25]  Q:5 M:5 F:5
  7582. [3, 4, 5, 7, 8, 10, 12, 13, 19, 20, 21, 22, 23, 24, 25]  Q:5 M:5 F:5
  7583. [3, 4, 5, 7, 8, 10, 13, 17, 19, 20, 21, 22, 23, 24, 25]  Q:5 M:5 F:5
  7584. [3, 4, 5, 7, 10, 12, 13, 17, 19, 20, 21, 22, 23, 24, 25]  Q:5 M:5 F:5
  7585. [3, 4, 5, 7, 8, 10, 12, 14, 15, 17, 20, 21, 22, 23, 24]  Q:5 M:5 F:5
  7586. [3, 4, 5, 7, 8, 10, 12, 14, 15, 17, 20, 21, 22, 23, 25]  Q:5 M:5 F:5
  7587. [3, 4, 5, 7, 8, 10, 12, 14, 15, 17, 20, 21, 23, 24, 25]  Q:5 M:5 F:5
  7588. [3, 4, 5, 7, 8, 10, 12, 14, 15, 20, 21, 22, 23, 24, 25]  Q:5 M:5 F:5
  7589. [3, 4, 5, 7, 8, 10, 14, 15, 17, 20, 21, 22, 23, 24, 25]  Q:5 M:5 F:5
  7590. [3, 4, 5, 7, 10, 12, 14, 15, 17, 20, 21, 22, 23, 24, 25]  Q:5 M:5 F:5
  7591. [3, 4, 5, 7, 8, 10, 12, 14, 16, 17, 20, 21, 22, 23, 24]  Q:5 M:5 F:5
  7592. [3, 4, 5, 7, 8, 10, 12, 14, 16, 17, 20, 21, 22, 23, 25]  Q:5 M:5 F:5
  7593. [3, 4, 5, 7, 8, 10, 12, 14, 16, 17, 20, 21, 23, 24, 25]  Q:5 M:5 F:5
  7594. [3, 4, 5, 7, 8, 10, 12, 14, 16, 20, 21, 22, 23, 24, 25]  Q:5 M:5 F:5
  7595. [3, 4, 5, 7, 8, 10, 14, 16, 17, 20, 21, 22, 23, 24, 25]  Q:5 M:5 F:5
  7596. [3, 4, 5, 7, 10, 12, 14, 16, 17, 20, 21, 22, 23, 24, 25]  Q:5 M:5 F:5
  7597. [3, 4, 5, 7, 8, 10, 12, 14, 17, 18, 20, 21, 22, 23, 24]  Q:5 M:5 F:5
  7598. [3, 4, 5, 7, 8, 10, 12, 14, 17, 18, 20, 21, 22, 23, 25]  Q:5 M:5 F:5
  7599. [3, 4, 5, 7, 8, 10, 12, 14, 17, 18, 20, 21, 23, 24, 25]  Q:5 M:5 F:5
  7600. [3, 4, 5, 7, 8, 10, 12, 14, 18, 20, 21, 22, 23, 24, 25]  Q:5 M:5 F:5
  7601. [3, 4, 5, 7, 8, 10, 14, 17, 18, 20, 21, 22, 23, 24, 25]  Q:5 M:5 F:5
  7602. [3, 4, 5, 7, 10, 12, 14, 17, 18, 20, 21, 22, 23, 24, 25]  Q:5 M:5 F:5
  7603. [3, 4, 5, 7, 8, 10, 12, 14, 17, 19, 20, 21, 22, 23, 24]  Q:5 M:5 F:5
  7604. [3, 4, 5, 7, 8, 10, 12, 14, 17, 19, 20, 21, 22, 23, 25]  Q:5 M:5 F:5
  7605. [3, 4, 5, 7, 8, 10, 12, 14, 17, 19, 20, 21, 23, 24, 25]  Q:5 M:5 F:5
  7606. [3, 4, 5, 7, 8, 10, 12, 14, 19, 20, 21, 22, 23, 24, 25]  Q:5 M:5 F:5
  7607. [3, 4, 5, 7, 8, 10, 14, 17, 19, 20, 21, 22, 23, 24, 25]  Q:5 M:5 F:5
  7608. [3, 4, 5, 7, 10, 12, 14, 17, 19, 20, 21, 22, 23, 24, 25]  Q:5 M:5 F:5
  7609. [3, 4, 5, 7, 8, 10, 12, 15, 16, 17, 20, 21, 22, 23, 24]  Q:5 M:5 F:5
  7610. [3, 4, 5, 7, 8, 10, 12, 15, 16, 17, 20, 21, 22, 23, 25]  Q:5 M:5 F:5
  7611. [3, 4, 5, 7, 8, 10, 12, 15, 16, 17, 20, 21, 23, 24, 25]  Q:5 M:5 F:5
  7612. [3, 4, 5, 7, 8, 10, 12, 15, 16, 20, 21, 22, 23, 24, 25]  Q:5 M:5 F:5
  7613. [3, 4, 5, 7, 8, 10, 15, 16, 17, 20, 21, 22, 23, 24, 25]  Q:5 M:5 F:5
  7614. [3, 4, 5, 7, 10, 12, 15, 16, 17, 20, 21, 22, 23, 24, 25]  Q:5 M:5 F:5
  7615. [3, 4, 5, 7, 8, 10, 12, 15, 17, 18, 20, 21, 22, 23, 24]  Q:5 M:5 F:5
  7616. [3, 4, 5, 7, 8, 10, 12, 15, 17, 18, 20, 21, 22, 23, 25]  Q:5 M:5 F:5
  7617. [3, 4, 5, 7, 8, 10, 12, 15, 17, 18, 20, 21, 23, 24, 25]  Q:5 M:5 F:5
  7618. [3, 4, 5, 7, 8, 10, 12, 15, 18, 20, 21, 22, 23, 24, 25]  Q:5 M:5 F:5
  7619. [3, 4, 5, 7, 8, 10, 15, 17, 18, 20, 21, 22, 23, 24, 25]  Q:5 M:5 F:5
  7620. [3, 4, 5, 7, 10, 12, 15, 17, 18, 20, 21, 22, 23, 24, 25]  Q:5 M:5 F:5
  7621. [3, 4, 5, 7, 8, 10, 12, 15, 17, 19, 20, 21, 22, 23, 24]  Q:5 M:5 F:5
  7622. [3, 4, 5, 7, 8, 10, 12, 15, 17, 19, 20, 21, 22, 23, 25]  Q:5 M:5 F:5
  7623. [3, 4, 5, 7, 8, 10, 12, 15, 17, 19, 20, 21, 23, 24, 25]  Q:5 M:5 F:5
  7624. [3, 4, 5, 7, 8, 10, 12, 15, 19, 20, 21, 22, 23, 24, 25]  Q:5 M:5 F:5
  7625. [3, 4, 5, 7, 8, 10, 15, 17, 19, 20, 21, 22, 23, 24, 25]  Q:5 M:5 F:5
  7626. [3, 4, 5, 7, 10, 12, 15, 17, 19, 20, 21, 22, 23, 24, 25]  Q:5 M:5 F:5
  7627. [3, 4, 5, 7, 8, 10, 12, 16, 17, 18, 20, 21, 22, 23, 24]  Q:5 M:5 F:5
  7628. [3, 4, 5, 7, 8, 10, 12, 16, 17, 18, 20, 21, 22, 23, 25]  Q:5 M:5 F:5
  7629. [3, 4, 5, 7, 8, 10, 12, 16, 17, 18, 20, 21, 23, 24, 25]  Q:5 M:5 F:5
  7630. [3, 4, 5, 7, 8, 10, 12, 16, 18, 20, 21, 22, 23, 24, 25]  Q:5 M:5 F:5
  7631. [3, 4, 5, 7, 8, 10, 16, 17, 18, 20, 21, 22, 23, 24, 25]  Q:5 M:5 F:5
  7632. [3, 4, 5, 7, 10, 12, 16, 17, 18, 20, 21, 22, 23, 24, 25]  Q:5 M:5 F:5
  7633. [3, 4, 5, 7, 8, 10, 12, 16, 17, 19, 20, 21, 22, 23, 24]  Q:5 M:5 F:5
  7634. [3, 4, 5, 7, 8, 10, 12, 16, 17, 19, 20, 21, 22, 23, 25]  Q:5 M:5 F:5
  7635. [3, 4, 5, 7, 8, 10, 12, 16, 17, 19, 20, 21, 23, 24, 25]  Q:5 M:5 F:5
  7636. [3, 4, 5, 7, 8, 10, 12, 16, 19, 20, 21, 22, 23, 24, 25]  Q:5 M:5 F:5
  7637. [3, 4, 5, 7, 8, 10, 16, 17, 19, 20, 21, 22, 23, 24, 25]  Q:5 M:5 F:5
  7638. [3, 4, 5, 7, 10, 12, 16, 17, 19, 20, 21, 22, 23, 24, 25]  Q:5 M:5 F:5
  7639. [3, 4, 5, 7, 8, 10, 12, 17, 18, 19, 20, 21, 22, 23, 24]  Q:5 M:5 F:5
  7640. [3, 4, 5, 7, 8, 10, 12, 17, 18, 19, 20, 21, 22, 23, 25]  Q:5 M:5 F:5
  7641. [3, 4, 5, 7, 8, 10, 12, 17, 18, 19, 20, 21, 23, 24, 25]  Q:5 M:5 F:5
  7642. [3, 4, 5, 7, 8, 10, 12, 18, 19, 20, 21, 22, 23, 24, 25]  Q:5 M:5 F:5
  7643. [3, 4, 5, 7, 8, 10, 17, 18, 19, 20, 21, 22, 23, 24, 25]  Q:5 M:5 F:5
  7644. [3, 4, 5, 7, 10, 12, 17, 18, 19, 20, 21, 22, 23, 24, 25]  Q:5 M:5 F:5
  7645. [3, 4, 5, 8, 9, 10, 11, 12, 13, 17, 20, 21, 22, 23, 24]  Q:5 M:5 F:5
  7646. [3, 4, 5, 8, 9, 10, 11, 12, 13, 17, 20, 21, 22, 23, 25]  Q:5 M:5 F:5
  7647. [3, 4, 5, 8, 9, 10, 11, 12, 13, 17, 20, 21, 23, 24, 25]  Q:5 M:5 F:5
  7648. [3, 4, 5, 8, 9, 10, 11, 12, 13, 20, 21, 22, 23, 24, 25]  Q:5 M:5 F:5
  7649. [3, 4, 5, 8, 9, 10, 11, 13, 17, 20, 21, 22, 23, 24, 25]  Q:5 M:5 F:5
  7650. [3, 4, 5, 9, 10, 11, 12, 13, 17, 20, 21, 22, 23, 24, 25]  Q:5 M:5 F:5
  7651. [3, 4, 5, 8, 9, 10, 11, 12, 14, 17, 20, 21, 22, 23, 24]  Q:5 M:5 F:5
  7652. [3, 4, 5, 8, 9, 10, 11, 12, 14, 17, 20, 21, 22, 23, 25]  Q:5 M:5 F:5
  7653. [3, 4, 5, 8, 9, 10, 11, 12, 14, 17, 20, 21, 23, 24, 25]  Q:5 M:5 F:5
  7654. [3, 4, 5, 8, 9, 10, 11, 12, 14, 20, 21, 22, 23, 24, 25]  Q:5 M:5 F:5
  7655. [3, 4, 5, 8, 9, 10, 11, 14, 17, 20, 21, 22, 23, 24, 25]  Q:5 M:5 F:5
  7656. [3, 4, 5, 9, 10, 11, 12, 14, 17, 20, 21, 22, 23, 24, 25]  Q:5 M:5 F:5
  7657. [3, 4, 5, 8, 9, 10, 11, 12, 15, 17, 20, 21, 22, 23, 24]  Q:5 M:5 F:5
  7658. [3, 4, 5, 8, 9, 10, 11, 12, 15, 17, 20, 21, 22, 23, 25]  Q:5 M:5 F:5
  7659. [3, 4, 5, 8, 9, 10, 11, 12, 15, 17, 20, 21, 23, 24, 25]  Q:5 M:5 F:5
  7660. [3, 4, 5, 8, 9, 10, 11, 12, 15, 20, 21, 22, 23, 24, 25]  Q:5 M:5 F:5
  7661. [3, 4, 5, 8, 9, 10, 11, 15, 17, 20, 21, 22, 23, 24, 25]  Q:5 M:5 F:5
  7662. [3, 4, 5, 9, 10, 11, 12, 15, 17, 20, 21, 22, 23, 24, 25]  Q:5 M:5 F:5
  7663. [3, 4, 5, 8, 9, 10, 11, 12, 16, 17, 20, 21, 22, 23, 24]  Q:5 M:5 F:5
  7664. [3, 4, 5, 8, 9, 10, 11, 12, 16, 17, 20, 21, 22, 23, 25]  Q:5 M:5 F:5
  7665. [3, 4, 5, 8, 9, 10, 11, 12, 16, 17, 20, 21, 23, 24, 25]  Q:5 M:5 F:5
  7666. [3, 4, 5, 8, 9, 10, 11, 12, 16, 20, 21, 22, 23, 24, 25]  Q:5 M:5 F:5
  7667. [3, 4, 5, 8, 9, 10, 11, 16, 17, 20, 21, 22, 23, 24, 25]  Q:5 M:5 F:5
  7668. [3, 4, 5, 9, 10, 11, 12, 16, 17, 20, 21, 22, 23, 24, 25]  Q:5 M:5 F:5
  7669. [3, 4, 5, 8, 9, 10, 11, 12, 17, 18, 20, 21, 22, 23, 24]  Q:5 M:5 F:5
  7670. [3, 4, 5, 8, 9, 10, 11, 12, 17, 18, 20, 21, 22, 23, 25]  Q:5 M:5 F:5
  7671. [3, 4, 5, 8, 9, 10, 11, 12, 17, 18, 20, 21, 23, 24, 25]  Q:5 M:5 F:5
  7672. [3, 4, 5, 8, 9, 10, 11, 12, 18, 20, 21, 22, 23, 24, 25]  Q:5 M:5 F:5
  7673. [3, 4, 5, 8, 9, 10, 11, 17, 18, 20, 21, 22, 23, 24, 25]  Q:5 M:5 F:5
  7674. [3, 4, 5, 9, 10, 11, 12, 17, 18, 20, 21, 22, 23, 24, 25]  Q:5 M:5 F:5
  7675. [3, 4, 5, 8, 9, 10, 11, 12, 17, 19, 20, 21, 22, 23, 24]  Q:5 M:5 F:5
  7676. [3, 4, 5, 8, 9, 10, 11, 12, 17, 19, 20, 21, 22, 23, 25]  Q:5 M:5 F:5
  7677. [3, 4, 5, 8, 9, 10, 11, 12, 17, 19, 20, 21, 23, 24, 25]  Q:5 M:5 F:5
  7678. [3, 4, 5, 8, 9, 10, 11, 12, 19, 20, 21, 22, 23, 24, 25]  Q:5 M:5 F:5
  7679. [3, 4, 5, 8, 9, 10, 11, 17, 19, 20, 21, 22, 23, 24, 25]  Q:5 M:5 F:5
  7680. [3, 4, 5, 9, 10, 11, 12, 17, 19, 20, 21, 22, 23, 24, 25]  Q:5 M:5 F:5
  7681. [3, 4, 5, 8, 9, 10, 12, 13, 14, 17, 20, 21, 22, 23, 24]  Q:5 M:5 F:5
  7682. [3, 4, 5, 8, 9, 10, 12, 13, 14, 17, 20, 21, 22, 23, 25]  Q:5 M:5 F:5
  7683. [3, 4, 5, 8, 9, 10, 12, 13, 14, 17, 20, 21, 23, 24, 25]  Q:5 M:5 F:5
  7684. [3, 4, 5, 8, 9, 10, 12, 13, 14, 20, 21, 22, 23, 24, 25]  Q:5 M:5 F:5
  7685. [3, 4, 5, 8, 9, 10, 13, 14, 17, 20, 21, 22, 23, 24, 25]  Q:5 M:5 F:5
  7686. [3, 4, 5, 9, 10, 12, 13, 14, 17, 20, 21, 22, 23, 24, 25]  Q:5 M:5 F:5
  7687. [3, 4, 5, 8, 9, 10, 12, 13, 15, 17, 20, 21, 22, 23, 24]  Q:5 M:5 F:5
  7688. [3, 4, 5, 8, 9, 10, 12, 13, 15, 17, 20, 21, 22, 23, 25]  Q:5 M:5 F:5
  7689. [3, 4, 5, 8, 9, 10, 12, 13, 15, 17, 20, 21, 23, 24, 25]  Q:5 M:5 F:5
  7690. [3, 4, 5, 8, 9, 10, 12, 13, 15, 20, 21, 22, 23, 24, 25]  Q:5 M:5 F:5
  7691. [3, 4, 5, 8, 9, 10, 13, 15, 17, 20, 21, 22, 23, 24, 25]  Q:5 M:5 F:5
  7692. [3, 4, 5, 9, 10, 12, 13, 15, 17, 20, 21, 22, 23, 24, 25]  Q:5 M:5 F:5
  7693. [3, 4, 5, 8, 9, 10, 12, 13, 16, 17, 20, 21, 22, 23, 24]  Q:5 M:5 F:5
  7694. [3, 4, 5, 8, 9, 10, 12, 13, 16, 17, 20, 21, 22, 23, 25]  Q:5 M:5 F:5
  7695. [3, 4, 5, 8, 9, 10, 12, 13, 16, 17, 20, 21, 23, 24, 25]  Q:5 M:5 F:5
  7696. [3, 4, 5, 8, 9, 10, 12, 13, 16, 20, 21, 22, 23, 24, 25]  Q:5 M:5 F:5
  7697. [3, 4, 5, 8, 9, 10, 13, 16, 17, 20, 21, 22, 23, 24, 25]  Q:5 M:5 F:5
  7698. [3, 4, 5, 9, 10, 12, 13, 16, 17, 20, 21, 22, 23, 24, 25]  Q:5 M:5 F:5
  7699. [3, 4, 5, 8, 9, 10, 12, 13, 17, 18, 20, 21, 22, 23, 24]  Q:5 M:5 F:5
  7700. [3, 4, 5, 8, 9, 10, 12, 13, 17, 18, 20, 21, 22, 23, 25]  Q:5 M:5 F:5
  7701. [3, 4, 5, 8, 9, 10, 12, 13, 17, 18, 20, 21, 23, 24, 25]  Q:5 M:5 F:5
  7702. [3, 4, 5, 8, 9, 10, 12, 13, 18, 20, 21, 22, 23, 24, 25]  Q:5 M:5 F:5
  7703. [3, 4, 5, 8, 9, 10, 13, 17, 18, 20, 21, 22, 23, 24, 25]  Q:5 M:5 F:5
  7704. [3, 4, 5, 9, 10, 12, 13, 17, 18, 20, 21, 22, 23, 24, 25]  Q:5 M:5 F:5
  7705. [3, 4, 5, 8, 9, 10, 12, 13, 17, 19, 20, 21, 22, 23, 24]  Q:5 M:5 F:5
  7706. [3, 4, 5, 8, 9, 10, 12, 13, 17, 19, 20, 21, 22, 23, 25]  Q:5 M:5 F:5
  7707. [3, 4, 5, 8, 9, 10, 12, 13, 17, 19, 20, 21, 23, 24, 25]  Q:5 M:5 F:5
  7708. [3, 4, 5, 8, 9, 10, 12, 13, 19, 20, 21, 22, 23, 24, 25]  Q:5 M:5 F:5
  7709. [3, 4, 5, 8, 9, 10, 13, 17, 19, 20, 21, 22, 23, 24, 25]  Q:5 M:5 F:5
  7710. [3, 4, 5, 9, 10, 12, 13, 17, 19, 20, 21, 22, 23, 24, 25]  Q:5 M:5 F:5
  7711. [3, 4, 5, 8, 9, 10, 12, 14, 15, 17, 20, 21, 22, 23, 24]  Q:5 M:5 F:5
  7712. [3, 4, 5, 8, 9, 10, 12, 14, 15, 17, 20, 21, 22, 23, 25]  Q:5 M:5 F:5
  7713. [3, 4, 5, 8, 9, 10, 12, 14, 15, 17, 20, 21, 23, 24, 25]  Q:5 M:5 F:5
  7714. [3, 4, 5, 8, 9, 10, 12, 14, 15, 20, 21, 22, 23, 24, 25]  Q:5 M:5 F:5
  7715. [3, 4, 5, 8, 9, 10, 14, 15, 17, 20, 21, 22, 23, 24, 25]  Q:5 M:5 F:5
  7716. [3, 4, 5, 9, 10, 12, 14, 15, 17, 20, 21, 22, 23, 24, 25]  Q:5 M:5 F:5
  7717. [3, 4, 5, 8, 9, 10, 12, 14, 16, 17, 20, 21, 22, 23, 24]  Q:5 M:5 F:5
  7718. [3, 4, 5, 8, 9, 10, 12, 14, 16, 17, 20, 21, 22, 23, 25]  Q:5 M:5 F:5
  7719. [3, 4, 5, 8, 9, 10, 12, 14, 16, 17, 20, 21, 23, 24, 25]  Q:5 M:5 F:5
  7720. [3, 4, 5, 8, 9, 10, 12, 14, 16, 20, 21, 22, 23, 24, 25]  Q:5 M:5 F:5
  7721. [3, 4, 5, 8, 9, 10, 14, 16, 17, 20, 21, 22, 23, 24, 25]  Q:5 M:5 F:5
  7722. [3, 4, 5, 9, 10, 12, 14, 16, 17, 20, 21, 22, 23, 24, 25]  Q:5 M:5 F:5
  7723. [3, 4, 5, 8, 9, 10, 12, 14, 17, 18, 20, 21, 22, 23, 24]  Q:5 M:5 F:5
  7724. [3, 4, 5, 8, 9, 10, 12, 14, 17, 18, 20, 21, 22, 23, 25]  Q:5 M:5 F:5
  7725. [3, 4, 5, 8, 9, 10, 12, 14, 17, 18, 20, 21, 23, 24, 25]  Q:5 M:5 F:5
  7726. [3, 4, 5, 8, 9, 10, 12, 14, 18, 20, 21, 22, 23, 24, 25]  Q:5 M:5 F:5
  7727. [3, 4, 5, 8, 9, 10, 14, 17, 18, 20, 21, 22, 23, 24, 25]  Q:5 M:5 F:5
  7728. [3, 4, 5, 9, 10, 12, 14, 17, 18, 20, 21, 22, 23, 24, 25]  Q:5 M:5 F:5
  7729. [3, 4, 5, 8, 9, 10, 12, 14, 17, 19, 20, 21, 22, 23, 24]  Q:5 M:5 F:5
  7730. [3, 4, 5, 8, 9, 10, 12, 14, 17, 19, 20, 21, 22, 23, 25]  Q:5 M:5 F:5
  7731. [3, 4, 5, 8, 9, 10, 12, 14, 17, 19, 20, 21, 23, 24, 25]  Q:5 M:5 F:5
  7732. [3, 4, 5, 8, 9, 10, 12, 14, 19, 20, 21, 22, 23, 24, 25]  Q:5 M:5 F:5
  7733. [3, 4, 5, 8, 9, 10, 14, 17, 19, 20, 21, 22, 23, 24, 25]  Q:5 M:5 F:5
  7734. [3, 4, 5, 9, 10, 12, 14, 17, 19, 20, 21, 22, 23, 24, 25]  Q:5 M:5 F:5
  7735. [3, 4, 5, 8, 9, 10, 12, 15, 16, 17, 20, 21, 22, 23, 24]  Q:5 M:5 F:5
  7736. [3, 4, 5, 8, 9, 10, 12, 15, 16, 17, 20, 21, 22, 23, 25]  Q:5 M:5 F:5
  7737. [3, 4, 5, 8, 9, 10, 12, 15, 16, 17, 20, 21, 23, 24, 25]  Q:5 M:5 F:5
  7738. [3, 4, 5, 8, 9, 10, 12, 15, 16, 20, 21, 22, 23, 24, 25]  Q:5 M:5 F:5
  7739. [3, 4, 5, 8, 9, 10, 15, 16, 17, 20, 21, 22, 23, 24, 25]  Q:5 M:5 F:5
  7740. [3, 4, 5, 9, 10, 12, 15, 16, 17, 20, 21, 22, 23, 24, 25]  Q:5 M:5 F:5
  7741. [3, 4, 5, 8, 9, 10, 12, 15, 17, 18, 20, 21, 22, 23, 24]  Q:5 M:5 F:5
  7742. [3, 4, 5, 8, 9, 10, 12, 15, 17, 18, 20, 21, 22, 23, 25]  Q:5 M:5 F:5
  7743. [3, 4, 5, 8, 9, 10, 12, 15, 17, 18, 20, 21, 23, 24, 25]  Q:5 M:5 F:5
  7744. [3, 4, 5, 8, 9, 10, 12, 15, 18, 20, 21, 22, 23, 24, 25]  Q:5 M:5 F:5
  7745. [3, 4, 5, 8, 9, 10, 15, 17, 18, 20, 21, 22, 23, 24, 25]  Q:5 M:5 F:5
  7746. [3, 4, 5, 9, 10, 12, 15, 17, 18, 20, 21, 22, 23, 24, 25]  Q:5 M:5 F:5
  7747. [3, 4, 5, 8, 9, 10, 12, 15, 17, 19, 20, 21, 22, 23, 24]  Q:5 M:5 F:5
  7748. [3, 4, 5, 8, 9, 10, 12, 15, 17, 19, 20, 21, 22, 23, 25]  Q:5 M:5 F:5
  7749. [3, 4, 5, 8, 9, 10, 12, 15, 17, 19, 20, 21, 23, 24, 25]  Q:5 M:5 F:5
  7750. [3, 4, 5, 8, 9, 10, 12, 15, 19, 20, 21, 22, 23, 24, 25]  Q:5 M:5 F:5
  7751. [3, 4, 5, 8, 9, 10, 15, 17, 19, 20, 21, 22, 23, 24, 25]  Q:5 M:5 F:5
  7752. [3, 4, 5, 9, 10, 12, 15, 17, 19, 20, 21, 22, 23, 24, 25]  Q:5 M:5 F:5
  7753. [3, 4, 5, 8, 9, 10, 12, 16, 17, 18, 20, 21, 22, 23, 24]  Q:5 M:5 F:5
  7754. [3, 4, 5, 8, 9, 10, 12, 16, 17, 18, 20, 21, 22, 23, 25]  Q:5 M:5 F:5
  7755. [3, 4, 5, 8, 9, 10, 12, 16, 17, 18, 20, 21, 23, 24, 25]  Q:5 M:5 F:5
  7756. [3, 4, 5, 8, 9, 10, 12, 16, 18, 20, 21, 22, 23, 24, 25]  Q:5 M:5 F:5
  7757. [3, 4, 5, 8, 9, 10, 16, 17, 18, 20, 21, 22, 23, 24, 25]  Q:5 M:5 F:5
  7758. [3, 4, 5, 9, 10, 12, 16, 17, 18, 20, 21, 22, 23, 24, 25]  Q:5 M:5 F:5
  7759. [3, 4, 5, 8, 9, 10, 12, 16, 17, 19, 20, 21, 22, 23, 24]  Q:5 M:5 F:5
  7760. [3, 4, 5, 8, 9, 10, 12, 16, 17, 19, 20, 21, 22, 23, 25]  Q:5 M:5 F:5
  7761. [3, 4, 5, 8, 9, 10, 12, 16, 17, 19, 20, 21, 23, 24, 25]  Q:5 M:5 F:5
  7762. [3, 4, 5, 8, 9, 10, 12, 16, 19, 20, 21, 22, 23, 24, 25]  Q:5 M:5 F:5
  7763. [3, 4, 5, 8, 9, 10, 16, 17, 19, 20, 21, 22, 23, 24, 25]  Q:5 M:5 F:5
  7764. [3, 4, 5, 9, 10, 12, 16, 17, 19, 20, 21, 22, 23, 24, 25]  Q:5 M:5 F:5
  7765. [3, 4, 5, 8, 9, 10, 12, 17, 18, 19, 20, 21, 22, 23, 24]  Q:5 M:5 F:5
  7766. [3, 4, 5, 8, 9, 10, 12, 17, 18, 19, 20, 21, 22, 23, 25]  Q:5 M:5 F:5
  7767. [3, 4, 5, 8, 9, 10, 12, 17, 18, 19, 20, 21, 23, 24, 25]  Q:5 M:5 F:5
  7768. [3, 4, 5, 8, 9, 10, 12, 18, 19, 20, 21, 22, 23, 24, 25]  Q:5 M:5 F:5
  7769. [3, 4, 5, 8, 9, 10, 17, 18, 19, 20, 21, 22, 23, 24, 25]  Q:5 M:5 F:5
  7770. [3, 4, 5, 9, 10, 12, 17, 18, 19, 20, 21, 22, 23, 24, 25]  Q:5 M:5 F:5
  7771. [3, 4, 5, 8, 10, 11, 12, 13, 14, 17, 20, 21, 22, 23, 24]  Q:5 M:5 F:5
  7772. [3, 4, 5, 8, 10, 11, 12, 13, 14, 17, 20, 21, 22, 23, 25]  Q:5 M:5 F:5
  7773. [3, 4, 5, 8, 10, 11, 12, 13, 14, 17, 20, 21, 23, 24, 25]  Q:5 M:5 F:5
  7774. [3, 4, 5, 8, 10, 11, 12, 13, 14, 20, 21, 22, 23, 24, 25]  Q:5 M:5 F:5
  7775. [3, 4, 5, 8, 10, 11, 13, 14, 17, 20, 21, 22, 23, 24, 25]  Q:5 M:5 F:5
  7776. [3, 4, 5, 10, 11, 12, 13, 14, 17, 20, 21, 22, 23, 24, 25]  Q:5 M:5 F:5
  7777. [3, 4, 5, 8, 10, 11, 12, 13, 15, 17, 20, 21, 22, 23, 24]  Q:5 M:5 F:5
  7778. [3, 4, 5, 8, 10, 11, 12, 13, 15, 17, 20, 21, 22, 23, 25]  Q:5 M:5 F:5
  7779. [3, 4, 5, 8, 10, 11, 12, 13, 15, 17, 20, 21, 23, 24, 25]  Q:5 M:5 F:5
  7780. [3, 4, 5, 8, 10, 11, 12, 13, 15, 20, 21, 22, 23, 24, 25]  Q:5 M:5 F:5
  7781. [3, 4, 5, 8, 10, 11, 13, 15, 17, 20, 21, 22, 23, 24, 25]  Q:5 M:5 F:5
  7782. [3, 4, 5, 10, 11, 12, 13, 15, 17, 20, 21, 22, 23, 24, 25]  Q:5 M:5 F:5
  7783. [3, 4, 5, 8, 10, 11, 12, 13, 16, 17, 20, 21, 22, 23, 24]  Q:5 M:5 F:5
  7784. [3, 4, 5, 8, 10, 11, 12, 13, 16, 17, 20, 21, 22, 23, 25]  Q:5 M:5 F:5
  7785. [3, 4, 5, 8, 10, 11, 12, 13, 16, 17, 20, 21, 23, 24, 25]  Q:5 M:5 F:5
  7786. [3, 4, 5, 8, 10, 11, 12, 13, 16, 20, 21, 22, 23, 24, 25]  Q:5 M:5 F:5
  7787. [3, 4, 5, 8, 10, 11, 13, 16, 17, 20, 21, 22, 23, 24, 25]  Q:5 M:5 F:5
  7788. [3, 4, 5, 10, 11, 12, 13, 16, 17, 20, 21, 22, 23, 24, 25]  Q:5 M:5 F:5
  7789. [3, 4, 5, 8, 10, 11, 12, 13, 17, 18, 20, 21, 22, 23, 24]  Q:5 M:5 F:5
  7790. [3, 4, 5, 8, 10, 11, 12, 13, 17, 18, 20, 21, 22, 23, 25]  Q:5 M:5 F:5
  7791. [3, 4, 5, 8, 10, 11, 12, 13, 17, 18, 20, 21, 23, 24, 25]  Q:5 M:5 F:5
  7792. [3, 4, 5, 8, 10, 11, 12, 13, 18, 20, 21, 22, 23, 24, 25]  Q:5 M:5 F:5
  7793. [3, 4, 5, 8, 10, 11, 13, 17, 18, 20, 21, 22, 23, 24, 25]  Q:5 M:5 F:5
  7794. [3, 4, 5, 10, 11, 12, 13, 17, 18, 20, 21, 22, 23, 24, 25]  Q:5 M:5 F:5
  7795. [3, 4, 5, 8, 10, 11, 12, 13, 17, 19, 20, 21, 22, 23, 24]  Q:5 M:5 F:5
  7796. [3, 4, 5, 8, 10, 11, 12, 13, 17, 19, 20, 21, 22, 23, 25]  Q:5 M:5 F:5
  7797. [3, 4, 5, 8, 10, 11, 12, 13, 17, 19, 20, 21, 23, 24, 25]  Q:5 M:5 F:5
  7798. [3, 4, 5, 8, 10, 11, 12, 13, 19, 20, 21, 22, 23, 24, 25]  Q:5 M:5 F:5
  7799. [3, 4, 5, 8, 10, 11, 13, 17, 19, 20, 21, 22, 23, 24, 25]  Q:5 M:5 F:5
  7800. [3, 4, 5, 10, 11, 12, 13, 17, 19, 20, 21, 22, 23, 24, 25]  Q:5 M:5 F:5
  7801. [3, 4, 5, 8, 10, 11, 12, 14, 15, 17, 20, 21, 22, 23, 24]  Q:5 M:5 F:5
  7802. [3, 4, 5, 8, 10, 11, 12, 14, 15, 17, 20, 21, 22, 23, 25]  Q:5 M:5 F:5
  7803. [3, 4, 5, 8, 10, 11, 12, 14, 15, 17, 20, 21, 23, 24, 25]  Q:5 M:5 F:5
  7804. [3, 4, 5, 8, 10, 11, 12, 14, 15, 20, 21, 22, 23, 24, 25]  Q:5 M:5 F:5
  7805. [3, 4, 5, 8, 10, 11, 14, 15, 17, 20, 21, 22, 23, 24, 25]  Q:5 M:5 F:5
  7806. [3, 4, 5, 10, 11, 12, 14, 15, 17, 20, 21, 22, 23, 24, 25]  Q:5 M:5 F:5
  7807. [3, 4, 5, 8, 10, 11, 12, 14, 16, 17, 20, 21, 22, 23, 24]  Q:5 M:5 F:5
  7808. [3, 4, 5, 8, 10, 11, 12, 14, 16, 17, 20, 21, 22, 23, 25]  Q:5 M:5 F:5
  7809. [3, 4, 5, 8, 10, 11, 12, 14, 16, 17, 20, 21, 23, 24, 25]  Q:5 M:5 F:5
  7810. [3, 4, 5, 8, 10, 11, 12, 14, 16, 20, 21, 22, 23, 24, 25]  Q:5 M:5 F:5
  7811. [3, 4, 5, 8, 10, 11, 14, 16, 17, 20, 21, 22, 23, 24, 25]  Q:5 M:5 F:5
  7812. [3, 4, 5, 10, 11, 12, 14, 16, 17, 20, 21, 22, 23, 24, 25]  Q:5 M:5 F:5
  7813. [3, 4, 5, 8, 10, 11, 12, 14, 17, 18, 20, 21, 22, 23, 24]  Q:5 M:5 F:5
  7814. [3, 4, 5, 8, 10, 11, 12, 14, 17, 18, 20, 21, 22, 23, 25]  Q:5 M:5 F:5
  7815. [3, 4, 5, 8, 10, 11, 12, 14, 17, 18, 20, 21, 23, 24, 25]  Q:5 M:5 F:5
  7816. [3, 4, 5, 8, 10, 11, 12, 14, 18, 20, 21, 22, 23, 24, 25]  Q:5 M:5 F:5
  7817. [3, 4, 5, 8, 10, 11, 14, 17, 18, 20, 21, 22, 23, 24, 25]  Q:5 M:5 F:5
  7818. [3, 4, 5, 10, 11, 12, 14, 17, 18, 20, 21, 22, 23, 24, 25]  Q:5 M:5 F:5
  7819. [3, 4, 5, 8, 10, 11, 12, 14, 17, 19, 20, 21, 22, 23, 24]  Q:5 M:5 F:5
  7820. [3, 4, 5, 8, 10, 11, 12, 14, 17, 19, 20, 21, 22, 23, 25]  Q:5 M:5 F:5
  7821. [3, 4, 5, 8, 10, 11, 12, 14, 17, 19, 20, 21, 23, 24, 25]  Q:5 M:5 F:5
  7822. [3, 4, 5, 8, 10, 11, 12, 14, 19, 20, 21, 22, 23, 24, 25]  Q:5 M:5 F:5
  7823. [3, 4, 5, 8, 10, 11, 14, 17, 19, 20, 21, 22, 23, 24, 25]  Q:5 M:5 F:5
  7824. [3, 4, 5, 10, 11, 12, 14, 17, 19, 20, 21, 22, 23, 24, 25]  Q:5 M:5 F:5
  7825. [3, 4, 5, 8, 10, 11, 12, 15, 16, 17, 20, 21, 22, 23, 24]  Q:5 M:5 F:5
  7826. [3, 4, 5, 8, 10, 11, 12, 15, 16, 17, 20, 21, 22, 23, 25]  Q:5 M:5 F:5
  7827. [3, 4, 5, 8, 10, 11, 12, 15, 16, 17, 20, 21, 23, 24, 25]  Q:5 M:5 F:5
  7828. [3, 4, 5, 8, 10, 11, 12, 15, 16, 20, 21, 22, 23, 24, 25]  Q:5 M:5 F:5
  7829. [3, 4, 5, 8, 10, 11, 15, 16, 17, 20, 21, 22, 23, 24, 25]  Q:5 M:5 F:5
  7830. [3, 4, 5, 10, 11, 12, 15, 16, 17, 20, 21, 22, 23, 24, 25]  Q:5 M:5 F:5
  7831. [3, 4, 5, 8, 10, 11, 12, 15, 17, 18, 20, 21, 22, 23, 24]  Q:5 M:5 F:5
  7832. [3, 4, 5, 8, 10, 11, 12, 15, 17, 18, 20, 21, 22, 23, 25]  Q:5 M:5 F:5
  7833. [3, 4, 5, 8, 10, 11, 12, 15, 17, 18, 20, 21, 23, 24, 25]  Q:5 M:5 F:5
  7834. [3, 4, 5, 8, 10, 11, 12, 15, 18, 20, 21, 22, 23, 24, 25]  Q:5 M:5 F:5
  7835. [3, 4, 5, 8, 10, 11, 15, 17, 18, 20, 21, 22, 23, 24, 25]  Q:5 M:5 F:5
  7836. [3, 4, 5, 10, 11, 12, 15, 17, 18, 20, 21, 22, 23, 24, 25]  Q:5 M:5 F:5
  7837. [3, 4, 5, 8, 10, 11, 12, 15, 17, 19, 20, 21, 22, 23, 24]  Q:5 M:5 F:5
  7838. [3, 4, 5, 8, 10, 11, 12, 15, 17, 19, 20, 21, 22, 23, 25]  Q:5 M:5 F:5
  7839. [3, 4, 5, 8, 10, 11, 12, 15, 17, 19, 20, 21, 23, 24, 25]  Q:5 M:5 F:5
  7840. [3, 4, 5, 8, 10, 11, 12, 15, 19, 20, 21, 22, 23, 24, 25]  Q:5 M:5 F:5
  7841. [3, 4, 5, 8, 10, 11, 15, 17, 19, 20, 21, 22, 23, 24, 25]  Q:5 M:5 F:5
  7842. [3, 4, 5, 10, 11, 12, 15, 17, 19, 20, 21, 22, 23, 24, 25]  Q:5 M:5 F:5
  7843. [3, 4, 5, 8, 10, 11, 12, 16, 17, 18, 20, 21, 22, 23, 24]  Q:5 M:5 F:5
  7844. [3, 4, 5, 8, 10, 11, 12, 16, 17, 18, 20, 21, 22, 23, 25]  Q:5 M:5 F:5
  7845. [3, 4, 5, 8, 10, 11, 12, 16, 17, 18, 20, 21, 23, 24, 25]  Q:5 M:5 F:5
  7846. [3, 4, 5, 8, 10, 11, 12, 16, 18, 20, 21, 22, 23, 24, 25]  Q:5 M:5 F:5
  7847. [3, 4, 5, 8, 10, 11, 16, 17, 18, 20, 21, 22, 23, 24, 25]  Q:5 M:5 F:5
  7848. [3, 4, 5, 10, 11, 12, 16, 17, 18, 20, 21, 22, 23, 24, 25]  Q:5 M:5 F:5
  7849. [3, 4, 5, 8, 10, 11, 12, 16, 17, 19, 20, 21, 22, 23, 24]  Q:5 M:5 F:5
  7850. [3, 4, 5, 8, 10, 11, 12, 16, 17, 19, 20, 21, 22, 23, 25]  Q:5 M:5 F:5
  7851. [3, 4, 5, 8, 10, 11, 12, 16, 17, 19, 20, 21, 23, 24, 25]  Q:5 M:5 F:5
  7852. [3, 4, 5, 8, 10, 11, 12, 16, 19, 20, 21, 22, 23, 24, 25]  Q:5 M:5 F:5
  7853. [3, 4, 5, 8, 10, 11, 16, 17, 19, 20, 21, 22, 23, 24, 25]  Q:5 M:5 F:5
  7854. [3, 4, 5, 10, 11, 12, 16, 17, 19, 20, 21, 22, 23, 24, 25]  Q:5 M:5 F:5
  7855. [3, 4, 5, 8, 10, 11, 12, 17, 18, 19, 20, 21, 22, 23, 24]  Q:5 M:5 F:5
  7856. [3, 4, 5, 8, 10, 11, 12, 17, 18, 19, 20, 21, 22, 23, 25]  Q:5 M:5 F:5
  7857. [3, 4, 5, 8, 10, 11, 12, 17, 18, 19, 20, 21, 23, 24, 25]  Q:5 M:5 F:5
  7858. [3, 4, 5, 8, 10, 11, 12, 18, 19, 20, 21, 22, 23, 24, 25]  Q:5 M:5 F:5
  7859. [3, 4, 5, 8, 10, 11, 17, 18, 19, 20, 21, 22, 23, 24, 25]  Q:5 M:5 F:5
  7860. [3, 4, 5, 10, 11, 12, 17, 18, 19, 20, 21, 22, 23, 24, 25]  Q:5 M:5 F:5
  7861. [3, 4, 5, 8, 10, 12, 13, 14, 15, 17, 20, 21, 22, 23, 24]  Q:5 M:5 F:5
  7862. [3, 4, 5, 8, 10, 12, 13, 14, 15, 17, 20, 21, 22, 23, 25]  Q:5 M:5 F:5
  7863. [3, 4, 5, 8, 10, 12, 13, 14, 15, 17, 20, 21, 23, 24, 25]  Q:5 M:5 F:5
  7864. [3, 4, 5, 8, 10, 12, 13, 14, 15, 20, 21, 22, 23, 24, 25]  Q:5 M:5 F:5
  7865. [3, 4, 5, 8, 10, 13, 14, 15, 17, 20, 21, 22, 23, 24, 25]  Q:5 M:5 F:5
  7866. [3, 4, 5, 10, 12, 13, 14, 15, 17, 20, 21, 22, 23, 24, 25]  Q:5 M:5 F:5
  7867. [3, 4, 5, 8, 10, 12, 13, 14, 16, 17, 20, 21, 22, 23, 24]  Q:5 M:5 F:5
  7868. [3, 4, 5, 8, 10, 12, 13, 14, 16, 17, 20, 21, 22, 23, 25]  Q:5 M:5 F:5
  7869. [3, 4, 5, 8, 10, 12, 13, 14, 16, 17, 20, 21, 23, 24, 25]  Q:5 M:5 F:5
  7870. [3, 4, 5, 8, 10, 12, 13, 14, 16, 20, 21, 22, 23, 24, 25]  Q:5 M:5 F:5
  7871. [3, 4, 5, 8, 10, 13, 14, 16, 17, 20, 21, 22, 23, 24, 25]  Q:5 M:5 F:5
  7872. [3, 4, 5, 10, 12, 13, 14, 16, 17, 20, 21, 22, 23, 24, 25]  Q:5 M:5 F:5
  7873. [3, 4, 5, 8, 10, 12, 13, 14, 17, 18, 20, 21, 22, 23, 24]  Q:5 M:5 F:5
  7874. [3, 4, 5, 8, 10, 12, 13, 14, 17, 18, 20, 21, 22, 23, 25]  Q:5 M:5 F:5
  7875. [3, 4, 5, 8, 10, 12, 13, 14, 17, 18, 20, 21, 23, 24, 25]  Q:5 M:5 F:5
  7876. [3, 4, 5, 8, 10, 12, 13, 14, 18, 20, 21, 22, 23, 24, 25]  Q:5 M:5 F:5
  7877. [3, 4, 5, 8, 10, 13, 14, 17, 18, 20, 21, 22, 23, 24, 25]  Q:5 M:5 F:5
  7878. [3, 4, 5, 10, 12, 13, 14, 17, 18, 20, 21, 22, 23, 24, 25]  Q:5 M:5 F:5
  7879. [3, 4, 5, 8, 10, 12, 13, 14, 17, 19, 20, 21, 22, 23, 24]  Q:5 M:5 F:5
  7880. [3, 4, 5, 8, 10, 12, 13, 14, 17, 19, 20, 21, 22, 23, 25]  Q:5 M:5 F:5
  7881. [3, 4, 5, 8, 10, 12, 13, 14, 17, 19, 20, 21, 23, 24, 25]  Q:5 M:5 F:5
  7882. [3, 4, 5, 8, 10, 12, 13, 14, 19, 20, 21, 22, 23, 24, 25]  Q:5 M:5 F:5
  7883. [3, 4, 5, 8, 10, 13, 14, 17, 19, 20, 21, 22, 23, 24, 25]  Q:5 M:5 F:5
  7884. [3, 4, 5, 10, 12, 13, 14, 17, 19, 20, 21, 22, 23, 24, 25]  Q:5 M:5 F:5
  7885. [3, 4, 5, 8, 10, 12, 13, 15, 16, 17, 20, 21, 22, 23, 24]  Q:5 M:5 F:5
  7886. [3, 4, 5, 8, 10, 12, 13, 15, 16, 17, 20, 21, 22, 23, 25]  Q:5 M:5 F:5
  7887. [3, 4, 5, 8, 10, 12, 13, 15, 16, 17, 20, 21, 23, 24, 25]  Q:5 M:5 F:5
  7888. [3, 4, 5, 8, 10, 12, 13, 15, 16, 20, 21, 22, 23, 24, 25]  Q:5 M:5 F:5
  7889. [3, 4, 5, 8, 10, 13, 15, 16, 17, 20, 21, 22, 23, 24, 25]  Q:5 M:5 F:5
  7890. [3, 4, 5, 10, 12, 13, 15, 16, 17, 20, 21, 22, 23, 24, 25]  Q:5 M:5 F:5
  7891. [3, 4, 5, 8, 10, 12, 13, 15, 17, 18, 20, 21, 22, 23, 24]  Q:5 M:5 F:5
  7892. [3, 4, 5, 8, 10, 12, 13, 15, 17, 18, 20, 21, 22, 23, 25]  Q:5 M:5 F:5
  7893. [3, 4, 5, 8, 10, 12, 13, 15, 17, 18, 20, 21, 23, 24, 25]  Q:5 M:5 F:5
  7894. [3, 4, 5, 8, 10, 12, 13, 15, 18, 20, 21, 22, 23, 24, 25]  Q:5 M:5 F:5
  7895. [3, 4, 5, 8, 10, 13, 15, 17, 18, 20, 21, 22, 23, 24, 25]  Q:5 M:5 F:5
  7896. [3, 4, 5, 10, 12, 13, 15, 17, 18, 20, 21, 22, 23, 24, 25]  Q:5 M:5 F:5
  7897. [3, 4, 5, 8, 10, 12, 13, 15, 17, 19, 20, 21, 22, 23, 24]  Q:5 M:5 F:5
  7898. [3, 4, 5, 8, 10, 12, 13, 15, 17, 19, 20, 21, 22, 23, 25]  Q:5 M:5 F:5
  7899. [3, 4, 5, 8, 10, 12, 13, 15, 17, 19, 20, 21, 23, 24, 25]  Q:5 M:5 F:5
  7900. [3, 4, 5, 8, 10, 12, 13, 15, 19, 20, 21, 22, 23, 24, 25]  Q:5 M:5 F:5
  7901. [3, 4, 5, 8, 10, 13, 15, 17, 19, 20, 21, 22, 23, 24, 25]  Q:5 M:5 F:5
  7902. [3, 4, 5, 10, 12, 13, 15, 17, 19, 20, 21, 22, 23, 24, 25]  Q:5 M:5 F:5
  7903. [3, 4, 5, 8, 10, 12, 13, 16, 17, 18, 20, 21, 22, 23, 24]  Q:5 M:5 F:5
  7904. [3, 4, 5, 8, 10, 12, 13, 16, 17, 18, 20, 21, 22, 23, 25]  Q:5 M:5 F:5
  7905. [3, 4, 5, 8, 10, 12, 13, 16, 17, 18, 20, 21, 23, 24, 25]  Q:5 M:5 F:5
  7906. [3, 4, 5, 8, 10, 12, 13, 16, 18, 20, 21, 22, 23, 24, 25]  Q:5 M:5 F:5
  7907. [3, 4, 5, 8, 10, 13, 16, 17, 18, 20, 21, 22, 23, 24, 25]  Q:5 M:5 F:5
  7908. [3, 4, 5, 10, 12, 13, 16, 17, 18, 20, 21, 22, 23, 24, 25]  Q:5 M:5 F:5
  7909. [3, 4, 5, 8, 10, 12, 13, 16, 17, 19, 20, 21, 22, 23, 24]  Q:5 M:5 F:5
  7910. [3, 4, 5, 8, 10, 12, 13, 16, 17, 19, 20, 21, 22, 23, 25]  Q:5 M:5 F:5
  7911. [3, 4, 5, 8, 10, 12, 13, 16, 17, 19, 20, 21, 23, 24, 25]  Q:5 M:5 F:5
  7912. [3, 4, 5, 8, 10, 12, 13, 16, 19, 20, 21, 22, 23, 24, 25]  Q:5 M:5 F:5
  7913. [3, 4, 5, 8, 10, 13, 16, 17, 19, 20, 21, 22, 23, 24, 25]  Q:5 M:5 F:5
  7914. [3, 4, 5, 10, 12, 13, 16, 17, 19, 20, 21, 22, 23, 24, 25]  Q:5 M:5 F:5
  7915. [3, 4, 5, 8, 10, 12, 13, 17, 18, 19, 20, 21, 22, 23, 24]  Q:5 M:5 F:5
  7916. [3, 4, 5, 8, 10, 12, 13, 17, 18, 19, 20, 21, 22, 23, 25]  Q:5 M:5 F:5
  7917. [3, 4, 5, 8, 10, 12, 13, 17, 18, 19, 20, 21, 23, 24, 25]  Q:5 M:5 F:5
  7918. [3, 4, 5, 8, 10, 12, 13, 18, 19, 20, 21, 22, 23, 24, 25]  Q:5 M:5 F:5
  7919. [3, 4, 5, 8, 10, 13, 17, 18, 19, 20, 21, 22, 23, 24, 25]  Q:5 M:5 F:5
  7920. [3, 4, 5, 10, 12, 13, 17, 18, 19, 20, 21, 22, 23, 24, 25]  Q:5 M:5 F:5
  7921. [3, 4, 5, 8, 10, 12, 14, 15, 16, 17, 20, 21, 22, 23, 24]  Q:5 M:5 F:5
  7922. [3, 4, 5, 8, 10, 12, 14, 15, 16, 17, 20, 21, 22, 23, 25]  Q:5 M:5 F:5
  7923. [3, 4, 5, 8, 10, 12, 14, 15, 16, 17, 20, 21, 23, 24, 25]  Q:5 M:5 F:5
  7924. [3, 4, 5, 8, 10, 12, 14, 15, 16, 20, 21, 22, 23, 24, 25]  Q:5 M:5 F:5
  7925. [3, 4, 5, 8, 10, 14, 15, 16, 17, 20, 21, 22, 23, 24, 25]  Q:5 M:5 F:5
  7926. [3, 4, 5, 10, 12, 14, 15, 16, 17, 20, 21, 22, 23, 24, 25]  Q:5 M:5 F:5
  7927. [3, 4, 5, 8, 10, 12, 14, 15, 17, 18, 20, 21, 22, 23, 24]  Q:5 M:5 F:5
  7928. [3, 4, 5, 8, 10, 12, 14, 15, 17, 18, 20, 21, 22, 23, 25]  Q:5 M:5 F:5
  7929. [3, 4, 5, 8, 10, 12, 14, 15, 17, 18, 20, 21, 23, 24, 25]  Q:5 M:5 F:5
  7930. [3, 4, 5, 8, 10, 12, 14, 15, 18, 20, 21, 22, 23, 24, 25]  Q:5 M:5 F:5
  7931. [3, 4, 5, 8, 10, 14, 15, 17, 18, 20, 21, 22, 23, 24, 25]  Q:5 M:5 F:5
  7932. [3, 4, 5, 10, 12, 14, 15, 17, 18, 20, 21, 22, 23, 24, 25]  Q:5 M:5 F:5
  7933. [3, 4, 5, 8, 10, 12, 14, 15, 17, 19, 20, 21, 22, 23, 24]  Q:5 M:5 F:5
  7934. [3, 4, 5, 8, 10, 12, 14, 15, 17, 19, 20, 21, 22, 23, 25]  Q:5 M:5 F:5
  7935. [3, 4, 5, 8, 10, 12, 14, 15, 17, 19, 20, 21, 23, 24, 25]  Q:5 M:5 F:5
  7936. [3, 4, 5, 8, 10, 12, 14, 15, 19, 20, 21, 22, 23, 24, 25]  Q:5 M:5 F:5
  7937. [3, 4, 5, 8, 10, 14, 15, 17, 19, 20, 21, 22, 23, 24, 25]  Q:5 M:5 F:5
  7938. [3, 4, 5, 10, 12, 14, 15, 17, 19, 20, 21, 22, 23, 24, 25]  Q:5 M:5 F:5
  7939. [3, 4, 5, 8, 10, 12, 14, 16, 17, 18, 20, 21, 22, 23, 24]  Q:5 M:5 F:5
  7940. [3, 4, 5, 8, 10, 12, 14, 16, 17, 18, 20, 21, 22, 23, 25]  Q:5 M:5 F:5
  7941. [3, 4, 5, 8, 10, 12, 14, 16, 17, 18, 20, 21, 23, 24, 25]  Q:5 M:5 F:5
  7942. [3, 4, 5, 8, 10, 12, 14, 16, 18, 20, 21, 22, 23, 24, 25]  Q:5 M:5 F:5
  7943. [3, 4, 5, 8, 10, 14, 16, 17, 18, 20, 21, 22, 23, 24, 25]  Q:5 M:5 F:5
  7944. [3, 4, 5, 10, 12, 14, 16, 17, 18, 20, 21, 22, 23, 24, 25]  Q:5 M:5 F:5
  7945. [3, 4, 5, 8, 10, 12, 14, 16, 17, 19, 20, 21, 22, 23, 24]  Q:5 M:5 F:5
  7946. [3, 4, 5, 8, 10, 12, 14, 16, 17, 19, 20, 21, 22, 23, 25]  Q:5 M:5 F:5
  7947. [3, 4, 5, 8, 10, 12, 14, 16, 17, 19, 20, 21, 23, 24, 25]  Q:5 M:5 F:5
  7948. [3, 4, 5, 8, 10, 12, 14, 16, 19, 20, 21, 22, 23, 24, 25]  Q:5 M:5 F:5
  7949. [3, 4, 5, 8, 10, 14, 16, 17, 19, 20, 21, 22, 23, 24, 25]  Q:5 M:5 F:5
  7950. [3, 4, 5, 10, 12, 14, 16, 17, 19, 20, 21, 22, 23, 24, 25]  Q:5 M:5 F:5
  7951. [3, 4, 5, 8, 10, 12, 14, 17, 18, 19, 20, 21, 22, 23, 24]  Q:5 M:5 F:5
  7952. [3, 4, 5, 8, 10, 12, 14, 17, 18, 19, 20, 21, 22, 23, 25]  Q:5 M:5 F:5
  7953. [3, 4, 5, 8, 10, 12, 14, 17, 18, 19, 20, 21, 23, 24, 25]  Q:5 M:5 F:5
  7954. [3, 4, 5, 8, 10, 12, 14, 18, 19, 20, 21, 22, 23, 24, 25]  Q:5 M:5 F:5
  7955. [3, 4, 5, 8, 10, 14, 17, 18, 19, 20, 21, 22, 23, 24, 25]  Q:5 M:5 F:5
  7956. [3, 4, 5, 10, 12, 14, 17, 18, 19, 20, 21, 22, 23, 24, 25]  Q:5 M:5 F:5
  7957. [3, 4, 5, 8, 10, 12, 15, 16, 17, 18, 20, 21, 22, 23, 24]  Q:5 M:5 F:5
  7958. [3, 4, 5, 8, 10, 12, 15, 16, 17, 18, 20, 21, 22, 23, 25]  Q:5 M:5 F:5
  7959. [3, 4, 5, 8, 10, 12, 15, 16, 17, 18, 20, 21, 23, 24, 25]  Q:5 M:5 F:5
  7960. [3, 4, 5, 8, 10, 12, 15, 16, 18, 20, 21, 22, 23, 24, 25]  Q:5 M:5 F:5
  7961. [3, 4, 5, 8, 10, 15, 16, 17, 18, 20, 21, 22, 23, 24, 25]  Q:5 M:5 F:5
  7962. [3, 4, 5, 10, 12, 15, 16, 17, 18, 20, 21, 22, 23, 24, 25]  Q:5 M:5 F:5
  7963. [3, 4, 5, 8, 10, 12, 15, 16, 17, 19, 20, 21, 22, 23, 24]  Q:5 M:5 F:5
  7964. [3, 4, 5, 8, 10, 12, 15, 16, 17, 19, 20, 21, 22, 23, 25]  Q:5 M:5 F:5
  7965. [3, 4, 5, 8, 10, 12, 15, 16, 17, 19, 20, 21, 23, 24, 25]  Q:5 M:5 F:5
  7966. [3, 4, 5, 8, 10, 12, 15, 16, 19, 20, 21, 22, 23, 24, 25]  Q:5 M:5 F:5
  7967. [3, 4, 5, 8, 10, 15, 16, 17, 19, 20, 21, 22, 23, 24, 25]  Q:5 M:5 F:5
  7968. [3, 4, 5, 10, 12, 15, 16, 17, 19, 20, 21, 22, 23, 24, 25]  Q:5 M:5 F:5
  7969. [3, 4, 5, 8, 10, 12, 15, 17, 18, 19, 20, 21, 22, 23, 24]  Q:5 M:5 F:5
  7970. [3, 4, 5, 8, 10, 12, 15, 17, 18, 19, 20, 21, 22, 23, 25]  Q:5 M:5 F:5
  7971. [3, 4, 5, 8, 10, 12, 15, 17, 18, 19, 20, 21, 23, 24, 25]  Q:5 M:5 F:5
  7972. [3, 4, 5, 8, 10, 12, 15, 18, 19, 20, 21, 22, 23, 24, 25]  Q:5 M:5 F:5
  7973. [3, 4, 5, 8, 10, 15, 17, 18, 19, 20, 21, 22, 23, 24, 25]  Q:5 M:5 F:5
  7974. [3, 4, 5, 10, 12, 15, 17, 18, 19, 20, 21, 22, 23, 24, 25]  Q:5 M:5 F:5
  7975. [3, 4, 5, 8, 10, 12, 16, 17, 18, 19, 20, 21, 22, 23, 24]  Q:5 M:5 F:5
  7976. [3, 4, 5, 8, 10, 12, 16, 17, 18, 19, 20, 21, 22, 23, 25]  Q:5 M:5 F:5
  7977. [3, 4, 5, 8, 10, 12, 16, 17, 18, 19, 20, 21, 23, 24, 25]  Q:5 M:5 F:5
  7978. [3, 4, 5, 8, 10, 12, 16, 18, 19, 20, 21, 22, 23, 24, 25]  Q:5 M:5 F:5
  7979. [3, 4, 5, 8, 10, 16, 17, 18, 19, 20, 21, 22, 23, 24, 25]  Q:5 M:5 F:5
  7980. [3, 4, 5, 10, 12, 16, 17, 18, 19, 20, 21, 22, 23, 24, 25]  Q:5 M:5 F:5
  7981. [3, 5, 6, 7, 8, 9, 10, 11, 12, 17, 20, 21, 22, 23, 24]   Q:5 M:5 F:5
  7982. [3, 5, 6, 7, 8, 9, 10, 11, 12, 17, 20, 21, 22, 23, 25]   Q:5 M:5 F:5
  7983. [3, 5, 6, 7, 8, 9, 10, 11, 12, 17, 20, 21, 23, 24, 25]   Q:5 M:5 F:5
  7984. [3, 5, 6, 7, 8, 9, 10, 11, 12, 20, 21, 22, 23, 24, 25]   Q:5 M:5 F:5
  7985. [3, 5, 6, 7, 8, 9, 10, 11, 17, 20, 21, 22, 23, 24, 25]   Q:5 M:5 F:5
  7986. [3, 5, 6, 7, 9, 10, 11, 12, 17, 20, 21, 22, 23, 24, 25]  Q:5 M:5 F:5
  7987. [3, 5, 6, 7, 8, 9, 10, 12, 13, 17, 20, 21, 22, 23, 24]   Q:5 M:5 F:5
  7988. [3, 5, 6, 7, 8, 9, 10, 12, 13, 17, 20, 21, 22, 23, 25]   Q:5 M:5 F:5
  7989. [3, 5, 6, 7, 8, 9, 10, 12, 13, 17, 20, 21, 23, 24, 25]   Q:5 M:5 F:5
  7990. [3, 5, 6, 7, 8, 9, 10, 12, 13, 20, 21, 22, 23, 24, 25]   Q:5 M:5 F:5
  7991. [3, 5, 6, 7, 8, 9, 10, 13, 17, 20, 21, 22, 23, 24, 25]   Q:5 M:5 F:5
  7992. [3, 5, 6, 7, 9, 10, 12, 13, 17, 20, 21, 22, 23, 24, 25]  Q:5 M:5 F:5
  7993. [3, 5, 6, 7, 8, 9, 10, 12, 14, 17, 20, 21, 22, 23, 24]   Q:5 M:5 F:5
  7994. [3, 5, 6, 7, 8, 9, 10, 12, 14, 17, 20, 21, 22, 23, 25]   Q:5 M:5 F:5
  7995. [3, 5, 6, 7, 8, 9, 10, 12, 14, 17, 20, 21, 23, 24, 25]   Q:5 M:5 F:5
  7996. [3, 5, 6, 7, 8, 9, 10, 12, 14, 20, 21, 22, 23, 24, 25]   Q:5 M:5 F:5
  7997. [3, 5, 6, 7, 8, 9, 10, 14, 17, 20, 21, 22, 23, 24, 25]   Q:5 M:5 F:5
  7998. [3, 5, 6, 7, 9, 10, 12, 14, 17, 20, 21, 22, 23, 24, 25]  Q:5 M:5 F:5
  7999. [3, 5, 6, 7, 8, 9, 10, 12, 15, 17, 20, 21, 22, 23, 24]   Q:5 M:5 F:5
  8000. [3, 5, 6, 7, 8, 9, 10, 12, 15, 17, 20, 21, 22, 23, 25]   Q:5 M:5 F:5
  8001. [3, 5, 6, 7, 8, 9, 10, 12, 15, 17, 20, 21, 23, 24, 25]   Q:5 M:5 F:5
  8002. [3, 5, 6, 7, 8, 9, 10, 12, 15, 20, 21, 22, 23, 24, 25]   Q:5 M:5 F:5
  8003. [3, 5, 6, 7, 8, 9, 10, 15, 17, 20, 21, 22, 23, 24, 25]   Q:5 M:5 F:5
  8004. [3, 5, 6, 7, 9, 10, 12, 15, 17, 20, 21, 22, 23, 24, 25]  Q:5 M:5 F:5
  8005. [3, 5, 6, 7, 8, 9, 10, 12, 16, 17, 20, 21, 22, 23, 24]   Q:5 M:5 F:5
  8006. [3, 5, 6, 7, 8, 9, 10, 12, 16, 17, 20, 21, 22, 23, 25]   Q:5 M:5 F:5
  8007. [3, 5, 6, 7, 8, 9, 10, 12, 16, 17, 20, 21, 23, 24, 25]   Q:5 M:5 F:5
  8008. [3, 5, 6, 7, 8, 9, 10, 12, 16, 20, 21, 22, 23, 24, 25]   Q:5 M:5 F:5
  8009. [3, 5, 6, 7, 8, 9, 10, 16, 17, 20, 21, 22, 23, 24, 25]   Q:5 M:5 F:5
  8010. [3, 5, 6, 7, 9, 10, 12, 16, 17, 20, 21, 22, 23, 24, 25]  Q:5 M:5 F:5
  8011. [3, 5, 6, 7, 8, 9, 10, 12, 17, 18, 20, 21, 22, 23, 24]   Q:5 M:5 F:5
  8012. [3, 5, 6, 7, 8, 9, 10, 12, 17, 18, 20, 21, 22, 23, 25]   Q:5 M:5 F:5
  8013. [3, 5, 6, 7, 8, 9, 10, 12, 17, 18, 20, 21, 23, 24, 25]   Q:5 M:5 F:5
  8014. [3, 5, 6, 7, 8, 9, 10, 12, 18, 20, 21, 22, 23, 24, 25]   Q:5 M:5 F:5
  8015. [3, 5, 6, 7, 8, 9, 10, 17, 18, 20, 21, 22, 23, 24, 25]   Q:5 M:5 F:5
  8016. [3, 5, 6, 7, 9, 10, 12, 17, 18, 20, 21, 22, 23, 24, 25]  Q:5 M:5 F:5
  8017. [3, 5, 6, 7, 8, 9, 10, 12, 17, 19, 20, 21, 22, 23, 24]   Q:5 M:5 F:5
  8018. [3, 5, 6, 7, 8, 9, 10, 12, 17, 19, 20, 21, 22, 23, 25]   Q:5 M:5 F:5
  8019. [3, 5, 6, 7, 8, 9, 10, 12, 17, 19, 20, 21, 23, 24, 25]   Q:5 M:5 F:5
  8020. [3, 5, 6, 7, 8, 9, 10, 12, 19, 20, 21, 22, 23, 24, 25]   Q:5 M:5 F:5
  8021. [3, 5, 6, 7, 8, 9, 10, 17, 19, 20, 21, 22, 23, 24, 25]   Q:5 M:5 F:5
  8022. [3, 5, 6, 7, 9, 10, 12, 17, 19, 20, 21, 22, 23, 24, 25]  Q:5 M:5 F:5
  8023. [3, 5, 6, 7, 8, 10, 11, 12, 13, 17, 20, 21, 22, 23, 24]  Q:5 M:5 F:5
  8024. [3, 5, 6, 7, 8, 10, 11, 12, 13, 17, 20, 21, 22, 23, 25]  Q:5 M:5 F:5
  8025. [3, 5, 6, 7, 8, 10, 11, 12, 13, 17, 20, 21, 23, 24, 25]  Q:5 M:5 F:5
  8026. [3, 5, 6, 7, 8, 10, 11, 12, 13, 20, 21, 22, 23, 24, 25]  Q:5 M:5 F:5
  8027. [3, 5, 6, 7, 8, 10, 11, 13, 17, 20, 21, 22, 23, 24, 25]  Q:5 M:5 F:5
  8028. [3, 5, 6, 7, 10, 11, 12, 13, 17, 20, 21, 22, 23, 24, 25]  Q:5 M:5 F:5
  8029. [3, 5, 6, 7, 8, 10, 11, 12, 14, 17, 20, 21, 22, 23, 24]  Q:5 M:5 F:5
  8030. [3, 5, 6, 7, 8, 10, 11, 12, 14, 17, 20, 21, 22, 23, 25]  Q:5 M:5 F:5
  8031. [3, 5, 6, 7, 8, 10, 11, 12, 14, 17, 20, 21, 23, 24, 25]  Q:5 M:5 F:5
  8032. [3, 5, 6, 7, 8, 10, 11, 12, 14, 20, 21, 22, 23, 24, 25]  Q:5 M:5 F:5
  8033. [3, 5, 6, 7, 8, 10, 11, 14, 17, 20, 21, 22, 23, 24, 25]  Q:5 M:5 F:5
  8034. [3, 5, 6, 7, 10, 11, 12, 14, 17, 20, 21, 22, 23, 24, 25]  Q:5 M:5 F:5
  8035. [3, 5, 6, 7, 8, 10, 11, 12, 15, 17, 20, 21, 22, 23, 24]  Q:5 M:5 F:5
  8036. [3, 5, 6, 7, 8, 10, 11, 12, 15, 17, 20, 21, 22, 23, 25]  Q:5 M:5 F:5
  8037. [3, 5, 6, 7, 8, 10, 11, 12, 15, 17, 20, 21, 23, 24, 25]  Q:5 M:5 F:5
  8038. [3, 5, 6, 7, 8, 10, 11, 12, 15, 20, 21, 22, 23, 24, 25]  Q:5 M:5 F:5
  8039. [3, 5, 6, 7, 8, 10, 11, 15, 17, 20, 21, 22, 23, 24, 25]  Q:5 M:5 F:5
  8040. [3, 5, 6, 7, 10, 11, 12, 15, 17, 20, 21, 22, 23, 24, 25]  Q:5 M:5 F:5
  8041. [3, 5, 6, 7, 8, 10, 11, 12, 16, 17, 20, 21, 22, 23, 24]  Q:5 M:5 F:5
  8042. [3, 5, 6, 7, 8, 10, 11, 12, 16, 17, 20, 21, 22, 23, 25]  Q:5 M:5 F:5
  8043. [3, 5, 6, 7, 8, 10, 11, 12, 16, 17, 20, 21, 23, 24, 25]  Q:5 M:5 F:5
  8044. [3, 5, 6, 7, 8, 10, 11, 12, 16, 20, 21, 22, 23, 24, 25]  Q:5 M:5 F:5
  8045. [3, 5, 6, 7, 8, 10, 11, 16, 17, 20, 21, 22, 23, 24, 25]  Q:5 M:5 F:5
  8046. [3, 5, 6, 7, 10, 11, 12, 16, 17, 20, 21, 22, 23, 24, 25]  Q:5 M:5 F:5
  8047. [3, 5, 6, 7, 8, 10, 11, 12, 17, 18, 20, 21, 22, 23, 24]  Q:5 M:5 F:5
  8048. [3, 5, 6, 7, 8, 10, 11, 12, 17, 18, 20, 21, 22, 23, 25]  Q:5 M:5 F:5
  8049. [3, 5, 6, 7, 8, 10, 11, 12, 17, 18, 20, 21, 23, 24, 25]  Q:5 M:5 F:5
  8050. [3, 5, 6, 7, 8, 10, 11, 12, 18, 20, 21, 22, 23, 24, 25]  Q:5 M:5 F:5
  8051. [3, 5, 6, 7, 8, 10, 11, 17, 18, 20, 21, 22, 23, 24, 25]  Q:5 M:5 F:5
  8052. [3, 5, 6, 7, 10, 11, 12, 17, 18, 20, 21, 22, 23, 24, 25]  Q:5 M:5 F:5
  8053. [3, 5, 6, 7, 8, 10, 11, 12, 17, 19, 20, 21, 22, 23, 24]  Q:5 M:5 F:5
  8054. [3, 5, 6, 7, 8, 10, 11, 12, 17, 19, 20, 21, 22, 23, 25]  Q:5 M:5 F:5
  8055. [3, 5, 6, 7, 8, 10, 11, 12, 17, 19, 20, 21, 23, 24, 25]  Q:5 M:5 F:5
  8056. [3, 5, 6, 7, 8, 10, 11, 12, 19, 20, 21, 22, 23, 24, 25]  Q:5 M:5 F:5
  8057. [3, 5, 6, 7, 8, 10, 11, 17, 19, 20, 21, 22, 23, 24, 25]  Q:5 M:5 F:5
  8058. [3, 5, 6, 7, 10, 11, 12, 17, 19, 20, 21, 22, 23, 24, 25]  Q:5 M:5 F:5
  8059. [3, 5, 6, 7, 8, 10, 12, 13, 14, 17, 20, 21, 22, 23, 24]  Q:5 M:5 F:5
  8060. [3, 5, 6, 7, 8, 10, 12, 13, 14, 17, 20, 21, 22, 23, 25]  Q:5 M:5 F:5
  8061. [3, 5, 6, 7, 8, 10, 12, 13, 14, 17, 20, 21, 23, 24, 25]  Q:5 M:5 F:5
  8062. [3, 5, 6, 7, 8, 10, 12, 13, 14, 20, 21, 22, 23, 24, 25]  Q:5 M:5 F:5
  8063. [3, 5, 6, 7, 8, 10, 13, 14, 17, 20, 21, 22, 23, 24, 25]  Q:5 M:5 F:5
  8064. [3, 5, 6, 7, 10, 12, 13, 14, 17, 20, 21, 22, 23, 24, 25]  Q:5 M:5 F:5
  8065. [3, 5, 6, 7, 8, 10, 12, 13, 15, 17, 20, 21, 22, 23, 24]  Q:5 M:5 F:5
  8066. [3, 5, 6, 7, 8, 10, 12, 13, 15, 17, 20, 21, 22, 23, 25]  Q:5 M:5 F:5
  8067. [3, 5, 6, 7, 8, 10, 12, 13, 15, 17, 20, 21, 23, 24, 25]  Q:5 M:5 F:5
  8068. [3, 5, 6, 7, 8, 10, 12, 13, 15, 20, 21, 22, 23, 24, 25]  Q:5 M:5 F:5
  8069. [3, 5, 6, 7, 8, 10, 13, 15, 17, 20, 21, 22, 23, 24, 25]  Q:5 M:5 F:5
  8070. [3, 5, 6, 7, 10, 12, 13, 15, 17, 20, 21, 22, 23, 24, 25]  Q:5 M:5 F:5
  8071. [3, 5, 6, 7, 8, 10, 12, 13, 16, 17, 20, 21, 22, 23, 24]  Q:5 M:5 F:5
  8072. [3, 5, 6, 7, 8, 10, 12, 13, 16, 17, 20, 21, 22, 23, 25]  Q:5 M:5 F:5
  8073. [3, 5, 6, 7, 8, 10, 12, 13, 16, 17, 20, 21, 23, 24, 25]  Q:5 M:5 F:5
  8074. [3, 5, 6, 7, 8, 10, 12, 13, 16, 20, 21, 22, 23, 24, 25]  Q:5 M:5 F:5
  8075. [3, 5, 6, 7, 8, 10, 13, 16, 17, 20, 21, 22, 23, 24, 25]  Q:5 M:5 F:5
  8076. [3, 5, 6, 7, 10, 12, 13, 16, 17, 20, 21, 22, 23, 24, 25]  Q:5 M:5 F:5
  8077. [3, 5, 6, 7, 8, 10, 12, 13, 17, 18, 20, 21, 22, 23, 24]  Q:5 M:5 F:5
  8078. [3, 5, 6, 7, 8, 10, 12, 13, 17, 18, 20, 21, 22, 23, 25]  Q:5 M:5 F:5
  8079. [3, 5, 6, 7, 8, 10, 12, 13, 17, 18, 20, 21, 23, 24, 25]  Q:5 M:5 F:5
  8080. [3, 5, 6, 7, 8, 10, 12, 13, 18, 20, 21, 22, 23, 24, 25]  Q:5 M:5 F:5
  8081. [3, 5, 6, 7, 8, 10, 13, 17, 18, 20, 21, 22, 23, 24, 25]  Q:5 M:5 F:5
  8082. [3, 5, 6, 7, 10, 12, 13, 17, 18, 20, 21, 22, 23, 24, 25]  Q:5 M:5 F:5
  8083. [3, 5, 6, 7, 8, 10, 12, 13, 17, 19, 20, 21, 22, 23, 24]  Q:5 M:5 F:5
  8084. [3, 5, 6, 7, 8, 10, 12, 13, 17, 19, 20, 21, 22, 23, 25]  Q:5 M:5 F:5
  8085. [3, 5, 6, 7, 8, 10, 12, 13, 17, 19, 20, 21, 23, 24, 25]  Q:5 M:5 F:5
  8086. [3, 5, 6, 7, 8, 10, 12, 13, 19, 20, 21, 22, 23, 24, 25]  Q:5 M:5 F:5
  8087. [3, 5, 6, 7, 8, 10, 13, 17, 19, 20, 21, 22, 23, 24, 25]  Q:5 M:5 F:5
  8088. [3, 5, 6, 7, 10, 12, 13, 17, 19, 20, 21, 22, 23, 24, 25]  Q:5 M:5 F:5
  8089. [3, 5, 6, 7, 8, 10, 12, 14, 15, 17, 20, 21, 22, 23, 24]  Q:5 M:5 F:5
  8090. [3, 5, 6, 7, 8, 10, 12, 14, 15, 17, 20, 21, 22, 23, 25]  Q:5 M:5 F:5
  8091. [3, 5, 6, 7, 8, 10, 12, 14, 15, 17, 20, 21, 23, 24, 25]  Q:5 M:5 F:5
  8092. [3, 5, 6, 7, 8, 10, 12, 14, 15, 20, 21, 22, 23, 24, 25]  Q:5 M:5 F:5
  8093. [3, 5, 6, 7, 8, 10, 14, 15, 17, 20, 21, 22, 23, 24, 25]  Q:5 M:5 F:5
  8094. [3, 5, 6, 7, 10, 12, 14, 15, 17, 20, 21, 22, 23, 24, 25]  Q:5 M:5 F:5
  8095. [3, 5, 6, 7, 8, 10, 12, 14, 16, 17, 20, 21, 22, 23, 24]  Q:5 M:5 F:5
  8096. [3, 5, 6, 7, 8, 10, 12, 14, 16, 17, 20, 21, 22, 23, 25]  Q:5 M:5 F:5
  8097. [3, 5, 6, 7, 8, 10, 12, 14, 16, 17, 20, 21, 23, 24, 25]  Q:5 M:5 F:5
  8098. [3, 5, 6, 7, 8, 10, 12, 14, 16, 20, 21, 22, 23, 24, 25]  Q:5 M:5 F:5
  8099. [3, 5, 6, 7, 8, 10, 14, 16, 17, 20, 21, 22, 23, 24, 25]  Q:5 M:5 F:5
  8100. [3, 5, 6, 7, 10, 12, 14, 16, 17, 20, 21, 22, 23, 24, 25]  Q:5 M:5 F:5
  8101. [3, 5, 6, 7, 8, 10, 12, 14, 17, 18, 20, 21, 22, 23, 24]  Q:5 M:5 F:5
  8102. [3, 5, 6, 7, 8, 10, 12, 14, 17, 18, 20, 21, 22, 23, 25]  Q:5 M:5 F:5
  8103. [3, 5, 6, 7, 8, 10, 12, 14, 17, 18, 20, 21, 23, 24, 25]  Q:5 M:5 F:5
  8104. [3, 5, 6, 7, 8, 10, 12, 14, 18, 20, 21, 22, 23, 24, 25]  Q:5 M:5 F:5
  8105. [3, 5, 6, 7, 8, 10, 14, 17, 18, 20, 21, 22, 23, 24, 25]  Q:5 M:5 F:5
  8106. [3, 5, 6, 7, 10, 12, 14, 17, 18, 20, 21, 22, 23, 24, 25]  Q:5 M:5 F:5
  8107. [3, 5, 6, 7, 8, 10, 12, 14, 17, 19, 20, 21, 22, 23, 24]  Q:5 M:5 F:5
  8108. [3, 5, 6, 7, 8, 10, 12, 14, 17, 19, 20, 21, 22, 23, 25]  Q:5 M:5 F:5
  8109. [3, 5, 6, 7, 8, 10, 12, 14, 17, 19, 20, 21, 23, 24, 25]  Q:5 M:5 F:5
  8110. [3, 5, 6, 7, 8, 10, 12, 14, 19, 20, 21, 22, 23, 24, 25]  Q:5 M:5 F:5
  8111. [3, 5, 6, 7, 8, 10, 14, 17, 19, 20, 21, 22, 23, 24, 25]  Q:5 M:5 F:5
  8112. [3, 5, 6, 7, 10, 12, 14, 17, 19, 20, 21, 22, 23, 24, 25]  Q:5 M:5 F:5
  8113. [3, 5, 6, 7, 8, 10, 12, 15, 16, 17, 20, 21, 22, 23, 24]  Q:5 M:5 F:5
  8114. [3, 5, 6, 7, 8, 10, 12, 15, 16, 17, 20, 21, 22, 23, 25]  Q:5 M:5 F:5
  8115. [3, 5, 6, 7, 8, 10, 12, 15, 16, 17, 20, 21, 23, 24, 25]  Q:5 M:5 F:5
  8116. [3, 5, 6, 7, 8, 10, 12, 15, 16, 20, 21, 22, 23, 24, 25]  Q:5 M:5 F:5
  8117. [3, 5, 6, 7, 8, 10, 15, 16, 17, 20, 21, 22, 23, 24, 25]  Q:5 M:5 F:5
  8118. [3, 5, 6, 7, 10, 12, 15, 16, 17, 20, 21, 22, 23, 24, 25]  Q:5 M:5 F:5
  8119. [3, 5, 6, 7, 8, 10, 12, 15, 17, 18, 20, 21, 22, 23, 24]  Q:5 M:5 F:5
  8120. [3, 5, 6, 7, 8, 10, 12, 15, 17, 18, 20, 21, 22, 23, 25]  Q:5 M:5 F:5
  8121. [3, 5, 6, 7, 8, 10, 12, 15, 17, 18, 20, 21, 23, 24, 25]  Q:5 M:5 F:5
  8122. [3, 5, 6, 7, 8, 10, 12, 15, 18, 20, 21, 22, 23, 24, 25]  Q:5 M:5 F:5
  8123. [3, 5, 6, 7, 8, 10, 15, 17, 18, 20, 21, 22, 23, 24, 25]  Q:5 M:5 F:5
  8124. [3, 5, 6, 7, 10, 12, 15, 17, 18, 20, 21, 22, 23, 24, 25]  Q:5 M:5 F:5
  8125. [3, 5, 6, 7, 8, 10, 12, 15, 17, 19, 20, 21, 22, 23, 24]  Q:5 M:5 F:5
  8126. [3, 5, 6, 7, 8, 10, 12, 15, 17, 19, 20, 21, 22, 23, 25]  Q:5 M:5 F:5
  8127. [3, 5, 6, 7, 8, 10, 12, 15, 17, 19, 20, 21, 23, 24, 25]  Q:5 M:5 F:5
  8128. [3, 5, 6, 7, 8, 10, 12, 15, 19, 20, 21, 22, 23, 24, 25]  Q:5 M:5 F:5
  8129. [3, 5, 6, 7, 8, 10, 15, 17, 19, 20, 21, 22, 23, 24, 25]  Q:5 M:5 F:5
  8130. [3, 5, 6, 7, 10, 12, 15, 17, 19, 20, 21, 22, 23, 24, 25]  Q:5 M:5 F:5
  8131. [3, 5, 6, 7, 8, 10, 12, 16, 17, 18, 20, 21, 22, 23, 24]  Q:5 M:5 F:5
  8132. [3, 5, 6, 7, 8, 10, 12, 16, 17, 18, 20, 21, 22, 23, 25]  Q:5 M:5 F:5
  8133. [3, 5, 6, 7, 8, 10, 12, 16, 17, 18, 20, 21, 23, 24, 25]  Q:5 M:5 F:5
  8134. [3, 5, 6, 7, 8, 10, 12, 16, 18, 20, 21, 22, 23, 24, 25]  Q:5 M:5 F:5
  8135. [3, 5, 6, 7, 8, 10, 16, 17, 18, 20, 21, 22, 23, 24, 25]  Q:5 M:5 F:5
  8136. [3, 5, 6, 7, 10, 12, 16, 17, 18, 20, 21, 22, 23, 24, 25]  Q:5 M:5 F:5
  8137. [3, 5, 6, 7, 8, 10, 12, 16, 17, 19, 20, 21, 22, 23, 24]  Q:5 M:5 F:5
  8138. [3, 5, 6, 7, 8, 10, 12, 16, 17, 19, 20, 21, 22, 23, 25]  Q:5 M:5 F:5
  8139. [3, 5, 6, 7, 8, 10, 12, 16, 17, 19, 20, 21, 23, 24, 25]  Q:5 M:5 F:5
  8140. [3, 5, 6, 7, 8, 10, 12, 16, 19, 20, 21, 22, 23, 24, 25]  Q:5 M:5 F:5
  8141. [3, 5, 6, 7, 8, 10, 16, 17, 19, 20, 21, 22, 23, 24, 25]  Q:5 M:5 F:5
  8142. [3, 5, 6, 7, 10, 12, 16, 17, 19, 20, 21, 22, 23, 24, 25]  Q:5 M:5 F:5
  8143. [3, 5, 6, 7, 8, 10, 12, 17, 18, 19, 20, 21, 22, 23, 24]  Q:5 M:5 F:5
  8144. [3, 5, 6, 7, 8, 10, 12, 17, 18, 19, 20, 21, 22, 23, 25]  Q:5 M:5 F:5
  8145. [3, 5, 6, 7, 8, 10, 12, 17, 18, 19, 20, 21, 23, 24, 25]  Q:5 M:5 F:5
  8146. [3, 5, 6, 7, 8, 10, 12, 18, 19, 20, 21, 22, 23, 24, 25]  Q:5 M:5 F:5
  8147. [3, 5, 6, 7, 8, 10, 17, 18, 19, 20, 21, 22, 23, 24, 25]  Q:5 M:5 F:5
  8148. [3, 5, 6, 7, 10, 12, 17, 18, 19, 20, 21, 22, 23, 24, 25]  Q:5 M:5 F:5
  8149. [3, 5, 6, 8, 9, 10, 11, 12, 13, 17, 20, 21, 22, 23, 24]  Q:5 M:5 F:5
  8150. [3, 5, 6, 8, 9, 10, 11, 12, 13, 17, 20, 21, 22, 23, 25]  Q:5 M:5 F:5
  8151. [3, 5, 6, 8, 9, 10, 11, 12, 13, 17, 20, 21, 23, 24, 25]  Q:5 M:5 F:5
  8152. [3, 5, 6, 8, 9, 10, 11, 12, 13, 20, 21, 22, 23, 24, 25]  Q:5 M:5 F:5
  8153. [3, 5, 6, 8, 9, 10, 11, 13, 17, 20, 21, 22, 23, 24, 25]  Q:5 M:5 F:5
  8154. [3, 5, 6, 9, 10, 11, 12, 13, 17, 20, 21, 22, 23, 24, 25]  Q:5 M:5 F:5
  8155. [3, 5, 6, 8, 9, 10, 11, 12, 14, 17, 20, 21, 22, 23, 24]  Q:5 M:5 F:5
  8156. [3, 5, 6, 8, 9, 10, 11, 12, 14, 17, 20, 21, 22, 23, 25]  Q:5 M:5 F:5
  8157. [3, 5, 6, 8, 9, 10, 11, 12, 14, 17, 20, 21, 23, 24, 25]  Q:5 M:5 F:5
  8158. [3, 5, 6, 8, 9, 10, 11, 12, 14, 20, 21, 22, 23, 24, 25]  Q:5 M:5 F:5
  8159. [3, 5, 6, 8, 9, 10, 11, 14, 17, 20, 21, 22, 23, 24, 25]  Q:5 M:5 F:5
  8160. [3, 5, 6, 9, 10, 11, 12, 14, 17, 20, 21, 22, 23, 24, 25]  Q:5 M:5 F:5
  8161. [3, 5, 6, 8, 9, 10, 11, 12, 15, 17, 20, 21, 22, 23, 24]  Q:5 M:5 F:5
  8162. [3, 5, 6, 8, 9, 10, 11, 12, 15, 17, 20, 21, 22, 23, 25]  Q:5 M:5 F:5
  8163. [3, 5, 6, 8, 9, 10, 11, 12, 15, 17, 20, 21, 23, 24, 25]  Q:5 M:5 F:5
  8164. [3, 5, 6, 8, 9, 10, 11, 12, 15, 20, 21, 22, 23, 24, 25]  Q:5 M:5 F:5
  8165. [3, 5, 6, 8, 9, 10, 11, 15, 17, 20, 21, 22, 23, 24, 25]  Q:5 M:5 F:5
  8166. [3, 5, 6, 9, 10, 11, 12, 15, 17, 20, 21, 22, 23, 24, 25]  Q:5 M:5 F:5
  8167. [3, 5, 6, 8, 9, 10, 11, 12, 16, 17, 20, 21, 22, 23, 24]  Q:5 M:5 F:5
  8168. [3, 5, 6, 8, 9, 10, 11, 12, 16, 17, 20, 21, 22, 23, 25]  Q:5 M:5 F:5
  8169. [3, 5, 6, 8, 9, 10, 11, 12, 16, 17, 20, 21, 23, 24, 25]  Q:5 M:5 F:5
  8170. [3, 5, 6, 8, 9, 10, 11, 12, 16, 20, 21, 22, 23, 24, 25]  Q:5 M:5 F:5
  8171. [3, 5, 6, 8, 9, 10, 11, 16, 17, 20, 21, 22, 23, 24, 25]  Q:5 M:5 F:5
  8172. [3, 5, 6, 9, 10, 11, 12, 16, 17, 20, 21, 22, 23, 24, 25]  Q:5 M:5 F:5
  8173. [3, 5, 6, 8, 9, 10, 11, 12, 17, 18, 20, 21, 22, 23, 24]  Q:5 M:5 F:5
  8174. [3, 5, 6, 8, 9, 10, 11, 12, 17, 18, 20, 21, 22, 23, 25]  Q:5 M:5 F:5
  8175. [3, 5, 6, 8, 9, 10, 11, 12, 17, 18, 20, 21, 23, 24, 25]  Q:5 M:5 F:5
  8176. [3, 5, 6, 8, 9, 10, 11, 12, 18, 20, 21, 22, 23, 24, 25]  Q:5 M:5 F:5
  8177. [3, 5, 6, 8, 9, 10, 11, 17, 18, 20, 21, 22, 23, 24, 25]  Q:5 M:5 F:5
  8178. [3, 5, 6, 9, 10, 11, 12, 17, 18, 20, 21, 22, 23, 24, 25]  Q:5 M:5 F:5
  8179. [3, 5, 6, 8, 9, 10, 11, 12, 17, 19, 20, 21, 22, 23, 24]  Q:5 M:5 F:5
  8180. [3, 5, 6, 8, 9, 10, 11, 12, 17, 19, 20, 21, 22, 23, 25]  Q:5 M:5 F:5
  8181. [3, 5, 6, 8, 9, 10, 11, 12, 17, 19, 20, 21, 23, 24, 25]  Q:5 M:5 F:5
  8182. [3, 5, 6, 8, 9, 10, 11, 12, 19, 20, 21, 22, 23, 24, 25]  Q:5 M:5 F:5
  8183. [3, 5, 6, 8, 9, 10, 11, 17, 19, 20, 21, 22, 23, 24, 25]  Q:5 M:5 F:5
  8184. [3, 5, 6, 9, 10, 11, 12, 17, 19, 20, 21, 22, 23, 24, 25]  Q:5 M:5 F:5
  8185. [3, 5, 6, 8, 9, 10, 12, 13, 14, 17, 20, 21, 22, 23, 24]  Q:5 M:5 F:5
  8186. [3, 5, 6, 8, 9, 10, 12, 13, 14, 17, 20, 21, 22, 23, 25]  Q:5 M:5 F:5
  8187. [3, 5, 6, 8, 9, 10, 12, 13, 14, 17, 20, 21, 23, 24, 25]  Q:5 M:5 F:5
  8188. [3, 5, 6, 8, 9, 10, 12, 13, 14, 20, 21, 22, 23, 24, 25]  Q:5 M:5 F:5
  8189. [3, 5, 6, 8, 9, 10, 13, 14, 17, 20, 21, 22, 23, 24, 25]  Q:5 M:5 F:5
  8190. [3, 5, 6, 9, 10, 12, 13, 14, 17, 20, 21, 22, 23, 24, 25]  Q:5 M:5 F:5
  8191. [3, 5, 6, 8, 9, 10, 12, 13, 15, 17, 20, 21, 22, 23, 24]  Q:5 M:5 F:5
  8192. [3, 5, 6, 8, 9, 10, 12, 13, 15, 17, 20, 21, 22, 23, 25]  Q:5 M:5 F:5
  8193. [3, 5, 6, 8, 9, 10, 12, 13, 15, 17, 20, 21, 23, 24, 25]  Q:5 M:5 F:5
  8194. [3, 5, 6, 8, 9, 10, 12, 13, 15, 20, 21, 22, 23, 24, 25]  Q:5 M:5 F:5
  8195. [3, 5, 6, 8, 9, 10, 13, 15, 17, 20, 21, 22, 23, 24, 25]  Q:5 M:5 F:5
  8196. [3, 5, 6, 9, 10, 12, 13, 15, 17, 20, 21, 22, 23, 24, 25]  Q:5 M:5 F:5
  8197. [3, 5, 6, 8, 9, 10, 12, 13, 16, 17, 20, 21, 22, 23, 24]  Q:5 M:5 F:5
  8198. [3, 5, 6, 8, 9, 10, 12, 13, 16, 17, 20, 21, 22, 23, 25]  Q:5 M:5 F:5
  8199. [3, 5, 6, 8, 9, 10, 12, 13, 16, 17, 20, 21, 23, 24, 25]  Q:5 M:5 F:5
  8200. [3, 5, 6, 8, 9, 10, 12, 13, 16, 20, 21, 22, 23, 24, 25]  Q:5 M:5 F:5
  8201. [3, 5, 6, 8, 9, 10, 13, 16, 17, 20, 21, 22, 23, 24, 25]  Q:5 M:5 F:5
  8202. [3, 5, 6, 9, 10, 12, 13, 16, 17, 20, 21, 22, 23, 24, 25]  Q:5 M:5 F:5
  8203. [3, 5, 6, 8, 9, 10, 12, 13, 17, 18, 20, 21, 22, 23, 24]  Q:5 M:5 F:5
  8204. [3, 5, 6, 8, 9, 10, 12, 13, 17, 18, 20, 21, 22, 23, 25]  Q:5 M:5 F:5
  8205. [3, 5, 6, 8, 9, 10, 12, 13, 17, 18, 20, 21, 23, 24, 25]  Q:5 M:5 F:5
  8206. [3, 5, 6, 8, 9, 10, 12, 13, 18, 20, 21, 22, 23, 24, 25]  Q:5 M:5 F:5
  8207. [3, 5, 6, 8, 9, 10, 13, 17, 18, 20, 21, 22, 23, 24, 25]  Q:5 M:5 F:5
  8208. [3, 5, 6, 9, 10, 12, 13, 17, 18, 20, 21, 22, 23, 24, 25]  Q:5 M:5 F:5
  8209. [3, 5, 6, 8, 9, 10, 12, 13, 17, 19, 20, 21, 22, 23, 24]  Q:5 M:5 F:5
  8210. [3, 5, 6, 8, 9, 10, 12, 13, 17, 19, 20, 21, 22, 23, 25]  Q:5 M:5 F:5
  8211. [3, 5, 6, 8, 9, 10, 12, 13, 17, 19, 20, 21, 23, 24, 25]  Q:5 M:5 F:5
  8212. [3, 5, 6, 8, 9, 10, 12, 13, 19, 20, 21, 22, 23, 24, 25]  Q:5 M:5 F:5
  8213. [3, 5, 6, 8, 9, 10, 13, 17, 19, 20, 21, 22, 23, 24, 25]  Q:5 M:5 F:5
  8214. [3, 5, 6, 9, 10, 12, 13, 17, 19, 20, 21, 22, 23, 24, 25]  Q:5 M:5 F:5
  8215. [3, 5, 6, 8, 9, 10, 12, 14, 15, 17, 20, 21, 22, 23, 24]  Q:5 M:5 F:5
  8216. [3, 5, 6, 8, 9, 10, 12, 14, 15, 17, 20, 21, 22, 23, 25]  Q:5 M:5 F:5
  8217. [3, 5, 6, 8, 9, 10, 12, 14, 15, 17, 20, 21, 23, 24, 25]  Q:5 M:5 F:5
  8218. [3, 5, 6, 8, 9, 10, 12, 14, 15, 20, 21, 22, 23, 24, 25]  Q:5 M:5 F:5
  8219. [3, 5, 6, 8, 9, 10, 14, 15, 17, 20, 21, 22, 23, 24, 25]  Q:5 M:5 F:5
  8220. [3, 5, 6, 9, 10, 12, 14, 15, 17, 20, 21, 22, 23, 24, 25]  Q:5 M:5 F:5
  8221. [3, 5, 6, 8, 9, 10, 12, 14, 16, 17, 20, 21, 22, 23, 24]  Q:5 M:5 F:5
  8222. [3, 5, 6, 8, 9, 10, 12, 14, 16, 17, 20, 21, 22, 23, 25]  Q:5 M:5 F:5
  8223. [3, 5, 6, 8, 9, 10, 12, 14, 16, 17, 20, 21, 23, 24, 25]  Q:5 M:5 F:5
  8224. [3, 5, 6, 8, 9, 10, 12, 14, 16, 20, 21, 22, 23, 24, 25]  Q:5 M:5 F:5
  8225. [3, 5, 6, 8, 9, 10, 14, 16, 17, 20, 21, 22, 23, 24, 25]  Q:5 M:5 F:5
  8226. [3, 5, 6, 9, 10, 12, 14, 16, 17, 20, 21, 22, 23, 24, 25]  Q:5 M:5 F:5
  8227. [3, 5, 6, 8, 9, 10, 12, 14, 17, 18, 20, 21, 22, 23, 24]  Q:5 M:5 F:5
  8228. [3, 5, 6, 8, 9, 10, 12, 14, 17, 18, 20, 21, 22, 23, 25]  Q:5 M:5 F:5
  8229. [3, 5, 6, 8, 9, 10, 12, 14, 17, 18, 20, 21, 23, 24, 25]  Q:5 M:5 F:5
  8230. [3, 5, 6, 8, 9, 10, 12, 14, 18, 20, 21, 22, 23, 24, 25]  Q:5 M:5 F:5
  8231. [3, 5, 6, 8, 9, 10, 14, 17, 18, 20, 21, 22, 23, 24, 25]  Q:5 M:5 F:5
  8232. [3, 5, 6, 9, 10, 12, 14, 17, 18, 20, 21, 22, 23, 24, 25]  Q:5 M:5 F:5
  8233. [3, 5, 6, 8, 9, 10, 12, 14, 17, 19, 20, 21, 22, 23, 24]  Q:5 M:5 F:5
  8234. [3, 5, 6, 8, 9, 10, 12, 14, 17, 19, 20, 21, 22, 23, 25]  Q:5 M:5 F:5
  8235. [3, 5, 6, 8, 9, 10, 12, 14, 17, 19, 20, 21, 23, 24, 25]  Q:5 M:5 F:5
  8236. [3, 5, 6, 8, 9, 10, 12, 14, 19, 20, 21, 22, 23, 24, 25]  Q:5 M:5 F:5
  8237. [3, 5, 6, 8, 9, 10, 14, 17, 19, 20, 21, 22, 23, 24, 25]  Q:5 M:5 F:5
  8238. [3, 5, 6, 9, 10, 12, 14, 17, 19, 20, 21, 22, 23, 24, 25]  Q:5 M:5 F:5
  8239. [3, 5, 6, 8, 9, 10, 12, 15, 16, 17, 20, 21, 22, 23, 24]  Q:5 M:5 F:5
  8240. [3, 5, 6, 8, 9, 10, 12, 15, 16, 17, 20, 21, 22, 23, 25]  Q:5 M:5 F:5
  8241. [3, 5, 6, 8, 9, 10, 12, 15, 16, 17, 20, 21, 23, 24, 25]  Q:5 M:5 F:5
  8242. [3, 5, 6, 8, 9, 10, 12, 15, 16, 20, 21, 22, 23, 24, 25]  Q:5 M:5 F:5
  8243. [3, 5, 6, 8, 9, 10, 15, 16, 17, 20, 21, 22, 23, 24, 25]  Q:5 M:5 F:5
  8244. [3, 5, 6, 9, 10, 12, 15, 16, 17, 20, 21, 22, 23, 24, 25]  Q:5 M:5 F:5
  8245. [3, 5, 6, 8, 9, 10, 12, 15, 17, 18, 20, 21, 22, 23, 24]  Q:5 M:5 F:5
  8246. [3, 5, 6, 8, 9, 10, 12, 15, 17, 18, 20, 21, 22, 23, 25]  Q:5 M:5 F:5
  8247. [3, 5, 6, 8, 9, 10, 12, 15, 17, 18, 20, 21, 23, 24, 25]  Q:5 M:5 F:5
  8248. [3, 5, 6, 8, 9, 10, 12, 15, 18, 20, 21, 22, 23, 24, 25]  Q:5 M:5 F:5
  8249. [3, 5, 6, 8, 9, 10, 15, 17, 18, 20, 21, 22, 23, 24, 25]  Q:5 M:5 F:5
  8250. [3, 5, 6, 9, 10, 12, 15, 17, 18, 20, 21, 22, 23, 24, 25]  Q:5 M:5 F:5
  8251. [3, 5, 6, 8, 9, 10, 12, 15, 17, 19, 20, 21, 22, 23, 24]  Q:5 M:5 F:5
  8252. [3, 5, 6, 8, 9, 10, 12, 15, 17, 19, 20, 21, 22, 23, 25]  Q:5 M:5 F:5
  8253. [3, 5, 6, 8, 9, 10, 12, 15, 17, 19, 20, 21, 23, 24, 25]  Q:5 M:5 F:5
  8254. [3, 5, 6, 8, 9, 10, 12, 15, 19, 20, 21, 22, 23, 24, 25]  Q:5 M:5 F:5
  8255. [3, 5, 6, 8, 9, 10, 15, 17, 19, 20, 21, 22, 23, 24, 25]  Q:5 M:5 F:5
  8256. [3, 5, 6, 9, 10, 12, 15, 17, 19, 20, 21, 22, 23, 24, 25]  Q:5 M:5 F:5
  8257. [3, 5, 6, 8, 9, 10, 12, 16, 17, 18, 20, 21, 22, 23, 24]  Q:5 M:5 F:5
  8258. [3, 5, 6, 8, 9, 10, 12, 16, 17, 18, 20, 21, 22, 23, 25]  Q:5 M:5 F:5
  8259. [3, 5, 6, 8, 9, 10, 12, 16, 17, 18, 20, 21, 23, 24, 25]  Q:5 M:5 F:5
  8260. [3, 5, 6, 8, 9, 10, 12, 16, 18, 20, 21, 22, 23, 24, 25]  Q:5 M:5 F:5
  8261. [3, 5, 6, 8, 9, 10, 16, 17, 18, 20, 21, 22, 23, 24, 25]  Q:5 M:5 F:5
  8262. [3, 5, 6, 9, 10, 12, 16, 17, 18, 20, 21, 22, 23, 24, 25]  Q:5 M:5 F:5
  8263. [3, 5, 6, 8, 9, 10, 12, 16, 17, 19, 20, 21, 22, 23, 24]  Q:5 M:5 F:5
  8264. [3, 5, 6, 8, 9, 10, 12, 16, 17, 19, 20, 21, 22, 23, 25]  Q:5 M:5 F:5
  8265. [3, 5, 6, 8, 9, 10, 12, 16, 17, 19, 20, 21, 23, 24, 25]  Q:5 M:5 F:5
  8266. [3, 5, 6, 8, 9, 10, 12, 16, 19, 20, 21, 22, 23, 24, 25]  Q:5 M:5 F:5
  8267. [3, 5, 6, 8, 9, 10, 16, 17, 19, 20, 21, 22, 23, 24, 25]  Q:5 M:5 F:5
  8268. [3, 5, 6, 9, 10, 12, 16, 17, 19, 20, 21, 22, 23, 24, 25]  Q:5 M:5 F:5
  8269. [3, 5, 6, 8, 9, 10, 12, 17, 18, 19, 20, 21, 22, 23, 24]  Q:5 M:5 F:5
  8270. [3, 5, 6, 8, 9, 10, 12, 17, 18, 19, 20, 21, 22, 23, 25]  Q:5 M:5 F:5
  8271. [3, 5, 6, 8, 9, 10, 12, 17, 18, 19, 20, 21, 23, 24, 25]  Q:5 M:5 F:5
  8272. [3, 5, 6, 8, 9, 10, 12, 18, 19, 20, 21, 22, 23, 24, 25]  Q:5 M:5 F:5
  8273. [3, 5, 6, 8, 9, 10, 17, 18, 19, 20, 21, 22, 23, 24, 25]  Q:5 M:5 F:5
  8274. [3, 5, 6, 9, 10, 12, 17, 18, 19, 20, 21, 22, 23, 24, 25]  Q:5 M:5 F:5
  8275. [3, 5, 6, 8, 10, 11, 12, 13, 14, 17, 20, 21, 22, 23, 24]  Q:5 M:5 F:5
  8276. [3, 5, 6, 8, 10, 11, 12, 13, 14, 17, 20, 21, 22, 23, 25]  Q:5 M:5 F:5
  8277. [3, 5, 6, 8, 10, 11, 12, 13, 14, 17, 20, 21, 23, 24, 25]  Q:5 M:5 F:5
  8278. [3, 5, 6, 8, 10, 11, 12, 13, 14, 20, 21, 22, 23, 24, 25]  Q:5 M:5 F:5
  8279. [3, 5, 6, 8, 10, 11, 13, 14, 17, 20, 21, 22, 23, 24, 25]  Q:5 M:5 F:5
  8280. [3, 5, 6, 10, 11, 12, 13, 14, 17, 20, 21, 22, 23, 24, 25]  Q:5 M:5 F:5
  8281. [3, 5, 6, 8, 10, 11, 12, 13, 15, 17, 20, 21, 22, 23, 24]  Q:5 M:5 F:5
  8282. [3, 5, 6, 8, 10, 11, 12, 13, 15, 17, 20, 21, 22, 23, 25]  Q:5 M:5 F:5
  8283. [3, 5, 6, 8, 10, 11, 12, 13, 15, 17, 20, 21, 23, 24, 25]  Q:5 M:5 F:5
  8284. [3, 5, 6, 8, 10, 11, 12, 13, 15, 20, 21, 22, 23, 24, 25]  Q:5 M:5 F:5
  8285. [3, 5, 6, 8, 10, 11, 13, 15, 17, 20, 21, 22, 23, 24, 25]  Q:5 M:5 F:5
  8286. [3, 5, 6, 10, 11, 12, 13, 15, 17, 20, 21, 22, 23, 24, 25]  Q:5 M:5 F:5
  8287. [3, 5, 6, 8, 10, 11, 12, 13, 16, 17, 20, 21, 22, 23, 24]  Q:5 M:5 F:5
  8288. [3, 5, 6, 8, 10, 11, 12, 13, 16, 17, 20, 21, 22, 23, 25]  Q:5 M:5 F:5
  8289. [3, 5, 6, 8, 10, 11, 12, 13, 16, 17, 20, 21, 23, 24, 25]  Q:5 M:5 F:5
  8290. [3, 5, 6, 8, 10, 11, 12, 13, 16, 20, 21, 22, 23, 24, 25]  Q:5 M:5 F:5
  8291. [3, 5, 6, 8, 10, 11, 13, 16, 17, 20, 21, 22, 23, 24, 25]  Q:5 M:5 F:5
  8292. [3, 5, 6, 10, 11, 12, 13, 16, 17, 20, 21, 22, 23, 24, 25]  Q:5 M:5 F:5
  8293. [3, 5, 6, 8, 10, 11, 12, 13, 17, 18, 20, 21, 22, 23, 24]  Q:5 M:5 F:5
  8294. [3, 5, 6, 8, 10, 11, 12, 13, 17, 18, 20, 21, 22, 23, 25]  Q:5 M:5 F:5
  8295. [3, 5, 6, 8, 10, 11, 12, 13, 17, 18, 20, 21, 23, 24, 25]  Q:5 M:5 F:5
  8296. [3, 5, 6, 8, 10, 11, 12, 13, 18, 20, 21, 22, 23, 24, 25]  Q:5 M:5 F:5
  8297. [3, 5, 6, 8, 10, 11, 13, 17, 18, 20, 21, 22, 23, 24, 25]  Q:5 M:5 F:5
  8298. [3, 5, 6, 10, 11, 12, 13, 17, 18, 20, 21, 22, 23, 24, 25]  Q:5 M:5 F:5
  8299. [3, 5, 6, 8, 10, 11, 12, 13, 17, 19, 20, 21, 22, 23, 24]  Q:5 M:5 F:5
  8300. [3, 5, 6, 8, 10, 11, 12, 13, 17, 19, 20, 21, 22, 23, 25]  Q:5 M:5 F:5
  8301. [3, 5, 6, 8, 10, 11, 12, 13, 17, 19, 20, 21, 23, 24, 25]  Q:5 M:5 F:5
  8302. [3, 5, 6, 8, 10, 11, 12, 13, 19, 20, 21, 22, 23, 24, 25]  Q:5 M:5 F:5
  8303. [3, 5, 6, 8, 10, 11, 13, 17, 19, 20, 21, 22, 23, 24, 25]  Q:5 M:5 F:5
  8304. [3, 5, 6, 10, 11, 12, 13, 17, 19, 20, 21, 22, 23, 24, 25]  Q:5 M:5 F:5
  8305. [3, 5, 6, 8, 10, 11, 12, 14, 15, 17, 20, 21, 22, 23, 24]  Q:5 M:5 F:5
  8306. [3, 5, 6, 8, 10, 11, 12, 14, 15, 17, 20, 21, 22, 23, 25]  Q:5 M:5 F:5
  8307. [3, 5, 6, 8, 10, 11, 12, 14, 15, 17, 20, 21, 23, 24, 25]  Q:5 M:5 F:5
  8308. [3, 5, 6, 8, 10, 11, 12, 14, 15, 20, 21, 22, 23, 24, 25]  Q:5 M:5 F:5
  8309. [3, 5, 6, 8, 10, 11, 14, 15, 17, 20, 21, 22, 23, 24, 25]  Q:5 M:5 F:5
  8310. [3, 5, 6, 10, 11, 12, 14, 15, 17, 20, 21, 22, 23, 24, 25]  Q:5 M:5 F:5
  8311. [3, 5, 6, 8, 10, 11, 12, 14, 16, 17, 20, 21, 22, 23, 24]  Q:5 M:5 F:5
  8312. [3, 5, 6, 8, 10, 11, 12, 14, 16, 17, 20, 21, 22, 23, 25]  Q:5 M:5 F:5
  8313. [3, 5, 6, 8, 10, 11, 12, 14, 16, 17, 20, 21, 23, 24, 25]  Q:5 M:5 F:5
  8314. [3, 5, 6, 8, 10, 11, 12, 14, 16, 20, 21, 22, 23, 24, 25]  Q:5 M:5 F:5
  8315. [3, 5, 6, 8, 10, 11, 14, 16, 17, 20, 21, 22, 23, 24, 25]  Q:5 M:5 F:5
  8316. [3, 5, 6, 10, 11, 12, 14, 16, 17, 20, 21, 22, 23, 24, 25]  Q:5 M:5 F:5
  8317. [3, 5, 6, 8, 10, 11, 12, 14, 17, 18, 20, 21, 22, 23, 24]  Q:5 M:5 F:5
  8318. [3, 5, 6, 8, 10, 11, 12, 14, 17, 18, 20, 21, 22, 23, 25]  Q:5 M:5 F:5
  8319. [3, 5, 6, 8, 10, 11, 12, 14, 17, 18, 20, 21, 23, 24, 25]  Q:5 M:5 F:5
  8320. [3, 5, 6, 8, 10, 11, 12, 14, 18, 20, 21, 22, 23, 24, 25]  Q:5 M:5 F:5
  8321. [3, 5, 6, 8, 10, 11, 14, 17, 18, 20, 21, 22, 23, 24, 25]  Q:5 M:5 F:5
  8322. [3, 5, 6, 10, 11, 12, 14, 17, 18, 20, 21, 22, 23, 24, 25]  Q:5 M:5 F:5
  8323. [3, 5, 6, 8, 10, 11, 12, 14, 17, 19, 20, 21, 22, 23, 24]  Q:5 M:5 F:5
  8324. [3, 5, 6, 8, 10, 11, 12, 14, 17, 19, 20, 21, 22, 23, 25]  Q:5 M:5 F:5
  8325. [3, 5, 6, 8, 10, 11, 12, 14, 17, 19, 20, 21, 23, 24, 25]  Q:5 M:5 F:5
  8326. [3, 5, 6, 8, 10, 11, 12, 14, 19, 20, 21, 22, 23, 24, 25]  Q:5 M:5 F:5
  8327. [3, 5, 6, 8, 10, 11, 14, 17, 19, 20, 21, 22, 23, 24, 25]  Q:5 M:5 F:5
  8328. [3, 5, 6, 10, 11, 12, 14, 17, 19, 20, 21, 22, 23, 24, 25]  Q:5 M:5 F:5
  8329. [3, 5, 6, 8, 10, 11, 12, 15, 16, 17, 20, 21, 22, 23, 24]  Q:5 M:5 F:5
  8330. [3, 5, 6, 8, 10, 11, 12, 15, 16, 17, 20, 21, 22, 23, 25]  Q:5 M:5 F:5
  8331. [3, 5, 6, 8, 10, 11, 12, 15, 16, 17, 20, 21, 23, 24, 25]  Q:5 M:5 F:5
  8332. [3, 5, 6, 8, 10, 11, 12, 15, 16, 20, 21, 22, 23, 24, 25]  Q:5 M:5 F:5
  8333. [3, 5, 6, 8, 10, 11, 15, 16, 17, 20, 21, 22, 23, 24, 25]  Q:5 M:5 F:5
  8334. [3, 5, 6, 10, 11, 12, 15, 16, 17, 20, 21, 22, 23, 24, 25]  Q:5 M:5 F:5
  8335. [3, 5, 6, 8, 10, 11, 12, 15, 17, 18, 20, 21, 22, 23, 24]  Q:5 M:5 F:5
  8336. [3, 5, 6, 8, 10, 11, 12, 15, 17, 18, 20, 21, 22, 23, 25]  Q:5 M:5 F:5
  8337. [3, 5, 6, 8, 10, 11, 12, 15, 17, 18, 20, 21, 23, 24, 25]  Q:5 M:5 F:5
  8338. [3, 5, 6, 8, 10, 11, 12, 15, 18, 20, 21, 22, 23, 24, 25]  Q:5 M:5 F:5
  8339. [3, 5, 6, 8, 10, 11, 15, 17, 18, 20, 21, 22, 23, 24, 25]  Q:5 M:5 F:5
  8340. [3, 5, 6, 10, 11, 12, 15, 17, 18, 20, 21, 22, 23, 24, 25]  Q:5 M:5 F:5
  8341. [3, 5, 6, 8, 10, 11, 12, 15, 17, 19, 20, 21, 22, 23, 24]  Q:5 M:5 F:5
  8342. [3, 5, 6, 8, 10, 11, 12, 15, 17, 19, 20, 21, 22, 23, 25]  Q:5 M:5 F:5
  8343. [3, 5, 6, 8, 10, 11, 12, 15, 17, 19, 20, 21, 23, 24, 25]  Q:5 M:5 F:5
  8344. [3, 5, 6, 8, 10, 11, 12, 15, 19, 20, 21, 22, 23, 24, 25]  Q:5 M:5 F:5
  8345. [3, 5, 6, 8, 10, 11, 15, 17, 19, 20, 21, 22, 23, 24, 25]  Q:5 M:5 F:5
  8346. [3, 5, 6, 10, 11, 12, 15, 17, 19, 20, 21, 22, 23, 24, 25]  Q:5 M:5 F:5
  8347. [3, 5, 6, 8, 10, 11, 12, 16, 17, 18, 20, 21, 22, 23, 24]  Q:5 M:5 F:5
  8348. [3, 5, 6, 8, 10, 11, 12, 16, 17, 18, 20, 21, 22, 23, 25]  Q:5 M:5 F:5
  8349. [3, 5, 6, 8, 10, 11, 12, 16, 17, 18, 20, 21, 23, 24, 25]  Q:5 M:5 F:5
  8350. [3, 5, 6, 8, 10, 11, 12, 16, 18, 20, 21, 22, 23, 24, 25]  Q:5 M:5 F:5
  8351. [3, 5, 6, 8, 10, 11, 16, 17, 18, 20, 21, 22, 23, 24, 25]  Q:5 M:5 F:5
  8352. [3, 5, 6, 10, 11, 12, 16, 17, 18, 20, 21, 22, 23, 24, 25]  Q:5 M:5 F:5
  8353. [3, 5, 6, 8, 10, 11, 12, 16, 17, 19, 20, 21, 22, 23, 24]  Q:5 M:5 F:5
  8354. [3, 5, 6, 8, 10, 11, 12, 16, 17, 19, 20, 21, 22, 23, 25]  Q:5 M:5 F:5
  8355. [3, 5, 6, 8, 10, 11, 12, 16, 17, 19, 20, 21, 23, 24, 25]  Q:5 M:5 F:5
  8356. [3, 5, 6, 8, 10, 11, 12, 16, 19, 20, 21, 22, 23, 24, 25]  Q:5 M:5 F:5
  8357. [3, 5, 6, 8, 10, 11, 16, 17, 19, 20, 21, 22, 23, 24, 25]  Q:5 M:5 F:5
  8358. [3, 5, 6, 10, 11, 12, 16, 17, 19, 20, 21, 22, 23, 24, 25]  Q:5 M:5 F:5
  8359. [3, 5, 6, 8, 10, 11, 12, 17, 18, 19, 20, 21, 22, 23, 24]  Q:5 M:5 F:5
  8360. [3, 5, 6, 8, 10, 11, 12, 17, 18, 19, 20, 21, 22, 23, 25]  Q:5 M:5 F:5
  8361. [3, 5, 6, 8, 10, 11, 12, 17, 18, 19, 20, 21, 23, 24, 25]  Q:5 M:5 F:5
  8362. [3, 5, 6, 8, 10, 11, 12, 18, 19, 20, 21, 22, 23, 24, 25]  Q:5 M:5 F:5
  8363. [3, 5, 6, 8, 10, 11, 17, 18, 19, 20, 21, 22, 23, 24, 25]  Q:5 M:5 F:5
  8364. [3, 5, 6, 10, 11, 12, 17, 18, 19, 20, 21, 22, 23, 24, 25]  Q:5 M:5 F:5
  8365. [3, 5, 6, 8, 10, 12, 13, 14, 15, 17, 20, 21, 22, 23, 24]  Q:5 M:5 F:5
  8366. [3, 5, 6, 8, 10, 12, 13, 14, 15, 17, 20, 21, 22, 23, 25]  Q:5 M:5 F:5
  8367. [3, 5, 6, 8, 10, 12, 13, 14, 15, 17, 20, 21, 23, 24, 25]  Q:5 M:5 F:5
  8368. [3, 5, 6, 8, 10, 12, 13, 14, 15, 20, 21, 22, 23, 24, 25]  Q:5 M:5 F:5
  8369. [3, 5, 6, 8, 10, 13, 14, 15, 17, 20, 21, 22, 23, 24, 25]  Q:5 M:5 F:5
  8370. [3, 5, 6, 10, 12, 13, 14, 15, 17, 20, 21, 22, 23, 24, 25]  Q:5 M:5 F:5
  8371. [3, 5, 6, 8, 10, 12, 13, 14, 16, 17, 20, 21, 22, 23, 24]  Q:5 M:5 F:5
  8372. [3, 5, 6, 8, 10, 12, 13, 14, 16, 17, 20, 21, 22, 23, 25]  Q:5 M:5 F:5
  8373. [3, 5, 6, 8, 10, 12, 13, 14, 16, 17, 20, 21, 23, 24, 25]  Q:5 M:5 F:5
  8374. [3, 5, 6, 8, 10, 12, 13, 14, 16, 20, 21, 22, 23, 24, 25]  Q:5 M:5 F:5
  8375. [3, 5, 6, 8, 10, 13, 14, 16, 17, 20, 21, 22, 23, 24, 25]  Q:5 M:5 F:5
  8376. [3, 5, 6, 10, 12, 13, 14, 16, 17, 20, 21, 22, 23, 24, 25]  Q:5 M:5 F:5
  8377. [3, 5, 6, 8, 10, 12, 13, 14, 17, 18, 20, 21, 22, 23, 24]  Q:5 M:5 F:5
  8378. [3, 5, 6, 8, 10, 12, 13, 14, 17, 18, 20, 21, 22, 23, 25]  Q:5 M:5 F:5
  8379. [3, 5, 6, 8, 10, 12, 13, 14, 17, 18, 20, 21, 23, 24, 25]  Q:5 M:5 F:5
  8380. [3, 5, 6, 8, 10, 12, 13, 14, 18, 20, 21, 22, 23, 24, 25]  Q:5 M:5 F:5
  8381. [3, 5, 6, 8, 10, 13, 14, 17, 18, 20, 21, 22, 23, 24, 25]  Q:5 M:5 F:5
  8382. [3, 5, 6, 10, 12, 13, 14, 17, 18, 20, 21, 22, 23, 24, 25]  Q:5 M:5 F:5
  8383. [3, 5, 6, 8, 10, 12, 13, 14, 17, 19, 20, 21, 22, 23, 24]  Q:5 M:5 F:5
  8384. [3, 5, 6, 8, 10, 12, 13, 14, 17, 19, 20, 21, 22, 23, 25]  Q:5 M:5 F:5
  8385. [3, 5, 6, 8, 10, 12, 13, 14, 17, 19, 20, 21, 23, 24, 25]  Q:5 M:5 F:5
  8386. [3, 5, 6, 8, 10, 12, 13, 14, 19, 20, 21, 22, 23, 24, 25]  Q:5 M:5 F:5
  8387. [3, 5, 6, 8, 10, 13, 14, 17, 19, 20, 21, 22, 23, 24, 25]  Q:5 M:5 F:5
  8388. [3, 5, 6, 10, 12, 13, 14, 17, 19, 20, 21, 22, 23, 24, 25]  Q:5 M:5 F:5
  8389. [3, 5, 6, 8, 10, 12, 13, 15, 16, 17, 20, 21, 22, 23, 24]  Q:5 M:5 F:5
  8390. [3, 5, 6, 8, 10, 12, 13, 15, 16, 17, 20, 21, 22, 23, 25]  Q:5 M:5 F:5
  8391. [3, 5, 6, 8, 10, 12, 13, 15, 16, 17, 20, 21, 23, 24, 25]  Q:5 M:5 F:5
  8392. [3, 5, 6, 8, 10, 12, 13, 15, 16, 20, 21, 22, 23, 24, 25]  Q:5 M:5 F:5
  8393. [3, 5, 6, 8, 10, 13, 15, 16, 17, 20, 21, 22, 23, 24, 25]  Q:5 M:5 F:5
  8394. [3, 5, 6, 10, 12, 13, 15, 16, 17, 20, 21, 22, 23, 24, 25]  Q:5 M:5 F:5
  8395. [3, 5, 6, 8, 10, 12, 13, 15, 17, 18, 20, 21, 22, 23, 24]  Q:5 M:5 F:5
  8396. [3, 5, 6, 8, 10, 12, 13, 15, 17, 18, 20, 21, 22, 23, 25]  Q:5 M:5 F:5
  8397. [3, 5, 6, 8, 10, 12, 13, 15, 17, 18, 20, 21, 23, 24, 25]  Q:5 M:5 F:5
  8398. [3, 5, 6, 8, 10, 12, 13, 15, 18, 20, 21, 22, 23, 24, 25]  Q:5 M:5 F:5
  8399. [3, 5, 6, 8, 10, 13, 15, 17, 18, 20, 21, 22, 23, 24, 25]  Q:5 M:5 F:5
  8400. [3, 5, 6, 10, 12, 13, 15, 17, 18, 20, 21, 22, 23, 24, 25]  Q:5 M:5 F:5
  8401. [3, 5, 6, 8, 10, 12, 13, 15, 17, 19, 20, 21, 22, 23, 24]  Q:5 M:5 F:5
  8402. [3, 5, 6, 8, 10, 12, 13, 15, 17, 19, 20, 21, 22, 23, 25]  Q:5 M:5 F:5
  8403. [3, 5, 6, 8, 10, 12, 13, 15, 17, 19, 20, 21, 23, 24, 25]  Q:5 M:5 F:5
  8404. [3, 5, 6, 8, 10, 12, 13, 15, 19, 20, 21, 22, 23, 24, 25]  Q:5 M:5 F:5
  8405. [3, 5, 6, 8, 10, 13, 15, 17, 19, 20, 21, 22, 23, 24, 25]  Q:5 M:5 F:5
  8406. [3, 5, 6, 10, 12, 13, 15, 17, 19, 20, 21, 22, 23, 24, 25]  Q:5 M:5 F:5
  8407. [3, 5, 6, 8, 10, 12, 13, 16, 17, 18, 20, 21, 22, 23, 24]  Q:5 M:5 F:5
  8408. [3, 5, 6, 8, 10, 12, 13, 16, 17, 18, 20, 21, 22, 23, 25]  Q:5 M:5 F:5
  8409. [3, 5, 6, 8, 10, 12, 13, 16, 17, 18, 20, 21, 23, 24, 25]  Q:5 M:5 F:5
  8410. [3, 5, 6, 8, 10, 12, 13, 16, 18, 20, 21, 22, 23, 24, 25]  Q:5 M:5 F:5
  8411. [3, 5, 6, 8, 10, 13, 16, 17, 18, 20, 21, 22, 23, 24, 25]  Q:5 M:5 F:5
  8412. [3, 5, 6, 10, 12, 13, 16, 17, 18, 20, 21, 22, 23, 24, 25]  Q:5 M:5 F:5
  8413. [3, 5, 6, 8, 10, 12, 13, 16, 17, 19, 20, 21, 22, 23, 24]  Q:5 M:5 F:5
  8414. [3, 5, 6, 8, 10, 12, 13, 16, 17, 19, 20, 21, 22, 23, 25]  Q:5 M:5 F:5
  8415. [3, 5, 6, 8, 10, 12, 13, 16, 17, 19, 20, 21, 23, 24, 25]  Q:5 M:5 F:5
  8416. [3, 5, 6, 8, 10, 12, 13, 16, 19, 20, 21, 22, 23, 24, 25]  Q:5 M:5 F:5
  8417. [3, 5, 6, 8, 10, 13, 16, 17, 19, 20, 21, 22, 23, 24, 25]  Q:5 M:5 F:5
  8418. [3, 5, 6, 10, 12, 13, 16, 17, 19, 20, 21, 22, 23, 24, 25]  Q:5 M:5 F:5
  8419. [3, 5, 6, 8, 10, 12, 13, 17, 18, 19, 20, 21, 22, 23, 24]  Q:5 M:5 F:5
  8420. [3, 5, 6, 8, 10, 12, 13, 17, 18, 19, 20, 21, 22, 23, 25]  Q:5 M:5 F:5
  8421. [3, 5, 6, 8, 10, 12, 13, 17, 18, 19, 20, 21, 23, 24, 25]  Q:5 M:5 F:5
  8422. [3, 5, 6, 8, 10, 12, 13, 18, 19, 20, 21, 22, 23, 24, 25]  Q:5 M:5 F:5
  8423. [3, 5, 6, 8, 10, 13, 17, 18, 19, 20, 21, 22, 23, 24, 25]  Q:5 M:5 F:5
  8424. [3, 5, 6, 10, 12, 13, 17, 18, 19, 20, 21, 22, 23, 24, 25]  Q:5 M:5 F:5
  8425. [3, 5, 6, 8, 10, 12, 14, 15, 16, 17, 20, 21, 22, 23, 24]  Q:5 M:5 F:5
  8426. [3, 5, 6, 8, 10, 12, 14, 15, 16, 17, 20, 21, 22, 23, 25]  Q:5 M:5 F:5
  8427. [3, 5, 6, 8, 10, 12, 14, 15, 16, 17, 20, 21, 23, 24, 25]  Q:5 M:5 F:5
  8428. [3, 5, 6, 8, 10, 12, 14, 15, 16, 20, 21, 22, 23, 24, 25]  Q:5 M:5 F:5
  8429. [3, 5, 6, 8, 10, 14, 15, 16, 17, 20, 21, 22, 23, 24, 25]  Q:5 M:5 F:5
  8430. [3, 5, 6, 10, 12, 14, 15, 16, 17, 20, 21, 22, 23, 24, 25]  Q:5 M:5 F:5
  8431. [3, 5, 6, 8, 10, 12, 14, 15, 17, 18, 20, 21, 22, 23, 24]  Q:5 M:5 F:5
  8432. [3, 5, 6, 8, 10, 12, 14, 15, 17, 18, 20, 21, 22, 23, 25]  Q:5 M:5 F:5
  8433. [3, 5, 6, 8, 10, 12, 14, 15, 17, 18, 20, 21, 23, 24, 25]  Q:5 M:5 F:5
  8434. [3, 5, 6, 8, 10, 12, 14, 15, 18, 20, 21, 22, 23, 24, 25]  Q:5 M:5 F:5
  8435. [3, 5, 6, 8, 10, 14, 15, 17, 18, 20, 21, 22, 23, 24, 25]  Q:5 M:5 F:5
  8436. [3, 5, 6, 10, 12, 14, 15, 17, 18, 20, 21, 22, 23, 24, 25]  Q:5 M:5 F:5
  8437. [3, 5, 6, 8, 10, 12, 14, 15, 17, 19, 20, 21, 22, 23, 24]  Q:5 M:5 F:5
  8438. [3, 5, 6, 8, 10, 12, 14, 15, 17, 19, 20, 21, 22, 23, 25]  Q:5 M:5 F:5
  8439. [3, 5, 6, 8, 10, 12, 14, 15, 17, 19, 20, 21, 23, 24, 25]  Q:5 M:5 F:5
  8440. [3, 5, 6, 8, 10, 12, 14, 15, 19, 20, 21, 22, 23, 24, 25]  Q:5 M:5 F:5
  8441. [3, 5, 6, 8, 10, 14, 15, 17, 19, 20, 21, 22, 23, 24, 25]  Q:5 M:5 F:5
  8442. [3, 5, 6, 10, 12, 14, 15, 17, 19, 20, 21, 22, 23, 24, 25]  Q:5 M:5 F:5
  8443. [3, 5, 6, 8, 10, 12, 14, 16, 17, 18, 20, 21, 22, 23, 24]  Q:5 M:5 F:5
  8444. [3, 5, 6, 8, 10, 12, 14, 16, 17, 18, 20, 21, 22, 23, 25]  Q:5 M:5 F:5
  8445. [3, 5, 6, 8, 10, 12, 14, 16, 17, 18, 20, 21, 23, 24, 25]  Q:5 M:5 F:5
  8446. [3, 5, 6, 8, 10, 12, 14, 16, 18, 20, 21, 22, 23, 24, 25]  Q:5 M:5 F:5
  8447. [3, 5, 6, 8, 10, 14, 16, 17, 18, 20, 21, 22, 23, 24, 25]  Q:5 M:5 F:5
  8448. [3, 5, 6, 10, 12, 14, 16, 17, 18, 20, 21, 22, 23, 24, 25]  Q:5 M:5 F:5
  8449. [3, 5, 6, 8, 10, 12, 14, 16, 17, 19, 20, 21, 22, 23, 24]  Q:5 M:5 F:5
  8450. [3, 5, 6, 8, 10, 12, 14, 16, 17, 19, 20, 21, 22, 23, 25]  Q:5 M:5 F:5
  8451. [3, 5, 6, 8, 10, 12, 14, 16, 17, 19, 20, 21, 23, 24, 25]  Q:5 M:5 F:5
  8452. [3, 5, 6, 8, 10, 12, 14, 16, 19, 20, 21, 22, 23, 24, 25]  Q:5 M:5 F:5
  8453. [3, 5, 6, 8, 10, 14, 16, 17, 19, 20, 21, 22, 23, 24, 25]  Q:5 M:5 F:5
  8454. [3, 5, 6, 10, 12, 14, 16, 17, 19, 20, 21, 22, 23, 24, 25]  Q:5 M:5 F:5
  8455. [3, 5, 6, 8, 10, 12, 14, 17, 18, 19, 20, 21, 22, 23, 24]  Q:5 M:5 F:5
  8456. [3, 5, 6, 8, 10, 12, 14, 17, 18, 19, 20, 21, 22, 23, 25]  Q:5 M:5 F:5
  8457. [3, 5, 6, 8, 10, 12, 14, 17, 18, 19, 20, 21, 23, 24, 25]  Q:5 M:5 F:5
  8458. [3, 5, 6, 8, 10, 12, 14, 18, 19, 20, 21, 22, 23, 24, 25]  Q:5 M:5 F:5
  8459. [3, 5, 6, 8, 10, 14, 17, 18, 19, 20, 21, 22, 23, 24, 25]  Q:5 M:5 F:5
  8460. [3, 5, 6, 10, 12, 14, 17, 18, 19, 20, 21, 22, 23, 24, 25]  Q:5 M:5 F:5
  8461. [3, 5, 6, 8, 10, 12, 15, 16, 17, 18, 20, 21, 22, 23, 24]  Q:5 M:5 F:5
  8462. [3, 5, 6, 8, 10, 12, 15, 16, 17, 18, 20, 21, 22, 23, 25]  Q:5 M:5 F:5
  8463. [3, 5, 6, 8, 10, 12, 15, 16, 17, 18, 20, 21, 23, 24, 25]  Q:5 M:5 F:5
  8464. [3, 5, 6, 8, 10, 12, 15, 16, 18, 20, 21, 22, 23, 24, 25]  Q:5 M:5 F:5
  8465. [3, 5, 6, 8, 10, 15, 16, 17, 18, 20, 21, 22, 23, 24, 25]  Q:5 M:5 F:5
  8466. [3, 5, 6, 10, 12, 15, 16, 17, 18, 20, 21, 22, 23, 24, 25]  Q:5 M:5 F:5
  8467. [3, 5, 6, 8, 10, 12, 15, 16, 17, 19, 20, 21, 22, 23, 24]  Q:5 M:5 F:5
  8468. [3, 5, 6, 8, 10, 12, 15, 16, 17, 19, 20, 21, 22, 23, 25]  Q:5 M:5 F:5
  8469. [3, 5, 6, 8, 10, 12, 15, 16, 17, 19, 20, 21, 23, 24, 25]  Q:5 M:5 F:5
  8470. [3, 5, 6, 8, 10, 12, 15, 16, 19, 20, 21, 22, 23, 24, 25]  Q:5 M:5 F:5
  8471. [3, 5, 6, 8, 10, 15, 16, 17, 19, 20, 21, 22, 23, 24, 25]  Q:5 M:5 F:5
  8472. [3, 5, 6, 10, 12, 15, 16, 17, 19, 20, 21, 22, 23, 24, 25]  Q:5 M:5 F:5
  8473. [3, 5, 6, 8, 10, 12, 15, 17, 18, 19, 20, 21, 22, 23, 24]  Q:5 M:5 F:5
  8474. [3, 5, 6, 8, 10, 12, 15, 17, 18, 19, 20, 21, 22, 23, 25]  Q:5 M:5 F:5
  8475. [3, 5, 6, 8, 10, 12, 15, 17, 18, 19, 20, 21, 23, 24, 25]  Q:5 M:5 F:5
  8476. [3, 5, 6, 8, 10, 12, 15, 18, 19, 20, 21, 22, 23, 24, 25]  Q:5 M:5 F:5
  8477. [3, 5, 6, 8, 10, 15, 17, 18, 19, 20, 21, 22, 23, 24, 25]  Q:5 M:5 F:5
  8478. [3, 5, 6, 10, 12, 15, 17, 18, 19, 20, 21, 22, 23, 24, 25]  Q:5 M:5 F:5
  8479. [3, 5, 6, 8, 10, 12, 16, 17, 18, 19, 20, 21, 22, 23, 24]  Q:5 M:5 F:5
  8480. [3, 5, 6, 8, 10, 12, 16, 17, 18, 19, 20, 21, 22, 23, 25]  Q:5 M:5 F:5
  8481. [3, 5, 6, 8, 10, 12, 16, 17, 18, 19, 20, 21, 23, 24, 25]  Q:5 M:5 F:5
  8482. [3, 5, 6, 8, 10, 12, 16, 18, 19, 20, 21, 22, 23, 24, 25]  Q:5 M:5 F:5
  8483. [3, 5, 6, 8, 10, 16, 17, 18, 19, 20, 21, 22, 23, 24, 25]  Q:5 M:5 F:5
  8484. [3, 5, 6, 10, 12, 16, 17, 18, 19, 20, 21, 22, 23, 24, 25]  Q:5 M:5 F:5
  8485. [3, 5, 7, 8, 9, 10, 11, 12, 13, 17, 20, 21, 22, 23, 24]  Q:5 M:5 F:5
  8486. [3, 5, 7, 8, 9, 10, 11, 12, 13, 17, 20, 21, 22, 23, 25]  Q:5 M:5 F:5
  8487. [3, 5, 7, 8, 9, 10, 11, 12, 13, 17, 20, 21, 23, 24, 25]  Q:5 M:5 F:5
  8488. [3, 5, 7, 8, 9, 10, 11, 12, 13, 20, 21, 22, 23, 24, 25]  Q:5 M:5 F:5
  8489. [3, 5, 7, 8, 9, 10, 11, 13, 17, 20, 21, 22, 23, 24, 25]  Q:5 M:5 F:5
  8490. [3, 5, 7, 9, 10, 11, 12, 13, 17, 20, 21, 22, 23, 24, 25]  Q:5 M:5 F:5
  8491. [3, 5, 7, 8, 9, 10, 11, 12, 14, 17, 20, 21, 22, 23, 24]  Q:5 M:5 F:5
  8492. [3, 5, 7, 8, 9, 10, 11, 12, 14, 17, 20, 21, 22, 23, 25]  Q:5 M:5 F:5
  8493. [3, 5, 7, 8, 9, 10, 11, 12, 14, 17, 20, 21, 23, 24, 25]  Q:5 M:5 F:5
  8494. [3, 5, 7, 8, 9, 10, 11, 12, 14, 20, 21, 22, 23, 24, 25]  Q:5 M:5 F:5
  8495. [3, 5, 7, 8, 9, 10, 11, 14, 17, 20, 21, 22, 23, 24, 25]  Q:5 M:5 F:5
  8496. [3, 5, 7, 9, 10, 11, 12, 14, 17, 20, 21, 22, 23, 24, 25]  Q:5 M:5 F:5
  8497. [3, 5, 7, 8, 9, 10, 11, 12, 15, 17, 20, 21, 22, 23, 24]  Q:5 M:5 F:5
  8498. [3, 5, 7, 8, 9, 10, 11, 12, 15, 17, 20, 21, 22, 23, 25]  Q:5 M:5 F:5
  8499. [3, 5, 7, 8, 9, 10, 11, 12, 15, 17, 20, 21, 23, 24, 25]  Q:5 M:5 F:5
  8500. [3, 5, 7, 8, 9, 10, 11, 12, 15, 20, 21, 22, 23, 24, 25]  Q:5 M:5 F:5
  8501. [3, 5, 7, 8, 9, 10, 11, 15, 17, 20, 21, 22, 23, 24, 25]  Q:5 M:5 F:5
  8502. [3, 5, 7, 9, 10, 11, 12, 15, 17, 20, 21, 22, 23, 24, 25]  Q:5 M:5 F:5
  8503. [3, 5, 7, 8, 9, 10, 11, 12, 16, 17, 20, 21, 22, 23, 24]  Q:5 M:5 F:5
  8504. [3, 5, 7, 8, 9, 10, 11, 12, 16, 17, 20, 21, 22, 23, 25]  Q:5 M:5 F:5
  8505. [3, 5, 7, 8, 9, 10, 11, 12, 16, 17, 20, 21, 23, 24, 25]  Q:5 M:5 F:5
  8506. [3, 5, 7, 8, 9, 10, 11, 12, 16, 20, 21, 22, 23, 24, 25]  Q:5 M:5 F:5
  8507. [3, 5, 7, 8, 9, 10, 11, 16, 17, 20, 21, 22, 23, 24, 25]  Q:5 M:5 F:5
  8508. [3, 5, 7, 9, 10, 11, 12, 16, 17, 20, 21, 22, 23, 24, 25]  Q:5 M:5 F:5
  8509. [3, 5, 7, 8, 9, 10, 11, 12, 17, 18, 20, 21, 22, 23, 24]  Q:5 M:5 F:5
  8510. [3, 5, 7, 8, 9, 10, 11, 12, 17, 18, 20, 21, 22, 23, 25]  Q:5 M:5 F:5
  8511. [3, 5, 7, 8, 9, 10, 11, 12, 17, 18, 20, 21, 23, 24, 25]  Q:5 M:5 F:5
  8512. [3, 5, 7, 8, 9, 10, 11, 12, 18, 20, 21, 22, 23, 24, 25]  Q:5 M:5 F:5
  8513. [3, 5, 7, 8, 9, 10, 11, 17, 18, 20, 21, 22, 23, 24, 25]  Q:5 M:5 F:5
  8514. [3, 5, 7, 9, 10, 11, 12, 17, 18, 20, 21, 22, 23, 24, 25]  Q:5 M:5 F:5
  8515. [3, 5, 7, 8, 9, 10, 11, 12, 17, 19, 20, 21, 22, 23, 24]  Q:5 M:5 F:5
  8516. [3, 5, 7, 8, 9, 10, 11, 12, 17, 19, 20, 21, 22, 23, 25]  Q:5 M:5 F:5
  8517. [3, 5, 7, 8, 9, 10, 11, 12, 17, 19, 20, 21, 23, 24, 25]  Q:5 M:5 F:5
  8518. [3, 5, 7, 8, 9, 10, 11, 12, 19, 20, 21, 22, 23, 24, 25]  Q:5 M:5 F:5
  8519. [3, 5, 7, 8, 9, 10, 11, 17, 19, 20, 21, 22, 23, 24, 25]  Q:5 M:5 F:5
  8520. [3, 5, 7, 9, 10, 11, 12, 17, 19, 20, 21, 22, 23, 24, 25]  Q:5 M:5 F:5
  8521. [3, 5, 7, 8, 9, 10, 12, 13, 14, 17, 20, 21, 22, 23, 24]  Q:5 M:5 F:5
  8522. [3, 5, 7, 8, 9, 10, 12, 13, 14, 17, 20, 21, 22, 23, 25]  Q:5 M:5 F:5
  8523. [3, 5, 7, 8, 9, 10, 12, 13, 14, 17, 20, 21, 23, 24, 25]  Q:5 M:5 F:5
  8524. [3, 5, 7, 8, 9, 10, 12, 13, 14, 20, 21, 22, 23, 24, 25]  Q:5 M:5 F:5
  8525. [3, 5, 7, 8, 9, 10, 13, 14, 17, 20, 21, 22, 23, 24, 25]  Q:5 M:5 F:5
  8526. [3, 5, 7, 9, 10, 12, 13, 14, 17, 20, 21, 22, 23, 24, 25]  Q:5 M:5 F:5
  8527. [3, 5, 7, 8, 9, 10, 12, 13, 15, 17, 20, 21, 22, 23, 24]  Q:5 M:5 F:5
  8528. [3, 5, 7, 8, 9, 10, 12, 13, 15, 17, 20, 21, 22, 23, 25]  Q:5 M:5 F:5
  8529. [3, 5, 7, 8, 9, 10, 12, 13, 15, 17, 20, 21, 23, 24, 25]  Q:5 M:5 F:5
  8530. [3, 5, 7, 8, 9, 10, 12, 13, 15, 20, 21, 22, 23, 24, 25]  Q:5 M:5 F:5
  8531. [3, 5, 7, 8, 9, 10, 13, 15, 17, 20, 21, 22, 23, 24, 25]  Q:5 M:5 F:5
  8532. [3, 5, 7, 9, 10, 12, 13, 15, 17, 20, 21, 22, 23, 24, 25]  Q:5 M:5 F:5
  8533. [3, 5, 7, 8, 9, 10, 12, 13, 16, 17, 20, 21, 22, 23, 24]  Q:5 M:5 F:5
  8534. [3, 5, 7, 8, 9, 10, 12, 13, 16, 17, 20, 21, 22, 23, 25]  Q:5 M:5 F:5
  8535. [3, 5, 7, 8, 9, 10, 12, 13, 16, 17, 20, 21, 23, 24, 25]  Q:5 M:5 F:5
  8536. [3, 5, 7, 8, 9, 10, 12, 13, 16, 20, 21, 22, 23, 24, 25]  Q:5 M:5 F:5
  8537. [3, 5, 7, 8, 9, 10, 13, 16, 17, 20, 21, 22, 23, 24, 25]  Q:5 M:5 F:5
  8538. [3, 5, 7, 9, 10, 12, 13, 16, 17, 20, 21, 22, 23, 24, 25]  Q:5 M:5 F:5
  8539. [3, 5, 7, 8, 9, 10, 12, 13, 17, 18, 20, 21, 22, 23, 24]  Q:5 M:5 F:5
  8540. [3, 5, 7, 8, 9, 10, 12, 13, 17, 18, 20, 21, 22, 23, 25]  Q:5 M:5 F:5
  8541. [3, 5, 7, 8, 9, 10, 12, 13, 17, 18, 20, 21, 23, 24, 25]  Q:5 M:5 F:5
  8542. [3, 5, 7, 8, 9, 10, 12, 13, 18, 20, 21, 22, 23, 24, 25]  Q:5 M:5 F:5
  8543. [3, 5, 7, 8, 9, 10, 13, 17, 18, 20, 21, 22, 23, 24, 25]  Q:5 M:5 F:5
  8544. [3, 5, 7, 9, 10, 12, 13, 17, 18, 20, 21, 22, 23, 24, 25]  Q:5 M:5 F:5
  8545. [3, 5, 7, 8, 9, 10, 12, 13, 17, 19, 20, 21, 22, 23, 24]  Q:5 M:5 F:5
  8546. [3, 5, 7, 8, 9, 10, 12, 13, 17, 19, 20, 21, 22, 23, 25]  Q:5 M:5 F:5
  8547. [3, 5, 7, 8, 9, 10, 12, 13, 17, 19, 20, 21, 23, 24, 25]  Q:5 M:5 F:5
  8548. [3, 5, 7, 8, 9, 10, 12, 13, 19, 20, 21, 22, 23, 24, 25]  Q:5 M:5 F:5
  8549. [3, 5, 7, 8, 9, 10, 13, 17, 19, 20, 21, 22, 23, 24, 25]  Q:5 M:5 F:5
  8550. [3, 5, 7, 9, 10, 12, 13, 17, 19, 20, 21, 22, 23, 24, 25]  Q:5 M:5 F:5
  8551. [3, 5, 7, 8, 9, 10, 12, 14, 15, 17, 20, 21, 22, 23, 24]  Q:5 M:5 F:5
  8552. [3, 5, 7, 8, 9, 10, 12, 14, 15, 17, 20, 21, 22, 23, 25]  Q:5 M:5 F:5
  8553. [3, 5, 7, 8, 9, 10, 12, 14, 15, 17, 20, 21, 23, 24, 25]  Q:5 M:5 F:5
  8554. [3, 5, 7, 8, 9, 10, 12, 14, 15, 20, 21, 22, 23, 24, 25]  Q:5 M:5 F:5
  8555. [3, 5, 7, 8, 9, 10, 14, 15, 17, 20, 21, 22, 23, 24, 25]  Q:5 M:5 F:5
  8556. [3, 5, 7, 9, 10, 12, 14, 15, 17, 20, 21, 22, 23, 24, 25]  Q:5 M:5 F:5
  8557. [3, 5, 7, 8, 9, 10, 12, 14, 16, 17, 20, 21, 22, 23, 24]  Q:5 M:5 F:5
  8558. [3, 5, 7, 8, 9, 10, 12, 14, 16, 17, 20, 21, 22, 23, 25]  Q:5 M:5 F:5
  8559. [3, 5, 7, 8, 9, 10, 12, 14, 16, 17, 20, 21, 23, 24, 25]  Q:5 M:5 F:5
  8560. [3, 5, 7, 8, 9, 10, 12, 14, 16, 20, 21, 22, 23, 24, 25]  Q:5 M:5 F:5
  8561. [3, 5, 7, 8, 9, 10, 14, 16, 17, 20, 21, 22, 23, 24, 25]  Q:5 M:5 F:5
  8562. [3, 5, 7, 9, 10, 12, 14, 16, 17, 20, 21, 22, 23, 24, 25]  Q:5 M:5 F:5
  8563. [3, 5, 7, 8, 9, 10, 12, 14, 17, 18, 20, 21, 22, 23, 24]  Q:5 M:5 F:5
  8564. [3, 5, 7, 8, 9, 10, 12, 14, 17, 18, 20, 21, 22, 23, 25]  Q:5 M:5 F:5
  8565. [3, 5, 7, 8, 9, 10, 12, 14, 17, 18, 20, 21, 23, 24, 25]  Q:5 M:5 F:5
  8566. [3, 5, 7, 8, 9, 10, 12, 14, 18, 20, 21, 22, 23, 24, 25]  Q:5 M:5 F:5
  8567. [3, 5, 7, 8, 9, 10, 14, 17, 18, 20, 21, 22, 23, 24, 25]  Q:5 M:5 F:5
  8568. [3, 5, 7, 9, 10, 12, 14, 17, 18, 20, 21, 22, 23, 24, 25]  Q:5 M:5 F:5
  8569. [3, 5, 7, 8, 9, 10, 12, 14, 17, 19, 20, 21, 22, 23, 24]  Q:5 M:5 F:5
  8570. [3, 5, 7, 8, 9, 10, 12, 14, 17, 19, 20, 21, 22, 23, 25]  Q:5 M:5 F:5
  8571. [3, 5, 7, 8, 9, 10, 12, 14, 17, 19, 20, 21, 23, 24, 25]  Q:5 M:5 F:5
  8572. [3, 5, 7, 8, 9, 10, 12, 14, 19, 20, 21, 22, 23, 24, 25]  Q:5 M:5 F:5
  8573. [3, 5, 7, 8, 9, 10, 14, 17, 19, 20, 21, 22, 23, 24, 25]  Q:5 M:5 F:5
  8574. [3, 5, 7, 9, 10, 12, 14, 17, 19, 20, 21, 22, 23, 24, 25]  Q:5 M:5 F:5
  8575. [3, 5, 7, 8, 9, 10, 12, 15, 16, 17, 20, 21, 22, 23, 24]  Q:5 M:5 F:5
  8576. [3, 5, 7, 8, 9, 10, 12, 15, 16, 17, 20, 21, 22, 23, 25]  Q:5 M:5 F:5
  8577. [3, 5, 7, 8, 9, 10, 12, 15, 16, 17, 20, 21, 23, 24, 25]  Q:5 M:5 F:5
  8578. [3, 5, 7, 8, 9, 10, 12, 15, 16, 20, 21, 22, 23, 24, 25]  Q:5 M:5 F:5
  8579. [3, 5, 7, 8, 9, 10, 15, 16, 17, 20, 21, 22, 23, 24, 25]  Q:5 M:5 F:5
  8580. [3, 5, 7, 9, 10, 12, 15, 16, 17, 20, 21, 22, 23, 24, 25]  Q:5 M:5 F:5
  8581. [3, 5, 7, 8, 9, 10, 12, 15, 17, 18, 20, 21, 22, 23, 24]  Q:5 M:5 F:5
  8582. [3, 5, 7, 8, 9, 10, 12, 15, 17, 18, 20, 21, 22, 23, 25]  Q:5 M:5 F:5
  8583. [3, 5, 7, 8, 9, 10, 12, 15, 17, 18, 20, 21, 23, 24, 25]  Q:5 M:5 F:5
  8584. [3, 5, 7, 8, 9, 10, 12, 15, 18, 20, 21, 22, 23, 24, 25]  Q:5 M:5 F:5
  8585. [3, 5, 7, 8, 9, 10, 15, 17, 18, 20, 21, 22, 23, 24, 25]  Q:5 M:5 F:5
  8586. [3, 5, 7, 9, 10, 12, 15, 17, 18, 20, 21, 22, 23, 24, 25]  Q:5 M:5 F:5
  8587. [3, 5, 7, 8, 9, 10, 12, 15, 17, 19, 20, 21, 22, 23, 24]  Q:5 M:5 F:5
  8588. [3, 5, 7, 8, 9, 10, 12, 15, 17, 19, 20, 21, 22, 23, 25]  Q:5 M:5 F:5
  8589. [3, 5, 7, 8, 9, 10, 12, 15, 17, 19, 20, 21, 23, 24, 25]  Q:5 M:5 F:5
  8590. [3, 5, 7, 8, 9, 10, 12, 15, 19, 20, 21, 22, 23, 24, 25]  Q:5 M:5 F:5
  8591. [3, 5, 7, 8, 9, 10, 15, 17, 19, 20, 21, 22, 23, 24, 25]  Q:5 M:5 F:5
  8592. [3, 5, 7, 9, 10, 12, 15, 17, 19, 20, 21, 22, 23, 24, 25]  Q:5 M:5 F:5
  8593. [3, 5, 7, 8, 9, 10, 12, 16, 17, 18, 20, 21, 22, 23, 24]  Q:5 M:5 F:5
  8594. [3, 5, 7, 8, 9, 10, 12, 16, 17, 18, 20, 21, 22, 23, 25]  Q:5 M:5 F:5
  8595. [3, 5, 7, 8, 9, 10, 12, 16, 17, 18, 20, 21, 23, 24, 25]  Q:5 M:5 F:5
  8596. [3, 5, 7, 8, 9, 10, 12, 16, 18, 20, 21, 22, 23, 24, 25]  Q:5 M:5 F:5
  8597. [3, 5, 7, 8, 9, 10, 16, 17, 18, 20, 21, 22, 23, 24, 25]  Q:5 M:5 F:5
  8598. [3, 5, 7, 9, 10, 12, 16, 17, 18, 20, 21, 22, 23, 24, 25]  Q:5 M:5 F:5
  8599. [3, 5, 7, 8, 9, 10, 12, 16, 17, 19, 20, 21, 22, 23, 24]  Q:5 M:5 F:5
  8600. [3, 5, 7, 8, 9, 10, 12, 16, 17, 19, 20, 21, 22, 23, 25]  Q:5 M:5 F:5
  8601. [3, 5, 7, 8, 9, 10, 12, 16, 17, 19, 20, 21, 23, 24, 25]  Q:5 M:5 F:5
  8602. [3, 5, 7, 8, 9, 10, 12, 16, 19, 20, 21, 22, 23, 24, 25]  Q:5 M:5 F:5
  8603. [3, 5, 7, 8, 9, 10, 16, 17, 19, 20, 21, 22, 23, 24, 25]  Q:5 M:5 F:5
  8604. [3, 5, 7, 9, 10, 12, 16, 17, 19, 20, 21, 22, 23, 24, 25]  Q:5 M:5 F:5
  8605. [3, 5, 7, 8, 9, 10, 12, 17, 18, 19, 20, 21, 22, 23, 24]  Q:5 M:5 F:5
  8606. [3, 5, 7, 8, 9, 10, 12, 17, 18, 19, 20, 21, 22, 23, 25]  Q:5 M:5 F:5
  8607. [3, 5, 7, 8, 9, 10, 12, 17, 18, 19, 20, 21, 23, 24, 25]  Q:5 M:5 F:5
  8608. [3, 5, 7, 8, 9, 10, 12, 18, 19, 20, 21, 22, 23, 24, 25]  Q:5 M:5 F:5
  8609. [3, 5, 7, 8, 9, 10, 17, 18, 19, 20, 21, 22, 23, 24, 25]  Q:5 M:5 F:5
  8610. [3, 5, 7, 9, 10, 12, 17, 18, 19, 20, 21, 22, 23, 24, 25]  Q:5 M:5 F:5
  8611. [3, 5, 7, 8, 10, 11, 12, 13, 14, 17, 20, 21, 22, 23, 24]  Q:5 M:5 F:5
  8612. [3, 5, 7, 8, 10, 11, 12, 13, 14, 17, 20, 21, 22, 23, 25]  Q:5 M:5 F:5
  8613. [3, 5, 7, 8, 10, 11, 12, 13, 14, 17, 20, 21, 23, 24, 25]  Q:5 M:5 F:5
  8614. [3, 5, 7, 8, 10, 11, 12, 13, 14, 20, 21, 22, 23, 24, 25]  Q:5 M:5 F:5
  8615. [3, 5, 7, 8, 10, 11, 13, 14, 17, 20, 21, 22, 23, 24, 25]  Q:5 M:5 F:5
  8616. [3, 5, 7, 10, 11, 12, 13, 14, 17, 20, 21, 22, 23, 24, 25]  Q:5 M:5 F:5
  8617. [3, 5, 7, 8, 10, 11, 12, 13, 15, 17, 20, 21, 22, 23, 24]  Q:5 M:5 F:5
  8618. [3, 5, 7, 8, 10, 11, 12, 13, 15, 17, 20, 21, 22, 23, 25]  Q:5 M:5 F:5
  8619. [3, 5, 7, 8, 10, 11, 12, 13, 15, 17, 20, 21, 23, 24, 25]  Q:5 M:5 F:5
  8620. [3, 5, 7, 8, 10, 11, 12, 13, 15, 20, 21, 22, 23, 24, 25]  Q:5 M:5 F:5
  8621. [3, 5, 7, 8, 10, 11, 13, 15, 17, 20, 21, 22, 23, 24, 25]  Q:5 M:5 F:5
  8622. [3, 5, 7, 10, 11, 12, 13, 15, 17, 20, 21, 22, 23, 24, 25]  Q:5 M:5 F:5
  8623. [3, 5, 7, 8, 10, 11, 12, 13, 16, 17, 20, 21, 22, 23, 24]  Q:5 M:5 F:5
  8624. [3, 5, 7, 8, 10, 11, 12, 13, 16, 17, 20, 21, 22, 23, 25]  Q:5 M:5 F:5
  8625. [3, 5, 7, 8, 10, 11, 12, 13, 16, 17, 20, 21, 23, 24, 25]  Q:5 M:5 F:5
  8626. [3, 5, 7, 8, 10, 11, 12, 13, 16, 20, 21, 22, 23, 24, 25]  Q:5 M:5 F:5
  8627. [3, 5, 7, 8, 10, 11, 13, 16, 17, 20, 21, 22, 23, 24, 25]  Q:5 M:5 F:5
  8628. [3, 5, 7, 10, 11, 12, 13, 16, 17, 20, 21, 22, 23, 24, 25]  Q:5 M:5 F:5
  8629. [3, 5, 7, 8, 10, 11, 12, 13, 17, 18, 20, 21, 22, 23, 24]  Q:5 M:5 F:5
  8630. [3, 5, 7, 8, 10, 11, 12, 13, 17, 18, 20, 21, 22, 23, 25]  Q:5 M:5 F:5
  8631. [3, 5, 7, 8, 10, 11, 12, 13, 17, 18, 20, 21, 23, 24, 25]  Q:5 M:5 F:5
  8632. [3, 5, 7, 8, 10, 11, 12, 13, 18, 20, 21, 22, 23, 24, 25]  Q:5 M:5 F:5
  8633. [3, 5, 7, 8, 10, 11, 13, 17, 18, 20, 21, 22, 23, 24, 25]  Q:5 M:5 F:5
  8634. [3, 5, 7, 10, 11, 12, 13, 17, 18, 20, 21, 22, 23, 24, 25]  Q:5 M:5 F:5
  8635. [3, 5, 7, 8, 10, 11, 12, 13, 17, 19, 20, 21, 22, 23, 24]  Q:5 M:5 F:5
  8636. [3, 5, 7, 8, 10, 11, 12, 13, 17, 19, 20, 21, 22, 23, 25]  Q:5 M:5 F:5
  8637. [3, 5, 7, 8, 10, 11, 12, 13, 17, 19, 20, 21, 23, 24, 25]  Q:5 M:5 F:5
  8638. [3, 5, 7, 8, 10, 11, 12, 13, 19, 20, 21, 22, 23, 24, 25]  Q:5 M:5 F:5
  8639. [3, 5, 7, 8, 10, 11, 13, 17, 19, 20, 21, 22, 23, 24, 25]  Q:5 M:5 F:5
  8640. [3, 5, 7, 10, 11, 12, 13, 17, 19, 20, 21, 22, 23, 24, 25]  Q:5 M:5 F:5
  8641. [3, 5, 7, 8, 10, 11, 12, 14, 15, 17, 20, 21, 22, 23, 24]  Q:5 M:5 F:5
  8642. [3, 5, 7, 8, 10, 11, 12, 14, 15, 17, 20, 21, 22, 23, 25]  Q:5 M:5 F:5
  8643. [3, 5, 7, 8, 10, 11, 12, 14, 15, 17, 20, 21, 23, 24, 25]  Q:5 M:5 F:5
  8644. [3, 5, 7, 8, 10, 11, 12, 14, 15, 20, 21, 22, 23, 24, 25]  Q:5 M:5 F:5
  8645. [3, 5, 7, 8, 10, 11, 14, 15, 17, 20, 21, 22, 23, 24, 25]  Q:5 M:5 F:5
  8646. [3, 5, 7, 10, 11, 12, 14, 15, 17, 20, 21, 22, 23, 24, 25]  Q:5 M:5 F:5
  8647. [3, 5, 7, 8, 10, 11, 12, 14, 16, 17, 20, 21, 22, 23, 24]  Q:5 M:5 F:5
  8648. [3, 5, 7, 8, 10, 11, 12, 14, 16, 17, 20, 21, 22, 23, 25]  Q:5 M:5 F:5
  8649. [3, 5, 7, 8, 10, 11, 12, 14, 16, 17, 20, 21, 23, 24, 25]  Q:5 M:5 F:5
  8650. [3, 5, 7, 8, 10, 11, 12, 14, 16, 20, 21, 22, 23, 24, 25]  Q:5 M:5 F:5
  8651. [3, 5, 7, 8, 10, 11, 14, 16, 17, 20, 21, 22, 23, 24, 25]  Q:5 M:5 F:5
  8652. [3, 5, 7, 10, 11, 12, 14, 16, 17, 20, 21, 22, 23, 24, 25]  Q:5 M:5 F:5
  8653. [3, 5, 7, 8, 10, 11, 12, 14, 17, 18, 20, 21, 22, 23, 24]  Q:5 M:5 F:5
  8654. [3, 5, 7, 8, 10, 11, 12, 14, 17, 18, 20, 21, 22, 23, 25]  Q:5 M:5 F:5
  8655. [3, 5, 7, 8, 10, 11, 12, 14, 17, 18, 20, 21, 23, 24, 25]  Q:5 M:5 F:5
  8656. [3, 5, 7, 8, 10, 11, 12, 14, 18, 20, 21, 22, 23, 24, 25]  Q:5 M:5 F:5
  8657. [3, 5, 7, 8, 10, 11, 14, 17, 18, 20, 21, 22, 23, 24, 25]  Q:5 M:5 F:5
  8658. [3, 5, 7, 10, 11, 12, 14, 17, 18, 20, 21, 22, 23, 24, 25]  Q:5 M:5 F:5
  8659. [3, 5, 7, 8, 10, 11, 12, 14, 17, 19, 20, 21, 22, 23, 24]  Q:5 M:5 F:5
  8660. [3, 5, 7, 8, 10, 11, 12, 14, 17, 19, 20, 21, 22, 23, 25]  Q:5 M:5 F:5
  8661. [3, 5, 7, 8, 10, 11, 12, 14, 17, 19, 20, 21, 23, 24, 25]  Q:5 M:5 F:5
  8662. [3, 5, 7, 8, 10, 11, 12, 14, 19, 20, 21, 22, 23, 24, 25]  Q:5 M:5 F:5
  8663. [3, 5, 7, 8, 10, 11, 14, 17, 19, 20, 21, 22, 23, 24, 25]  Q:5 M:5 F:5
  8664. [3, 5, 7, 10, 11, 12, 14, 17, 19, 20, 21, 22, 23, 24, 25]  Q:5 M:5 F:5
  8665. [3, 5, 7, 8, 10, 11, 12, 15, 16, 17, 20, 21, 22, 23, 24]  Q:5 M:5 F:5
  8666. [3, 5, 7, 8, 10, 11, 12, 15, 16, 17, 20, 21, 22, 23, 25]  Q:5 M:5 F:5
  8667. [3, 5, 7, 8, 10, 11, 12, 15, 16, 17, 20, 21, 23, 24, 25]  Q:5 M:5 F:5
  8668. [3, 5, 7, 8, 10, 11, 12, 15, 16, 20, 21, 22, 23, 24, 25]  Q:5 M:5 F:5
  8669. [3, 5, 7, 8, 10, 11, 15, 16, 17, 20, 21, 22, 23, 24, 25]  Q:5 M:5 F:5
  8670. [3, 5, 7, 10, 11, 12, 15, 16, 17, 20, 21, 22, 23, 24, 25]  Q:5 M:5 F:5
  8671. [3, 5, 7, 8, 10, 11, 12, 15, 17, 18, 20, 21, 22, 23, 24]  Q:5 M:5 F:5
  8672. [3, 5, 7, 8, 10, 11, 12, 15, 17, 18, 20, 21, 22, 23, 25]  Q:5 M:5 F:5
  8673. [3, 5, 7, 8, 10, 11, 12, 15, 17, 18, 20, 21, 23, 24, 25]  Q:5 M:5 F:5
  8674. [3, 5, 7, 8, 10, 11, 12, 15, 18, 20, 21, 22, 23, 24, 25]  Q:5 M:5 F:5
  8675. [3, 5, 7, 8, 10, 11, 15, 17, 18, 20, 21, 22, 23, 24, 25]  Q:5 M:5 F:5
  8676. [3, 5, 7, 10, 11, 12, 15, 17, 18, 20, 21, 22, 23, 24, 25]  Q:5 M:5 F:5
  8677. [3, 5, 7, 8, 10, 11, 12, 15, 17, 19, 20, 21, 22, 23, 24]  Q:5 M:5 F:5
  8678. [3, 5, 7, 8, 10, 11, 12, 15, 17, 19, 20, 21, 22, 23, 25]  Q:5 M:5 F:5
  8679. [3, 5, 7, 8, 10, 11, 12, 15, 17, 19, 20, 21, 23, 24, 25]  Q:5 M:5 F:5
  8680. [3, 5, 7, 8, 10, 11, 12, 15, 19, 20, 21, 22, 23, 24, 25]  Q:5 M:5 F:5
  8681. [3, 5, 7, 8, 10, 11, 15, 17, 19, 20, 21, 22, 23, 24, 25]  Q:5 M:5 F:5
  8682. [3, 5, 7, 10, 11, 12, 15, 17, 19, 20, 21, 22, 23, 24, 25]  Q:5 M:5 F:5
  8683. [3, 5, 7, 8, 10, 11, 12, 16, 17, 18, 20, 21, 22, 23, 24]  Q:5 M:5 F:5
  8684. [3, 5, 7, 8, 10, 11, 12, 16, 17, 18, 20, 21, 22, 23, 25]  Q:5 M:5 F:5
  8685. [3, 5, 7, 8, 10, 11, 12, 16, 17, 18, 20, 21, 23, 24, 25]  Q:5 M:5 F:5
  8686. [3, 5, 7, 8, 10, 11, 12, 16, 18, 20, 21, 22, 23, 24, 25]  Q:5 M:5 F:5
  8687. [3, 5, 7, 8, 10, 11, 16, 17, 18, 20, 21, 22, 23, 24, 25]  Q:5 M:5 F:5
  8688. [3, 5, 7, 10, 11, 12, 16, 17, 18, 20, 21, 22, 23, 24, 25]  Q:5 M:5 F:5
  8689. [3, 5, 7, 8, 10, 11, 12, 16, 17, 19, 20, 21, 22, 23, 24]  Q:5 M:5 F:5
  8690. [3, 5, 7, 8, 10, 11, 12, 16, 17, 19, 20, 21, 22, 23, 25]  Q:5 M:5 F:5
  8691. [3, 5, 7, 8, 10, 11, 12, 16, 17, 19, 20, 21, 23, 24, 25]  Q:5 M:5 F:5
  8692. [3, 5, 7, 8, 10, 11, 12, 16, 19, 20, 21, 22, 23, 24, 25]  Q:5 M:5 F:5
  8693. [3, 5, 7, 8, 10, 11, 16, 17, 19, 20, 21, 22, 23, 24, 25]  Q:5 M:5 F:5
  8694. [3, 5, 7, 10, 11, 12, 16, 17, 19, 20, 21, 22, 23, 24, 25]  Q:5 M:5 F:5
  8695. [3, 5, 7, 8, 10, 11, 12, 17, 18, 19, 20, 21, 22, 23, 24]  Q:5 M:5 F:5
  8696. [3, 5, 7, 8, 10, 11, 12, 17, 18, 19, 20, 21, 22, 23, 25]  Q:5 M:5 F:5
  8697. [3, 5, 7, 8, 10, 11, 12, 17, 18, 19, 20, 21, 23, 24, 25]  Q:5 M:5 F:5
  8698. [3, 5, 7, 8, 10, 11, 12, 18, 19, 20, 21, 22, 23, 24, 25]  Q:5 M:5 F:5
  8699. [3, 5, 7, 8, 10, 11, 17, 18, 19, 20, 21, 22, 23, 24, 25]  Q:5 M:5 F:5
  8700. [3, 5, 7, 10, 11, 12, 17, 18, 19, 20, 21, 22, 23, 24, 25]  Q:5 M:5 F:5
  8701. [3, 5, 7, 8, 10, 12, 13, 14, 15, 17, 20, 21, 22, 23, 24]  Q:5 M:5 F:5
  8702. [3, 5, 7, 8, 10, 12, 13, 14, 15, 17, 20, 21, 22, 23, 25]  Q:5 M:5 F:5
  8703. [3, 5, 7, 8, 10, 12, 13, 14, 15, 17, 20, 21, 23, 24, 25]  Q:5 M:5 F:5
  8704. [3, 5, 7, 8, 10, 12, 13, 14, 15, 20, 21, 22, 23, 24, 25]  Q:5 M:5 F:5
  8705. [3, 5, 7, 8, 10, 13, 14, 15, 17, 20, 21, 22, 23, 24, 25]  Q:5 M:5 F:5
  8706. [3, 5, 7, 10, 12, 13, 14, 15, 17, 20, 21, 22, 23, 24, 25]  Q:5 M:5 F:5
  8707. [3, 5, 7, 8, 10, 12, 13, 14, 16, 17, 20, 21, 22, 23, 24]  Q:5 M:5 F:5
  8708. [3, 5, 7, 8, 10, 12, 13, 14, 16, 17, 20, 21, 22, 23, 25]  Q:5 M:5 F:5
  8709. [3, 5, 7, 8, 10, 12, 13, 14, 16, 17, 20, 21, 23, 24, 25]  Q:5 M:5 F:5
  8710. [3, 5, 7, 8, 10, 12, 13, 14, 16, 20, 21, 22, 23, 24, 25]  Q:5 M:5 F:5
  8711. [3, 5, 7, 8, 10, 13, 14, 16, 17, 20, 21, 22, 23, 24, 25]  Q:5 M:5 F:5
  8712. [3, 5, 7, 10, 12, 13, 14, 16, 17, 20, 21, 22, 23, 24, 25]  Q:5 M:5 F:5
  8713. [3, 5, 7, 8, 10, 12, 13, 14, 17, 18, 20, 21, 22, 23, 24]  Q:5 M:5 F:5
  8714. [3, 5, 7, 8, 10, 12, 13, 14, 17, 18, 20, 21, 22, 23, 25]  Q:5 M:5 F:5
  8715. [3, 5, 7, 8, 10, 12, 13, 14, 17, 18, 20, 21, 23, 24, 25]  Q:5 M:5 F:5
  8716. [3, 5, 7, 8, 10, 12, 13, 14, 18, 20, 21, 22, 23, 24, 25]  Q:5 M:5 F:5
  8717. [3, 5, 7, 8, 10, 13, 14, 17, 18, 20, 21, 22, 23, 24, 25]  Q:5 M:5 F:5
  8718. [3, 5, 7, 10, 12, 13, 14, 17, 18, 20, 21, 22, 23, 24, 25]  Q:5 M:5 F:5
  8719. [3, 5, 7, 8, 10, 12, 13, 14, 17, 19, 20, 21, 22, 23, 24]  Q:5 M:5 F:5
  8720. [3, 5, 7, 8, 10, 12, 13, 14, 17, 19, 20, 21, 22, 23, 25]  Q:5 M:5 F:5
  8721. [3, 5, 7, 8, 10, 12, 13, 14, 17, 19, 20, 21, 23, 24, 25]  Q:5 M:5 F:5
  8722. [3, 5, 7, 8, 10, 12, 13, 14, 19, 20, 21, 22, 23, 24, 25]  Q:5 M:5 F:5
  8723. [3, 5, 7, 8, 10, 13, 14, 17, 19, 20, 21, 22, 23, 24, 25]  Q:5 M:5 F:5
  8724. [3, 5, 7, 10, 12, 13, 14, 17, 19, 20, 21, 22, 23, 24, 25]  Q:5 M:5 F:5
  8725. [3, 5, 7, 8, 10, 12, 13, 15, 16, 17, 20, 21, 22, 23, 24]  Q:5 M:5 F:5
  8726. [3, 5, 7, 8, 10, 12, 13, 15, 16, 17, 20, 21, 22, 23, 25]  Q:5 M:5 F:5
  8727. [3, 5, 7, 8, 10, 12, 13, 15, 16, 17, 20, 21, 23, 24, 25]  Q:5 M:5 F:5
  8728. [3, 5, 7, 8, 10, 12, 13, 15, 16, 20, 21, 22, 23, 24, 25]  Q:5 M:5 F:5
  8729. [3, 5, 7, 8, 10, 13, 15, 16, 17, 20, 21, 22, 23, 24, 25]  Q:5 M:5 F:5
  8730. [3, 5, 7, 10, 12, 13, 15, 16, 17, 20, 21, 22, 23, 24, 25]  Q:5 M:5 F:5
  8731. [3, 5, 7, 8, 10, 12, 13, 15, 17, 18, 20, 21, 22, 23, 24]  Q:5 M:5 F:5
  8732. [3, 5, 7, 8, 10, 12, 13, 15, 17, 18, 20, 21, 22, 23, 25]  Q:5 M:5 F:5
  8733. [3, 5, 7, 8, 10, 12, 13, 15, 17, 18, 20, 21, 23, 24, 25]  Q:5 M:5 F:5
  8734. [3, 5, 7, 8, 10, 12, 13, 15, 18, 20, 21, 22, 23, 24, 25]  Q:5 M:5 F:5
  8735. [3, 5, 7, 8, 10, 13, 15, 17, 18, 20, 21, 22, 23, 24, 25]  Q:5 M:5 F:5
  8736. [3, 5, 7, 10, 12, 13, 15, 17, 18, 20, 21, 22, 23, 24, 25]  Q:5 M:5 F:5
  8737. [3, 5, 7, 8, 10, 12, 13, 15, 17, 19, 20, 21, 22, 23, 24]  Q:5 M:5 F:5
  8738. [3, 5, 7, 8, 10, 12, 13, 15, 17, 19, 20, 21, 22, 23, 25]  Q:5 M:5 F:5
  8739. [3, 5, 7, 8, 10, 12, 13, 15, 17, 19, 20, 21, 23, 24, 25]  Q:5 M:5 F:5
  8740. [3, 5, 7, 8, 10, 12, 13, 15, 19, 20, 21, 22, 23, 24, 25]  Q:5 M:5 F:5
  8741. [3, 5, 7, 8, 10, 13, 15, 17, 19, 20, 21, 22, 23, 24, 25]  Q:5 M:5 F:5
  8742. [3, 5, 7, 10, 12, 13, 15, 17, 19, 20, 21, 22, 23, 24, 25]  Q:5 M:5 F:5
  8743. [3, 5, 7, 8, 10, 12, 13, 16, 17, 18, 20, 21, 22, 23, 24]  Q:5 M:5 F:5
  8744. [3, 5, 7, 8, 10, 12, 13, 16, 17, 18, 20, 21, 22, 23, 25]  Q:5 M:5 F:5
  8745. [3, 5, 7, 8, 10, 12, 13, 16, 17, 18, 20, 21, 23, 24, 25]  Q:5 M:5 F:5
  8746. [3, 5, 7, 8, 10, 12, 13, 16, 18, 20, 21, 22, 23, 24, 25]  Q:5 M:5 F:5
  8747. [3, 5, 7, 8, 10, 13, 16, 17, 18, 20, 21, 22, 23, 24, 25]  Q:5 M:5 F:5
  8748. [3, 5, 7, 10, 12, 13, 16, 17, 18, 20, 21, 22, 23, 24, 25]  Q:5 M:5 F:5
  8749. [3, 5, 7, 8, 10, 12, 13, 16, 17, 19, 20, 21, 22, 23, 24]  Q:5 M:5 F:5
  8750. [3, 5, 7, 8, 10, 12, 13, 16, 17, 19, 20, 21, 22, 23, 25]  Q:5 M:5 F:5
  8751. [3, 5, 7, 8, 10, 12, 13, 16, 17, 19, 20, 21, 23, 24, 25]  Q:5 M:5 F:5
  8752. [3, 5, 7, 8, 10, 12, 13, 16, 19, 20, 21, 22, 23, 24, 25]  Q:5 M:5 F:5
  8753. [3, 5, 7, 8, 10, 13, 16, 17, 19, 20, 21, 22, 23, 24, 25]  Q:5 M:5 F:5
  8754. [3, 5, 7, 10, 12, 13, 16, 17, 19, 20, 21, 22, 23, 24, 25]  Q:5 M:5 F:5
  8755. [3, 5, 7, 8, 10, 12, 13, 17, 18, 19, 20, 21, 22, 23, 24]  Q:5 M:5 F:5
  8756. [3, 5, 7, 8, 10, 12, 13, 17, 18, 19, 20, 21, 22, 23, 25]  Q:5 M:5 F:5
  8757. [3, 5, 7, 8, 10, 12, 13, 17, 18, 19, 20, 21, 23, 24, 25]  Q:5 M:5 F:5
  8758. [3, 5, 7, 8, 10, 12, 13, 18, 19, 20, 21, 22, 23, 24, 25]  Q:5 M:5 F:5
  8759. [3, 5, 7, 8, 10, 13, 17, 18, 19, 20, 21, 22, 23, 24, 25]  Q:5 M:5 F:5
  8760. [3, 5, 7, 10, 12, 13, 17, 18, 19, 20, 21, 22, 23, 24, 25]  Q:5 M:5 F:5
  8761. [3, 5, 7, 8, 10, 12, 14, 15, 16, 17, 20, 21, 22, 23, 24]  Q:5 M:5 F:5
  8762. [3, 5, 7, 8, 10, 12, 14, 15, 16, 17, 20, 21, 22, 23, 25]  Q:5 M:5 F:5
  8763. [3, 5, 7, 8, 10, 12, 14, 15, 16, 17, 20, 21, 23, 24, 25]  Q:5 M:5 F:5
  8764. [3, 5, 7, 8, 10, 12, 14, 15, 16, 20, 21, 22, 23, 24, 25]  Q:5 M:5 F:5
  8765. [3, 5, 7, 8, 10, 14, 15, 16, 17, 20, 21, 22, 23, 24, 25]  Q:5 M:5 F:5
  8766. [3, 5, 7, 10, 12, 14, 15, 16, 17, 20, 21, 22, 23, 24, 25]  Q:5 M:5 F:5
  8767. [3, 5, 7, 8, 10, 12, 14, 15, 17, 18, 20, 21, 22, 23, 24]  Q:5 M:5 F:5
  8768. [3, 5, 7, 8, 10, 12, 14, 15, 17, 18, 20, 21, 22, 23, 25]  Q:5 M:5 F:5
  8769. [3, 5, 7, 8, 10, 12, 14, 15, 17, 18, 20, 21, 23, 24, 25]  Q:5 M:5 F:5
  8770. [3, 5, 7, 8, 10, 12, 14, 15, 18, 20, 21, 22, 23, 24, 25]  Q:5 M:5 F:5
  8771. [3, 5, 7, 8, 10, 14, 15, 17, 18, 20, 21, 22, 23, 24, 25]  Q:5 M:5 F:5
  8772. [3, 5, 7, 10, 12, 14, 15, 17, 18, 20, 21, 22, 23, 24, 25]  Q:5 M:5 F:5
  8773. [3, 5, 7, 8, 10, 12, 14, 15, 17, 19, 20, 21, 22, 23, 24]  Q:5 M:5 F:5
  8774. [3, 5, 7, 8, 10, 12, 14, 15, 17, 19, 20, 21, 22, 23, 25]  Q:5 M:5 F:5
  8775. [3, 5, 7, 8, 10, 12, 14, 15, 17, 19, 20, 21, 23, 24, 25]  Q:5 M:5 F:5
  8776. [3, 5, 7, 8, 10, 12, 14, 15, 19, 20, 21, 22, 23, 24, 25]  Q:5 M:5 F:5
  8777. [3, 5, 7, 8, 10, 14, 15, 17, 19, 20, 21, 22, 23, 24, 25]  Q:5 M:5 F:5
  8778. [3, 5, 7, 10, 12, 14, 15, 17, 19, 20, 21, 22, 23, 24, 25]  Q:5 M:5 F:5
  8779. [3, 5, 7, 8, 10, 12, 14, 16, 17, 18, 20, 21, 22, 23, 24]  Q:5 M:5 F:5
  8780. [3, 5, 7, 8, 10, 12, 14, 16, 17, 18, 20, 21, 22, 23, 25]  Q:5 M:5 F:5
  8781. [3, 5, 7, 8, 10, 12, 14, 16, 17, 18, 20, 21, 23, 24, 25]  Q:5 M:5 F:5
  8782. [3, 5, 7, 8, 10, 12, 14, 16, 18, 20, 21, 22, 23, 24, 25]  Q:5 M:5 F:5
  8783. [3, 5, 7, 8, 10, 14, 16, 17, 18, 20, 21, 22, 23, 24, 25]  Q:5 M:5 F:5
  8784. [3, 5, 7, 10, 12, 14, 16, 17, 18, 20, 21, 22, 23, 24, 25]  Q:5 M:5 F:5
  8785. [3, 5, 7, 8, 10, 12, 14, 16, 17, 19, 20, 21, 22, 23, 24]  Q:5 M:5 F:5
  8786. [3, 5, 7, 8, 10, 12, 14, 16, 17, 19, 20, 21, 22, 23, 25]  Q:5 M:5 F:5
  8787. [3, 5, 7, 8, 10, 12, 14, 16, 17, 19, 20, 21, 23, 24, 25]  Q:5 M:5 F:5
  8788. [3, 5, 7, 8, 10, 12, 14, 16, 19, 20, 21, 22, 23, 24, 25]  Q:5 M:5 F:5
  8789. [3, 5, 7, 8, 10, 14, 16, 17, 19, 20, 21, 22, 23, 24, 25]  Q:5 M:5 F:5
  8790. [3, 5, 7, 10, 12, 14, 16, 17, 19, 20, 21, 22, 23, 24, 25]  Q:5 M:5 F:5
  8791. [3, 5, 7, 8, 10, 12, 14, 17, 18, 19, 20, 21, 22, 23, 24]  Q:5 M:5 F:5
  8792. [3, 5, 7, 8, 10, 12, 14, 17, 18, 19, 20, 21, 22, 23, 25]  Q:5 M:5 F:5
  8793. [3, 5, 7, 8, 10, 12, 14, 17, 18, 19, 20, 21, 23, 24, 25]  Q:5 M:5 F:5
  8794. [3, 5, 7, 8, 10, 12, 14, 18, 19, 20, 21, 22, 23, 24, 25]  Q:5 M:5 F:5
  8795. [3, 5, 7, 8, 10, 14, 17, 18, 19, 20, 21, 22, 23, 24, 25]  Q:5 M:5 F:5
  8796. [3, 5, 7, 10, 12, 14, 17, 18, 19, 20, 21, 22, 23, 24, 25]  Q:5 M:5 F:5
  8797. [3, 5, 7, 8, 10, 12, 15, 16, 17, 18, 20, 21, 22, 23, 24]  Q:5 M:5 F:5
  8798. [3, 5, 7, 8, 10, 12, 15, 16, 17, 18, 20, 21, 22, 23, 25]  Q:5 M:5 F:5
  8799. [3, 5, 7, 8, 10, 12, 15, 16, 17, 18, 20, 21, 23, 24, 25]  Q:5 M:5 F:5
  8800. [3, 5, 7, 8, 10, 12, 15, 16, 18, 20, 21, 22, 23, 24, 25]  Q:5 M:5 F:5
  8801. [3, 5, 7, 8, 10, 15, 16, 17, 18, 20, 21, 22, 23, 24, 25]  Q:5 M:5 F:5
  8802. [3, 5, 7, 10, 12, 15, 16, 17, 18, 20, 21, 22, 23, 24, 25]  Q:5 M:5 F:5
  8803. [3, 5, 7, 8, 10, 12, 15, 16, 17, 19, 20, 21, 22, 23, 24]  Q:5 M:5 F:5
  8804. [3, 5, 7, 8, 10, 12, 15, 16, 17, 19, 20, 21, 22, 23, 25]  Q:5 M:5 F:5
  8805. [3, 5, 7, 8, 10, 12, 15, 16, 17, 19, 20, 21, 23, 24, 25]  Q:5 M:5 F:5
  8806. [3, 5, 7, 8, 10, 12, 15, 16, 19, 20, 21, 22, 23, 24, 25]  Q:5 M:5 F:5
  8807. [3, 5, 7, 8, 10, 15, 16, 17, 19, 20, 21, 22, 23, 24, 25]  Q:5 M:5 F:5
  8808. [3, 5, 7, 10, 12, 15, 16, 17, 19, 20, 21, 22, 23, 24, 25]  Q:5 M:5 F:5
  8809. [3, 5, 7, 8, 10, 12, 15, 17, 18, 19, 20, 21, 22, 23, 24]  Q:5 M:5 F:5
  8810. [3, 5, 7, 8, 10, 12, 15, 17, 18, 19, 20, 21, 22, 23, 25]  Q:5 M:5 F:5
  8811. [3, 5, 7, 8, 10, 12, 15, 17, 18, 19, 20, 21, 23, 24, 25]  Q:5 M:5 F:5
  8812. [3, 5, 7, 8, 10, 12, 15, 18, 19, 20, 21, 22, 23, 24, 25]  Q:5 M:5 F:5
  8813. [3, 5, 7, 8, 10, 15, 17, 18, 19, 20, 21, 22, 23, 24, 25]  Q:5 M:5 F:5
  8814. [3, 5, 7, 10, 12, 15, 17, 18, 19, 20, 21, 22, 23, 24, 25]  Q:5 M:5 F:5
  8815. [3, 5, 7, 8, 10, 12, 16, 17, 18, 19, 20, 21, 22, 23, 24]  Q:5 M:5 F:5
  8816. [3, 5, 7, 8, 10, 12, 16, 17, 18, 19, 20, 21, 22, 23, 25]  Q:5 M:5 F:5
  8817. [3, 5, 7, 8, 10, 12, 16, 17, 18, 19, 20, 21, 23, 24, 25]  Q:5 M:5 F:5
  8818. [3, 5, 7, 8, 10, 12, 16, 18, 19, 20, 21, 22, 23, 24, 25]  Q:5 M:5 F:5
  8819. [3, 5, 7, 8, 10, 16, 17, 18, 19, 20, 21, 22, 23, 24, 25]  Q:5 M:5 F:5
  8820. [3, 5, 7, 10, 12, 16, 17, 18, 19, 20, 21, 22, 23, 24, 25]  Q:5 M:5 F:5
  8821. [3, 5, 8, 9, 10, 11, 12, 13, 14, 17, 20, 21, 22, 23, 24]  Q:5 M:5 F:5
  8822. [3, 5, 8, 9, 10, 11, 12, 13, 14, 17, 20, 21, 22, 23, 25]  Q:5 M:5 F:5
  8823. [3, 5, 8, 9, 10, 11, 12, 13, 14, 17, 20, 21, 23, 24, 25]  Q:5 M:5 F:5
  8824. [3, 5, 8, 9, 10, 11, 12, 13, 14, 20, 21, 22, 23, 24, 25]  Q:5 M:5 F:5
  8825. [3, 5, 8, 9, 10, 11, 13, 14, 17, 20, 21, 22, 23, 24, 25]  Q:5 M:5 F:5
  8826. [3, 5, 9, 10, 11, 12, 13, 14, 17, 20, 21, 22, 23, 24, 25]  Q:5 M:5 F:5
  8827. [3, 5, 8, 9, 10, 11, 12, 13, 15, 17, 20, 21, 22, 23, 24]  Q:5 M:5 F:5
  8828. [3, 5, 8, 9, 10, 11, 12, 13, 15, 17, 20, 21, 22, 23, 25]  Q:5 M:5 F:5
  8829. [3, 5, 8, 9, 10, 11, 12, 13, 15, 17, 20, 21, 23, 24, 25]  Q:5 M:5 F:5
  8830. [3, 5, 8, 9, 10, 11, 12, 13, 15, 20, 21, 22, 23, 24, 25]  Q:5 M:5 F:5
  8831. [3, 5, 8, 9, 10, 11, 13, 15, 17, 20, 21, 22, 23, 24, 25]  Q:5 M:5 F:5
  8832. [3, 5, 9, 10, 11, 12, 13, 15, 17, 20, 21, 22, 23, 24, 25]  Q:5 M:5 F:5
  8833. [3, 5, 8, 9, 10, 11, 12, 13, 16, 17, 20, 21, 22, 23, 24]  Q:5 M:5 F:5
  8834. [3, 5, 8, 9, 10, 11, 12, 13, 16, 17, 20, 21, 22, 23, 25]  Q:5 M:5 F:5
  8835. [3, 5, 8, 9, 10, 11, 12, 13, 16, 17, 20, 21, 23, 24, 25]  Q:5 M:5 F:5
  8836. [3, 5, 8, 9, 10, 11, 12, 13, 16, 20, 21, 22, 23, 24, 25]  Q:5 M:5 F:5
  8837. [3, 5, 8, 9, 10, 11, 13, 16, 17, 20, 21, 22, 23, 24, 25]  Q:5 M:5 F:5
  8838. [3, 5, 9, 10, 11, 12, 13, 16, 17, 20, 21, 22, 23, 24, 25]  Q:5 M:5 F:5
  8839. [3, 5, 8, 9, 10, 11, 12, 13, 17, 18, 20, 21, 22, 23, 24]  Q:5 M:5 F:5
  8840. [3, 5, 8, 9, 10, 11, 12, 13, 17, 18, 20, 21, 22, 23, 25]  Q:5 M:5 F:5
  8841. [3, 5, 8, 9, 10, 11, 12, 13, 17, 18, 20, 21, 23, 24, 25]  Q:5 M:5 F:5
  8842. [3, 5, 8, 9, 10, 11, 12, 13, 18, 20, 21, 22, 23, 24, 25]  Q:5 M:5 F:5
  8843. [3, 5, 8, 9, 10, 11, 13, 17, 18, 20, 21, 22, 23, 24, 25]  Q:5 M:5 F:5
  8844. [3, 5, 9, 10, 11, 12, 13, 17, 18, 20, 21, 22, 23, 24, 25]  Q:5 M:5 F:5
  8845. [3, 5, 8, 9, 10, 11, 12, 13, 17, 19, 20, 21, 22, 23, 24]  Q:5 M:5 F:5
  8846. [3, 5, 8, 9, 10, 11, 12, 13, 17, 19, 20, 21, 22, 23, 25]  Q:5 M:5 F:5
  8847. [3, 5, 8, 9, 10, 11, 12, 13, 17, 19, 20, 21, 23, 24, 25]  Q:5 M:5 F:5
  8848. [3, 5, 8, 9, 10, 11, 12, 13, 19, 20, 21, 22, 23, 24, 25]  Q:5 M:5 F:5
  8849. [3, 5, 8, 9, 10, 11, 13, 17, 19, 20, 21, 22, 23, 24, 25]  Q:5 M:5 F:5
  8850. [3, 5, 9, 10, 11, 12, 13, 17, 19, 20, 21, 22, 23, 24, 25]  Q:5 M:5 F:5
  8851. [3, 5, 8, 9, 10, 11, 12, 14, 15, 17, 20, 21, 22, 23, 24]  Q:5 M:5 F:5
  8852. [3, 5, 8, 9, 10, 11, 12, 14, 15, 17, 20, 21, 22, 23, 25]  Q:5 M:5 F:5
  8853. [3, 5, 8, 9, 10, 11, 12, 14, 15, 17, 20, 21, 23, 24, 25]  Q:5 M:5 F:5
  8854. [3, 5, 8, 9, 10, 11, 12, 14, 15, 20, 21, 22, 23, 24, 25]  Q:5 M:5 F:5
  8855. [3, 5, 8, 9, 10, 11, 14, 15, 17, 20, 21, 22, 23, 24, 25]  Q:5 M:5 F:5
  8856. [3, 5, 9, 10, 11, 12, 14, 15, 17, 20, 21, 22, 23, 24, 25]  Q:5 M:5 F:5
  8857. [3, 5, 8, 9, 10, 11, 12, 14, 16, 17, 20, 21, 22, 23, 24]  Q:5 M:5 F:5
  8858. [3, 5, 8, 9, 10, 11, 12, 14, 16, 17, 20, 21, 22, 23, 25]  Q:5 M:5 F:5
  8859. [3, 5, 8, 9, 10, 11, 12, 14, 16, 17, 20, 21, 23, 24, 25]  Q:5 M:5 F:5
  8860. [3, 5, 8, 9, 10, 11, 12, 14, 16, 20, 21, 22, 23, 24, 25]  Q:5 M:5 F:5
  8861. [3, 5, 8, 9, 10, 11, 14, 16, 17, 20, 21, 22, 23, 24, 25]  Q:5 M:5 F:5
  8862. [3, 5, 9, 10, 11, 12, 14, 16, 17, 20, 21, 22, 23, 24, 25]  Q:5 M:5 F:5
  8863. [3, 5, 8, 9, 10, 11, 12, 14, 17, 18, 20, 21, 22, 23, 24]  Q:5 M:5 F:5
  8864. [3, 5, 8, 9, 10, 11, 12, 14, 17, 18, 20, 21, 22, 23, 25]  Q:5 M:5 F:5
  8865. [3, 5, 8, 9, 10, 11, 12, 14, 17, 18, 20, 21, 23, 24, 25]  Q:5 M:5 F:5
  8866. [3, 5, 8, 9, 10, 11, 12, 14, 18, 20, 21, 22, 23, 24, 25]  Q:5 M:5 F:5
  8867. [3, 5, 8, 9, 10, 11, 14, 17, 18, 20, 21, 22, 23, 24, 25]  Q:5 M:5 F:5
  8868. [3, 5, 9, 10, 11, 12, 14, 17, 18, 20, 21, 22, 23, 24, 25]  Q:5 M:5 F:5
  8869. [3, 5, 8, 9, 10, 11, 12, 14, 17, 19, 20, 21, 22, 23, 24]  Q:5 M:5 F:5
  8870. [3, 5, 8, 9, 10, 11, 12, 14, 17, 19, 20, 21, 22, 23, 25]  Q:5 M:5 F:5
  8871. [3, 5, 8, 9, 10, 11, 12, 14, 17, 19, 20, 21, 23, 24, 25]  Q:5 M:5 F:5
  8872. [3, 5, 8, 9, 10, 11, 12, 14, 19, 20, 21, 22, 23, 24, 25]  Q:5 M:5 F:5
  8873. [3, 5, 8, 9, 10, 11, 14, 17, 19, 20, 21, 22, 23, 24, 25]  Q:5 M:5 F:5
  8874. [3, 5, 9, 10, 11, 12, 14, 17, 19, 20, 21, 22, 23, 24, 25]  Q:5 M:5 F:5
  8875. [3, 5, 8, 9, 10, 11, 12, 15, 16, 17, 20, 21, 22, 23, 24]  Q:5 M:5 F:5
  8876. [3, 5, 8, 9, 10, 11, 12, 15, 16, 17, 20, 21, 22, 23, 25]  Q:5 M:5 F:5
  8877. [3, 5, 8, 9, 10, 11, 12, 15, 16, 17, 20, 21, 23, 24, 25]  Q:5 M:5 F:5
  8878. [3, 5, 8, 9, 10, 11, 12, 15, 16, 20, 21, 22, 23, 24, 25]  Q:5 M:5 F:5
  8879. [3, 5, 8, 9, 10, 11, 15, 16, 17, 20, 21, 22, 23, 24, 25]  Q:5 M:5 F:5
  8880. [3, 5, 9, 10, 11, 12, 15, 16, 17, 20, 21, 22, 23, 24, 25]  Q:5 M:5 F:5
  8881. [3, 5, 8, 9, 10, 11, 12, 15, 17, 18, 20, 21, 22, 23, 24]  Q:5 M:5 F:5
  8882. [3, 5, 8, 9, 10, 11, 12, 15, 17, 18, 20, 21, 22, 23, 25]  Q:5 M:5 F:5
  8883. [3, 5, 8, 9, 10, 11, 12, 15, 17, 18, 20, 21, 23, 24, 25]  Q:5 M:5 F:5
  8884. [3, 5, 8, 9, 10, 11, 12, 15, 18, 20, 21, 22, 23, 24, 25]  Q:5 M:5 F:5
  8885. [3, 5, 8, 9, 10, 11, 15, 17, 18, 20, 21, 22, 23, 24, 25]  Q:5 M:5 F:5
  8886. [3, 5, 9, 10, 11, 12, 15, 17, 18, 20, 21, 22, 23, 24, 25]  Q:5 M:5 F:5
  8887. [3, 5, 8, 9, 10, 11, 12, 15, 17, 19, 20, 21, 22, 23, 24]  Q:5 M:5 F:5
  8888. [3, 5, 8, 9, 10, 11, 12, 15, 17, 19, 20, 21, 22, 23, 25]  Q:5 M:5 F:5
  8889. [3, 5, 8, 9, 10, 11, 12, 15, 17, 19, 20, 21, 23, 24, 25]  Q:5 M:5 F:5
  8890. [3, 5, 8, 9, 10, 11, 12, 15, 19, 20, 21, 22, 23, 24, 25]  Q:5 M:5 F:5
  8891. [3, 5, 8, 9, 10, 11, 15, 17, 19, 20, 21, 22, 23, 24, 25]  Q:5 M:5 F:5
  8892. [3, 5, 9, 10, 11, 12, 15, 17, 19, 20, 21, 22, 23, 24, 25]  Q:5 M:5 F:5
  8893. [3, 5, 8, 9, 10, 11, 12, 16, 17, 18, 20, 21, 22, 23, 24]  Q:5 M:5 F:5
  8894. [3, 5, 8, 9, 10, 11, 12, 16, 17, 18, 20, 21, 22, 23, 25]  Q:5 M:5 F:5
  8895. [3, 5, 8, 9, 10, 11, 12, 16, 17, 18, 20, 21, 23, 24, 25]  Q:5 M:5 F:5
  8896. [3, 5, 8, 9, 10, 11, 12, 16, 18, 20, 21, 22, 23, 24, 25]  Q:5 M:5 F:5
  8897. [3, 5, 8, 9, 10, 11, 16, 17, 18, 20, 21, 22, 23, 24, 25]  Q:5 M:5 F:5
  8898. [3, 5, 9, 10, 11, 12, 16, 17, 18, 20, 21, 22, 23, 24, 25]  Q:5 M:5 F:5
  8899. [3, 5, 8, 9, 10, 11, 12, 16, 17, 19, 20, 21, 22, 23, 24]  Q:5 M:5 F:5
  8900. [3, 5, 8, 9, 10, 11, 12, 16, 17, 19, 20, 21, 22, 23, 25]  Q:5 M:5 F:5
  8901. [3, 5, 8, 9, 10, 11, 12, 16, 17, 19, 20, 21, 23, 24, 25]  Q:5 M:5 F:5
  8902. [3, 5, 8, 9, 10, 11, 12, 16, 19, 20, 21, 22, 23, 24, 25]  Q:5 M:5 F:5
  8903. [3, 5, 8, 9, 10, 11, 16, 17, 19, 20, 21, 22, 23, 24, 25]  Q:5 M:5 F:5
  8904. [3, 5, 9, 10, 11, 12, 16, 17, 19, 20, 21, 22, 23, 24, 25]  Q:5 M:5 F:5
  8905. [3, 5, 8, 9, 10, 11, 12, 17, 18, 19, 20, 21, 22, 23, 24]  Q:5 M:5 F:5
  8906. [3, 5, 8, 9, 10, 11, 12, 17, 18, 19, 20, 21, 22, 23, 25]  Q:5 M:5 F:5
  8907. [3, 5, 8, 9, 10, 11, 12, 17, 18, 19, 20, 21, 23, 24, 25]  Q:5 M:5 F:5
  8908. [3, 5, 8, 9, 10, 11, 12, 18, 19, 20, 21, 22, 23, 24, 25]  Q:5 M:5 F:5
  8909. [3, 5, 8, 9, 10, 11, 17, 18, 19, 20, 21, 22, 23, 24, 25]  Q:5 M:5 F:5
  8910. [3, 5, 9, 10, 11, 12, 17, 18, 19, 20, 21, 22, 23, 24, 25]  Q:5 M:5 F:5
  8911. [3, 5, 8, 9, 10, 12, 13, 14, 15, 17, 20, 21, 22, 23, 24]  Q:5 M:5 F:5
  8912. [3, 5, 8, 9, 10, 12, 13, 14, 15, 17, 20, 21, 22, 23, 25]  Q:5 M:5 F:5
  8913. [3, 5, 8, 9, 10, 12, 13, 14, 15, 17, 20, 21, 23, 24, 25]  Q:5 M:5 F:5
  8914. [3, 5, 8, 9, 10, 12, 13, 14, 15, 20, 21, 22, 23, 24, 25]  Q:5 M:5 F:5
  8915. [3, 5, 8, 9, 10, 13, 14, 15, 17, 20, 21, 22, 23, 24, 25]  Q:5 M:5 F:5
  8916. [3, 5, 9, 10, 12, 13, 14, 15, 17, 20, 21, 22, 23, 24, 25]  Q:5 M:5 F:5
  8917. [3, 5, 8, 9, 10, 12, 13, 14, 16, 17, 20, 21, 22, 23, 24]  Q:5 M:5 F:5
  8918. [3, 5, 8, 9, 10, 12, 13, 14, 16, 17, 20, 21, 22, 23, 25]  Q:5 M:5 F:5
  8919. [3, 5, 8, 9, 10, 12, 13, 14, 16, 17, 20, 21, 23, 24, 25]  Q:5 M:5 F:5
  8920. [3, 5, 8, 9, 10, 12, 13, 14, 16, 20, 21, 22, 23, 24, 25]  Q:5 M:5 F:5
  8921. [3, 5, 8, 9, 10, 13, 14, 16, 17, 20, 21, 22, 23, 24, 25]  Q:5 M:5 F:5
  8922. [3, 5, 9, 10, 12, 13, 14, 16, 17, 20, 21, 22, 23, 24, 25]  Q:5 M:5 F:5
  8923. [3, 5, 8, 9, 10, 12, 13, 14, 17, 18, 20, 21, 22, 23, 24]  Q:5 M:5 F:5
  8924. [3, 5, 8, 9, 10, 12, 13, 14, 17, 18, 20, 21, 22, 23, 25]  Q:5 M:5 F:5
  8925. [3, 5, 8, 9, 10, 12, 13, 14, 17, 18, 20, 21, 23, 24, 25]  Q:5 M:5 F:5
  8926. [3, 5, 8, 9, 10, 12, 13, 14, 18, 20, 21, 22, 23, 24, 25]  Q:5 M:5 F:5
  8927. [3, 5, 8, 9, 10, 13, 14, 17, 18, 20, 21, 22, 23, 24, 25]  Q:5 M:5 F:5
  8928. [3, 5, 9, 10, 12, 13, 14, 17, 18, 20, 21, 22, 23, 24, 25]  Q:5 M:5 F:5
  8929. [3, 5, 8, 9, 10, 12, 13, 14, 17, 19, 20, 21, 22, 23, 24]  Q:5 M:5 F:5
  8930. [3, 5, 8, 9, 10, 12, 13, 14, 17, 19, 20, 21, 22, 23, 25]  Q:5 M:5 F:5
  8931. [3, 5, 8, 9, 10, 12, 13, 14, 17, 19, 20, 21, 23, 24, 25]  Q:5 M:5 F:5
  8932. [3, 5, 8, 9, 10, 12, 13, 14, 19, 20, 21, 22, 23, 24, 25]  Q:5 M:5 F:5
  8933. [3, 5, 8, 9, 10, 13, 14, 17, 19, 20, 21, 22, 23, 24, 25]  Q:5 M:5 F:5
  8934. [3, 5, 9, 10, 12, 13, 14, 17, 19, 20, 21, 22, 23, 24, 25]  Q:5 M:5 F:5
  8935. [3, 5, 8, 9, 10, 12, 13, 15, 16, 17, 20, 21, 22, 23, 24]  Q:5 M:5 F:5
  8936. [3, 5, 8, 9, 10, 12, 13, 15, 16, 17, 20, 21, 22, 23, 25]  Q:5 M:5 F:5
  8937. [3, 5, 8, 9, 10, 12, 13, 15, 16, 17, 20, 21, 23, 24, 25]  Q:5 M:5 F:5
  8938. [3, 5, 8, 9, 10, 12, 13, 15, 16, 20, 21, 22, 23, 24, 25]  Q:5 M:5 F:5
  8939. [3, 5, 8, 9, 10, 13, 15, 16, 17, 20, 21, 22, 23, 24, 25]  Q:5 M:5 F:5
  8940. [3, 5, 9, 10, 12, 13, 15, 16, 17, 20, 21, 22, 23, 24, 25]  Q:5 M:5 F:5
  8941. [3, 5, 8, 9, 10, 12, 13, 15, 17, 18, 20, 21, 22, 23, 24]  Q:5 M:5 F:5
  8942. [3, 5, 8, 9, 10, 12, 13, 15, 17, 18, 20, 21, 22, 23, 25]  Q:5 M:5 F:5
  8943. [3, 5, 8, 9, 10, 12, 13, 15, 17, 18, 20, 21, 23, 24, 25]  Q:5 M:5 F:5
  8944. [3, 5, 8, 9, 10, 12, 13, 15, 18, 20, 21, 22, 23, 24, 25]  Q:5 M:5 F:5
  8945. [3, 5, 8, 9, 10, 13, 15, 17, 18, 20, 21, 22, 23, 24, 25]  Q:5 M:5 F:5
  8946. [3, 5, 9, 10, 12, 13, 15, 17, 18, 20, 21, 22, 23, 24, 25]  Q:5 M:5 F:5
  8947. [3, 5, 8, 9, 10, 12, 13, 15, 17, 19, 20, 21, 22, 23, 24]  Q:5 M:5 F:5
  8948. [3, 5, 8, 9, 10, 12, 13, 15, 17, 19, 20, 21, 22, 23, 25]  Q:5 M:5 F:5
  8949. [3, 5, 8, 9, 10, 12, 13, 15, 17, 19, 20, 21, 23, 24, 25]  Q:5 M:5 F:5
  8950. [3, 5, 8, 9, 10, 12, 13, 15, 19, 20, 21, 22, 23, 24, 25]  Q:5 M:5 F:5
  8951. [3, 5, 8, 9, 10, 13, 15, 17, 19, 20, 21, 22, 23, 24, 25]  Q:5 M:5 F:5
  8952. [3, 5, 9, 10, 12, 13, 15, 17, 19, 20, 21, 22, 23, 24, 25]  Q:5 M:5 F:5
  8953. [3, 5, 8, 9, 10, 12, 13, 16, 17, 18, 20, 21, 22, 23, 24]  Q:5 M:5 F:5
  8954. [3, 5, 8, 9, 10, 12, 13, 16, 17, 18, 20, 21, 22, 23, 25]  Q:5 M:5 F:5
  8955. [3, 5, 8, 9, 10, 12, 13, 16, 17, 18, 20, 21, 23, 24, 25]  Q:5 M:5 F:5
  8956. [3, 5, 8, 9, 10, 12, 13, 16, 18, 20, 21, 22, 23, 24, 25]  Q:5 M:5 F:5
  8957. [3, 5, 8, 9, 10, 13, 16, 17, 18, 20, 21, 22, 23, 24, 25]  Q:5 M:5 F:5
  8958. [3, 5, 9, 10, 12, 13, 16, 17, 18, 20, 21, 22, 23, 24, 25]  Q:5 M:5 F:5
  8959. [3, 5, 8, 9, 10, 12, 13, 16, 17, 19, 20, 21, 22, 23, 24]  Q:5 M:5 F:5
  8960. [3, 5, 8, 9, 10, 12, 13, 16, 17, 19, 20, 21, 22, 23, 25]  Q:5 M:5 F:5
  8961. [3, 5, 8, 9, 10, 12, 13, 16, 17, 19, 20, 21, 23, 24, 25]  Q:5 M:5 F:5
  8962. [3, 5, 8, 9, 10, 12, 13, 16, 19, 20, 21, 22, 23, 24, 25]  Q:5 M:5 F:5
  8963. [3, 5, 8, 9, 10, 13, 16, 17, 19, 20, 21, 22, 23, 24, 25]  Q:5 M:5 F:5
  8964. [3, 5, 9, 10, 12, 13, 16, 17, 19, 20, 21, 22, 23, 24, 25]  Q:5 M:5 F:5
  8965. [3, 5, 8, 9, 10, 12, 13, 17, 18, 19, 20, 21, 22, 23, 24]  Q:5 M:5 F:5
  8966. [3, 5, 8, 9, 10, 12, 13, 17, 18, 19, 20, 21, 22, 23, 25]  Q:5 M:5 F:5
  8967. [3, 5, 8, 9, 10, 12, 13, 17, 18, 19, 20, 21, 23, 24, 25]  Q:5 M:5 F:5
  8968. [3, 5, 8, 9, 10, 12, 13, 18, 19, 20, 21, 22, 23, 24, 25]  Q:5 M:5 F:5
  8969. [3, 5, 8, 9, 10, 13, 17, 18, 19, 20, 21, 22, 23, 24, 25]  Q:5 M:5 F:5
  8970. [3, 5, 9, 10, 12, 13, 17, 18, 19, 20, 21, 22, 23, 24, 25]  Q:5 M:5 F:5
  8971. [3, 5, 8, 9, 10, 12, 14, 15, 16, 17, 20, 21, 22, 23, 24]  Q:5 M:5 F:5
  8972. [3, 5, 8, 9, 10, 12, 14, 15, 16, 17, 20, 21, 22, 23, 25]  Q:5 M:5 F:5
  8973. [3, 5, 8, 9, 10, 12, 14, 15, 16, 17, 20, 21, 23, 24, 25]  Q:5 M:5 F:5
  8974. [3, 5, 8, 9, 10, 12, 14, 15, 16, 20, 21, 22, 23, 24, 25]  Q:5 M:5 F:5
  8975. [3, 5, 8, 9, 10, 14, 15, 16, 17, 20, 21, 22, 23, 24, 25]  Q:5 M:5 F:5
  8976. [3, 5, 9, 10, 12, 14, 15, 16, 17, 20, 21, 22, 23, 24, 25]  Q:5 M:5 F:5
  8977. [3, 5, 8, 9, 10, 12, 14, 15, 17, 18, 20, 21, 22, 23, 24]  Q:5 M:5 F:5
  8978. [3, 5, 8, 9, 10, 12, 14, 15, 17, 18, 20, 21, 22, 23, 25]  Q:5 M:5 F:5
  8979. [3, 5, 8, 9, 10, 12, 14, 15, 17, 18, 20, 21, 23, 24, 25]  Q:5 M:5 F:5
  8980. [3, 5, 8, 9, 10, 12, 14, 15, 18, 20, 21, 22, 23, 24, 25]  Q:5 M:5 F:5
  8981. [3, 5, 8, 9, 10, 14, 15, 17, 18, 20, 21, 22, 23, 24, 25]  Q:5 M:5 F:5
  8982. [3, 5, 9, 10, 12, 14, 15, 17, 18, 20, 21, 22, 23, 24, 25]  Q:5 M:5 F:5
  8983. [3, 5, 8, 9, 10, 12, 14, 15, 17, 19, 20, 21, 22, 23, 24]  Q:5 M:5 F:5
  8984. [3, 5, 8, 9, 10, 12, 14, 15, 17, 19, 20, 21, 22, 23, 25]  Q:5 M:5 F:5
  8985. [3, 5, 8, 9, 10, 12, 14, 15, 17, 19, 20, 21, 23, 24, 25]  Q:5 M:5 F:5
  8986. [3, 5, 8, 9, 10, 12, 14, 15, 19, 20, 21, 22, 23, 24, 25]  Q:5 M:5 F:5
  8987. [3, 5, 8, 9, 10, 14, 15, 17, 19, 20, 21, 22, 23, 24, 25]  Q:5 M:5 F:5
  8988. [3, 5, 9, 10, 12, 14, 15, 17, 19, 20, 21, 22, 23, 24, 25]  Q:5 M:5 F:5
  8989. [3, 5, 8, 9, 10, 12, 14, 16, 17, 18, 20, 21, 22, 23, 24]  Q:5 M:5 F:5
  8990. [3, 5, 8, 9, 10, 12, 14, 16, 17, 18, 20, 21, 22, 23, 25]  Q:5 M:5 F:5
  8991. [3, 5, 8, 9, 10, 12, 14, 16, 17, 18, 20, 21, 23, 24, 25]  Q:5 M:5 F:5
  8992. [3, 5, 8, 9, 10, 12, 14, 16, 18, 20, 21, 22, 23, 24, 25]  Q:5 M:5 F:5
  8993. [3, 5, 8, 9, 10, 14, 16, 17, 18, 20, 21, 22, 23, 24, 25]  Q:5 M:5 F:5
  8994. [3, 5, 9, 10, 12, 14, 16, 17, 18, 20, 21, 22, 23, 24, 25]  Q:5 M:5 F:5
  8995. [3, 5, 8, 9, 10, 12, 14, 16, 17, 19, 20, 21, 22, 23, 24]  Q:5 M:5 F:5
  8996. [3, 5, 8, 9, 10, 12, 14, 16, 17, 19, 20, 21, 22, 23, 25]  Q:5 M:5 F:5
  8997. [3, 5, 8, 9, 10, 12, 14, 16, 17, 19, 20, 21, 23, 24, 25]  Q:5 M:5 F:5
  8998. [3, 5, 8, 9, 10, 12, 14, 16, 19, 20, 21, 22, 23, 24, 25]  Q:5 M:5 F:5
  8999. [3, 5, 8, 9, 10, 14, 16, 17, 19, 20, 21, 22, 23, 24, 25]  Q:5 M:5 F:5
  9000. [3, 5, 9, 10, 12, 14, 16, 17, 19, 20, 21, 22, 23, 24, 25]  Q:5 M:5 F:5
  9001. [3, 5, 8, 9, 10, 12, 14, 17, 18, 19, 20, 21, 22, 23, 24]  Q:5 M:5 F:5
  9002. [3, 5, 8, 9, 10, 12, 14, 17, 18, 19, 20, 21, 22, 23, 25]  Q:5 M:5 F:5
  9003. [3, 5, 8, 9, 10, 12, 14, 17, 18, 19, 20, 21, 23, 24, 25]  Q:5 M:5 F:5
  9004. [3, 5, 8, 9, 10, 12, 14, 18, 19, 20, 21, 22, 23, 24, 25]  Q:5 M:5 F:5
  9005. [3, 5, 8, 9, 10, 14, 17, 18, 19, 20, 21, 22, 23, 24, 25]  Q:5 M:5 F:5
  9006. [3, 5, 9, 10, 12, 14, 17, 18, 19, 20, 21, 22, 23, 24, 25]  Q:5 M:5 F:5
  9007. [3, 5, 8, 9, 10, 12, 15, 16, 17, 18, 20, 21, 22, 23, 24]  Q:5 M:5 F:5
  9008. [3, 5, 8, 9, 10, 12, 15, 16, 17, 18, 20, 21, 22, 23, 25]  Q:5 M:5 F:5
  9009. [3, 5, 8, 9, 10, 12, 15, 16, 17, 18, 20, 21, 23, 24, 25]  Q:5 M:5 F:5
  9010. [3, 5, 8, 9, 10, 12, 15, 16, 18, 20, 21, 22, 23, 24, 25]  Q:5 M:5 F:5
  9011. [3, 5, 8, 9, 10, 15, 16, 17, 18, 20, 21, 22, 23, 24, 25]  Q:5 M:5 F:5
  9012. [3, 5, 9, 10, 12, 15, 16, 17, 18, 20, 21, 22, 23, 24, 25]  Q:5 M:5 F:5
  9013. [3, 5, 8, 9, 10, 12, 15, 16, 17, 19, 20, 21, 22, 23, 24]  Q:5 M:5 F:5
  9014. [3, 5, 8, 9, 10, 12, 15, 16, 17, 19, 20, 21, 22, 23, 25]  Q:5 M:5 F:5
  9015. [3, 5, 8, 9, 10, 12, 15, 16, 17, 19, 20, 21, 23, 24, 25]  Q:5 M:5 F:5
  9016. [3, 5, 8, 9, 10, 12, 15, 16, 19, 20, 21, 22, 23, 24, 25]  Q:5 M:5 F:5
  9017. [3, 5, 8, 9, 10, 15, 16, 17, 19, 20, 21, 22, 23, 24, 25]  Q:5 M:5 F:5
  9018. [3, 5, 9, 10, 12, 15, 16, 17, 19, 20, 21, 22, 23, 24, 25]  Q:5 M:5 F:5
  9019. [3, 5, 8, 9, 10, 12, 15, 17, 18, 19, 20, 21, 22, 23, 24]  Q:5 M:5 F:5
  9020. [3, 5, 8, 9, 10, 12, 15, 17, 18, 19, 20, 21, 22, 23, 25]  Q:5 M:5 F:5
  9021. [3, 5, 8, 9, 10, 12, 15, 17, 18, 19, 20, 21, 23, 24, 25]  Q:5 M:5 F:5
  9022. [3, 5, 8, 9, 10, 12, 15, 18, 19, 20, 21, 22, 23, 24, 25]  Q:5 M:5 F:5
  9023. [3, 5, 8, 9, 10, 15, 17, 18, 19, 20, 21, 22, 23, 24, 25]  Q:5 M:5 F:5
  9024. [3, 5, 9, 10, 12, 15, 17, 18, 19, 20, 21, 22, 23, 24, 25]  Q:5 M:5 F:5
  9025. [3, 5, 8, 9, 10, 12, 16, 17, 18, 19, 20, 21, 22, 23, 24]  Q:5 M:5 F:5
  9026. [3, 5, 8, 9, 10, 12, 16, 17, 18, 19, 20, 21, 22, 23, 25]  Q:5 M:5 F:5
  9027. [3, 5, 8, 9, 10, 12, 16, 17, 18, 19, 20, 21, 23, 24, 25]  Q:5 M:5 F:5
  9028. [3, 5, 8, 9, 10, 12, 16, 18, 19, 20, 21, 22, 23, 24, 25]  Q:5 M:5 F:5
  9029. [3, 5, 8, 9, 10, 16, 17, 18, 19, 20, 21, 22, 23, 24, 25]  Q:5 M:5 F:5
  9030. [3, 5, 9, 10, 12, 16, 17, 18, 19, 20, 21, 22, 23, 24, 25]  Q:5 M:5 F:5
  9031. [3, 5, 8, 10, 11, 12, 13, 14, 15, 17, 20, 21, 22, 23, 24]  Q:5 M:5 F:5
  9032. [3, 5, 8, 10, 11, 12, 13, 14, 15, 17, 20, 21, 22, 23, 25]  Q:5 M:5 F:5
  9033. [3, 5, 8, 10, 11, 12, 13, 14, 15, 17, 20, 21, 23, 24, 25]  Q:5 M:5 F:5
  9034. [3, 5, 8, 10, 11, 12, 13, 14, 15, 20, 21, 22, 23, 24, 25]  Q:5 M:5 F:5
  9035. [3, 5, 8, 10, 11, 13, 14, 15, 17, 20, 21, 22, 23, 24, 25]  Q:5 M:5 F:5
  9036. [3, 5, 10, 11, 12, 13, 14, 15, 17, 20, 21, 22, 23, 24, 25]  Q:5 M:5 F:5
  9037. [3, 5, 8, 10, 11, 12, 13, 14, 16, 17, 20, 21, 22, 23, 24]  Q:5 M:5 F:5
  9038. [3, 5, 8, 10, 11, 12, 13, 14, 16, 17, 20, 21, 22, 23, 25]  Q:5 M:5 F:5
  9039. [3, 5, 8, 10, 11, 12, 13, 14, 16, 17, 20, 21, 23, 24, 25]  Q:5 M:5 F:5
  9040. [3, 5, 8, 10, 11, 12, 13, 14, 16, 20, 21, 22, 23, 24, 25]  Q:5 M:5 F:5
  9041. [3, 5, 8, 10, 11, 13, 14, 16, 17, 20, 21, 22, 23, 24, 25]  Q:5 M:5 F:5
  9042. [3, 5, 10, 11, 12, 13, 14, 16, 17, 20, 21, 22, 23, 24, 25]  Q:5 M:5 F:5
  9043. [3, 5, 8, 10, 11, 12, 13, 14, 17, 18, 20, 21, 22, 23, 24]  Q:5 M:5 F:5
  9044. [3, 5, 8, 10, 11, 12, 13, 14, 17, 18, 20, 21, 22, 23, 25]  Q:5 M:5 F:5
  9045. [3, 5, 8, 10, 11, 12, 13, 14, 17, 18, 20, 21, 23, 24, 25]  Q:5 M:5 F:5
  9046. [3, 5, 8, 10, 11, 12, 13, 14, 18, 20, 21, 22, 23, 24, 25]  Q:5 M:5 F:5
  9047. [3, 5, 8, 10, 11, 13, 14, 17, 18, 20, 21, 22, 23, 24, 25]  Q:5 M:5 F:5
  9048. [3, 5, 10, 11, 12, 13, 14, 17, 18, 20, 21, 22, 23, 24, 25]  Q:5 M:5 F:5
  9049. [3, 5, 8, 10, 11, 12, 13, 14, 17, 19, 20, 21, 22, 23, 24]  Q:5 M:5 F:5
  9050. [3, 5, 8, 10, 11, 12, 13, 14, 17, 19, 20, 21, 22, 23, 25]  Q:5 M:5 F:5
  9051. [3, 5, 8, 10, 11, 12, 13, 14, 17, 19, 20, 21, 23, 24, 25]  Q:5 M:5 F:5
  9052. [3, 5, 8, 10, 11, 12, 13, 14, 19, 20, 21, 22, 23, 24, 25]  Q:5 M:5 F:5
  9053. [3, 5, 8, 10, 11, 13, 14, 17, 19, 20, 21, 22, 23, 24, 25]  Q:5 M:5 F:5
  9054. [3, 5, 10, 11, 12, 13, 14, 17, 19, 20, 21, 22, 23, 24, 25]  Q:5 M:5 F:5
  9055. [3, 5, 8, 10, 11, 12, 13, 15, 16, 17, 20, 21, 22, 23, 24]  Q:5 M:5 F:5
  9056. [3, 5, 8, 10, 11, 12, 13, 15, 16, 17, 20, 21, 22, 23, 25]  Q:5 M:5 F:5
  9057. [3, 5, 8, 10, 11, 12, 13, 15, 16, 17, 20, 21, 23, 24, 25]  Q:5 M:5 F:5
  9058. [3, 5, 8, 10, 11, 12, 13, 15, 16, 20, 21, 22, 23, 24, 25]  Q:5 M:5 F:5
  9059. [3, 5, 8, 10, 11, 13, 15, 16, 17, 20, 21, 22, 23, 24, 25]  Q:5 M:5 F:5
  9060. [3, 5, 10, 11, 12, 13, 15, 16, 17, 20, 21, 22, 23, 24, 25]  Q:5 M:5 F:5
  9061. [3, 5, 8, 10, 11, 12, 13, 15, 17, 18, 20, 21, 22, 23, 24]  Q:5 M:5 F:5
  9062. [3, 5, 8, 10, 11, 12, 13, 15, 17, 18, 20, 21, 22, 23, 25]  Q:5 M:5 F:5
  9063. [3, 5, 8, 10, 11, 12, 13, 15, 17, 18, 20, 21, 23, 24, 25]  Q:5 M:5 F:5
  9064. [3, 5, 8, 10, 11, 12, 13, 15, 18, 20, 21, 22, 23, 24, 25]  Q:5 M:5 F:5
  9065. [3, 5, 8, 10, 11, 13, 15, 17, 18, 20, 21, 22, 23, 24, 25]  Q:5 M:5 F:5
  9066. [3, 5, 10, 11, 12, 13, 15, 17, 18, 20, 21, 22, 23, 24, 25]  Q:5 M:5 F:5
  9067. [3, 5, 8, 10, 11, 12, 13, 15, 17, 19, 20, 21, 22, 23, 24]  Q:5 M:5 F:5
  9068. [3, 5, 8, 10, 11, 12, 13, 15, 17, 19, 20, 21, 22, 23, 25]  Q:5 M:5 F:5
  9069. [3, 5, 8, 10, 11, 12, 13, 15, 17, 19, 20, 21, 23, 24, 25]  Q:5 M:5 F:5
  9070. [3, 5, 8, 10, 11, 12, 13, 15, 19, 20, 21, 22, 23, 24, 25]  Q:5 M:5 F:5
  9071. [3, 5, 8, 10, 11, 13, 15, 17, 19, 20, 21, 22, 23, 24, 25]  Q:5 M:5 F:5
  9072. [3, 5, 10, 11, 12, 13, 15, 17, 19, 20, 21, 22, 23, 24, 25]  Q:5 M:5 F:5
  9073. [3, 5, 8, 10, 11, 12, 13, 16, 17, 18, 20, 21, 22, 23, 24]  Q:5 M:5 F:5
  9074. [3, 5, 8, 10, 11, 12, 13, 16, 17, 18, 20, 21, 22, 23, 25]  Q:5 M:5 F:5
  9075. [3, 5, 8, 10, 11, 12, 13, 16, 17, 18, 20, 21, 23, 24, 25]  Q:5 M:5 F:5
  9076. [3, 5, 8, 10, 11, 12, 13, 16, 18, 20, 21, 22, 23, 24, 25]  Q:5 M:5 F:5
  9077. [3, 5, 8, 10, 11, 13, 16, 17, 18, 20, 21, 22, 23, 24, 25]  Q:5 M:5 F:5
  9078. [3, 5, 10, 11, 12, 13, 16, 17, 18, 20, 21, 22, 23, 24, 25]  Q:5 M:5 F:5
  9079. [3, 5, 8, 10, 11, 12, 13, 16, 17, 19, 20, 21, 22, 23, 24]  Q:5 M:5 F:5
  9080. [3, 5, 8, 10, 11, 12, 13, 16, 17, 19, 20, 21, 22, 23, 25]  Q:5 M:5 F:5
  9081. [3, 5, 8, 10, 11, 12, 13, 16, 17, 19, 20, 21, 23, 24, 25]  Q:5 M:5 F:5
  9082. [3, 5, 8, 10, 11, 12, 13, 16, 19, 20, 21, 22, 23, 24, 25]  Q:5 M:5 F:5
  9083. [3, 5, 8, 10, 11, 13, 16, 17, 19, 20, 21, 22, 23, 24, 25]  Q:5 M:5 F:5
  9084. [3, 5, 10, 11, 12, 13, 16, 17, 19, 20, 21, 22, 23, 24, 25]  Q:5 M:5 F:5
  9085. [3, 5, 8, 10, 11, 12, 13, 17, 18, 19, 20, 21, 22, 23, 24]  Q:5 M:5 F:5
  9086. [3, 5, 8, 10, 11, 12, 13, 17, 18, 19, 20, 21, 22, 23, 25]  Q:5 M:5 F:5
  9087. [3, 5, 8, 10, 11, 12, 13, 17, 18, 19, 20, 21, 23, 24, 25]  Q:5 M:5 F:5
  9088. [3, 5, 8, 10, 11, 12, 13, 18, 19, 20, 21, 22, 23, 24, 25]  Q:5 M:5 F:5
  9089. [3, 5, 8, 10, 11, 13, 17, 18, 19, 20, 21, 22, 23, 24, 25]  Q:5 M:5 F:5
  9090. [3, 5, 10, 11, 12, 13, 17, 18, 19, 20, 21, 22, 23, 24, 25]  Q:5 M:5 F:5
  9091. [3, 5, 8, 10, 11, 12, 14, 15, 16, 17, 20, 21, 22, 23, 24]  Q:5 M:5 F:5
  9092. [3, 5, 8, 10, 11, 12, 14, 15, 16, 17, 20, 21, 22, 23, 25]  Q:5 M:5 F:5
  9093. [3, 5, 8, 10, 11, 12, 14, 15, 16, 17, 20, 21, 23, 24, 25]  Q:5 M:5 F:5
  9094. [3, 5, 8, 10, 11, 12, 14, 15, 16, 20, 21, 22, 23, 24, 25]  Q:5 M:5 F:5
  9095. [3, 5, 8, 10, 11, 14, 15, 16, 17, 20, 21, 22, 23, 24, 25]  Q:5 M:5 F:5
  9096. [3, 5, 10, 11, 12, 14, 15, 16, 17, 20, 21, 22, 23, 24, 25]  Q:5 M:5 F:5
  9097. [3, 5, 8, 10, 11, 12, 14, 15, 17, 18, 20, 21, 22, 23, 24]  Q:5 M:5 F:5
  9098. [3, 5, 8, 10, 11, 12, 14, 15, 17, 18, 20, 21, 22, 23, 25]  Q:5 M:5 F:5
  9099. [3, 5, 8, 10, 11, 12, 14, 15, 17, 18, 20, 21, 23, 24, 25]  Q:5 M:5 F:5
  9100. [3, 5, 8, 10, 11, 12, 14, 15, 18, 20, 21, 22, 23, 24, 25]  Q:5 M:5 F:5
  9101. [3, 5, 8, 10, 11, 14, 15, 17, 18, 20, 21, 22, 23, 24, 25]  Q:5 M:5 F:5
  9102. [3, 5, 10, 11, 12, 14, 15, 17, 18, 20, 21, 22, 23, 24, 25]  Q:5 M:5 F:5
  9103. [3, 5, 8, 10, 11, 12, 14, 15, 17, 19, 20, 21, 22, 23, 24]  Q:5 M:5 F:5
  9104. [3, 5, 8, 10, 11, 12, 14, 15, 17, 19, 20, 21, 22, 23, 25]  Q:5 M:5 F:5
  9105. [3, 5, 8, 10, 11, 12, 14, 15, 17, 19, 20, 21, 23, 24, 25]  Q:5 M:5 F:5
  9106. [3, 5, 8, 10, 11, 12, 14, 15, 19, 20, 21, 22, 23, 24, 25]  Q:5 M:5 F:5
  9107. [3, 5, 8, 10, 11, 14, 15, 17, 19, 20, 21, 22, 23, 24, 25]  Q:5 M:5 F:5
  9108. [3, 5, 10, 11, 12, 14, 15, 17, 19, 20, 21, 22, 23, 24, 25]  Q:5 M:5 F:5
  9109. [3, 5, 8, 10, 11, 12, 14, 16, 17, 18, 20, 21, 22, 23, 24]  Q:5 M:5 F:5
  9110. [3, 5, 8, 10, 11, 12, 14, 16, 17, 18, 20, 21, 22, 23, 25]  Q:5 M:5 F:5
  9111. [3, 5, 8, 10, 11, 12, 14, 16, 17, 18, 20, 21, 23, 24, 25]  Q:5 M:5 F:5
  9112. [3, 5, 8, 10, 11, 12, 14, 16, 18, 20, 21, 22, 23, 24, 25]  Q:5 M:5 F:5
  9113. [3, 5, 8, 10, 11, 14, 16, 17, 18, 20, 21, 22, 23, 24, 25]  Q:5 M:5 F:5
  9114. [3, 5, 10, 11, 12, 14, 16, 17, 18, 20, 21, 22, 23, 24, 25]  Q:5 M:5 F:5
  9115. [3, 5, 8, 10, 11, 12, 14, 16, 17, 19, 20, 21, 22, 23, 24]  Q:5 M:5 F:5
  9116. [3, 5, 8, 10, 11, 12, 14, 16, 17, 19, 20, 21, 22, 23, 25]  Q:5 M:5 F:5
  9117. [3, 5, 8, 10, 11, 12, 14, 16, 17, 19, 20, 21, 23, 24, 25]  Q:5 M:5 F:5
  9118. [3, 5, 8, 10, 11, 12, 14, 16, 19, 20, 21, 22, 23, 24, 25]  Q:5 M:5 F:5
  9119. [3, 5, 8, 10, 11, 14, 16, 17, 19, 20, 21, 22, 23, 24, 25]  Q:5 M:5 F:5
  9120. [3, 5, 10, 11, 12, 14, 16, 17, 19, 20, 21, 22, 23, 24, 25]  Q:5 M:5 F:5
  9121. [3, 5, 8, 10, 11, 12, 14, 17, 18, 19, 20, 21, 22, 23, 24]  Q:5 M:5 F:5
  9122. [3, 5, 8, 10, 11, 12, 14, 17, 18, 19, 20, 21, 22, 23, 25]  Q:5 M:5 F:5
  9123. [3, 5, 8, 10, 11, 12, 14, 17, 18, 19, 20, 21, 23, 24, 25]  Q:5 M:5 F:5
  9124. [3, 5, 8, 10, 11, 12, 14, 18, 19, 20, 21, 22, 23, 24, 25]  Q:5 M:5 F:5
  9125. [3, 5, 8, 10, 11, 14, 17, 18, 19, 20, 21, 22, 23, 24, 25]  Q:5 M:5 F:5
  9126. [3, 5, 10, 11, 12, 14, 17, 18, 19, 20, 21, 22, 23, 24, 25]  Q:5 M:5 F:5
  9127. [3, 5, 8, 10, 11, 12, 15, 16, 17, 18, 20, 21, 22, 23, 24]  Q:5 M:5 F:5
  9128. [3, 5, 8, 10, 11, 12, 15, 16, 17, 18, 20, 21, 22, 23, 25]  Q:5 M:5 F:5
  9129. [3, 5, 8, 10, 11, 12, 15, 16, 17, 18, 20, 21, 23, 24, 25]  Q:5 M:5 F:5
  9130. [3, 5, 8, 10, 11, 12, 15, 16, 18, 20, 21, 22, 23, 24, 25]  Q:5 M:5 F:5
  9131. [3, 5, 8, 10, 11, 15, 16, 17, 18, 20, 21, 22, 23, 24, 25]  Q:5 M:5 F:5
  9132. [3, 5, 10, 11, 12, 15, 16, 17, 18, 20, 21, 22, 23, 24, 25]  Q:5 M:5 F:5
  9133. [3, 5, 8, 10, 11, 12, 15, 16, 17, 19, 20, 21, 22, 23, 24]  Q:5 M:5 F:5
  9134. [3, 5, 8, 10, 11, 12, 15, 16, 17, 19, 20, 21, 22, 23, 25]  Q:5 M:5 F:5
  9135. [3, 5, 8, 10, 11, 12, 15, 16, 17, 19, 20, 21, 23, 24, 25]  Q:5 M:5 F:5
  9136. [3, 5, 8, 10, 11, 12, 15, 16, 19, 20, 21, 22, 23, 24, 25]  Q:5 M:5 F:5
  9137. [3, 5, 8, 10, 11, 15, 16, 17, 19, 20, 21, 22, 23, 24, 25]  Q:5 M:5 F:5
  9138. [3, 5, 10, 11, 12, 15, 16, 17, 19, 20, 21, 22, 23, 24, 25]  Q:5 M:5 F:5
  9139. [3, 5, 8, 10, 11, 12, 15, 17, 18, 19, 20, 21, 22, 23, 24]  Q:5 M:5 F:5
  9140. [3, 5, 8, 10, 11, 12, 15, 17, 18, 19, 20, 21, 22, 23, 25]  Q:5 M:5 F:5
  9141. [3, 5, 8, 10, 11, 12, 15, 17, 18, 19, 20, 21, 23, 24, 25]  Q:5 M:5 F:5
  9142. [3, 5, 8, 10, 11, 12, 15, 18, 19, 20, 21, 22, 23, 24, 25]  Q:5 M:5 F:5
  9143. [3, 5, 8, 10, 11, 15, 17, 18, 19, 20, 21, 22, 23, 24, 25]  Q:5 M:5 F:5
  9144. [3, 5, 10, 11, 12, 15, 17, 18, 19, 20, 21, 22, 23, 24, 25]  Q:5 M:5 F:5
  9145. [3, 5, 8, 10, 11, 12, 16, 17, 18, 19, 20, 21, 22, 23, 24]  Q:5 M:5 F:5
  9146. [3, 5, 8, 10, 11, 12, 16, 17, 18, 19, 20, 21, 22, 23, 25]  Q:5 M:5 F:5
  9147. [3, 5, 8, 10, 11, 12, 16, 17, 18, 19, 20, 21, 23, 24, 25]  Q:5 M:5 F:5
  9148. [3, 5, 8, 10, 11, 12, 16, 18, 19, 20, 21, 22, 23, 24, 25]  Q:5 M:5 F:5
  9149. [3, 5, 8, 10, 11, 16, 17, 18, 19, 20, 21, 22, 23, 24, 25]  Q:5 M:5 F:5
  9150. [3, 5, 10, 11, 12, 16, 17, 18, 19, 20, 21, 22, 23, 24, 25]  Q:5 M:5 F:5
  9151. [3, 5, 8, 10, 12, 13, 14, 15, 16, 17, 20, 21, 22, 23, 24]  Q:5 M:5 F:5
  9152. [3, 5, 8, 10, 12, 13, 14, 15, 16, 17, 20, 21, 22, 23, 25]  Q:5 M:5 F:5
  9153. [3, 5, 8, 10, 12, 13, 14, 15, 16, 17, 20, 21, 23, 24, 25]  Q:5 M:5 F:5
  9154. [3, 5, 8, 10, 12, 13, 14, 15, 16, 20, 21, 22, 23, 24, 25]  Q:5 M:5 F:5
  9155. [3, 5, 8, 10, 13, 14, 15, 16, 17, 20, 21, 22, 23, 24, 25]  Q:5 M:5 F:5
  9156. [3, 5, 10, 12, 13, 14, 15, 16, 17, 20, 21, 22, 23, 24, 25]  Q:5 M:5 F:5
  9157. [3, 5, 8, 10, 12, 13, 14, 15, 17, 18, 20, 21, 22, 23, 24]  Q:5 M:5 F:5
  9158. [3, 5, 8, 10, 12, 13, 14, 15, 17, 18, 20, 21, 22, 23, 25]  Q:5 M:5 F:5
  9159. [3, 5, 8, 10, 12, 13, 14, 15, 17, 18, 20, 21, 23, 24, 25]  Q:5 M:5 F:5
  9160. [3, 5, 8, 10, 12, 13, 14, 15, 18, 20, 21, 22, 23, 24, 25]  Q:5 M:5 F:5
  9161. [3, 5, 8, 10, 13, 14, 15, 17, 18, 20, 21, 22, 23, 24, 25]  Q:5 M:5 F:5
  9162. [3, 5, 10, 12, 13, 14, 15, 17, 18, 20, 21, 22, 23, 24, 25]  Q:5 M:5 F:5
  9163. [3, 5, 8, 10, 12, 13, 14, 15, 17, 19, 20, 21, 22, 23, 24]  Q:5 M:5 F:5
  9164. [3, 5, 8, 10, 12, 13, 14, 15, 17, 19, 20, 21, 22, 23, 25]  Q:5 M:5 F:5
  9165. [3, 5, 8, 10, 12, 13, 14, 15, 17, 19, 20, 21, 23, 24, 25]  Q:5 M:5 F:5
  9166. [3, 5, 8, 10, 12, 13, 14, 15, 19, 20, 21, 22, 23, 24, 25]  Q:5 M:5 F:5
  9167. [3, 5, 8, 10, 13, 14, 15, 17, 19, 20, 21, 22, 23, 24, 25]  Q:5 M:5 F:5
  9168. [3, 5, 10, 12, 13, 14, 15, 17, 19, 20, 21, 22, 23, 24, 25]  Q:5 M:5 F:5
  9169. [3, 5, 8, 10, 12, 13, 14, 16, 17, 18, 20, 21, 22, 23, 24]  Q:5 M:5 F:5
  9170. [3, 5, 8, 10, 12, 13, 14, 16, 17, 18, 20, 21, 22, 23, 25]  Q:5 M:5 F:5
  9171. [3, 5, 8, 10, 12, 13, 14, 16, 17, 18, 20, 21, 23, 24, 25]  Q:5 M:5 F:5
  9172. [3, 5, 8, 10, 12, 13, 14, 16, 18, 20, 21, 22, 23, 24, 25]  Q:5 M:5 F:5
  9173. [3, 5, 8, 10, 13, 14, 16, 17, 18, 20, 21, 22, 23, 24, 25]  Q:5 M:5 F:5
  9174. [3, 5, 10, 12, 13, 14, 16, 17, 18, 20, 21, 22, 23, 24, 25]  Q:5 M:5 F:5
  9175. [3, 5, 8, 10, 12, 13, 14, 16, 17, 19, 20, 21, 22, 23, 24]  Q:5 M:5 F:5
  9176. [3, 5, 8, 10, 12, 13, 14, 16, 17, 19, 20, 21, 22, 23, 25]  Q:5 M:5 F:5
  9177. [3, 5, 8, 10, 12, 13, 14, 16, 17, 19, 20, 21, 23, 24, 25]  Q:5 M:5 F:5
  9178. [3, 5, 8, 10, 12, 13, 14, 16, 19, 20, 21, 22, 23, 24, 25]  Q:5 M:5 F:5
  9179. [3, 5, 8, 10, 13, 14, 16, 17, 19, 20, 21, 22, 23, 24, 25]  Q:5 M:5 F:5
  9180. [3, 5, 10, 12, 13, 14, 16, 17, 19, 20, 21, 22, 23, 24, 25]  Q:5 M:5 F:5
  9181. [3, 5, 8, 10, 12, 13, 14, 17, 18, 19, 20, 21, 22, 23, 24]  Q:5 M:5 F:5
  9182. [3, 5, 8, 10, 12, 13, 14, 17, 18, 19, 20, 21, 22, 23, 25]  Q:5 M:5 F:5
  9183. [3, 5, 8, 10, 12, 13, 14, 17, 18, 19, 20, 21, 23, 24, 25]  Q:5 M:5 F:5
  9184. [3, 5, 8, 10, 12, 13, 14, 18, 19, 20, 21, 22, 23, 24, 25]  Q:5 M:5 F:5
  9185. [3, 5, 8, 10, 13, 14, 17, 18, 19, 20, 21, 22, 23, 24, 25]  Q:5 M:5 F:5
  9186. [3, 5, 10, 12, 13, 14, 17, 18, 19, 20, 21, 22, 23, 24, 25]  Q:5 M:5 F:5
  9187. [3, 5, 8, 10, 12, 13, 15, 16, 17, 18, 20, 21, 22, 23, 24]  Q:5 M:5 F:5
  9188. [3, 5, 8, 10, 12, 13, 15, 16, 17, 18, 20, 21, 22, 23, 25]  Q:5 M:5 F:5
  9189. [3, 5, 8, 10, 12, 13, 15, 16, 17, 18, 20, 21, 23, 24, 25]  Q:5 M:5 F:5
  9190. [3, 5, 8, 10, 12, 13, 15, 16, 18, 20, 21, 22, 23, 24, 25]  Q:5 M:5 F:5
  9191. [3, 5, 8, 10, 13, 15, 16, 17, 18, 20, 21, 22, 23, 24, 25]  Q:5 M:5 F:5
  9192. [3, 5, 10, 12, 13, 15, 16, 17, 18, 20, 21, 22, 23, 24, 25]  Q:5 M:5 F:5
  9193. [3, 5, 8, 10, 12, 13, 15, 16, 17, 19, 20, 21, 22, 23, 24]  Q:5 M:5 F:5
  9194. [3, 5, 8, 10, 12, 13, 15, 16, 17, 19, 20, 21, 22, 23, 25]  Q:5 M:5 F:5
  9195. [3, 5, 8, 10, 12, 13, 15, 16, 17, 19, 20, 21, 23, 24, 25]  Q:5 M:5 F:5
  9196. [3, 5, 8, 10, 12, 13, 15, 16, 19, 20, 21, 22, 23, 24, 25]  Q:5 M:5 F:5
  9197. [3, 5, 8, 10, 13, 15, 16, 17, 19, 20, 21, 22, 23, 24, 25]  Q:5 M:5 F:5
  9198. [3, 5, 10, 12, 13, 15, 16, 17, 19, 20, 21, 22, 23, 24, 25]  Q:5 M:5 F:5
  9199. [3, 5, 8, 10, 12, 13, 15, 17, 18, 19, 20, 21, 22, 23, 24]  Q:5 M:5 F:5
  9200. [3, 5, 8, 10, 12, 13, 15, 17, 18, 19, 20, 21, 22, 23, 25]  Q:5 M:5 F:5
  9201. [3, 5, 8, 10, 12, 13, 15, 17, 18, 19, 20, 21, 23, 24, 25]  Q:5 M:5 F:5
  9202. [3, 5, 8, 10, 12, 13, 15, 18, 19, 20, 21, 22, 23, 24, 25]  Q:5 M:5 F:5
  9203. [3, 5, 8, 10, 13, 15, 17, 18, 19, 20, 21, 22, 23, 24, 25]  Q:5 M:5 F:5
  9204. [3, 5, 10, 12, 13, 15, 17, 18, 19, 20, 21, 22, 23, 24, 25]  Q:5 M:5 F:5
  9205. [3, 5, 8, 10, 12, 13, 16, 17, 18, 19, 20, 21, 22, 23, 24]  Q:5 M:5 F:5
  9206. [3, 5, 8, 10, 12, 13, 16, 17, 18, 19, 20, 21, 22, 23, 25]  Q:5 M:5 F:5
  9207. [3, 5, 8, 10, 12, 13, 16, 17, 18, 19, 20, 21, 23, 24, 25]  Q:5 M:5 F:5
  9208. [3, 5, 8, 10, 12, 13, 16, 18, 19, 20, 21, 22, 23, 24, 25]  Q:5 M:5 F:5
  9209. [3, 5, 8, 10, 13, 16, 17, 18, 19, 20, 21, 22, 23, 24, 25]  Q:5 M:5 F:5
  9210. [3, 5, 10, 12, 13, 16, 17, 18, 19, 20, 21, 22, 23, 24, 25]  Q:5 M:5 F:5
  9211. [3, 5, 8, 10, 12, 14, 15, 16, 17, 18, 20, 21, 22, 23, 24]  Q:5 M:5 F:5
  9212. [3, 5, 8, 10, 12, 14, 15, 16, 17, 18, 20, 21, 22, 23, 25]  Q:5 M:5 F:5
  9213. [3, 5, 8, 10, 12, 14, 15, 16, 17, 18, 20, 21, 23, 24, 25]  Q:5 M:5 F:5
  9214. [3, 5, 8, 10, 12, 14, 15, 16, 18, 20, 21, 22, 23, 24, 25]  Q:5 M:5 F:5
  9215. [3, 5, 8, 10, 14, 15, 16, 17, 18, 20, 21, 22, 23, 24, 25]  Q:5 M:5 F:5
  9216. [3, 5, 10, 12, 14, 15, 16, 17, 18, 20, 21, 22, 23, 24, 25]  Q:5 M:5 F:5
  9217. [3, 5, 8, 10, 12, 14, 15, 16, 17, 19, 20, 21, 22, 23, 24]  Q:5 M:5 F:5
  9218. [3, 5, 8, 10, 12, 14, 15, 16, 17, 19, 20, 21, 22, 23, 25]  Q:5 M:5 F:5
  9219. [3, 5, 8, 10, 12, 14, 15, 16, 17, 19, 20, 21, 23, 24, 25]  Q:5 M:5 F:5
  9220. [3, 5, 8, 10, 12, 14, 15, 16, 19, 20, 21, 22, 23, 24, 25]  Q:5 M:5 F:5
  9221. [3, 5, 8, 10, 14, 15, 16, 17, 19, 20, 21, 22, 23, 24, 25]  Q:5 M:5 F:5
  9222. [3, 5, 10, 12, 14, 15, 16, 17, 19, 20, 21, 22, 23, 24, 25]  Q:5 M:5 F:5
  9223. [3, 5, 8, 10, 12, 14, 15, 17, 18, 19, 20, 21, 22, 23, 24]  Q:5 M:5 F:5
  9224. [3, 5, 8, 10, 12, 14, 15, 17, 18, 19, 20, 21, 22, 23, 25]  Q:5 M:5 F:5
  9225. [3, 5, 8, 10, 12, 14, 15, 17, 18, 19, 20, 21, 23, 24, 25]  Q:5 M:5 F:5
  9226. [3, 5, 8, 10, 12, 14, 15, 18, 19, 20, 21, 22, 23, 24, 25]  Q:5 M:5 F:5
  9227. [3, 5, 8, 10, 14, 15, 17, 18, 19, 20, 21, 22, 23, 24, 25]  Q:5 M:5 F:5
  9228. [3, 5, 10, 12, 14, 15, 17, 18, 19, 20, 21, 22, 23, 24, 25]  Q:5 M:5 F:5
  9229. [3, 5, 8, 10, 12, 14, 16, 17, 18, 19, 20, 21, 22, 23, 24]  Q:5 M:5 F:5
  9230. [3, 5, 8, 10, 12, 14, 16, 17, 18, 19, 20, 21, 22, 23, 25]  Q:5 M:5 F:5
  9231. [3, 5, 8, 10, 12, 14, 16, 17, 18, 19, 20, 21, 23, 24, 25]  Q:5 M:5 F:5
  9232. [3, 5, 8, 10, 12, 14, 16, 18, 19, 20, 21, 22, 23, 24, 25]  Q:5 M:5 F:5
  9233. [3, 5, 8, 10, 14, 16, 17, 18, 19, 20, 21, 22, 23, 24, 25]  Q:5 M:5 F:5
  9234. [3, 5, 10, 12, 14, 16, 17, 18, 19, 20, 21, 22, 23, 24, 25]  Q:5 M:5 F:5
  9235. [3, 5, 8, 10, 12, 15, 16, 17, 18, 19, 20, 21, 22, 23, 24]  Q:5 M:5 F:5
  9236. [3, 5, 8, 10, 12, 15, 16, 17, 18, 19, 20, 21, 22, 23, 25]  Q:5 M:5 F:5
  9237. [3, 5, 8, 10, 12, 15, 16, 17, 18, 19, 20, 21, 23, 24, 25]  Q:5 M:5 F:5
  9238. [3, 5, 8, 10, 12, 15, 16, 18, 19, 20, 21, 22, 23, 24, 25]  Q:5 M:5 F:5
  9239. [3, 5, 8, 10, 15, 16, 17, 18, 19, 20, 21, 22, 23, 24, 25]  Q:5 M:5 F:5
  9240. [3, 5, 10, 12, 15, 16, 17, 18, 19, 20, 21, 22, 23, 24, 25]  Q:5 M:5 F:5
  9241. [4, 5, 6, 7, 8, 9, 10, 11, 12, 17, 20, 21, 22, 23, 24]   Q:5 M:5 F:5
  9242. [4, 5, 6, 7, 8, 9, 10, 11, 12, 17, 20, 21, 22, 23, 25]   Q:5 M:5 F:5
  9243. [4, 5, 6, 7, 8, 9, 10, 11, 12, 17, 20, 21, 23, 24, 25]   Q:5 M:5 F:5
  9244. [4, 5, 6, 7, 8, 9, 10, 11, 12, 20, 21, 22, 23, 24, 25]   Q:5 M:5 F:5
  9245. [4, 5, 6, 7, 8, 9, 10, 11, 17, 20, 21, 22, 23, 24, 25]   Q:5 M:5 F:5
  9246. [4, 5, 6, 7, 9, 10, 11, 12, 17, 20, 21, 22, 23, 24, 25]  Q:5 M:5 F:5
  9247. [4, 5, 6, 7, 8, 9, 10, 12, 13, 17, 20, 21, 22, 23, 24]   Q:5 M:5 F:5
  9248. [4, 5, 6, 7, 8, 9, 10, 12, 13, 17, 20, 21, 22, 23, 25]   Q:5 M:5 F:5
  9249. [4, 5, 6, 7, 8, 9, 10, 12, 13, 17, 20, 21, 23, 24, 25]   Q:5 M:5 F:5
  9250. [4, 5, 6, 7, 8, 9, 10, 12, 13, 20, 21, 22, 23, 24, 25]   Q:5 M:5 F:5
  9251. [4, 5, 6, 7, 8, 9, 10, 13, 17, 20, 21, 22, 23, 24, 25]   Q:5 M:5 F:5
  9252. [4, 5, 6, 7, 9, 10, 12, 13, 17, 20, 21, 22, 23, 24, 25]  Q:5 M:5 F:5
  9253. [4, 5, 6, 7, 8, 9, 10, 12, 14, 17, 20, 21, 22, 23, 24]   Q:5 M:5 F:5
  9254. [4, 5, 6, 7, 8, 9, 10, 12, 14, 17, 20, 21, 22, 23, 25]   Q:5 M:5 F:5
  9255. [4, 5, 6, 7, 8, 9, 10, 12, 14, 17, 20, 21, 23, 24, 25]   Q:5 M:5 F:5
  9256. [4, 5, 6, 7, 8, 9, 10, 12, 14, 20, 21, 22, 23, 24, 25]   Q:5 M:5 F:5
  9257. [4, 5, 6, 7, 8, 9, 10, 14, 17, 20, 21, 22, 23, 24, 25]   Q:5 M:5 F:5
  9258. [4, 5, 6, 7, 9, 10, 12, 14, 17, 20, 21, 22, 23, 24, 25]  Q:5 M:5 F:5
  9259. [4, 5, 6, 7, 8, 9, 10, 12, 15, 17, 20, 21, 22, 23, 24]   Q:5 M:5 F:5
  9260. [4, 5, 6, 7, 8, 9, 10, 12, 15, 17, 20, 21, 22, 23, 25]   Q:5 M:5 F:5
  9261. [4, 5, 6, 7, 8, 9, 10, 12, 15, 17, 20, 21, 23, 24, 25]   Q:5 M:5 F:5
  9262. [4, 5, 6, 7, 8, 9, 10, 12, 15, 20, 21, 22, 23, 24, 25]   Q:5 M:5 F:5
  9263. [4, 5, 6, 7, 8, 9, 10, 15, 17, 20, 21, 22, 23, 24, 25]   Q:5 M:5 F:5
  9264. [4, 5, 6, 7, 9, 10, 12, 15, 17, 20, 21, 22, 23, 24, 25]  Q:5 M:5 F:5
  9265. [4, 5, 6, 7, 8, 9, 10, 12, 16, 17, 20, 21, 22, 23, 24]   Q:5 M:5 F:5
  9266. [4, 5, 6, 7, 8, 9, 10, 12, 16, 17, 20, 21, 22, 23, 25]   Q:5 M:5 F:5
  9267. [4, 5, 6, 7, 8, 9, 10, 12, 16, 17, 20, 21, 23, 24, 25]   Q:5 M:5 F:5
  9268. [4, 5, 6, 7, 8, 9, 10, 12, 16, 20, 21, 22, 23, 24, 25]   Q:5 M:5 F:5
  9269. [4, 5, 6, 7, 8, 9, 10, 16, 17, 20, 21, 22, 23, 24, 25]   Q:5 M:5 F:5
  9270. [4, 5, 6, 7, 9, 10, 12, 16, 17, 20, 21, 22, 23, 24, 25]  Q:5 M:5 F:5
  9271. [4, 5, 6, 7, 8, 9, 10, 12, 17, 18, 20, 21, 22, 23, 24]   Q:5 M:5 F:5
  9272. [4, 5, 6, 7, 8, 9, 10, 12, 17, 18, 20, 21, 22, 23, 25]   Q:5 M:5 F:5
  9273. [4, 5, 6, 7, 8, 9, 10, 12, 17, 18, 20, 21, 23, 24, 25]   Q:5 M:5 F:5
  9274. [4, 5, 6, 7, 8, 9, 10, 12, 18, 20, 21, 22, 23, 24, 25]   Q:5 M:5 F:5
  9275. [4, 5, 6, 7, 8, 9, 10, 17, 18, 20, 21, 22, 23, 24, 25]   Q:5 M:5 F:5
  9276. [4, 5, 6, 7, 9, 10, 12, 17, 18, 20, 21, 22, 23, 24, 25]  Q:5 M:5 F:5
  9277. [4, 5, 6, 7, 8, 9, 10, 12, 17, 19, 20, 21, 22, 23, 24]   Q:5 M:5 F:5
  9278. [4, 5, 6, 7, 8, 9, 10, 12, 17, 19, 20, 21, 22, 23, 25]   Q:5 M:5 F:5
  9279. [4, 5, 6, 7, 8, 9, 10, 12, 17, 19, 20, 21, 23, 24, 25]   Q:5 M:5 F:5
  9280. [4, 5, 6, 7, 8, 9, 10, 12, 19, 20, 21, 22, 23, 24, 25]   Q:5 M:5 F:5
  9281. [4, 5, 6, 7, 8, 9, 10, 17, 19, 20, 21, 22, 23, 24, 25]   Q:5 M:5 F:5
  9282. [4, 5, 6, 7, 9, 10, 12, 17, 19, 20, 21, 22, 23, 24, 25]  Q:5 M:5 F:5
  9283. [4, 5, 6, 7, 8, 10, 11, 12, 13, 17, 20, 21, 22, 23, 24]  Q:5 M:5 F:5
  9284. [4, 5, 6, 7, 8, 10, 11, 12, 13, 17, 20, 21, 22, 23, 25]  Q:5 M:5 F:5
  9285. [4, 5, 6, 7, 8, 10, 11, 12, 13, 17, 20, 21, 23, 24, 25]  Q:5 M:5 F:5
  9286. [4, 5, 6, 7, 8, 10, 11, 12, 13, 20, 21, 22, 23, 24, 25]  Q:5 M:5 F:5
  9287. [4, 5, 6, 7, 8, 10, 11, 13, 17, 20, 21, 22, 23, 24, 25]  Q:5 M:5 F:5
  9288. [4, 5, 6, 7, 10, 11, 12, 13, 17, 20, 21, 22, 23, 24, 25]  Q:5 M:5 F:5
  9289. [4, 5, 6, 7, 8, 10, 11, 12, 14, 17, 20, 21, 22, 23, 24]  Q:5 M:5 F:5
  9290. [4, 5, 6, 7, 8, 10, 11, 12, 14, 17, 20, 21, 22, 23, 25]  Q:5 M:5 F:5
  9291. [4, 5, 6, 7, 8, 10, 11, 12, 14, 17, 20, 21, 23, 24, 25]  Q:5 M:5 F:5
  9292. [4, 5, 6, 7, 8, 10, 11, 12, 14, 20, 21, 22, 23, 24, 25]  Q:5 M:5 F:5
  9293. [4, 5, 6, 7, 8, 10, 11, 14, 17, 20, 21, 22, 23, 24, 25]  Q:5 M:5 F:5
  9294. [4, 5, 6, 7, 10, 11, 12, 14, 17, 20, 21, 22, 23, 24, 25]  Q:5 M:5 F:5
  9295. [4, 5, 6, 7, 8, 10, 11, 12, 15, 17, 20, 21, 22, 23, 24]  Q:5 M:5 F:5
  9296. [4, 5, 6, 7, 8, 10, 11, 12, 15, 17, 20, 21, 22, 23, 25]  Q:5 M:5 F:5
  9297. [4, 5, 6, 7, 8, 10, 11, 12, 15, 17, 20, 21, 23, 24, 25]  Q:5 M:5 F:5
  9298. [4, 5, 6, 7, 8, 10, 11, 12, 15, 20, 21, 22, 23, 24, 25]  Q:5 M:5 F:5
  9299. [4, 5, 6, 7, 8, 10, 11, 15, 17, 20, 21, 22, 23, 24, 25]  Q:5 M:5 F:5
  9300. [4, 5, 6, 7, 10, 11, 12, 15, 17, 20, 21, 22, 23, 24, 25]  Q:5 M:5 F:5
  9301. [4, 5, 6, 7, 8, 10, 11, 12, 16, 17, 20, 21, 22, 23, 24]  Q:5 M:5 F:5
  9302. [4, 5, 6, 7, 8, 10, 11, 12, 16, 17, 20, 21, 22, 23, 25]  Q:5 M:5 F:5
  9303. [4, 5, 6, 7, 8, 10, 11, 12, 16, 17, 20, 21, 23, 24, 25]  Q:5 M:5 F:5
  9304. [4, 5, 6, 7, 8, 10, 11, 12, 16, 20, 21, 22, 23, 24, 25]  Q:5 M:5 F:5
  9305. [4, 5, 6, 7, 8, 10, 11, 16, 17, 20, 21, 22, 23, 24, 25]  Q:5 M:5 F:5
  9306. [4, 5, 6, 7, 10, 11, 12, 16, 17, 20, 21, 22, 23, 24, 25]  Q:5 M:5 F:5
  9307. [4, 5, 6, 7, 8, 10, 11, 12, 17, 18, 20, 21, 22, 23, 24]  Q:5 M:5 F:5
  9308. [4, 5, 6, 7, 8, 10, 11, 12, 17, 18, 20, 21, 22, 23, 25]  Q:5 M:5 F:5
  9309. [4, 5, 6, 7, 8, 10, 11, 12, 17, 18, 20, 21, 23, 24, 25]  Q:5 M:5 F:5
  9310. [4, 5, 6, 7, 8, 10, 11, 12, 18, 20, 21, 22, 23, 24, 25]  Q:5 M:5 F:5
  9311. [4, 5, 6, 7, 8, 10, 11, 17, 18, 20, 21, 22, 23, 24, 25]  Q:5 M:5 F:5
  9312. [4, 5, 6, 7, 10, 11, 12, 17, 18, 20, 21, 22, 23, 24, 25]  Q:5 M:5 F:5
  9313. [4, 5, 6, 7, 8, 10, 11, 12, 17, 19, 20, 21, 22, 23, 24]  Q:5 M:5 F:5
  9314. [4, 5, 6, 7, 8, 10, 11, 12, 17, 19, 20, 21, 22, 23, 25]  Q:5 M:5 F:5
  9315. [4, 5, 6, 7, 8, 10, 11, 12, 17, 19, 20, 21, 23, 24, 25]  Q:5 M:5 F:5
  9316. [4, 5, 6, 7, 8, 10, 11, 12, 19, 20, 21, 22, 23, 24, 25]  Q:5 M:5 F:5
  9317. [4, 5, 6, 7, 8, 10, 11, 17, 19, 20, 21, 22, 23, 24, 25]  Q:5 M:5 F:5
  9318. [4, 5, 6, 7, 10, 11, 12, 17, 19, 20, 21, 22, 23, 24, 25]  Q:5 M:5 F:5
  9319. [4, 5, 6, 7, 8, 10, 12, 13, 14, 17, 20, 21, 22, 23, 24]  Q:5 M:5 F:5
  9320. [4, 5, 6, 7, 8, 10, 12, 13, 14, 17, 20, 21, 22, 23, 25]  Q:5 M:5 F:5
  9321. [4, 5, 6, 7, 8, 10, 12, 13, 14, 17, 20, 21, 23, 24, 25]  Q:5 M:5 F:5
  9322. [4, 5, 6, 7, 8, 10, 12, 13, 14, 20, 21, 22, 23, 24, 25]  Q:5 M:5 F:5
  9323. [4, 5, 6, 7, 8, 10, 13, 14, 17, 20, 21, 22, 23, 24, 25]  Q:5 M:5 F:5
  9324. [4, 5, 6, 7, 10, 12, 13, 14, 17, 20, 21, 22, 23, 24, 25]  Q:5 M:5 F:5
  9325. [4, 5, 6, 7, 8, 10, 12, 13, 15, 17, 20, 21, 22, 23, 24]  Q:5 M:5 F:5
  9326. [4, 5, 6, 7, 8, 10, 12, 13, 15, 17, 20, 21, 22, 23, 25]  Q:5 M:5 F:5
  9327. [4, 5, 6, 7, 8, 10, 12, 13, 15, 17, 20, 21, 23, 24, 25]  Q:5 M:5 F:5
  9328. [4, 5, 6, 7, 8, 10, 12, 13, 15, 20, 21, 22, 23, 24, 25]  Q:5 M:5 F:5
  9329. [4, 5, 6, 7, 8, 10, 13, 15, 17, 20, 21, 22, 23, 24, 25]  Q:5 M:5 F:5
  9330. [4, 5, 6, 7, 10, 12, 13, 15, 17, 20, 21, 22, 23, 24, 25]  Q:5 M:5 F:5
  9331. [4, 5, 6, 7, 8, 10, 12, 13, 16, 17, 20, 21, 22, 23, 24]  Q:5 M:5 F:5
  9332. [4, 5, 6, 7, 8, 10, 12, 13, 16, 17, 20, 21, 22, 23, 25]  Q:5 M:5 F:5
  9333. [4, 5, 6, 7, 8, 10, 12, 13, 16, 17, 20, 21, 23, 24, 25]  Q:5 M:5 F:5
  9334. [4, 5, 6, 7, 8, 10, 12, 13, 16, 20, 21, 22, 23, 24, 25]  Q:5 M:5 F:5
  9335. [4, 5, 6, 7, 8, 10, 13, 16, 17, 20, 21, 22, 23, 24, 25]  Q:5 M:5 F:5
  9336. [4, 5, 6, 7, 10, 12, 13, 16, 17, 20, 21, 22, 23, 24, 25]  Q:5 M:5 F:5
  9337. [4, 5, 6, 7, 8, 10, 12, 13, 17, 18, 20, 21, 22, 23, 24]  Q:5 M:5 F:5
  9338. [4, 5, 6, 7, 8, 10, 12, 13, 17, 18, 20, 21, 22, 23, 25]  Q:5 M:5 F:5
  9339. [4, 5, 6, 7, 8, 10, 12, 13, 17, 18, 20, 21, 23, 24, 25]  Q:5 M:5 F:5
  9340. [4, 5, 6, 7, 8, 10, 12, 13, 18, 20, 21, 22, 23, 24, 25]  Q:5 M:5 F:5
  9341. [4, 5, 6, 7, 8, 10, 13, 17, 18, 20, 21, 22, 23, 24, 25]  Q:5 M:5 F:5
  9342. [4, 5, 6, 7, 10, 12, 13, 17, 18, 20, 21, 22, 23, 24, 25]  Q:5 M:5 F:5
  9343. [4, 5, 6, 7, 8, 10, 12, 13, 17, 19, 20, 21, 22, 23, 24]  Q:5 M:5 F:5
  9344. [4, 5, 6, 7, 8, 10, 12, 13, 17, 19, 20, 21, 22, 23, 25]  Q:5 M:5 F:5
  9345. [4, 5, 6, 7, 8, 10, 12, 13, 17, 19, 20, 21, 23, 24, 25]  Q:5 M:5 F:5
  9346. [4, 5, 6, 7, 8, 10, 12, 13, 19, 20, 21, 22, 23, 24, 25]  Q:5 M:5 F:5
  9347. [4, 5, 6, 7, 8, 10, 13, 17, 19, 20, 21, 22, 23, 24, 25]  Q:5 M:5 F:5
  9348. [4, 5, 6, 7, 10, 12, 13, 17, 19, 20, 21, 22, 23, 24, 25]  Q:5 M:5 F:5
  9349. [4, 5, 6, 7, 8, 10, 12, 14, 15, 17, 20, 21, 22, 23, 24]  Q:5 M:5 F:5
  9350. [4, 5, 6, 7, 8, 10, 12, 14, 15, 17, 20, 21, 22, 23, 25]  Q:5 M:5 F:5
  9351. [4, 5, 6, 7, 8, 10, 12, 14, 15, 17, 20, 21, 23, 24, 25]  Q:5 M:5 F:5
  9352. [4, 5, 6, 7, 8, 10, 12, 14, 15, 20, 21, 22, 23, 24, 25]  Q:5 M:5 F:5
  9353. [4, 5, 6, 7, 8, 10, 14, 15, 17, 20, 21, 22, 23, 24, 25]  Q:5 M:5 F:5
  9354. [4, 5, 6, 7, 10, 12, 14, 15, 17, 20, 21, 22, 23, 24, 25]  Q:5 M:5 F:5
  9355. [4, 5, 6, 7, 8, 10, 12, 14, 16, 17, 20, 21, 22, 23, 24]  Q:5 M:5 F:5
  9356. [4, 5, 6, 7, 8, 10, 12, 14, 16, 17, 20, 21, 22, 23, 25]  Q:5 M:5 F:5
  9357. [4, 5, 6, 7, 8, 10, 12, 14, 16, 17, 20, 21, 23, 24, 25]  Q:5 M:5 F:5
  9358. [4, 5, 6, 7, 8, 10, 12, 14, 16, 20, 21, 22, 23, 24, 25]  Q:5 M:5 F:5
  9359. [4, 5, 6, 7, 8, 10, 14, 16, 17, 20, 21, 22, 23, 24, 25]  Q:5 M:5 F:5
  9360. [4, 5, 6, 7, 10, 12, 14, 16, 17, 20, 21, 22, 23, 24, 25]  Q:5 M:5 F:5
  9361. [4, 5, 6, 7, 8, 10, 12, 14, 17, 18, 20, 21, 22, 23, 24]  Q:5 M:5 F:5
  9362. [4, 5, 6, 7, 8, 10, 12, 14, 17, 18, 20, 21, 22, 23, 25]  Q:5 M:5 F:5
  9363. [4, 5, 6, 7, 8, 10, 12, 14, 17, 18, 20, 21, 23, 24, 25]  Q:5 M:5 F:5
  9364. [4, 5, 6, 7, 8, 10, 12, 14, 18, 20, 21, 22, 23, 24, 25]  Q:5 M:5 F:5
  9365. [4, 5, 6, 7, 8, 10, 14, 17, 18, 20, 21, 22, 23, 24, 25]  Q:5 M:5 F:5
  9366. [4, 5, 6, 7, 10, 12, 14, 17, 18, 20, 21, 22, 23, 24, 25]  Q:5 M:5 F:5
  9367. [4, 5, 6, 7, 8, 10, 12, 14, 17, 19, 20, 21, 22, 23, 24]  Q:5 M:5 F:5
  9368. [4, 5, 6, 7, 8, 10, 12, 14, 17, 19, 20, 21, 22, 23, 25]  Q:5 M:5 F:5
  9369. [4, 5, 6, 7, 8, 10, 12, 14, 17, 19, 20, 21, 23, 24, 25]  Q:5 M:5 F:5
  9370. [4, 5, 6, 7, 8, 10, 12, 14, 19, 20, 21, 22, 23, 24, 25]  Q:5 M:5 F:5
  9371. [4, 5, 6, 7, 8, 10, 14, 17, 19, 20, 21, 22, 23, 24, 25]  Q:5 M:5 F:5
  9372. [4, 5, 6, 7, 10, 12, 14, 17, 19, 20, 21, 22, 23, 24, 25]  Q:5 M:5 F:5
  9373. [4, 5, 6, 7, 8, 10, 12, 15, 16, 17, 20, 21, 22, 23, 24]  Q:5 M:5 F:5
  9374. [4, 5, 6, 7, 8, 10, 12, 15, 16, 17, 20, 21, 22, 23, 25]  Q:5 M:5 F:5
  9375. [4, 5, 6, 7, 8, 10, 12, 15, 16, 17, 20, 21, 23, 24, 25]  Q:5 M:5 F:5
  9376. [4, 5, 6, 7, 8, 10, 12, 15, 16, 20, 21, 22, 23, 24, 25]  Q:5 M:5 F:5
  9377. [4, 5, 6, 7, 8, 10, 15, 16, 17, 20, 21, 22, 23, 24, 25]  Q:5 M:5 F:5
  9378. [4, 5, 6, 7, 10, 12, 15, 16, 17, 20, 21, 22, 23, 24, 25]  Q:5 M:5 F:5
  9379. [4, 5, 6, 7, 8, 10, 12, 15, 17, 18, 20, 21, 22, 23, 24]  Q:5 M:5 F:5
  9380. [4, 5, 6, 7, 8, 10, 12, 15, 17, 18, 20, 21, 22, 23, 25]  Q:5 M:5 F:5
  9381. [4, 5, 6, 7, 8, 10, 12, 15, 17, 18, 20, 21, 23, 24, 25]  Q:5 M:5 F:5
  9382. [4, 5, 6, 7, 8, 10, 12, 15, 18, 20, 21, 22, 23, 24, 25]  Q:5 M:5 F:5
  9383. [4, 5, 6, 7, 8, 10, 15, 17, 18, 20, 21, 22, 23, 24, 25]  Q:5 M:5 F:5
  9384. [4, 5, 6, 7, 10, 12, 15, 17, 18, 20, 21, 22, 23, 24, 25]  Q:5 M:5 F:5
  9385. [4, 5, 6, 7, 8, 10, 12, 15, 17, 19, 20, 21, 22, 23, 24]  Q:5 M:5 F:5
  9386. [4, 5, 6, 7, 8, 10, 12, 15, 17, 19, 20, 21, 22, 23, 25]  Q:5 M:5 F:5
  9387. [4, 5, 6, 7, 8, 10, 12, 15, 17, 19, 20, 21, 23, 24, 25]  Q:5 M:5 F:5
  9388. [4, 5, 6, 7, 8, 10, 12, 15, 19, 20, 21, 22, 23, 24, 25]  Q:5 M:5 F:5
  9389. [4, 5, 6, 7, 8, 10, 15, 17, 19, 20, 21, 22, 23, 24, 25]  Q:5 M:5 F:5
  9390. [4, 5, 6, 7, 10, 12, 15, 17, 19, 20, 21, 22, 23, 24, 25]  Q:5 M:5 F:5
  9391. [4, 5, 6, 7, 8, 10, 12, 16, 17, 18, 20, 21, 22, 23, 24]  Q:5 M:5 F:5
  9392. [4, 5, 6, 7, 8, 10, 12, 16, 17, 18, 20, 21, 22, 23, 25]  Q:5 M:5 F:5
  9393. [4, 5, 6, 7, 8, 10, 12, 16, 17, 18, 20, 21, 23, 24, 25]  Q:5 M:5 F:5
  9394. [4, 5, 6, 7, 8, 10, 12, 16, 18, 20, 21, 22, 23, 24, 25]  Q:5 M:5 F:5
  9395. [4, 5, 6, 7, 8, 10, 16, 17, 18, 20, 21, 22, 23, 24, 25]  Q:5 M:5 F:5
  9396. [4, 5, 6, 7, 10, 12, 16, 17, 18, 20, 21, 22, 23, 24, 25]  Q:5 M:5 F:5
  9397. [4, 5, 6, 7, 8, 10, 12, 16, 17, 19, 20, 21, 22, 23, 24]  Q:5 M:5 F:5
  9398. [4, 5, 6, 7, 8, 10, 12, 16, 17, 19, 20, 21, 22, 23, 25]  Q:5 M:5 F:5
  9399. [4, 5, 6, 7, 8, 10, 12, 16, 17, 19, 20, 21, 23, 24, 25]  Q:5 M:5 F:5
  9400. [4, 5, 6, 7, 8, 10, 12, 16, 19, 20, 21, 22, 23, 24, 25]  Q:5 M:5 F:5
  9401. [4, 5, 6, 7, 8, 10, 16, 17, 19, 20, 21, 22, 23, 24, 25]  Q:5 M:5 F:5
  9402. [4, 5, 6, 7, 10, 12, 16, 17, 19, 20, 21, 22, 23, 24, 25]  Q:5 M:5 F:5
  9403. [4, 5, 6, 7, 8, 10, 12, 17, 18, 19, 20, 21, 22, 23, 24]  Q:5 M:5 F:5
  9404. [4, 5, 6, 7, 8, 10, 12, 17, 18, 19, 20, 21, 22, 23, 25]  Q:5 M:5 F:5
  9405. [4, 5, 6, 7, 8, 10, 12, 17, 18, 19, 20, 21, 23, 24, 25]  Q:5 M:5 F:5
  9406. [4, 5, 6, 7, 8, 10, 12, 18, 19, 20, 21, 22, 23, 24, 25]  Q:5 M:5 F:5
  9407. [4, 5, 6, 7, 8, 10, 17, 18, 19, 20, 21, 22, 23, 24, 25]  Q:5 M:5 F:5
  9408. [4, 5, 6, 7, 10, 12, 17, 18, 19, 20, 21, 22, 23, 24, 25]  Q:5 M:5 F:5
  9409. [4, 5, 6, 8, 9, 10, 11, 12, 13, 17, 20, 21, 22, 23, 24]  Q:5 M:5 F:5
  9410. [4, 5, 6, 8, 9, 10, 11, 12, 13, 17, 20, 21, 22, 23, 25]  Q:5 M:5 F:5
  9411. [4, 5, 6, 8, 9, 10, 11, 12, 13, 17, 20, 21, 23, 24, 25]  Q:5 M:5 F:5
  9412. [4, 5, 6, 8, 9, 10, 11, 12, 13, 20, 21, 22, 23, 24, 25]  Q:5 M:5 F:5
  9413. [4, 5, 6, 8, 9, 10, 11, 13, 17, 20, 21, 22, 23, 24, 25]  Q:5 M:5 F:5
  9414. [4, 5, 6, 9, 10, 11, 12, 13, 17, 20, 21, 22, 23, 24, 25]  Q:5 M:5 F:5
  9415. [4, 5, 6, 8, 9, 10, 11, 12, 14, 17, 20, 21, 22, 23, 24]  Q:5 M:5 F:5
  9416. [4, 5, 6, 8, 9, 10, 11, 12, 14, 17, 20, 21, 22, 23, 25]  Q:5 M:5 F:5
  9417. [4, 5, 6, 8, 9, 10, 11, 12, 14, 17, 20, 21, 23, 24, 25]  Q:5 M:5 F:5
  9418. [4, 5, 6, 8, 9, 10, 11, 12, 14, 20, 21, 22, 23, 24, 25]  Q:5 M:5 F:5
  9419. [4, 5, 6, 8, 9, 10, 11, 14, 17, 20, 21, 22, 23, 24, 25]  Q:5 M:5 F:5
  9420. [4, 5, 6, 9, 10, 11, 12, 14, 17, 20, 21, 22, 23, 24, 25]  Q:5 M:5 F:5
  9421. [4, 5, 6, 8, 9, 10, 11, 12, 15, 17, 20, 21, 22, 23, 24]  Q:5 M:5 F:5
  9422. [4, 5, 6, 8, 9, 10, 11, 12, 15, 17, 20, 21, 22, 23, 25]  Q:5 M:5 F:5
  9423. [4, 5, 6, 8, 9, 10, 11, 12, 15, 17, 20, 21, 23, 24, 25]  Q:5 M:5 F:5
  9424. [4, 5, 6, 8, 9, 10, 11, 12, 15, 20, 21, 22, 23, 24, 25]  Q:5 M:5 F:5
  9425. [4, 5, 6, 8, 9, 10, 11, 15, 17, 20, 21, 22, 23, 24, 25]  Q:5 M:5 F:5
  9426. [4, 5, 6, 9, 10, 11, 12, 15, 17, 20, 21, 22, 23, 24, 25]  Q:5 M:5 F:5
  9427. [4, 5, 6, 8, 9, 10, 11, 12, 16, 17, 20, 21, 22, 23, 24]  Q:5 M:5 F:5
  9428. [4, 5, 6, 8, 9, 10, 11, 12, 16, 17, 20, 21, 22, 23, 25]  Q:5 M:5 F:5
  9429. [4, 5, 6, 8, 9, 10, 11, 12, 16, 17, 20, 21, 23, 24, 25]  Q:5 M:5 F:5
  9430. [4, 5, 6, 8, 9, 10, 11, 12, 16, 20, 21, 22, 23, 24, 25]  Q:5 M:5 F:5
  9431. [4, 5, 6, 8, 9, 10, 11, 16, 17, 20, 21, 22, 23, 24, 25]  Q:5 M:5 F:5
  9432. [4, 5, 6, 9, 10, 11, 12, 16, 17, 20, 21, 22, 23, 24, 25]  Q:5 M:5 F:5
  9433. [4, 5, 6, 8, 9, 10, 11, 12, 17, 18, 20, 21, 22, 23, 24]  Q:5 M:5 F:5
  9434. [4, 5, 6, 8, 9, 10, 11, 12, 17, 18, 20, 21, 22, 23, 25]  Q:5 M:5 F:5
  9435. [4, 5, 6, 8, 9, 10, 11, 12, 17, 18, 20, 21, 23, 24, 25]  Q:5 M:5 F:5
  9436. [4, 5, 6, 8, 9, 10, 11, 12, 18, 20, 21, 22, 23, 24, 25]  Q:5 M:5 F:5
  9437. [4, 5, 6, 8, 9, 10, 11, 17, 18, 20, 21, 22, 23, 24, 25]  Q:5 M:5 F:5
  9438. [4, 5, 6, 9, 10, 11, 12, 17, 18, 20, 21, 22, 23, 24, 25]  Q:5 M:5 F:5
  9439. [4, 5, 6, 8, 9, 10, 11, 12, 17, 19, 20, 21, 22, 23, 24]  Q:5 M:5 F:5
  9440. [4, 5, 6, 8, 9, 10, 11, 12, 17, 19, 20, 21, 22, 23, 25]  Q:5 M:5 F:5
  9441. [4, 5, 6, 8, 9, 10, 11, 12, 17, 19, 20, 21, 23, 24, 25]  Q:5 M:5 F:5
  9442. [4, 5, 6, 8, 9, 10, 11, 12, 19, 20, 21, 22, 23, 24, 25]  Q:5 M:5 F:5
  9443. [4, 5, 6, 8, 9, 10, 11, 17, 19, 20, 21, 22, 23, 24, 25]  Q:5 M:5 F:5
  9444. [4, 5, 6, 9, 10, 11, 12, 17, 19, 20, 21, 22, 23, 24, 25]  Q:5 M:5 F:5
  9445. [4, 5, 6, 8, 9, 10, 12, 13, 14, 17, 20, 21, 22, 23, 24]  Q:5 M:5 F:5
  9446. [4, 5, 6, 8, 9, 10, 12, 13, 14, 17, 20, 21, 22, 23, 25]  Q:5 M:5 F:5
  9447. [4, 5, 6, 8, 9, 10, 12, 13, 14, 17, 20, 21, 23, 24, 25]  Q:5 M:5 F:5
  9448. [4, 5, 6, 8, 9, 10, 12, 13, 14, 20, 21, 22, 23, 24, 25]  Q:5 M:5 F:5
  9449. [4, 5, 6, 8, 9, 10, 13, 14, 17, 20, 21, 22, 23, 24, 25]  Q:5 M:5 F:5
  9450. [4, 5, 6, 9, 10, 12, 13, 14, 17, 20, 21, 22, 23, 24, 25]  Q:5 M:5 F:5
  9451. [4, 5, 6, 8, 9, 10, 12, 13, 15, 17, 20, 21, 22, 23, 24]  Q:5 M:5 F:5
  9452. [4, 5, 6, 8, 9, 10, 12, 13, 15, 17, 20, 21, 22, 23, 25]  Q:5 M:5 F:5
  9453. [4, 5, 6, 8, 9, 10, 12, 13, 15, 17, 20, 21, 23, 24, 25]  Q:5 M:5 F:5
  9454. [4, 5, 6, 8, 9, 10, 12, 13, 15, 20, 21, 22, 23, 24, 25]  Q:5 M:5 F:5
  9455. [4, 5, 6, 8, 9, 10, 13, 15, 17, 20, 21, 22, 23, 24, 25]  Q:5 M:5 F:5
  9456. [4, 5, 6, 9, 10, 12, 13, 15, 17, 20, 21, 22, 23, 24, 25]  Q:5 M:5 F:5
  9457. [4, 5, 6, 8, 9, 10, 12, 13, 16, 17, 20, 21, 22, 23, 24]  Q:5 M:5 F:5
  9458. [4, 5, 6, 8, 9, 10, 12, 13, 16, 17, 20, 21, 22, 23, 25]  Q:5 M:5 F:5
  9459. [4, 5, 6, 8, 9, 10, 12, 13, 16, 17, 20, 21, 23, 24, 25]  Q:5 M:5 F:5
  9460. [4, 5, 6, 8, 9, 10, 12, 13, 16, 20, 21, 22, 23, 24, 25]  Q:5 M:5 F:5
  9461. [4, 5, 6, 8, 9, 10, 13, 16, 17, 20, 21, 22, 23, 24, 25]  Q:5 M:5 F:5
  9462. [4, 5, 6, 9, 10, 12, 13, 16, 17, 20, 21, 22, 23, 24, 25]  Q:5 M:5 F:5
  9463. [4, 5, 6, 8, 9, 10, 12, 13, 17, 18, 20, 21, 22, 23, 24]  Q:5 M:5 F:5
  9464. [4, 5, 6, 8, 9, 10, 12, 13, 17, 18, 20, 21, 22, 23, 25]  Q:5 M:5 F:5
  9465. [4, 5, 6, 8, 9, 10, 12, 13, 17, 18, 20, 21, 23, 24, 25]  Q:5 M:5 F:5
  9466. [4, 5, 6, 8, 9, 10, 12, 13, 18, 20, 21, 22, 23, 24, 25]  Q:5 M:5 F:5
  9467. [4, 5, 6, 8, 9, 10, 13, 17, 18, 20, 21, 22, 23, 24, 25]  Q:5 M:5 F:5
  9468. [4, 5, 6, 9, 10, 12, 13, 17, 18, 20, 21, 22, 23, 24, 25]  Q:5 M:5 F:5
  9469. [4, 5, 6, 8, 9, 10, 12, 13, 17, 19, 20, 21, 22, 23, 24]  Q:5 M:5 F:5
  9470. [4, 5, 6, 8, 9, 10, 12, 13, 17, 19, 20, 21, 22, 23, 25]  Q:5 M:5 F:5
  9471. [4, 5, 6, 8, 9, 10, 12, 13, 17, 19, 20, 21, 23, 24, 25]  Q:5 M:5 F:5
  9472. [4, 5, 6, 8, 9, 10, 12, 13, 19, 20, 21, 22, 23, 24, 25]  Q:5 M:5 F:5
  9473. [4, 5, 6, 8, 9, 10, 13, 17, 19, 20, 21, 22, 23, 24, 25]  Q:5 M:5 F:5
  9474. [4, 5, 6, 9, 10, 12, 13, 17, 19, 20, 21, 22, 23, 24, 25]  Q:5 M:5 F:5
  9475. [4, 5, 6, 8, 9, 10, 12, 14, 15, 17, 20, 21, 22, 23, 24]  Q:5 M:5 F:5
  9476. [4, 5, 6, 8, 9, 10, 12, 14, 15, 17, 20, 21, 22, 23, 25]  Q:5 M:5 F:5
  9477. [4, 5, 6, 8, 9, 10, 12, 14, 15, 17, 20, 21, 23, 24, 25]  Q:5 M:5 F:5
  9478. [4, 5, 6, 8, 9, 10, 12, 14, 15, 20, 21, 22, 23, 24, 25]  Q:5 M:5 F:5
  9479. [4, 5, 6, 8, 9, 10, 14, 15, 17, 20, 21, 22, 23, 24, 25]  Q:5 M:5 F:5
  9480. [4, 5, 6, 9, 10, 12, 14, 15, 17, 20, 21, 22, 23, 24, 25]  Q:5 M:5 F:5
  9481. [4, 5, 6, 8, 9, 10, 12, 14, 16, 17, 20, 21, 22, 23, 24]  Q:5 M:5 F:5
  9482. [4, 5, 6, 8, 9, 10, 12, 14, 16, 17, 20, 21, 22, 23, 25]  Q:5 M:5 F:5
  9483. [4, 5, 6, 8, 9, 10, 12, 14, 16, 17, 20, 21, 23, 24, 25]  Q:5 M:5 F:5
  9484. [4, 5, 6, 8, 9, 10, 12, 14, 16, 20, 21, 22, 23, 24, 25]  Q:5 M:5 F:5
  9485. [4, 5, 6, 8, 9, 10, 14, 16, 17, 20, 21, 22, 23, 24, 25]  Q:5 M:5 F:5
  9486. [4, 5, 6, 9, 10, 12, 14, 16, 17, 20, 21, 22, 23, 24, 25]  Q:5 M:5 F:5
  9487. [4, 5, 6, 8, 9, 10, 12, 14, 17, 18, 20, 21, 22, 23, 24]  Q:5 M:5 F:5
  9488. [4, 5, 6, 8, 9, 10, 12, 14, 17, 18, 20, 21, 22, 23, 25]  Q:5 M:5 F:5
  9489. [4, 5, 6, 8, 9, 10, 12, 14, 17, 18, 20, 21, 23, 24, 25]  Q:5 M:5 F:5
  9490. [4, 5, 6, 8, 9, 10, 12, 14, 18, 20, 21, 22, 23, 24, 25]  Q:5 M:5 F:5
  9491. [4, 5, 6, 8, 9, 10, 14, 17, 18, 20, 21, 22, 23, 24, 25]  Q:5 M:5 F:5
  9492. [4, 5, 6, 9, 10, 12, 14, 17, 18, 20, 21, 22, 23, 24, 25]  Q:5 M:5 F:5
  9493. [4, 5, 6, 8, 9, 10, 12, 14, 17, 19, 20, 21, 22, 23, 24]  Q:5 M:5 F:5
  9494. [4, 5, 6, 8, 9, 10, 12, 14, 17, 19, 20, 21, 22, 23, 25]  Q:5 M:5 F:5
  9495. [4, 5, 6, 8, 9, 10, 12, 14, 17, 19, 20, 21, 23, 24, 25]  Q:5 M:5 F:5
  9496. [4, 5, 6, 8, 9, 10, 12, 14, 19, 20, 21, 22, 23, 24, 25]  Q:5 M:5 F:5
  9497. [4, 5, 6, 8, 9, 10, 14, 17, 19, 20, 21, 22, 23, 24, 25]  Q:5 M:5 F:5
  9498. [4, 5, 6, 9, 10, 12, 14, 17, 19, 20, 21, 22, 23, 24, 25]  Q:5 M:5 F:5
  9499. [4, 5, 6, 8, 9, 10, 12, 15, 16, 17, 20, 21, 22, 23, 24]  Q:5 M:5 F:5
  9500. [4, 5, 6, 8, 9, 10, 12, 15, 16, 17, 20, 21, 22, 23, 25]  Q:5 M:5 F:5
  9501. [4, 5, 6, 8, 9, 10, 12, 15, 16, 17, 20, 21, 23, 24, 25]  Q:5 M:5 F:5
  9502. [4, 5, 6, 8, 9, 10, 12, 15, 16, 20, 21, 22, 23, 24, 25]  Q:5 M:5 F:5
  9503. [4, 5, 6, 8, 9, 10, 15, 16, 17, 20, 21, 22, 23, 24, 25]  Q:5 M:5 F:5
  9504. [4, 5, 6, 9, 10, 12, 15, 16, 17, 20, 21, 22, 23, 24, 25]  Q:5 M:5 F:5
  9505. [4, 5, 6, 8, 9, 10, 12, 15, 17, 18, 20, 21, 22, 23, 24]  Q:5 M:5 F:5
  9506. [4, 5, 6, 8, 9, 10, 12, 15, 17, 18, 20, 21, 22, 23, 25]  Q:5 M:5 F:5
  9507. [4, 5, 6, 8, 9, 10, 12, 15, 17, 18, 20, 21, 23, 24, 25]  Q:5 M:5 F:5
  9508. [4, 5, 6, 8, 9, 10, 12, 15, 18, 20, 21, 22, 23, 24, 25]  Q:5 M:5 F:5
  9509. [4, 5, 6, 8, 9, 10, 15, 17, 18, 20, 21, 22, 23, 24, 25]  Q:5 M:5 F:5
  9510. [4, 5, 6, 9, 10, 12, 15, 17, 18, 20, 21, 22, 23, 24, 25]  Q:5 M:5 F:5
  9511. [4, 5, 6, 8, 9, 10, 12, 15, 17, 19, 20, 21, 22, 23, 24]  Q:5 M:5 F:5
  9512. [4, 5, 6, 8, 9, 10, 12, 15, 17, 19, 20, 21, 22, 23, 25]  Q:5 M:5 F:5
  9513. [4, 5, 6, 8, 9, 10, 12, 15, 17, 19, 20, 21, 23, 24, 25]  Q:5 M:5 F:5
  9514. [4, 5, 6, 8, 9, 10, 12, 15, 19, 20, 21, 22, 23, 24, 25]  Q:5 M:5 F:5
  9515. [4, 5, 6, 8, 9, 10, 15, 17, 19, 20, 21, 22, 23, 24, 25]  Q:5 M:5 F:5
  9516. [4, 5, 6, 9, 10, 12, 15, 17, 19, 20, 21, 22, 23, 24, 25]  Q:5 M:5 F:5
  9517. [4, 5, 6, 8, 9, 10, 12, 16, 17, 18, 20, 21, 22, 23, 24]  Q:5 M:5 F:5
  9518. [4, 5, 6, 8, 9, 10, 12, 16, 17, 18, 20, 21, 22, 23, 25]  Q:5 M:5 F:5
  9519. [4, 5, 6, 8, 9, 10, 12, 16, 17, 18, 20, 21, 23, 24, 25]  Q:5 M:5 F:5
  9520. [4, 5, 6, 8, 9, 10, 12, 16, 18, 20, 21, 22, 23, 24, 25]  Q:5 M:5 F:5
  9521. [4, 5, 6, 8, 9, 10, 16, 17, 18, 20, 21, 22, 23, 24, 25]  Q:5 M:5 F:5
  9522. [4, 5, 6, 9, 10, 12, 16, 17, 18, 20, 21, 22, 23, 24, 25]  Q:5 M:5 F:5
  9523. [4, 5, 6, 8, 9, 10, 12, 16, 17, 19, 20, 21, 22, 23, 24]  Q:5 M:5 F:5
  9524. [4, 5, 6, 8, 9, 10, 12, 16, 17, 19, 20, 21, 22, 23, 25]  Q:5 M:5 F:5
  9525. [4, 5, 6, 8, 9, 10, 12, 16, 17, 19, 20, 21, 23, 24, 25]  Q:5 M:5 F:5
  9526. [4, 5, 6, 8, 9, 10, 12, 16, 19, 20, 21, 22, 23, 24, 25]  Q:5 M:5 F:5
  9527. [4, 5, 6, 8, 9, 10, 16, 17, 19, 20, 21, 22, 23, 24, 25]  Q:5 M:5 F:5
  9528. [4, 5, 6, 9, 10, 12, 16, 17, 19, 20, 21, 22, 23, 24, 25]  Q:5 M:5 F:5
  9529. [4, 5, 6, 8, 9, 10, 12, 17, 18, 19, 20, 21, 22, 23, 24]  Q:5 M:5 F:5
  9530. [4, 5, 6, 8, 9, 10, 12, 17, 18, 19, 20, 21, 22, 23, 25]  Q:5 M:5 F:5
  9531. [4, 5, 6, 8, 9, 10, 12, 17, 18, 19, 20, 21, 23, 24, 25]  Q:5 M:5 F:5
  9532. [4, 5, 6, 8, 9, 10, 12, 18, 19, 20, 21, 22, 23, 24, 25]  Q:5 M:5 F:5
  9533. [4, 5, 6, 8, 9, 10, 17, 18, 19, 20, 21, 22, 23, 24, 25]  Q:5 M:5 F:5
  9534. [4, 5, 6, 9, 10, 12, 17, 18, 19, 20, 21, 22, 23, 24, 25]  Q:5 M:5 F:5
  9535. [4, 5, 6, 8, 10, 11, 12, 13, 14, 17, 20, 21, 22, 23, 24]  Q:5 M:5 F:5
  9536. [4, 5, 6, 8, 10, 11, 12, 13, 14, 17, 20, 21, 22, 23, 25]  Q:5 M:5 F:5
  9537. [4, 5, 6, 8, 10, 11, 12, 13, 14, 17, 20, 21, 23, 24, 25]  Q:5 M:5 F:5
  9538. [4, 5, 6, 8, 10, 11, 12, 13, 14, 20, 21, 22, 23, 24, 25]  Q:5 M:5 F:5
  9539. [4, 5, 6, 8, 10, 11, 13, 14, 17, 20, 21, 22, 23, 24, 25]  Q:5 M:5 F:5
  9540. [4, 5, 6, 10, 11, 12, 13, 14, 17, 20, 21, 22, 23, 24, 25]  Q:5 M:5 F:5
  9541. [4, 5, 6, 8, 10, 11, 12, 13, 15, 17, 20, 21, 22, 23, 24]  Q:5 M:5 F:5
  9542. [4, 5, 6, 8, 10, 11, 12, 13, 15, 17, 20, 21, 22, 23, 25]  Q:5 M:5 F:5
  9543. [4, 5, 6, 8, 10, 11, 12, 13, 15, 17, 20, 21, 23, 24, 25]  Q:5 M:5 F:5
  9544. [4, 5, 6, 8, 10, 11, 12, 13, 15, 20, 21, 22, 23, 24, 25]  Q:5 M:5 F:5
  9545. [4, 5, 6, 8, 10, 11, 13, 15, 17, 20, 21, 22, 23, 24, 25]  Q:5 M:5 F:5
  9546. [4, 5, 6, 10, 11, 12, 13, 15, 17, 20, 21, 22, 23, 24, 25]  Q:5 M:5 F:5
  9547. [4, 5, 6, 8, 10, 11, 12, 13, 16, 17, 20, 21, 22, 23, 24]  Q:5 M:5 F:5
  9548. [4, 5, 6, 8, 10, 11, 12, 13, 16, 17, 20, 21, 22, 23, 25]  Q:5 M:5 F:5
  9549. [4, 5, 6, 8, 10, 11, 12, 13, 16, 17, 20, 21, 23, 24, 25]  Q:5 M:5 F:5
  9550. [4, 5, 6, 8, 10, 11, 12, 13, 16, 20, 21, 22, 23, 24, 25]  Q:5 M:5 F:5
  9551. [4, 5, 6, 8, 10, 11, 13, 16, 17, 20, 21, 22, 23, 24, 25]  Q:5 M:5 F:5
  9552. [4, 5, 6, 10, 11, 12, 13, 16, 17, 20, 21, 22, 23, 24, 25]  Q:5 M:5 F:5
  9553. [4, 5, 6, 8, 10, 11, 12, 13, 17, 18, 20, 21, 22, 23, 24]  Q:5 M:5 F:5
  9554. [4, 5, 6, 8, 10, 11, 12, 13, 17, 18, 20, 21, 22, 23, 25]  Q:5 M:5 F:5
  9555. [4, 5, 6, 8, 10, 11, 12, 13, 17, 18, 20, 21, 23, 24, 25]  Q:5 M:5 F:5
  9556. [4, 5, 6, 8, 10, 11, 12, 13, 18, 20, 21, 22, 23, 24, 25]  Q:5 M:5 F:5
  9557. [4, 5, 6, 8, 10, 11, 13, 17, 18, 20, 21, 22, 23, 24, 25]  Q:5 M:5 F:5
  9558. [4, 5, 6, 10, 11, 12, 13, 17, 18, 20, 21, 22, 23, 24, 25]  Q:5 M:5 F:5
  9559. [4, 5, 6, 8, 10, 11, 12, 13, 17, 19, 20, 21, 22, 23, 24]  Q:5 M:5 F:5
  9560. [4, 5, 6, 8, 10, 11, 12, 13, 17, 19, 20, 21, 22, 23, 25]  Q:5 M:5 F:5
  9561. [4, 5, 6, 8, 10, 11, 12, 13, 17, 19, 20, 21, 23, 24, 25]  Q:5 M:5 F:5
  9562. [4, 5, 6, 8, 10, 11, 12, 13, 19, 20, 21, 22, 23, 24, 25]  Q:5 M:5 F:5
  9563. [4, 5, 6, 8, 10, 11, 13, 17, 19, 20, 21, 22, 23, 24, 25]  Q:5 M:5 F:5
  9564. [4, 5, 6, 10, 11, 12, 13, 17, 19, 20, 21, 22, 23, 24, 25]  Q:5 M:5 F:5
  9565. [4, 5, 6, 8, 10, 11, 12, 14, 15, 17, 20, 21, 22, 23, 24]  Q:5 M:5 F:5
  9566. [4, 5, 6, 8, 10, 11, 12, 14, 15, 17, 20, 21, 22, 23, 25]  Q:5 M:5 F:5
  9567. [4, 5, 6, 8, 10, 11, 12, 14, 15, 17, 20, 21, 23, 24, 25]  Q:5 M:5 F:5
  9568. [4, 5, 6, 8, 10, 11, 12, 14, 15, 20, 21, 22, 23, 24, 25]  Q:5 M:5 F:5
  9569. [4, 5, 6, 8, 10, 11, 14, 15, 17, 20, 21, 22, 23, 24, 25]  Q:5 M:5 F:5
  9570. [4, 5, 6, 10, 11, 12, 14, 15, 17, 20, 21, 22, 23, 24, 25]  Q:5 M:5 F:5
  9571. [4, 5, 6, 8, 10, 11, 12, 14, 16, 17, 20, 21, 22, 23, 24]  Q:5 M:5 F:5
  9572. [4, 5, 6, 8, 10, 11, 12, 14, 16, 17, 20, 21, 22, 23, 25]  Q:5 M:5 F:5
  9573. [4, 5, 6, 8, 10, 11, 12, 14, 16, 17, 20, 21, 23, 24, 25]  Q:5 M:5 F:5
  9574. [4, 5, 6, 8, 10, 11, 12, 14, 16, 20, 21, 22, 23, 24, 25]  Q:5 M:5 F:5
  9575. [4, 5, 6, 8, 10, 11, 14, 16, 17, 20, 21, 22, 23, 24, 25]  Q:5 M:5 F:5
  9576. [4, 5, 6, 10, 11, 12, 14, 16, 17, 20, 21, 22, 23, 24, 25]  Q:5 M:5 F:5
  9577. [4, 5, 6, 8, 10, 11, 12, 14, 17, 18, 20, 21, 22, 23, 24]  Q:5 M:5 F:5
  9578. [4, 5, 6, 8, 10, 11, 12, 14, 17, 18, 20, 21, 22, 23, 25]  Q:5 M:5 F:5
  9579. [4, 5, 6, 8, 10, 11, 12, 14, 17, 18, 20, 21, 23, 24, 25]  Q:5 M:5 F:5
  9580. [4, 5, 6, 8, 10, 11, 12, 14, 18, 20, 21, 22, 23, 24, 25]  Q:5 M:5 F:5
  9581. [4, 5, 6, 8, 10, 11, 14, 17, 18, 20, 21, 22, 23, 24, 25]  Q:5 M:5 F:5
  9582. [4, 5, 6, 10, 11, 12, 14, 17, 18, 20, 21, 22, 23, 24, 25]  Q:5 M:5 F:5
  9583. [4, 5, 6, 8, 10, 11, 12, 14, 17, 19, 20, 21, 22, 23, 24]  Q:5 M:5 F:5
  9584. [4, 5, 6, 8, 10, 11, 12, 14, 17, 19, 20, 21, 22, 23, 25]  Q:5 M:5 F:5
  9585. [4, 5, 6, 8, 10, 11, 12, 14, 17, 19, 20, 21, 23, 24, 25]  Q:5 M:5 F:5
  9586. [4, 5, 6, 8, 10, 11, 12, 14, 19, 20, 21, 22, 23, 24, 25]  Q:5 M:5 F:5
  9587. [4, 5, 6, 8, 10, 11, 14, 17, 19, 20, 21, 22, 23, 24, 25]  Q:5 M:5 F:5
  9588. [4, 5, 6, 10, 11, 12, 14, 17, 19, 20, 21, 22, 23, 24, 25]  Q:5 M:5 F:5
  9589. [4, 5, 6, 8, 10, 11, 12, 15, 16, 17, 20, 21, 22, 23, 24]  Q:5 M:5 F:5
  9590. [4, 5, 6, 8, 10, 11, 12, 15, 16, 17, 20, 21, 22, 23, 25]  Q:5 M:5 F:5
  9591. [4, 5, 6, 8, 10, 11, 12, 15, 16, 17, 20, 21, 23, 24, 25]  Q:5 M:5 F:5
  9592. [4, 5, 6, 8, 10, 11, 12, 15, 16, 20, 21, 22, 23, 24, 25]  Q:5 M:5 F:5
  9593. [4, 5, 6, 8, 10, 11, 15, 16, 17, 20, 21, 22, 23, 24, 25]  Q:5 M:5 F:5
  9594. [4, 5, 6, 10, 11, 12, 15, 16, 17, 20, 21, 22, 23, 24, 25]  Q:5 M:5 F:5
  9595. [4, 5, 6, 8, 10, 11, 12, 15, 17, 18, 20, 21, 22, 23, 24]  Q:5 M:5 F:5
  9596. [4, 5, 6, 8, 10, 11, 12, 15, 17, 18, 20, 21, 22, 23, 25]  Q:5 M:5 F:5
  9597. [4, 5, 6, 8, 10, 11, 12, 15, 17, 18, 20, 21, 23, 24, 25]  Q:5 M:5 F:5
  9598. [4, 5, 6, 8, 10, 11, 12, 15, 18, 20, 21, 22, 23, 24, 25]  Q:5 M:5 F:5
  9599. [4, 5, 6, 8, 10, 11, 15, 17, 18, 20, 21, 22, 23, 24, 25]  Q:5 M:5 F:5
  9600. [4, 5, 6, 10, 11, 12, 15, 17, 18, 20, 21, 22, 23, 24, 25]  Q:5 M:5 F:5
  9601. [4, 5, 6, 8, 10, 11, 12, 15, 17, 19, 20, 21, 22, 23, 24]  Q:5 M:5 F:5
  9602. [4, 5, 6, 8, 10, 11, 12, 15, 17, 19, 20, 21, 22, 23, 25]  Q:5 M:5 F:5
  9603. [4, 5, 6, 8, 10, 11, 12, 15, 17, 19, 20, 21, 23, 24, 25]  Q:5 M:5 F:5
  9604. [4, 5, 6, 8, 10, 11, 12, 15, 19, 20, 21, 22, 23, 24, 25]  Q:5 M:5 F:5
  9605. [4, 5, 6, 8, 10, 11, 15, 17, 19, 20, 21, 22, 23, 24, 25]  Q:5 M:5 F:5
  9606. [4, 5, 6, 10, 11, 12, 15, 17, 19, 20, 21, 22, 23, 24, 25]  Q:5 M:5 F:5
  9607. [4, 5, 6, 8, 10, 11, 12, 16, 17, 18, 20, 21, 22, 23, 24]  Q:5 M:5 F:5
  9608. [4, 5, 6, 8, 10, 11, 12, 16, 17, 18, 20, 21, 22, 23, 25]  Q:5 M:5 F:5
  9609. [4, 5, 6, 8, 10, 11, 12, 16, 17, 18, 20, 21, 23, 24, 25]  Q:5 M:5 F:5
  9610. [4, 5, 6, 8, 10, 11, 12, 16, 18, 20, 21, 22, 23, 24, 25]  Q:5 M:5 F:5
  9611. [4, 5, 6, 8, 10, 11, 16, 17, 18, 20, 21, 22, 23, 24, 25]  Q:5 M:5 F:5
  9612. [4, 5, 6, 10, 11, 12, 16, 17, 18, 20, 21, 22, 23, 24, 25]  Q:5 M:5 F:5
  9613. [4, 5, 6, 8, 10, 11, 12, 16, 17, 19, 20, 21, 22, 23, 24]  Q:5 M:5 F:5
  9614. [4, 5, 6, 8, 10, 11, 12, 16, 17, 19, 20, 21, 22, 23, 25]  Q:5 M:5 F:5
  9615. [4, 5, 6, 8, 10, 11, 12, 16, 17, 19, 20, 21, 23, 24, 25]  Q:5 M:5 F:5
  9616. [4, 5, 6, 8, 10, 11, 12, 16, 19, 20, 21, 22, 23, 24, 25]  Q:5 M:5 F:5
  9617. [4, 5, 6, 8, 10, 11, 16, 17, 19, 20, 21, 22, 23, 24, 25]  Q:5 M:5 F:5
  9618. [4, 5, 6, 10, 11, 12, 16, 17, 19, 20, 21, 22, 23, 24, 25]  Q:5 M:5 F:5
  9619. [4, 5, 6, 8, 10, 11, 12, 17, 18, 19, 20, 21, 22, 23, 24]  Q:5 M:5 F:5
  9620. [4, 5, 6, 8, 10, 11, 12, 17, 18, 19, 20, 21, 22, 23, 25]  Q:5 M:5 F:5
  9621. [4, 5, 6, 8, 10, 11, 12, 17, 18, 19, 20, 21, 23, 24, 25]  Q:5 M:5 F:5
  9622. [4, 5, 6, 8, 10, 11, 12, 18, 19, 20, 21, 22, 23, 24, 25]  Q:5 M:5 F:5
  9623. [4, 5, 6, 8, 10, 11, 17, 18, 19, 20, 21, 22, 23, 24, 25]  Q:5 M:5 F:5
  9624. [4, 5, 6, 10, 11, 12, 17, 18, 19, 20, 21, 22, 23, 24, 25]  Q:5 M:5 F:5
  9625. [4, 5, 6, 8, 10, 12, 13, 14, 15, 17, 20, 21, 22, 23, 24]  Q:5 M:5 F:5
  9626. [4, 5, 6, 8, 10, 12, 13, 14, 15, 17, 20, 21, 22, 23, 25]  Q:5 M:5 F:5
  9627. [4, 5, 6, 8, 10, 12, 13, 14, 15, 17, 20, 21, 23, 24, 25]  Q:5 M:5 F:5
  9628. [4, 5, 6, 8, 10, 12, 13, 14, 15, 20, 21, 22, 23, 24, 25]  Q:5 M:5 F:5
  9629. [4, 5, 6, 8, 10, 13, 14, 15, 17, 20, 21, 22, 23, 24, 25]  Q:5 M:5 F:5
  9630. [4, 5, 6, 10, 12, 13, 14, 15, 17, 20, 21, 22, 23, 24, 25]  Q:5 M:5 F:5
  9631. [4, 5, 6, 8, 10, 12, 13, 14, 16, 17, 20, 21, 22, 23, 24]  Q:5 M:5 F:5
  9632. [4, 5, 6, 8, 10, 12, 13, 14, 16, 17, 20, 21, 22, 23, 25]  Q:5 M:5 F:5
  9633. [4, 5, 6, 8, 10, 12, 13, 14, 16, 17, 20, 21, 23, 24, 25]  Q:5 M:5 F:5
  9634. [4, 5, 6, 8, 10, 12, 13, 14, 16, 20, 21, 22, 23, 24, 25]  Q:5 M:5 F:5
  9635. [4, 5, 6, 8, 10, 13, 14, 16, 17, 20, 21, 22, 23, 24, 25]  Q:5 M:5 F:5
  9636. [4, 5, 6, 10, 12, 13, 14, 16, 17, 20, 21, 22, 23, 24, 25]  Q:5 M:5 F:5
  9637. [4, 5, 6, 8, 10, 12, 13, 14, 17, 18, 20, 21, 22, 23, 24]  Q:5 M:5 F:5
  9638. [4, 5, 6, 8, 10, 12, 13, 14, 17, 18, 20, 21, 22, 23, 25]  Q:5 M:5 F:5
  9639. [4, 5, 6, 8, 10, 12, 13, 14, 17, 18, 20, 21, 23, 24, 25]  Q:5 M:5 F:5
  9640. [4, 5, 6, 8, 10, 12, 13, 14, 18, 20, 21, 22, 23, 24, 25]  Q:5 M:5 F:5
  9641. [4, 5, 6, 8, 10, 13, 14, 17, 18, 20, 21, 22, 23, 24, 25]  Q:5 M:5 F:5
  9642. [4, 5, 6, 10, 12, 13, 14, 17, 18, 20, 21, 22, 23, 24, 25]  Q:5 M:5 F:5
  9643. [4, 5, 6, 8, 10, 12, 13, 14, 17, 19, 20, 21, 22, 23, 24]  Q:5 M:5 F:5
  9644. [4, 5, 6, 8, 10, 12, 13, 14, 17, 19, 20, 21, 22, 23, 25]  Q:5 M:5 F:5
  9645. [4, 5, 6, 8, 10, 12, 13, 14, 17, 19, 20, 21, 23, 24, 25]  Q:5 M:5 F:5
  9646. [4, 5, 6, 8, 10, 12, 13, 14, 19, 20, 21, 22, 23, 24, 25]  Q:5 M:5 F:5
  9647. [4, 5, 6, 8, 10, 13, 14, 17, 19, 20, 21, 22, 23, 24, 25]  Q:5 M:5 F:5
  9648. [4, 5, 6, 10, 12, 13, 14, 17, 19, 20, 21, 22, 23, 24, 25]  Q:5 M:5 F:5
  9649. [4, 5, 6, 8, 10, 12, 13, 15, 16, 17, 20, 21, 22, 23, 24]  Q:5 M:5 F:5
  9650. [4, 5, 6, 8, 10, 12, 13, 15, 16, 17, 20, 21, 22, 23, 25]  Q:5 M:5 F:5
  9651. [4, 5, 6, 8, 10, 12, 13, 15, 16, 17, 20, 21, 23, 24, 25]  Q:5 M:5 F:5
  9652. [4, 5, 6, 8, 10, 12, 13, 15, 16, 20, 21, 22, 23, 24, 25]  Q:5 M:5 F:5
  9653. [4, 5, 6, 8, 10, 13, 15, 16, 17, 20, 21, 22, 23, 24, 25]  Q:5 M:5 F:5
  9654. [4, 5, 6, 10, 12, 13, 15, 16, 17, 20, 21, 22, 23, 24, 25]  Q:5 M:5 F:5
  9655. [4, 5, 6, 8, 10, 12, 13, 15, 17, 18, 20, 21, 22, 23, 24]  Q:5 M:5 F:5
  9656. [4, 5, 6, 8, 10, 12, 13, 15, 17, 18, 20, 21, 22, 23, 25]  Q:5 M:5 F:5
  9657. [4, 5, 6, 8, 10, 12, 13, 15, 17, 18, 20, 21, 23, 24, 25]  Q:5 M:5 F:5
  9658. [4, 5, 6, 8, 10, 12, 13, 15, 18, 20, 21, 22, 23, 24, 25]  Q:5 M:5 F:5
  9659. [4, 5, 6, 8, 10, 13, 15, 17, 18, 20, 21, 22, 23, 24, 25]  Q:5 M:5 F:5
  9660. [4, 5, 6, 10, 12, 13, 15, 17, 18, 20, 21, 22, 23, 24, 25]  Q:5 M:5 F:5
  9661. [4, 5, 6, 8, 10, 12, 13, 15, 17, 19, 20, 21, 22, 23, 24]  Q:5 M:5 F:5
  9662. [4, 5, 6, 8, 10, 12, 13, 15, 17, 19, 20, 21, 22, 23, 25]  Q:5 M:5 F:5
  9663. [4, 5, 6, 8, 10, 12, 13, 15, 17, 19, 20, 21, 23, 24, 25]  Q:5 M:5 F:5
  9664. [4, 5, 6, 8, 10, 12, 13, 15, 19, 20, 21, 22, 23, 24, 25]  Q:5 M:5 F:5
  9665. [4, 5, 6, 8, 10, 13, 15, 17, 19, 20, 21, 22, 23, 24, 25]  Q:5 M:5 F:5
  9666. [4, 5, 6, 10, 12, 13, 15, 17, 19, 20, 21, 22, 23, 24, 25]  Q:5 M:5 F:5
  9667. [4, 5, 6, 8, 10, 12, 13, 16, 17, 18, 20, 21, 22, 23, 24]  Q:5 M:5 F:5
  9668. [4, 5, 6, 8, 10, 12, 13, 16, 17, 18, 20, 21, 22, 23, 25]  Q:5 M:5 F:5
  9669. [4, 5, 6, 8, 10, 12, 13, 16, 17, 18, 20, 21, 23, 24, 25]  Q:5 M:5 F:5
  9670. [4, 5, 6, 8, 10, 12, 13, 16, 18, 20, 21, 22, 23, 24, 25]  Q:5 M:5 F:5
  9671. [4, 5, 6, 8, 10, 13, 16, 17, 18, 20, 21, 22, 23, 24, 25]  Q:5 M:5 F:5
  9672. [4, 5, 6, 10, 12, 13, 16, 17, 18, 20, 21, 22, 23, 24, 25]  Q:5 M:5 F:5
  9673. [4, 5, 6, 8, 10, 12, 13, 16, 17, 19, 20, 21, 22, 23, 24]  Q:5 M:5 F:5
  9674. [4, 5, 6, 8, 10, 12, 13, 16, 17, 19, 20, 21, 22, 23, 25]  Q:5 M:5 F:5
  9675. [4, 5, 6, 8, 10, 12, 13, 16, 17, 19, 20, 21, 23, 24, 25]  Q:5 M:5 F:5
  9676. [4, 5, 6, 8, 10, 12, 13, 16, 19, 20, 21, 22, 23, 24, 25]  Q:5 M:5 F:5
  9677. [4, 5, 6, 8, 10, 13, 16, 17, 19, 20, 21, 22, 23, 24, 25]  Q:5 M:5 F:5
  9678. [4, 5, 6, 10, 12, 13, 16, 17, 19, 20, 21, 22, 23, 24, 25]  Q:5 M:5 F:5
  9679. [4, 5, 6, 8, 10, 12, 13, 17, 18, 19, 20, 21, 22, 23, 24]  Q:5 M:5 F:5
  9680. [4, 5, 6, 8, 10, 12, 13, 17, 18, 19, 20, 21, 22, 23, 25]  Q:5 M:5 F:5
  9681. [4, 5, 6, 8, 10, 12, 13, 17, 18, 19, 20, 21, 23, 24, 25]  Q:5 M:5 F:5
  9682. [4, 5, 6, 8, 10, 12, 13, 18, 19, 20, 21, 22, 23, 24, 25]  Q:5 M:5 F:5
  9683. [4, 5, 6, 8, 10, 13, 17, 18, 19, 20, 21, 22, 23, 24, 25]  Q:5 M:5 F:5
  9684. [4, 5, 6, 10, 12, 13, 17, 18, 19, 20, 21, 22, 23, 24, 25]  Q:5 M:5 F:5
  9685. [4, 5, 6, 8, 10, 12, 14, 15, 16, 17, 20, 21, 22, 23, 24]  Q:5 M:5 F:5
  9686. [4, 5, 6, 8, 10, 12, 14, 15, 16, 17, 20, 21, 22, 23, 25]  Q:5 M:5 F:5
  9687. [4, 5, 6, 8, 10, 12, 14, 15, 16, 17, 20, 21, 23, 24, 25]  Q:5 M:5 F:5
  9688. [4, 5, 6, 8, 10, 12, 14, 15, 16, 20, 21, 22, 23, 24, 25]  Q:5 M:5 F:5
  9689. [4, 5, 6, 8, 10, 14, 15, 16, 17, 20, 21, 22, 23, 24, 25]  Q:5 M:5 F:5
  9690. [4, 5, 6, 10, 12, 14, 15, 16, 17, 20, 21, 22, 23, 24, 25]  Q:5 M:5 F:5
  9691. [4, 5, 6, 8, 10, 12, 14, 15, 17, 18, 20, 21, 22, 23, 24]  Q:5 M:5 F:5
  9692. [4, 5, 6, 8, 10, 12, 14, 15, 17, 18, 20, 21, 22, 23, 25]  Q:5 M:5 F:5
  9693. [4, 5, 6, 8, 10, 12, 14, 15, 17, 18, 20, 21, 23, 24, 25]  Q:5 M:5 F:5
  9694. [4, 5, 6, 8, 10, 12, 14, 15, 18, 20, 21, 22, 23, 24, 25]  Q:5 M:5 F:5
  9695. [4, 5, 6, 8, 10, 14, 15, 17, 18, 20, 21, 22, 23, 24, 25]  Q:5 M:5 F:5
  9696. [4, 5, 6, 10, 12, 14, 15, 17, 18, 20, 21, 22, 23, 24, 25]  Q:5 M:5 F:5
  9697. [4, 5, 6, 8, 10, 12, 14, 15, 17, 19, 20, 21, 22, 23, 24]  Q:5 M:5 F:5
  9698. [4, 5, 6, 8, 10, 12, 14, 15, 17, 19, 20, 21, 22, 23, 25]  Q:5 M:5 F:5
  9699. [4, 5, 6, 8, 10, 12, 14, 15, 17, 19, 20, 21, 23, 24, 25]  Q:5 M:5 F:5
  9700. [4, 5, 6, 8, 10, 12, 14, 15, 19, 20, 21, 22, 23, 24, 25]  Q:5 M:5 F:5
  9701. [4, 5, 6, 8, 10, 14, 15, 17, 19, 20, 21, 22, 23, 24, 25]  Q:5 M:5 F:5
  9702. [4, 5, 6, 10, 12, 14, 15, 17, 19, 20, 21, 22, 23, 24, 25]  Q:5 M:5 F:5
  9703. [4, 5, 6, 8, 10, 12, 14, 16, 17, 18, 20, 21, 22, 23, 24]  Q:5 M:5 F:5
  9704. [4, 5, 6, 8, 10, 12, 14, 16, 17, 18, 20, 21, 22, 23, 25]  Q:5 M:5 F:5
  9705. [4, 5, 6, 8, 10, 12, 14, 16, 17, 18, 20, 21, 23, 24, 25]  Q:5 M:5 F:5
  9706. [4, 5, 6, 8, 10, 12, 14, 16, 18, 20, 21, 22, 23, 24, 25]  Q:5 M:5 F:5
  9707. [4, 5, 6, 8, 10, 14, 16, 17, 18, 20, 21, 22, 23, 24, 25]  Q:5 M:5 F:5
  9708. [4, 5, 6, 10, 12, 14, 16, 17, 18, 20, 21, 22, 23, 24, 25]  Q:5 M:5 F:5
  9709. [4, 5, 6, 8, 10, 12, 14, 16, 17, 19, 20, 21, 22, 23, 24]  Q:5 M:5 F:5
  9710. [4, 5, 6, 8, 10, 12, 14, 16, 17, 19, 20, 21, 22, 23, 25]  Q:5 M:5 F:5
  9711. [4, 5, 6, 8, 10, 12, 14, 16, 17, 19, 20, 21, 23, 24, 25]  Q:5 M:5 F:5
  9712. [4, 5, 6, 8, 10, 12, 14, 16, 19, 20, 21, 22, 23, 24, 25]  Q:5 M:5 F:5
  9713. [4, 5, 6, 8, 10, 14, 16, 17, 19, 20, 21, 22, 23, 24, 25]  Q:5 M:5 F:5
  9714. [4, 5, 6, 10, 12, 14, 16, 17, 19, 20, 21, 22, 23, 24, 25]  Q:5 M:5 F:5
  9715. [4, 5, 6, 8, 10, 12, 14, 17, 18, 19, 20, 21, 22, 23, 24]  Q:5 M:5 F:5
  9716. [4, 5, 6, 8, 10, 12, 14, 17, 18, 19, 20, 21, 22, 23, 25]  Q:5 M:5 F:5
  9717. [4, 5, 6, 8, 10, 12, 14, 17, 18, 19, 20, 21, 23, 24, 25]  Q:5 M:5 F:5
  9718. [4, 5, 6, 8, 10, 12, 14, 18, 19, 20, 21, 22, 23, 24, 25]  Q:5 M:5 F:5
  9719. [4, 5, 6, 8, 10, 14, 17, 18, 19, 20, 21, 22, 23, 24, 25]  Q:5 M:5 F:5
  9720. [4, 5, 6, 10, 12, 14, 17, 18, 19, 20, 21, 22, 23, 24, 25]  Q:5 M:5 F:5
  9721. [4, 5, 6, 8, 10, 12, 15, 16, 17, 18, 20, 21, 22, 23, 24]  Q:5 M:5 F:5
  9722. [4, 5, 6, 8, 10, 12, 15, 16, 17, 18, 20, 21, 22, 23, 25]  Q:5 M:5 F:5
  9723. [4, 5, 6, 8, 10, 12, 15, 16, 17, 18, 20, 21, 23, 24, 25]  Q:5 M:5 F:5
  9724. [4, 5, 6, 8, 10, 12, 15, 16, 18, 20, 21, 22, 23, 24, 25]  Q:5 M:5 F:5
  9725. [4, 5, 6, 8, 10, 15, 16, 17, 18, 20, 21, 22, 23, 24, 25]  Q:5 M:5 F:5
  9726. [4, 5, 6, 10, 12, 15, 16, 17, 18, 20, 21, 22, 23, 24, 25]  Q:5 M:5 F:5
  9727. [4, 5, 6, 8, 10, 12, 15, 16, 17, 19, 20, 21, 22, 23, 24]  Q:5 M:5 F:5
  9728. [4, 5, 6, 8, 10, 12, 15, 16, 17, 19, 20, 21, 22, 23, 25]  Q:5 M:5 F:5
  9729. [4, 5, 6, 8, 10, 12, 15, 16, 17, 19, 20, 21, 23, 24, 25]  Q:5 M:5 F:5
  9730. [4, 5, 6, 8, 10, 12, 15, 16, 19, 20, 21, 22, 23, 24, 25]  Q:5 M:5 F:5
  9731. [4, 5, 6, 8, 10, 15, 16, 17, 19, 20, 21, 22, 23, 24, 25]  Q:5 M:5 F:5
  9732. [4, 5, 6, 10, 12, 15, 16, 17, 19, 20, 21, 22, 23, 24, 25]  Q:5 M:5 F:5
  9733. [4, 5, 6, 8, 10, 12, 15, 17, 18, 19, 20, 21, 22, 23, 24]  Q:5 M:5 F:5
  9734. [4, 5, 6, 8, 10, 12, 15, 17, 18, 19, 20, 21, 22, 23, 25]  Q:5 M:5 F:5
  9735. [4, 5, 6, 8, 10, 12, 15, 17, 18, 19, 20, 21, 23, 24, 25]  Q:5 M:5 F:5
  9736. [4, 5, 6, 8, 10, 12, 15, 18, 19, 20, 21, 22, 23, 24, 25]  Q:5 M:5 F:5
  9737. [4, 5, 6, 8, 10, 15, 17, 18, 19, 20, 21, 22, 23, 24, 25]  Q:5 M:5 F:5
  9738. [4, 5, 6, 10, 12, 15, 17, 18, 19, 20, 21, 22, 23, 24, 25]  Q:5 M:5 F:5
  9739. [4, 5, 6, 8, 10, 12, 16, 17, 18, 19, 20, 21, 22, 23, 24]  Q:5 M:5 F:5
  9740. [4, 5, 6, 8, 10, 12, 16, 17, 18, 19, 20, 21, 22, 23, 25]  Q:5 M:5 F:5
  9741. [4, 5, 6, 8, 10, 12, 16, 17, 18, 19, 20, 21, 23, 24, 25]  Q:5 M:5 F:5
  9742. [4, 5, 6, 8, 10, 12, 16, 18, 19, 20, 21, 22, 23, 24, 25]  Q:5 M:5 F:5
  9743. [4, 5, 6, 8, 10, 16, 17, 18, 19, 20, 21, 22, 23, 24, 25]  Q:5 M:5 F:5
  9744. [4, 5, 6, 10, 12, 16, 17, 18, 19, 20, 21, 22, 23, 24, 25]  Q:5 M:5 F:5
  9745. [4, 5, 7, 8, 9, 10, 11, 12, 13, 17, 20, 21, 22, 23, 24]  Q:5 M:5 F:5
  9746. [4, 5, 7, 8, 9, 10, 11, 12, 13, 17, 20, 21, 22, 23, 25]  Q:5 M:5 F:5
  9747. [4, 5, 7, 8, 9, 10, 11, 12, 13, 17, 20, 21, 23, 24, 25]  Q:5 M:5 F:5
  9748. [4, 5, 7, 8, 9, 10, 11, 12, 13, 20, 21, 22, 23, 24, 25]  Q:5 M:5 F:5
  9749. [4, 5, 7, 8, 9, 10, 11, 13, 17, 20, 21, 22, 23, 24, 25]  Q:5 M:5 F:5
  9750. [4, 5, 7, 9, 10, 11, 12, 13, 17, 20, 21, 22, 23, 24, 25]  Q:5 M:5 F:5
  9751. [4, 5, 7, 8, 9, 10, 11, 12, 14, 17, 20, 21, 22, 23, 24]  Q:5 M:5 F:5
  9752. [4, 5, 7, 8, 9, 10, 11, 12, 14, 17, 20, 21, 22, 23, 25]  Q:5 M:5 F:5
  9753. [4, 5, 7, 8, 9, 10, 11, 12, 14, 17, 20, 21, 23, 24, 25]  Q:5 M:5 F:5
  9754. [4, 5, 7, 8, 9, 10, 11, 12, 14, 20, 21, 22, 23, 24, 25]  Q:5 M:5 F:5
  9755. [4, 5, 7, 8, 9, 10, 11, 14, 17, 20, 21, 22, 23, 24, 25]  Q:5 M:5 F:5
  9756. [4, 5, 7, 9, 10, 11, 12, 14, 17, 20, 21, 22, 23, 24, 25]  Q:5 M:5 F:5
  9757. [4, 5, 7, 8, 9, 10, 11, 12, 15, 17, 20, 21, 22, 23, 24]  Q:5 M:5 F:5
  9758. [4, 5, 7, 8, 9, 10, 11, 12, 15, 17, 20, 21, 22, 23, 25]  Q:5 M:5 F:5
  9759. [4, 5, 7, 8, 9, 10, 11, 12, 15, 17, 20, 21, 23, 24, 25]  Q:5 M:5 F:5
  9760. [4, 5, 7, 8, 9, 10, 11, 12, 15, 20, 21, 22, 23, 24, 25]  Q:5 M:5 F:5
  9761. [4, 5, 7, 8, 9, 10, 11, 15, 17, 20, 21, 22, 23, 24, 25]  Q:5 M:5 F:5
  9762. [4, 5, 7, 9, 10, 11, 12, 15, 17, 20, 21, 22, 23, 24, 25]  Q:5 M:5 F:5
  9763. [4, 5, 7, 8, 9, 10, 11, 12, 16, 17, 20, 21, 22, 23, 24]  Q:5 M:5 F:5
  9764. [4, 5, 7, 8, 9, 10, 11, 12, 16, 17, 20, 21, 22, 23, 25]  Q:5 M:5 F:5
  9765. [4, 5, 7, 8, 9, 10, 11, 12, 16, 17, 20, 21, 23, 24, 25]  Q:5 M:5 F:5
  9766. [4, 5, 7, 8, 9, 10, 11, 12, 16, 20, 21, 22, 23, 24, 25]  Q:5 M:5 F:5
  9767. [4, 5, 7, 8, 9, 10, 11, 16, 17, 20, 21, 22, 23, 24, 25]  Q:5 M:5 F:5
  9768. [4, 5, 7, 9, 10, 11, 12, 16, 17, 20, 21, 22, 23, 24, 25]  Q:5 M:5 F:5
  9769. [4, 5, 7, 8, 9, 10, 11, 12, 17, 18, 20, 21, 22, 23, 24]  Q:5 M:5 F:5
  9770. [4, 5, 7, 8, 9, 10, 11, 12, 17, 18, 20, 21, 22, 23, 25]  Q:5 M:5 F:5
  9771. [4, 5, 7, 8, 9, 10, 11, 12, 17, 18, 20, 21, 23, 24, 25]  Q:5 M:5 F:5
  9772. [4, 5, 7, 8, 9, 10, 11, 12, 18, 20, 21, 22, 23, 24, 25]  Q:5 M:5 F:5
  9773. [4, 5, 7, 8, 9, 10, 11, 17, 18, 20, 21, 22, 23, 24, 25]  Q:5 M:5 F:5
  9774. [4, 5, 7, 9, 10, 11, 12, 17, 18, 20, 21, 22, 23, 24, 25]  Q:5 M:5 F:5
  9775. [4, 5, 7, 8, 9, 10, 11, 12, 17, 19, 20, 21, 22, 23, 24]  Q:5 M:5 F:5
  9776. [4, 5, 7, 8, 9, 10, 11, 12, 17, 19, 20, 21, 22, 23, 25]  Q:5 M:5 F:5
  9777. [4, 5, 7, 8, 9, 10, 11, 12, 17, 19, 20, 21, 23, 24, 25]  Q:5 M:5 F:5
  9778. [4, 5, 7, 8, 9, 10, 11, 12, 19, 20, 21, 22, 23, 24, 25]  Q:5 M:5 F:5
  9779. [4, 5, 7, 8, 9, 10, 11, 17, 19, 20, 21, 22, 23, 24, 25]  Q:5 M:5 F:5
  9780. [4, 5, 7, 9, 10, 11, 12, 17, 19, 20, 21, 22, 23, 24, 25]  Q:5 M:5 F:5
  9781. [4, 5, 7, 8, 9, 10, 12, 13, 14, 17, 20, 21, 22, 23, 24]  Q:5 M:5 F:5
  9782. [4, 5, 7, 8, 9, 10, 12, 13, 14, 17, 20, 21, 22, 23, 25]  Q:5 M:5 F:5
  9783. [4, 5, 7, 8, 9, 10, 12, 13, 14, 17, 20, 21, 23, 24, 25]  Q:5 M:5 F:5
  9784. [4, 5, 7, 8, 9, 10, 12, 13, 14, 20, 21, 22, 23, 24, 25]  Q:5 M:5 F:5
  9785. [4, 5, 7, 8, 9, 10, 13, 14, 17, 20, 21, 22, 23, 24, 25]  Q:5 M:5 F:5
  9786. [4, 5, 7, 9, 10, 12, 13, 14, 17, 20, 21, 22, 23, 24, 25]  Q:5 M:5 F:5
  9787. [4, 5, 7, 8, 9, 10, 12, 13, 15, 17, 20, 21, 22, 23, 24]  Q:5 M:5 F:5
  9788. [4, 5, 7, 8, 9, 10, 12, 13, 15, 17, 20, 21, 22, 23, 25]  Q:5 M:5 F:5
  9789. [4, 5, 7, 8, 9, 10, 12, 13, 15, 17, 20, 21, 23, 24, 25]  Q:5 M:5 F:5
  9790. [4, 5, 7, 8, 9, 10, 12, 13, 15, 20, 21, 22, 23, 24, 25]  Q:5 M:5 F:5
  9791. [4, 5, 7, 8, 9, 10, 13, 15, 17, 20, 21, 22, 23, 24, 25]  Q:5 M:5 F:5
  9792. [4, 5, 7, 9, 10, 12, 13, 15, 17, 20, 21, 22, 23, 24, 25]  Q:5 M:5 F:5
  9793. [4, 5, 7, 8, 9, 10, 12, 13, 16, 17, 20, 21, 22, 23, 24]  Q:5 M:5 F:5
  9794. [4, 5, 7, 8, 9, 10, 12, 13, 16, 17, 20, 21, 22, 23, 25]  Q:5 M:5 F:5
  9795. [4, 5, 7, 8, 9, 10, 12, 13, 16, 17, 20, 21, 23, 24, 25]  Q:5 M:5 F:5
  9796. [4, 5, 7, 8, 9, 10, 12, 13, 16, 20, 21, 22, 23, 24, 25]  Q:5 M:5 F:5
  9797. [4, 5, 7, 8, 9, 10, 13, 16, 17, 20, 21, 22, 23, 24, 25]  Q:5 M:5 F:5
  9798. [4, 5, 7, 9, 10, 12, 13, 16, 17, 20, 21, 22, 23, 24, 25]  Q:5 M:5 F:5
  9799. [4, 5, 7, 8, 9, 10, 12, 13, 17, 18, 20, 21, 22, 23, 24]  Q:5 M:5 F:5
  9800. [4, 5, 7, 8, 9, 10, 12, 13, 17, 18, 20, 21, 22, 23, 25]  Q:5 M:5 F:5
  9801. [4, 5, 7, 8, 9, 10, 12, 13, 17, 18, 20, 21, 23, 24, 25]  Q:5 M:5 F:5
  9802. [4, 5, 7, 8, 9, 10, 12, 13, 18, 20, 21, 22, 23, 24, 25]  Q:5 M:5 F:5
  9803. [4, 5, 7, 8, 9, 10, 13, 17, 18, 20, 21, 22, 23, 24, 25]  Q:5 M:5 F:5
  9804. [4, 5, 7, 9, 10, 12, 13, 17, 18, 20, 21, 22, 23, 24, 25]  Q:5 M:5 F:5
  9805. [4, 5, 7, 8, 9, 10, 12, 13, 17, 19, 20, 21, 22, 23, 24]  Q:5 M:5 F:5
  9806. [4, 5, 7, 8, 9, 10, 12, 13, 17, 19, 20, 21, 22, 23, 25]  Q:5 M:5 F:5
  9807. [4, 5, 7, 8, 9, 10, 12, 13, 17, 19, 20, 21, 23, 24, 25]  Q:5 M:5 F:5
  9808. [4, 5, 7, 8, 9, 10, 12, 13, 19, 20, 21, 22, 23, 24, 25]  Q:5 M:5 F:5
  9809. [4, 5, 7, 8, 9, 10, 13, 17, 19, 20, 21, 22, 23, 24, 25]  Q:5 M:5 F:5
  9810. [4, 5, 7, 9, 10, 12, 13, 17, 19, 20, 21, 22, 23, 24, 25]  Q:5 M:5 F:5
  9811. [4, 5, 7, 8, 9, 10, 12, 14, 15, 17, 20, 21, 22, 23, 24]  Q:5 M:5 F:5
  9812. [4, 5, 7, 8, 9, 10, 12, 14, 15, 17, 20, 21, 22, 23, 25]  Q:5 M:5 F:5
  9813. [4, 5, 7, 8, 9, 10, 12, 14, 15, 17, 20, 21, 23, 24, 25]  Q:5 M:5 F:5
  9814. [4, 5, 7, 8, 9, 10, 12, 14, 15, 20, 21, 22, 23, 24, 25]  Q:5 M:5 F:5
  9815. [4, 5, 7, 8, 9, 10, 14, 15, 17, 20, 21, 22, 23, 24, 25]  Q:5 M:5 F:5
  9816. [4, 5, 7, 9, 10, 12, 14, 15, 17, 20, 21, 22, 23, 24, 25]  Q:5 M:5 F:5
  9817. [4, 5, 7, 8, 9, 10, 12, 14, 16, 17, 20, 21, 22, 23, 24]  Q:5 M:5 F:5
  9818. [4, 5, 7, 8, 9, 10, 12, 14, 16, 17, 20, 21, 22, 23, 25]  Q:5 M:5 F:5
  9819. [4, 5, 7, 8, 9, 10, 12, 14, 16, 17, 20, 21, 23, 24, 25]  Q:5 M:5 F:5
  9820. [4, 5, 7, 8, 9, 10, 12, 14, 16, 20, 21, 22, 23, 24, 25]  Q:5 M:5 F:5
  9821. [4, 5, 7, 8, 9, 10, 14, 16, 17, 20, 21, 22, 23, 24, 25]  Q:5 M:5 F:5
  9822. [4, 5, 7, 9, 10, 12, 14, 16, 17, 20, 21, 22, 23, 24, 25]  Q:5 M:5 F:5
  9823. [4, 5, 7, 8, 9, 10, 12, 14, 17, 18, 20, 21, 22, 23, 24]  Q:5 M:5 F:5
  9824. [4, 5, 7, 8, 9, 10, 12, 14, 17, 18, 20, 21, 22, 23, 25]  Q:5 M:5 F:5
  9825. [4, 5, 7, 8, 9, 10, 12, 14, 17, 18, 20, 21, 23, 24, 25]  Q:5 M:5 F:5
  9826. [4, 5, 7, 8, 9, 10, 12, 14, 18, 20, 21, 22, 23, 24, 25]  Q:5 M:5 F:5
  9827. [4, 5, 7, 8, 9, 10, 14, 17, 18, 20, 21, 22, 23, 24, 25]  Q:5 M:5 F:5
  9828. [4, 5, 7, 9, 10, 12, 14, 17, 18, 20, 21, 22, 23, 24, 25]  Q:5 M:5 F:5
  9829. [4, 5, 7, 8, 9, 10, 12, 14, 17, 19, 20, 21, 22, 23, 24]  Q:5 M:5 F:5
  9830. [4, 5, 7, 8, 9, 10, 12, 14, 17, 19, 20, 21, 22, 23, 25]  Q:5 M:5 F:5
  9831. [4, 5, 7, 8, 9, 10, 12, 14, 17, 19, 20, 21, 23, 24, 25]  Q:5 M:5 F:5
  9832. [4, 5, 7, 8, 9, 10, 12, 14, 19, 20, 21, 22, 23, 24, 25]  Q:5 M:5 F:5
  9833. [4, 5, 7, 8, 9, 10, 14, 17, 19, 20, 21, 22, 23, 24, 25]  Q:5 M:5 F:5
  9834. [4, 5, 7, 9, 10, 12, 14, 17, 19, 20, 21, 22, 23, 24, 25]  Q:5 M:5 F:5
  9835. [4, 5, 7, 8, 9, 10, 12, 15, 16, 17, 20, 21, 22, 23, 24]  Q:5 M:5 F:5
  9836. [4, 5, 7, 8, 9, 10, 12, 15, 16, 17, 20, 21, 22, 23, 25]  Q:5 M:5 F:5
  9837. [4, 5, 7, 8, 9, 10, 12, 15, 16, 17, 20, 21, 23, 24, 25]  Q:5 M:5 F:5
  9838. [4, 5, 7, 8, 9, 10, 12, 15, 16, 20, 21, 22, 23, 24, 25]  Q:5 M:5 F:5
  9839. [4, 5, 7, 8, 9, 10, 15, 16, 17, 20, 21, 22, 23, 24, 25]  Q:5 M:5 F:5
  9840. [4, 5, 7, 9, 10, 12, 15, 16, 17, 20, 21, 22, 23, 24, 25]  Q:5 M:5 F:5
  9841. [4, 5, 7, 8, 9, 10, 12, 15, 17, 18, 20, 21, 22, 23, 24]  Q:5 M:5 F:5
  9842. [4, 5, 7, 8, 9, 10, 12, 15, 17, 18, 20, 21, 22, 23, 25]  Q:5 M:5 F:5
  9843. [4, 5, 7, 8, 9, 10, 12, 15, 17, 18, 20, 21, 23, 24, 25]  Q:5 M:5 F:5
  9844. [4, 5, 7, 8, 9, 10, 12, 15, 18, 20, 21, 22, 23, 24, 25]  Q:5 M:5 F:5
  9845. [4, 5, 7, 8, 9, 10, 15, 17, 18, 20, 21, 22, 23, 24, 25]  Q:5 M:5 F:5
  9846. [4, 5, 7, 9, 10, 12, 15, 17, 18, 20, 21, 22, 23, 24, 25]  Q:5 M:5 F:5
  9847. [4, 5, 7, 8, 9, 10, 12, 15, 17, 19, 20, 21, 22, 23, 24]  Q:5 M:5 F:5
  9848. [4, 5, 7, 8, 9, 10, 12, 15, 17, 19, 20, 21, 22, 23, 25]  Q:5 M:5 F:5
  9849. [4, 5, 7, 8, 9, 10, 12, 15, 17, 19, 20, 21, 23, 24, 25]  Q:5 M:5 F:5
  9850. [4, 5, 7, 8, 9, 10, 12, 15, 19, 20, 21, 22, 23, 24, 25]  Q:5 M:5 F:5
  9851. [4, 5, 7, 8, 9, 10, 15, 17, 19, 20, 21, 22, 23, 24, 25]  Q:5 M:5 F:5
  9852. [4, 5, 7, 9, 10, 12, 15, 17, 19, 20, 21, 22, 23, 24, 25]  Q:5 M:5 F:5
  9853. [4, 5, 7, 8, 9, 10, 12, 16, 17, 18, 20, 21, 22, 23, 24]  Q:5 M:5 F:5
  9854. [4, 5, 7, 8, 9, 10, 12, 16, 17, 18, 20, 21, 22, 23, 25]  Q:5 M:5 F:5
  9855. [4, 5, 7, 8, 9, 10, 12, 16, 17, 18, 20, 21, 23, 24, 25]  Q:5 M:5 F:5
  9856. [4, 5, 7, 8, 9, 10, 12, 16, 18, 20, 21, 22, 23, 24, 25]  Q:5 M:5 F:5
  9857. [4, 5, 7, 8, 9, 10, 16, 17, 18, 20, 21, 22, 23, 24, 25]  Q:5 M:5 F:5
  9858. [4, 5, 7, 9, 10, 12, 16, 17, 18, 20, 21, 22, 23, 24, 25]  Q:5 M:5 F:5
  9859. [4, 5, 7, 8, 9, 10, 12, 16, 17, 19, 20, 21, 22, 23, 24]  Q:5 M:5 F:5
  9860. [4, 5, 7, 8, 9, 10, 12, 16, 17, 19, 20, 21, 22, 23, 25]  Q:5 M:5 F:5
  9861. [4, 5, 7, 8, 9, 10, 12, 16, 17, 19, 20, 21, 23, 24, 25]  Q:5 M:5 F:5
  9862. [4, 5, 7, 8, 9, 10, 12, 16, 19, 20, 21, 22, 23, 24, 25]  Q:5 M:5 F:5
  9863. [4, 5, 7, 8, 9, 10, 16, 17, 19, 20, 21, 22, 23, 24, 25]  Q:5 M:5 F:5
  9864. [4, 5, 7, 9, 10, 12, 16, 17, 19, 20, 21, 22, 23, 24, 25]  Q:5 M:5 F:5
  9865. [4, 5, 7, 8, 9, 10, 12, 17, 18, 19, 20, 21, 22, 23, 24]  Q:5 M:5 F:5
  9866. [4, 5, 7, 8, 9, 10, 12, 17, 18, 19, 20, 21, 22, 23, 25]  Q:5 M:5 F:5
  9867. [4, 5, 7, 8, 9, 10, 12, 17, 18, 19, 20, 21, 23, 24, 25]  Q:5 M:5 F:5
  9868. [4, 5, 7, 8, 9, 10, 12, 18, 19, 20, 21, 22, 23, 24, 25]  Q:5 M:5 F:5
  9869. [4, 5, 7, 8, 9, 10, 17, 18, 19, 20, 21, 22, 23, 24, 25]  Q:5 M:5 F:5
  9870. [4, 5, 7, 9, 10, 12, 17, 18, 19, 20, 21, 22, 23, 24, 25]  Q:5 M:5 F:5
  9871. [4, 5, 7, 8, 10, 11, 12, 13, 14, 17, 20, 21, 22, 23, 24]  Q:5 M:5 F:5
  9872. [4, 5, 7, 8, 10, 11, 12, 13, 14, 17, 20, 21, 22, 23, 25]  Q:5 M:5 F:5
  9873. [4, 5, 7, 8, 10, 11, 12, 13, 14, 17, 20, 21, 23, 24, 25]  Q:5 M:5 F:5
  9874. [4, 5, 7, 8, 10, 11, 12, 13, 14, 20, 21, 22, 23, 24, 25]  Q:5 M:5 F:5
  9875. [4, 5, 7, 8, 10, 11, 13, 14, 17, 20, 21, 22, 23, 24, 25]  Q:5 M:5 F:5
  9876. [4, 5, 7, 10, 11, 12, 13, 14, 17, 20, 21, 22, 23, 24, 25]  Q:5 M:5 F:5
  9877. [4, 5, 7, 8, 10, 11, 12, 13, 15, 17, 20, 21, 22, 23, 24]  Q:5 M:5 F:5
  9878. [4, 5, 7, 8, 10, 11, 12, 13, 15, 17, 20, 21, 22, 23, 25]  Q:5 M:5 F:5
  9879. [4, 5, 7, 8, 10, 11, 12, 13, 15, 17, 20, 21, 23, 24, 25]  Q:5 M:5 F:5
  9880. [4, 5, 7, 8, 10, 11, 12, 13, 15, 20, 21, 22, 23, 24, 25]  Q:5 M:5 F:5
  9881. [4, 5, 7, 8, 10, 11, 13, 15, 17, 20, 21, 22, 23, 24, 25]  Q:5 M:5 F:5
  9882. [4, 5, 7, 10, 11, 12, 13, 15, 17, 20, 21, 22, 23, 24, 25]  Q:5 M:5 F:5
  9883. [4, 5, 7, 8, 10, 11, 12, 13, 16, 17, 20, 21, 22, 23, 24]  Q:5 M:5 F:5
  9884. [4, 5, 7, 8, 10, 11, 12, 13, 16, 17, 20, 21, 22, 23, 25]  Q:5 M:5 F:5
  9885. [4, 5, 7, 8, 10, 11, 12, 13, 16, 17, 20, 21, 23, 24, 25]  Q:5 M:5 F:5
  9886. [4, 5, 7, 8, 10, 11, 12, 13, 16, 20, 21, 22, 23, 24, 25]  Q:5 M:5 F:5
  9887. [4, 5, 7, 8, 10, 11, 13, 16, 17, 20, 21, 22, 23, 24, 25]  Q:5 M:5 F:5
  9888. [4, 5, 7, 10, 11, 12, 13, 16, 17, 20, 21, 22, 23, 24, 25]  Q:5 M:5 F:5
  9889. [4, 5, 7, 8, 10, 11, 12, 13, 17, 18, 20, 21, 22, 23, 24]  Q:5 M:5 F:5
  9890. [4, 5, 7, 8, 10, 11, 12, 13, 17, 18, 20, 21, 22, 23, 25]  Q:5 M:5 F:5
  9891. [4, 5, 7, 8, 10, 11, 12, 13, 17, 18, 20, 21, 23, 24, 25]  Q:5 M:5 F:5
  9892. [4, 5, 7, 8, 10, 11, 12, 13, 18, 20, 21, 22, 23, 24, 25]  Q:5 M:5 F:5
  9893. [4, 5, 7, 8, 10, 11, 13, 17, 18, 20, 21, 22, 23, 24, 25]  Q:5 M:5 F:5
  9894. [4, 5, 7, 10, 11, 12, 13, 17, 18, 20, 21, 22, 23, 24, 25]  Q:5 M:5 F:5
  9895. [4, 5, 7, 8, 10, 11, 12, 13, 17, 19, 20, 21, 22, 23, 24]  Q:5 M:5 F:5
  9896. [4, 5, 7, 8, 10, 11, 12, 13, 17, 19, 20, 21, 22, 23, 25]  Q:5 M:5 F:5
  9897. [4, 5, 7, 8, 10, 11, 12, 13, 17, 19, 20, 21, 23, 24, 25]  Q:5 M:5 F:5
  9898. [4, 5, 7, 8, 10, 11, 12, 13, 19, 20, 21, 22, 23, 24, 25]  Q:5 M:5 F:5
  9899. [4, 5, 7, 8, 10, 11, 13, 17, 19, 20, 21, 22, 23, 24, 25]  Q:5 M:5 F:5
  9900. [4, 5, 7, 10, 11, 12, 13, 17, 19, 20, 21, 22, 23, 24, 25]  Q:5 M:5 F:5
  9901. [4, 5, 7, 8, 10, 11, 12, 14, 15, 17, 20, 21, 22, 23, 24]  Q:5 M:5 F:5
  9902. [4, 5, 7, 8, 10, 11, 12, 14, 15, 17, 20, 21, 22, 23, 25]  Q:5 M:5 F:5
  9903. [4, 5, 7, 8, 10, 11, 12, 14, 15, 17, 20, 21, 23, 24, 25]  Q:5 M:5 F:5
  9904. [4, 5, 7, 8, 10, 11, 12, 14, 15, 20, 21, 22, 23, 24, 25]  Q:5 M:5 F:5
  9905. [4, 5, 7, 8, 10, 11, 14, 15, 17, 20, 21, 22, 23, 24, 25]  Q:5 M:5 F:5
  9906. [4, 5, 7, 10, 11, 12, 14, 15, 17, 20, 21, 22, 23, 24, 25]  Q:5 M:5 F:5
  9907. [4, 5, 7, 8, 10, 11, 12, 14, 16, 17, 20, 21, 22, 23, 24]  Q:5 M:5 F:5
  9908. [4, 5, 7, 8, 10, 11, 12, 14, 16, 17, 20, 21, 22, 23, 25]  Q:5 M:5 F:5
  9909. [4, 5, 7, 8, 10, 11, 12, 14, 16, 17, 20, 21, 23, 24, 25]  Q:5 M:5 F:5
  9910. [4, 5, 7, 8, 10, 11, 12, 14, 16, 20, 21, 22, 23, 24, 25]  Q:5 M:5 F:5
  9911. [4, 5, 7, 8, 10, 11, 14, 16, 17, 20, 21, 22, 23, 24, 25]  Q:5 M:5 F:5
  9912. [4, 5, 7, 10, 11, 12, 14, 16, 17, 20, 21, 22, 23, 24, 25]  Q:5 M:5 F:5
  9913. [4, 5, 7, 8, 10, 11, 12, 14, 17, 18, 20, 21, 22, 23, 24]  Q:5 M:5 F:5
  9914. [4, 5, 7, 8, 10, 11, 12, 14, 17, 18, 20, 21, 22, 23, 25]  Q:5 M:5 F:5
  9915. [4, 5, 7, 8, 10, 11, 12, 14, 17, 18, 20, 21, 23, 24, 25]  Q:5 M:5 F:5
  9916. [4, 5, 7, 8, 10, 11, 12, 14, 18, 20, 21, 22, 23, 24, 25]  Q:5 M:5 F:5
  9917. [4, 5, 7, 8, 10, 11, 14, 17, 18, 20, 21, 22, 23, 24, 25]  Q:5 M:5 F:5
  9918. [4, 5, 7, 10, 11, 12, 14, 17, 18, 20, 21, 22, 23, 24, 25]  Q:5 M:5 F:5
  9919. [4, 5, 7, 8, 10, 11, 12, 14, 17, 19, 20, 21, 22, 23, 24]  Q:5 M:5 F:5
  9920. [4, 5, 7, 8, 10, 11, 12, 14, 17, 19, 20, 21, 22, 23, 25]  Q:5 M:5 F:5
  9921. [4, 5, 7, 8, 10, 11, 12, 14, 17, 19, 20, 21, 23, 24, 25]  Q:5 M:5 F:5
  9922. [4, 5, 7, 8, 10, 11, 12, 14, 19, 20, 21, 22, 23, 24, 25]  Q:5 M:5 F:5
  9923. [4, 5, 7, 8, 10, 11, 14, 17, 19, 20, 21, 22, 23, 24, 25]  Q:5 M:5 F:5
  9924. [4, 5, 7, 10, 11, 12, 14, 17, 19, 20, 21, 22, 23, 24, 25]  Q:5 M:5 F:5
  9925. [4, 5, 7, 8, 10, 11, 12, 15, 16, 17, 20, 21, 22, 23, 24]  Q:5 M:5 F:5
  9926. [4, 5, 7, 8, 10, 11, 12, 15, 16, 17, 20, 21, 22, 23, 25]  Q:5 M:5 F:5
  9927. [4, 5, 7, 8, 10, 11, 12, 15, 16, 17, 20, 21, 23, 24, 25]  Q:5 M:5 F:5
  9928. [4, 5, 7, 8, 10, 11, 12, 15, 16, 20, 21, 22, 23, 24, 25]  Q:5 M:5 F:5
  9929. [4, 5, 7, 8, 10, 11, 15, 16, 17, 20, 21, 22, 23, 24, 25]  Q:5 M:5 F:5
  9930. [4, 5, 7, 10, 11, 12, 15, 16, 17, 20, 21, 22, 23, 24, 25]  Q:5 M:5 F:5
  9931. [4, 5, 7, 8, 10, 11, 12, 15, 17, 18, 20, 21, 22, 23, 24]  Q:5 M:5 F:5
  9932. [4, 5, 7, 8, 10, 11, 12, 15, 17, 18, 20, 21, 22, 23, 25]  Q:5 M:5 F:5
  9933. [4, 5, 7, 8, 10, 11, 12, 15, 17, 18, 20, 21, 23, 24, 25]  Q:5 M:5 F:5
  9934. [4, 5, 7, 8, 10, 11, 12, 15, 18, 20, 21, 22, 23, 24, 25]  Q:5 M:5 F:5
  9935. [4, 5, 7, 8, 10, 11, 15, 17, 18, 20, 21, 22, 23, 24, 25]  Q:5 M:5 F:5
  9936. [4, 5, 7, 10, 11, 12, 15, 17, 18, 20, 21, 22, 23, 24, 25]  Q:5 M:5 F:5
  9937. [4, 5, 7, 8, 10, 11, 12, 15, 17, 19, 20, 21, 22, 23, 24]  Q:5 M:5 F:5
  9938. [4, 5, 7, 8, 10, 11, 12, 15, 17, 19, 20, 21, 22, 23, 25]  Q:5 M:5 F:5
  9939. [4, 5, 7, 8, 10, 11, 12, 15, 17, 19, 20, 21, 23, 24, 25]  Q:5 M:5 F:5
  9940. [4, 5, 7, 8, 10, 11, 12, 15, 19, 20, 21, 22, 23, 24, 25]  Q:5 M:5 F:5
  9941. [4, 5, 7, 8, 10, 11, 15, 17, 19, 20, 21, 22, 23, 24, 25]  Q:5 M:5 F:5
  9942. [4, 5, 7, 10, 11, 12, 15, 17, 19, 20, 21, 22, 23, 24, 25]  Q:5 M:5 F:5
  9943. [4, 5, 7, 8, 10, 11, 12, 16, 17, 18, 20, 21, 22, 23, 24]  Q:5 M:5 F:5
  9944. [4, 5, 7, 8, 10, 11, 12, 16, 17, 18, 20, 21, 22, 23, 25]  Q:5 M:5 F:5
  9945. [4, 5, 7, 8, 10, 11, 12, 16, 17, 18, 20, 21, 23, 24, 25]  Q:5 M:5 F:5
  9946. [4, 5, 7, 8, 10, 11, 12, 16, 18, 20, 21, 22, 23, 24, 25]  Q:5 M:5 F:5
  9947. [4, 5, 7, 8, 10, 11, 16, 17, 18, 20, 21, 22, 23, 24, 25]  Q:5 M:5 F:5
  9948. [4, 5, 7, 10, 11, 12, 16, 17, 18, 20, 21, 22, 23, 24, 25]  Q:5 M:5 F:5
  9949. [4, 5, 7, 8, 10, 11, 12, 16, 17, 19, 20, 21, 22, 23, 24]  Q:5 M:5 F:5
  9950. [4, 5, 7, 8, 10, 11, 12, 16, 17, 19, 20, 21, 22, 23, 25]  Q:5 M:5 F:5
  9951. [4, 5, 7, 8, 10, 11, 12, 16, 17, 19, 20, 21, 23, 24, 25]  Q:5 M:5 F:5
  9952. [4, 5, 7, 8, 10, 11, 12, 16, 19, 20, 21, 22, 23, 24, 25]  Q:5 M:5 F:5
  9953. [4, 5, 7, 8, 10, 11, 16, 17, 19, 20, 21, 22, 23, 24, 25]  Q:5 M:5 F:5
  9954. [4, 5, 7, 10, 11, 12, 16, 17, 19, 20, 21, 22, 23, 24, 25]  Q:5 M:5 F:5
  9955. [4, 5, 7, 8, 10, 11, 12, 17, 18, 19, 20, 21, 22, 23, 24]  Q:5 M:5 F:5
  9956. [4, 5, 7, 8, 10, 11, 12, 17, 18, 19, 20, 21, 22, 23, 25]  Q:5 M:5 F:5
  9957. [4, 5, 7, 8, 10, 11, 12, 17, 18, 19, 20, 21, 23, 24, 25]  Q:5 M:5 F:5
  9958. [4, 5, 7, 8, 10, 11, 12, 18, 19, 20, 21, 22, 23, 24, 25]  Q:5 M:5 F:5
  9959. [4, 5, 7, 8, 10, 11, 17, 18, 19, 20, 21, 22, 23, 24, 25]  Q:5 M:5 F:5
  9960. [4, 5, 7, 10, 11, 12, 17, 18, 19, 20, 21, 22, 23, 24, 25]  Q:5 M:5 F:5
  9961. [4, 5, 7, 8, 10, 12, 13, 14, 15, 17, 20, 21, 22, 23, 24]  Q:5 M:5 F:5
  9962. [4, 5, 7, 8, 10, 12, 13, 14, 15, 17, 20, 21, 22, 23, 25]  Q:5 M:5 F:5
  9963. [4, 5, 7, 8, 10, 12, 13, 14, 15, 17, 20, 21, 23, 24, 25]  Q:5 M:5 F:5
  9964. [4, 5, 7, 8, 10, 12, 13, 14, 15, 20, 21, 22, 23, 24, 25]  Q:5 M:5 F:5
  9965. [4, 5, 7, 8, 10, 13, 14, 15, 17, 20, 21, 22, 23, 24, 25]  Q:5 M:5 F:5
  9966. [4, 5, 7, 10, 12, 13, 14, 15, 17, 20, 21, 22, 23, 24, 25]  Q:5 M:5 F:5
  9967. [4, 5, 7, 8, 10, 12, 13, 14, 16, 17, 20, 21, 22, 23, 24]  Q:5 M:5 F:5
  9968. [4, 5, 7, 8, 10, 12, 13, 14, 16, 17, 20, 21, 22, 23, 25]  Q:5 M:5 F:5
  9969. [4, 5, 7, 8, 10, 12, 13, 14, 16, 17, 20, 21, 23, 24, 25]  Q:5 M:5 F:5
  9970. [4, 5, 7, 8, 10, 12, 13, 14, 16, 20, 21, 22, 23, 24, 25]  Q:5 M:5 F:5
  9971. [4, 5, 7, 8, 10, 13, 14, 16, 17, 20, 21, 22, 23, 24, 25]  Q:5 M:5 F:5
  9972. [4, 5, 7, 10, 12, 13, 14, 16, 17, 20, 21, 22, 23, 24, 25]  Q:5 M:5 F:5
  9973. [4, 5, 7, 8, 10, 12, 13, 14, 17, 18, 20, 21, 22, 23, 24]  Q:5 M:5 F:5
  9974. [4, 5, 7, 8, 10, 12, 13, 14, 17, 18, 20, 21, 22, 23, 25]  Q:5 M:5 F:5
  9975. [4, 5, 7, 8, 10, 12, 13, 14, 17, 18, 20, 21, 23, 24, 25]  Q:5 M:5 F:5
  9976. [4, 5, 7, 8, 10, 12, 13, 14, 18, 20, 21, 22, 23, 24, 25]  Q:5 M:5 F:5
  9977. [4, 5, 7, 8, 10, 13, 14, 17, 18, 20, 21, 22, 23, 24, 25]  Q:5 M:5 F:5
  9978. [4, 5, 7, 10, 12, 13, 14, 17, 18, 20, 21, 22, 23, 24, 25]  Q:5 M:5 F:5
  9979. [4, 5, 7, 8, 10, 12, 13, 14, 17, 19, 20, 21, 22, 23, 24]  Q:5 M:5 F:5
  9980. [4, 5, 7, 8, 10, 12, 13, 14, 17, 19, 20, 21, 22, 23, 25]  Q:5 M:5 F:5
  9981. [4, 5, 7, 8, 10, 12, 13, 14, 17, 19, 20, 21, 23, 24, 25]  Q:5 M:5 F:5
  9982. [4, 5, 7, 8, 10, 12, 13, 14, 19, 20, 21, 22, 23, 24, 25]  Q:5 M:5 F:5
  9983. [4, 5, 7, 8, 10, 13, 14, 17, 19, 20, 21, 22, 23, 24, 25]  Q:5 M:5 F:5
  9984. [4, 5, 7, 10, 12, 13, 14, 17, 19, 20, 21, 22, 23, 24, 25]  Q:5 M:5 F:5
  9985. [4, 5, 7, 8, 10, 12, 13, 15, 16, 17, 20, 21, 22, 23, 24]  Q:5 M:5 F:5
  9986. [4, 5, 7, 8, 10, 12, 13, 15, 16, 17, 20, 21, 22, 23, 25]  Q:5 M:5 F:5
  9987. [4, 5, 7, 8, 10, 12, 13, 15, 16, 17, 20, 21, 23, 24, 25]  Q:5 M:5 F:5
  9988. [4, 5, 7, 8, 10, 12, 13, 15, 16, 20, 21, 22, 23, 24, 25]  Q:5 M:5 F:5
  9989. [4, 5, 7, 8, 10, 13, 15, 16, 17, 20, 21, 22, 23, 24, 25]  Q:5 M:5 F:5
  9990. [4, 5, 7, 10, 12, 13, 15, 16, 17, 20, 21, 22, 23, 24, 25]  Q:5 M:5 F:5
  9991. [4, 5, 7, 8, 10, 12, 13, 15, 17, 18, 20, 21, 22, 23, 24]  Q:5 M:5 F:5
  9992. [4, 5, 7, 8, 10, 12, 13, 15, 17, 18, 20, 21, 22, 23, 25]  Q:5 M:5 F:5
  9993. [4, 5, 7, 8, 10, 12, 13, 15, 17, 18, 20, 21, 23, 24, 25]  Q:5 M:5 F:5
  9994. [4, 5, 7, 8, 10, 12, 13, 15, 18, 20, 21, 22, 23, 24, 25]  Q:5 M:5 F:5
  9995. [4, 5, 7, 8, 10, 13, 15, 17, 18, 20, 21, 22, 23, 24, 25]  Q:5 M:5 F:5
  9996. [4, 5, 7, 10, 12, 13, 15, 17, 18, 20, 21, 22, 23, 24, 25]  Q:5 M:5 F:5
  9997. [4, 5, 7, 8, 10, 12, 13, 15, 17, 19, 20, 21, 22, 23, 24]  Q:5 M:5 F:5
  9998. [4, 5, 7, 8, 10, 12, 13, 15, 17, 19, 20, 21, 22, 23, 25]  Q:5 M:5 F:5
  9999. [4, 5, 7, 8, 10, 12, 13, 15, 17, 19, 20, 21, 23, 24, 25]  Q:5 M:5 F:5
 10000. [4, 5, 7, 8, 10, 12, 13, 15, 19, 20, 21, 22, 23, 24, 25]  Q:5 M:5 F:5
 10001. [4, 5, 7, 8, 10, 13, 15, 17, 19, 20, 21, 22, 23, 24, 25]  Q:5 M:5 F:5
 10002. [4, 5, 7, 10, 12, 13, 15, 17, 19, 20, 21, 22, 23, 24, 25]  Q:5 M:5 F:5
 10003. [4, 5, 7, 8, 10, 12, 13, 16, 17, 18, 20, 21, 22, 23, 24]  Q:5 M:5 F:5
 10004. [4, 5, 7, 8, 10, 12, 13, 16, 17, 18, 20, 21, 22, 23, 25]  Q:5 M:5 F:5
 10005. [4, 5, 7, 8, 10, 12, 13, 16, 17, 18, 20, 21, 23, 24, 25]  Q:5 M:5 F:5
 10006. [4, 5, 7, 8, 10, 12, 13, 16, 18, 20, 21, 22, 23, 24, 25]  Q:5 M:5 F:5
 10007. [4, 5, 7, 8, 10, 13, 16, 17, 18, 20, 21, 22, 23, 24, 25]  Q:5 M:5 F:5
 10008. [4, 5, 7, 10, 12, 13, 16, 17, 18, 20, 21, 22, 23, 24, 25]  Q:5 M:5 F:5
 10009. [4, 5, 7, 8, 10, 12, 13, 16, 17, 19, 20, 21, 22, 23, 24]  Q:5 M:5 F:5
 10010. [4, 5, 7, 8, 10, 12, 13, 16, 17, 19, 20, 21, 22, 23, 25]  Q:5 M:5 F:5
 10011. [4, 5, 7, 8, 10, 12, 13, 16, 17, 19, 20, 21, 23, 24, 25]  Q:5 M:5 F:5
 10012. [4, 5, 7, 8, 10, 12, 13, 16, 19, 20, 21, 22, 23, 24, 25]  Q:5 M:5 F:5
 10013. [4, 5, 7, 8, 10, 13, 16, 17, 19, 20, 21, 22, 23, 24, 25]  Q:5 M:5 F:5
 10014. [4, 5, 7, 10, 12, 13, 16, 17, 19, 20, 21, 22, 23, 24, 25]  Q:5 M:5 F:5
 10015. [4, 5, 7, 8, 10, 12, 13, 17, 18, 19, 20, 21, 22, 23, 24]  Q:5 M:5 F:5
 10016. [4, 5, 7, 8, 10, 12, 13, 17, 18, 19, 20, 21, 22, 23, 25]  Q:5 M:5 F:5
 10017. [4, 5, 7, 8, 10, 12, 13, 17, 18, 19, 20, 21, 23, 24, 25]  Q:5 M:5 F:5
 10018. [4, 5, 7, 8, 10, 12, 13, 18, 19, 20, 21, 22, 23, 24, 25]  Q:5 M:5 F:5
 10019. [4, 5, 7, 8, 10, 13, 17, 18, 19, 20, 21, 22, 23, 24, 25]  Q:5 M:5 F:5
 10020. [4, 5, 7, 10, 12, 13, 17, 18, 19, 20, 21, 22, 23, 24, 25]  Q:5 M:5 F:5
 10021. [4, 5, 7, 8, 10, 12, 14, 15, 16, 17, 20, 21, 22, 23, 24]  Q:5 M:5 F:5
 10022. [4, 5, 7, 8, 10, 12, 14, 15, 16, 17, 20, 21, 22, 23, 25]  Q:5 M:5 F:5
 10023. [4, 5, 7, 8, 10, 12, 14, 15, 16, 17, 20, 21, 23, 24, 25]  Q:5 M:5 F:5
 10024. [4, 5, 7, 8, 10, 12, 14, 15, 16, 20, 21, 22, 23, 24, 25]  Q:5 M:5 F:5
 10025. [4, 5, 7, 8, 10, 14, 15, 16, 17, 20, 21, 22, 23, 24, 25]  Q:5 M:5 F:5
 10026. [4, 5, 7, 10, 12, 14, 15, 16, 17, 20, 21, 22, 23, 24, 25]  Q:5 M:5 F:5
 10027. [4, 5, 7, 8, 10, 12, 14, 15, 17, 18, 20, 21, 22, 23, 24]  Q:5 M:5 F:5
 10028. [4, 5, 7, 8, 10, 12, 14, 15, 17, 18, 20, 21, 22, 23, 25]  Q:5 M:5 F:5
 10029. [4, 5, 7, 8, 10, 12, 14, 15, 17, 18, 20, 21, 23, 24, 25]  Q:5 M:5 F:5
 10030. [4, 5, 7, 8, 10, 12, 14, 15, 18, 20, 21, 22, 23, 24, 25]  Q:5 M:5 F:5
 10031. [4, 5, 7, 8, 10, 14, 15, 17, 18, 20, 21, 22, 23, 24, 25]  Q:5 M:5 F:5
 10032. [4, 5, 7, 10, 12, 14, 15, 17, 18, 20, 21, 22, 23, 24, 25]  Q:5 M:5 F:5
 10033. [4, 5, 7, 8, 10, 12, 14, 15, 17, 19, 20, 21, 22, 23, 24]  Q:5 M:5 F:5
 10034. [4, 5, 7, 8, 10, 12, 14, 15, 17, 19, 20, 21, 22, 23, 25]  Q:5 M:5 F:5
 10035. [4, 5, 7, 8, 10, 12, 14, 15, 17, 19, 20, 21, 23, 24, 25]  Q:5 M:5 F:5
 10036. [4, 5, 7, 8, 10, 12, 14, 15, 19, 20, 21, 22, 23, 24, 25]  Q:5 M:5 F:5
 10037. [4, 5, 7, 8, 10, 14, 15, 17, 19, 20, 21, 22, 23, 24, 25]  Q:5 M:5 F:5
 10038. [4, 5, 7, 10, 12, 14, 15, 17, 19, 20, 21, 22, 23, 24, 25]  Q:5 M:5 F:5
 10039. [4, 5, 7, 8, 10, 12, 14, 16, 17, 18, 20, 21, 22, 23, 24]  Q:5 M:5 F:5
 10040. [4, 5, 7, 8, 10, 12, 14, 16, 17, 18, 20, 21, 22, 23, 25]  Q:5 M:5 F:5
 10041. [4, 5, 7, 8, 10, 12, 14, 16, 17, 18, 20, 21, 23, 24, 25]  Q:5 M:5 F:5
 10042. [4, 5, 7, 8, 10, 12, 14, 16, 18, 20, 21, 22, 23, 24, 25]  Q:5 M:5 F:5
 10043. [4, 5, 7, 8, 10, 14, 16, 17, 18, 20, 21, 22, 23, 24, 25]  Q:5 M:5 F:5
 10044. [4, 5, 7, 10, 12, 14, 16, 17, 18, 20, 21, 22, 23, 24, 25]  Q:5 M:5 F:5
 10045. [4, 5, 7, 8, 10, 12, 14, 16, 17, 19, 20, 21, 22, 23, 24]  Q:5 M:5 F:5
 10046. [4, 5, 7, 8, 10, 12, 14, 16, 17, 19, 20, 21, 22, 23, 25]  Q:5 M:5 F:5
 10047. [4, 5, 7, 8, 10, 12, 14, 16, 17, 19, 20, 21, 23, 24, 25]  Q:5 M:5 F:5
 10048. [4, 5, 7, 8, 10, 12, 14, 16, 19, 20, 21, 22, 23, 24, 25]  Q:5 M:5 F:5
 10049. [4, 5, 7, 8, 10, 14, 16, 17, 19, 20, 21, 22, 23, 24, 25]  Q:5 M:5 F:5
 10050. [4, 5, 7, 10, 12, 14, 16, 17, 19, 20, 21, 22, 23, 24, 25]  Q:5 M:5 F:5
 10051. [4, 5, 7, 8, 10, 12, 14, 17, 18, 19, 20, 21, 22, 23, 24]  Q:5 M:5 F:5
 10052. [4, 5, 7, 8, 10, 12, 14, 17, 18, 19, 20, 21, 22, 23, 25]  Q:5 M:5 F:5
 10053. [4, 5, 7, 8, 10, 12, 14, 17, 18, 19, 20, 21, 23, 24, 25]  Q:5 M:5 F:5
 10054. [4, 5, 7, 8, 10, 12, 14, 18, 19, 20, 21, 22, 23, 24, 25]  Q:5 M:5 F:5
 10055. [4, 5, 7, 8, 10, 14, 17, 18, 19, 20, 21, 22, 23, 24, 25]  Q:5 M:5 F:5
 10056. [4, 5, 7, 10, 12, 14, 17, 18, 19, 20, 21, 22, 23, 24, 25]  Q:5 M:5 F:5
 10057. [4, 5, 7, 8, 10, 12, 15, 16, 17, 18, 20, 21, 22, 23, 24]  Q:5 M:5 F:5
 10058. [4, 5, 7, 8, 10, 12, 15, 16, 17, 18, 20, 21, 22, 23, 25]  Q:5 M:5 F:5
 10059. [4, 5, 7, 8, 10, 12, 15, 16, 17, 18, 20, 21, 23, 24, 25]  Q:5 M:5 F:5
 10060. [4, 5, 7, 8, 10, 12, 15, 16, 18, 20, 21, 22, 23, 24, 25]  Q:5 M:5 F:5
 10061. [4, 5, 7, 8, 10, 15, 16, 17, 18, 20, 21, 22, 23, 24, 25]  Q:5 M:5 F:5
 10062. [4, 5, 7, 10, 12, 15, 16, 17, 18, 20, 21, 22, 23, 24, 25]  Q:5 M:5 F:5
 10063. [4, 5, 7, 8, 10, 12, 15, 16, 17, 19, 20, 21, 22, 23, 24]  Q:5 M:5 F:5
 10064. [4, 5, 7, 8, 10, 12, 15, 16, 17, 19, 20, 21, 22, 23, 25]  Q:5 M:5 F:5
 10065. [4, 5, 7, 8, 10, 12, 15, 16, 17, 19, 20, 21, 23, 24, 25]  Q:5 M:5 F:5
 10066. [4, 5, 7, 8, 10, 12, 15, 16, 19, 20, 21, 22, 23, 24, 25]  Q:5 M:5 F:5
 10067. [4, 5, 7, 8, 10, 15, 16, 17, 19, 20, 21, 22, 23, 24, 25]  Q:5 M:5 F:5
 10068. [4, 5, 7, 10, 12, 15, 16, 17, 19, 20, 21, 22, 23, 24, 25]  Q:5 M:5 F:5
 10069. [4, 5, 7, 8, 10, 12, 15, 17, 18, 19, 20, 21, 22, 23, 24]  Q:5 M:5 F:5
 10070. [4, 5, 7, 8, 10, 12, 15, 17, 18, 19, 20, 21, 22, 23, 25]  Q:5 M:5 F:5
 10071. [4, 5, 7, 8, 10, 12, 15, 17, 18, 19, 20, 21, 23, 24, 25]  Q:5 M:5 F:5
 10072. [4, 5, 7, 8, 10, 12, 15, 18, 19, 20, 21, 22, 23, 24, 25]  Q:5 M:5 F:5
 10073. [4, 5, 7, 8, 10, 15, 17, 18, 19, 20, 21, 22, 23, 24, 25]  Q:5 M:5 F:5
 10074. [4, 5, 7, 10, 12, 15, 17, 18, 19, 20, 21, 22, 23, 24, 25]  Q:5 M:5 F:5
 10075. [4, 5, 7, 8, 10, 12, 16, 17, 18, 19, 20, 21, 22, 23, 24]  Q:5 M:5 F:5
 10076. [4, 5, 7, 8, 10, 12, 16, 17, 18, 19, 20, 21, 22, 23, 25]  Q:5 M:5 F:5
 10077. [4, 5, 7, 8, 10, 12, 16, 17, 18, 19, 20, 21, 23, 24, 25]  Q:5 M:5 F:5
 10078. [4, 5, 7, 8, 10, 12, 16, 18, 19, 20, 21, 22, 23, 24, 25]  Q:5 M:5 F:5
 10079. [4, 5, 7, 8, 10, 16, 17, 18, 19, 20, 21, 22, 23, 24, 25]  Q:5 M:5 F:5
 10080. [4, 5, 7, 10, 12, 16, 17, 18, 19, 20, 21, 22, 23, 24, 25]  Q:5 M:5 F:5
 10081. [4, 5, 8, 9, 10, 11, 12, 13, 14, 17, 20, 21, 22, 23, 24]  Q:5 M:5 F:5
 10082. [4, 5, 8, 9, 10, 11, 12, 13, 14, 17, 20, 21, 22, 23, 25]  Q:5 M:5 F:5
 10083. [4, 5, 8, 9, 10, 11, 12, 13, 14, 17, 20, 21, 23, 24, 25]  Q:5 M:5 F:5
 10084. [4, 5, 8, 9, 10, 11, 12, 13, 14, 20, 21, 22, 23, 24, 25]  Q:5 M:5 F:5
 10085. [4, 5, 8, 9, 10, 11, 13, 14, 17, 20, 21, 22, 23, 24, 25]  Q:5 M:5 F:5
 10086. [4, 5, 9, 10, 11, 12, 13, 14, 17, 20, 21, 22, 23, 24, 25]  Q:5 M:5 F:5
 10087. [4, 5, 8, 9, 10, 11, 12, 13, 15, 17, 20, 21, 22, 23, 24]  Q:5 M:5 F:5
 10088. [4, 5, 8, 9, 10, 11, 12, 13, 15, 17, 20, 21, 22, 23, 25]  Q:5 M:5 F:5
 10089. [4, 5, 8, 9, 10, 11, 12, 13, 15, 17, 20, 21, 23, 24, 25]  Q:5 M:5 F:5
 10090. [4, 5, 8, 9, 10, 11, 12, 13, 15, 20, 21, 22, 23, 24, 25]  Q:5 M:5 F:5
 10091. [4, 5, 8, 9, 10, 11, 13, 15, 17, 20, 21, 22, 23, 24, 25]  Q:5 M:5 F:5
 10092. [4, 5, 9, 10, 11, 12, 13, 15, 17, 20, 21, 22, 23, 24, 25]  Q:5 M:5 F:5
 10093. [4, 5, 8, 9, 10, 11, 12, 13, 16, 17, 20, 21, 22, 23, 24]  Q:5 M:5 F:5
 10094. [4, 5, 8, 9, 10, 11, 12, 13, 16, 17, 20, 21, 22, 23, 25]  Q:5 M:5 F:5
 10095. [4, 5, 8, 9, 10, 11, 12, 13, 16, 17, 20, 21, 23, 24, 25]  Q:5 M:5 F:5
 10096. [4, 5, 8, 9, 10, 11, 12, 13, 16, 20, 21, 22, 23, 24, 25]  Q:5 M:5 F:5
 10097. [4, 5, 8, 9, 10, 11, 13, 16, 17, 20, 21, 22, 23, 24, 25]  Q:5 M:5 F:5
 10098. [4, 5, 9, 10, 11, 12, 13, 16, 17, 20, 21, 22, 23, 24, 25]  Q:5 M:5 F:5
 10099. [4, 5, 8, 9, 10, 11, 12, 13, 17, 18, 20, 21, 22, 23, 24]  Q:5 M:5 F:5
 10100. [4, 5, 8, 9, 10, 11, 12, 13, 17, 18, 20, 21, 22, 23, 25]  Q:5 M:5 F:5
 10101. [4, 5, 8, 9, 10, 11, 12, 13, 17, 18, 20, 21, 23, 24, 25]  Q:5 M:5 F:5
 10102. [4, 5, 8, 9, 10, 11, 12, 13, 18, 20, 21, 22, 23, 24, 25]  Q:5 M:5 F:5
 10103. [4, 5, 8, 9, 10, 11, 13, 17, 18, 20, 21, 22, 23, 24, 25]  Q:5 M:5 F:5
 10104. [4, 5, 9, 10, 11, 12, 13, 17, 18, 20, 21, 22, 23, 24, 25]  Q:5 M:5 F:5
 10105. [4, 5, 8, 9, 10, 11, 12, 13, 17, 19, 20, 21, 22, 23, 24]  Q:5 M:5 F:5
 10106. [4, 5, 8, 9, 10, 11, 12, 13, 17, 19, 20, 21, 22, 23, 25]  Q:5 M:5 F:5
 10107. [4, 5, 8, 9, 10, 11, 12, 13, 17, 19, 20, 21, 23, 24, 25]  Q:5 M:5 F:5
 10108. [4, 5, 8, 9, 10, 11, 12, 13, 19, 20, 21, 22, 23, 24, 25]  Q:5 M:5 F:5
 10109. [4, 5, 8, 9, 10, 11, 13, 17, 19, 20, 21, 22, 23, 24, 25]  Q:5 M:5 F:5
 10110. [4, 5, 9, 10, 11, 12, 13, 17, 19, 20, 21, 22, 23, 24, 25]  Q:5 M:5 F:5
 10111. [4, 5, 8, 9, 10, 11, 12, 14, 15, 17, 20, 21, 22, 23, 24]  Q:5 M:5 F:5
 10112. [4, 5, 8, 9, 10, 11, 12, 14, 15, 17, 20, 21, 22, 23, 25]  Q:5 M:5 F:5
 10113. [4, 5, 8, 9, 10, 11, 12, 14, 15, 17, 20, 21, 23, 24, 25]  Q:5 M:5 F:5
 10114. [4, 5, 8, 9, 10, 11, 12, 14, 15, 20, 21, 22, 23, 24, 25]  Q:5 M:5 F:5
 10115. [4, 5, 8, 9, 10, 11, 14, 15, 17, 20, 21, 22, 23, 24, 25]  Q:5 M:5 F:5
 10116. [4, 5, 9, 10, 11, 12, 14, 15, 17, 20, 21, 22, 23, 24, 25]  Q:5 M:5 F:5
 10117. [4, 5, 8, 9, 10, 11, 12, 14, 16, 17, 20, 21, 22, 23, 24]  Q:5 M:5 F:5
 10118. [4, 5, 8, 9, 10, 11, 12, 14, 16, 17, 20, 21, 22, 23, 25]  Q:5 M:5 F:5
 10119. [4, 5, 8, 9, 10, 11, 12, 14, 16, 17, 20, 21, 23, 24, 25]  Q:5 M:5 F:5
 10120. [4, 5, 8, 9, 10, 11, 12, 14, 16, 20, 21, 22, 23, 24, 25]  Q:5 M:5 F:5
 10121. [4, 5, 8, 9, 10, 11, 14, 16, 17, 20, 21, 22, 23, 24, 25]  Q:5 M:5 F:5
 10122. [4, 5, 9, 10, 11, 12, 14, 16, 17, 20, 21, 22, 23, 24, 25]  Q:5 M:5 F:5
 10123. [4, 5, 8, 9, 10, 11, 12, 14, 17, 18, 20, 21, 22, 23, 24]  Q:5 M:5 F:5
 10124. [4, 5, 8, 9, 10, 11, 12, 14, 17, 18, 20, 21, 22, 23, 25]  Q:5 M:5 F:5
 10125. [4, 5, 8, 9, 10, 11, 12, 14, 17, 18, 20, 21, 23, 24, 25]  Q:5 M:5 F:5
 10126. [4, 5, 8, 9, 10, 11, 12, 14, 18, 20, 21, 22, 23, 24, 25]  Q:5 M:5 F:5
 10127. [4, 5, 8, 9, 10, 11, 14, 17, 18, 20, 21, 22, 23, 24, 25]  Q:5 M:5 F:5
 10128. [4, 5, 9, 10, 11, 12, 14, 17, 18, 20, 21, 22, 23, 24, 25]  Q:5 M:5 F:5
 10129. [4, 5, 8, 9, 10, 11, 12, 14, 17, 19, 20, 21, 22, 23, 24]  Q:5 M:5 F:5
 10130. [4, 5, 8, 9, 10, 11, 12, 14, 17, 19, 20, 21, 22, 23, 25]  Q:5 M:5 F:5
 10131. [4, 5, 8, 9, 10, 11, 12, 14, 17, 19, 20, 21, 23, 24, 25]  Q:5 M:5 F:5
 10132. [4, 5, 8, 9, 10, 11, 12, 14, 19, 20, 21, 22, 23, 24, 25]  Q:5 M:5 F:5
 10133. [4, 5, 8, 9, 10, 11, 14, 17, 19, 20, 21, 22, 23, 24, 25]  Q:5 M:5 F:5
 10134. [4, 5, 9, 10, 11, 12, 14, 17, 19, 20, 21, 22, 23, 24, 25]  Q:5 M:5 F:5
 10135. [4, 5, 8, 9, 10, 11, 12, 15, 16, 17, 20, 21, 22, 23, 24]  Q:5 M:5 F:5
 10136. [4, 5, 8, 9, 10, 11, 12, 15, 16, 17, 20, 21, 22, 23, 25]  Q:5 M:5 F:5
 10137. [4, 5, 8, 9, 10, 11, 12, 15, 16, 17, 20, 21, 23, 24, 25]  Q:5 M:5 F:5
 10138. [4, 5, 8, 9, 10, 11, 12, 15, 16, 20, 21, 22, 23, 24, 25]  Q:5 M:5 F:5
 10139. [4, 5, 8, 9, 10, 11, 15, 16, 17, 20, 21, 22, 23, 24, 25]  Q:5 M:5 F:5
 10140. [4, 5, 9, 10, 11, 12, 15, 16, 17, 20, 21, 22, 23, 24, 25]  Q:5 M:5 F:5
 10141. [4, 5, 8, 9, 10, 11, 12, 15, 17, 18, 20, 21, 22, 23, 24]  Q:5 M:5 F:5
 10142. [4, 5, 8, 9, 10, 11, 12, 15, 17, 18, 20, 21, 22, 23, 25]  Q:5 M:5 F:5
 10143. [4, 5, 8, 9, 10, 11, 12, 15, 17, 18, 20, 21, 23, 24, 25]  Q:5 M:5 F:5
 10144. [4, 5, 8, 9, 10, 11, 12, 15, 18, 20, 21, 22, 23, 24, 25]  Q:5 M:5 F:5
 10145. [4, 5, 8, 9, 10, 11, 15, 17, 18, 20, 21, 22, 23, 24, 25]  Q:5 M:5 F:5
 10146. [4, 5, 9, 10, 11, 12, 15, 17, 18, 20, 21, 22, 23, 24, 25]  Q:5 M:5 F:5
 10147. [4, 5, 8, 9, 10, 11, 12, 15, 17, 19, 20, 21, 22, 23, 24]  Q:5 M:5 F:5
 10148. [4, 5, 8, 9, 10, 11, 12, 15, 17, 19, 20, 21, 22, 23, 25]  Q:5 M:5 F:5
 10149. [4, 5, 8, 9, 10, 11, 12, 15, 17, 19, 20, 21, 23, 24, 25]  Q:5 M:5 F:5
 10150. [4, 5, 8, 9, 10, 11, 12, 15, 19, 20, 21, 22, 23, 24, 25]  Q:5 M:5 F:5
 10151. [4, 5, 8, 9, 10, 11, 15, 17, 19, 20, 21, 22, 23, 24, 25]  Q:5 M:5 F:5
 10152. [4, 5, 9, 10, 11, 12, 15, 17, 19, 20, 21, 22, 23, 24, 25]  Q:5 M:5 F:5
 10153. [4, 5, 8, 9, 10, 11, 12, 16, 17, 18, 20, 21, 22, 23, 24]  Q:5 M:5 F:5
 10154. [4, 5, 8, 9, 10, 11, 12, 16, 17, 18, 20, 21, 22, 23, 25]  Q:5 M:5 F:5
 10155. [4, 5, 8, 9, 10, 11, 12, 16, 17, 18, 20, 21, 23, 24, 25]  Q:5 M:5 F:5
 10156. [4, 5, 8, 9, 10, 11, 12, 16, 18, 20, 21, 22, 23, 24, 25]  Q:5 M:5 F:5
 10157. [4, 5, 8, 9, 10, 11, 16, 17, 18, 20, 21, 22, 23, 24, 25]  Q:5 M:5 F:5
 10158. [4, 5, 9, 10, 11, 12, 16, 17, 18, 20, 21, 22, 23, 24, 25]  Q:5 M:5 F:5
 10159. [4, 5, 8, 9, 10, 11, 12, 16, 17, 19, 20, 21, 22, 23, 24]  Q:5 M:5 F:5
 10160. [4, 5, 8, 9, 10, 11, 12, 16, 17, 19, 20, 21, 22, 23, 25]  Q:5 M:5 F:5
 10161. [4, 5, 8, 9, 10, 11, 12, 16, 17, 19, 20, 21, 23, 24, 25]  Q:5 M:5 F:5
 10162. [4, 5, 8, 9, 10, 11, 12, 16, 19, 20, 21, 22, 23, 24, 25]  Q:5 M:5 F:5
 10163. [4, 5, 8, 9, 10, 11, 16, 17, 19, 20, 21, 22, 23, 24, 25]  Q:5 M:5 F:5
 10164. [4, 5, 9, 10, 11, 12, 16, 17, 19, 20, 21, 22, 23, 24, 25]  Q:5 M:5 F:5
 10165. [4, 5, 8, 9, 10, 11, 12, 17, 18, 19, 20, 21, 22, 23, 24]  Q:5 M:5 F:5
 10166. [4, 5, 8, 9, 10, 11, 12, 17, 18, 19, 20, 21, 22, 23, 25]  Q:5 M:5 F:5
 10167. [4, 5, 8, 9, 10, 11, 12, 17, 18, 19, 20, 21, 23, 24, 25]  Q:5 M:5 F:5
 10168. [4, 5, 8, 9, 10, 11, 12, 18, 19, 20, 21, 22, 23, 24, 25]  Q:5 M:5 F:5
 10169. [4, 5, 8, 9, 10, 11, 17, 18, 19, 20, 21, 22, 23, 24, 25]  Q:5 M:5 F:5
 10170. [4, 5, 9, 10, 11, 12, 17, 18, 19, 20, 21, 22, 23, 24, 25]  Q:5 M:5 F:5
 10171. [4, 5, 8, 9, 10, 12, 13, 14, 15, 17, 20, 21, 22, 23, 24]  Q:5 M:5 F:5
 10172. [4, 5, 8, 9, 10, 12, 13, 14, 15, 17, 20, 21, 22, 23, 25]  Q:5 M:5 F:5
 10173. [4, 5, 8, 9, 10, 12, 13, 14, 15, 17, 20, 21, 23, 24, 25]  Q:5 M:5 F:5
 10174. [4, 5, 8, 9, 10, 12, 13, 14, 15, 20, 21, 22, 23, 24, 25]  Q:5 M:5 F:5
 10175. [4, 5, 8, 9, 10, 13, 14, 15, 17, 20, 21, 22, 23, 24, 25]  Q:5 M:5 F:5
 10176. [4, 5, 9, 10, 12, 13, 14, 15, 17, 20, 21, 22, 23, 24, 25]  Q:5 M:5 F:5
 10177. [4, 5, 8, 9, 10, 12, 13, 14, 16, 17, 20, 21, 22, 23, 24]  Q:5 M:5 F:5
 10178. [4, 5, 8, 9, 10, 12, 13, 14, 16, 17, 20, 21, 22, 23, 25]  Q:5 M:5 F:5
 10179. [4, 5, 8, 9, 10, 12, 13, 14, 16, 17, 20, 21, 23, 24, 25]  Q:5 M:5 F:5
 10180. [4, 5, 8, 9, 10, 12, 13, 14, 16, 20, 21, 22, 23, 24, 25]  Q:5 M:5 F:5
 10181. [4, 5, 8, 9, 10, 13, 14, 16, 17, 20, 21, 22, 23, 24, 25]  Q:5 M:5 F:5
 10182. [4, 5, 9, 10, 12, 13, 14, 16, 17, 20, 21, 22, 23, 24, 25]  Q:5 M:5 F:5
 10183. [4, 5, 8, 9, 10, 12, 13, 14, 17, 18, 20, 21, 22, 23, 24]  Q:5 M:5 F:5
 10184. [4, 5, 8, 9, 10, 12, 13, 14, 17, 18, 20, 21, 22, 23, 25]  Q:5 M:5 F:5
 10185. [4, 5, 8, 9, 10, 12, 13, 14, 17, 18, 20, 21, 23, 24, 25]  Q:5 M:5 F:5
 10186. [4, 5, 8, 9, 10, 12, 13, 14, 18, 20, 21, 22, 23, 24, 25]  Q:5 M:5 F:5
 10187. [4, 5, 8, 9, 10, 13, 14, 17, 18, 20, 21, 22, 23, 24, 25]  Q:5 M:5 F:5
 10188. [4, 5, 9, 10, 12, 13, 14, 17, 18, 20, 21, 22, 23, 24, 25]  Q:5 M:5 F:5
 10189. [4, 5, 8, 9, 10, 12, 13, 14, 17, 19, 20, 21, 22, 23, 24]  Q:5 M:5 F:5
 10190. [4, 5, 8, 9, 10, 12, 13, 14, 17, 19, 20, 21, 22, 23, 25]  Q:5 M:5 F:5
 10191. [4, 5, 8, 9, 10, 12, 13, 14, 17, 19, 20, 21, 23, 24, 25]  Q:5 M:5 F:5
 10192. [4, 5, 8, 9, 10, 12, 13, 14, 19, 20, 21, 22, 23, 24, 25]  Q:5 M:5 F:5
 10193. [4, 5, 8, 9, 10, 13, 14, 17, 19, 20, 21, 22, 23, 24, 25]  Q:5 M:5 F:5
 10194. [4, 5, 9, 10, 12, 13, 14, 17, 19, 20, 21, 22, 23, 24, 25]  Q:5 M:5 F:5
 10195. [4, 5, 8, 9, 10, 12, 13, 15, 16, 17, 20, 21, 22, 23, 24]  Q:5 M:5 F:5
 10196. [4, 5, 8, 9, 10, 12, 13, 15, 16, 17, 20, 21, 22, 23, 25]  Q:5 M:5 F:5
 10197. [4, 5, 8, 9, 10, 12, 13, 15, 16, 17, 20, 21, 23, 24, 25]  Q:5 M:5 F:5
 10198. [4, 5, 8, 9, 10, 12, 13, 15, 16, 20, 21, 22, 23, 24, 25]  Q:5 M:5 F:5
 10199. [4, 5, 8, 9, 10, 13, 15, 16, 17, 20, 21, 22, 23, 24, 25]  Q:5 M:5 F:5
 10200. [4, 5, 9, 10, 12, 13, 15, 16, 17, 20, 21, 22, 23, 24, 25]  Q:5 M:5 F:5
 10201. [4, 5, 8, 9, 10, 12, 13, 15, 17, 18, 20, 21, 22, 23, 24]  Q:5 M:5 F:5
 10202. [4, 5, 8, 9, 10, 12, 13, 15, 17, 18, 20, 21, 22, 23, 25]  Q:5 M:5 F:5
 10203. [4, 5, 8, 9, 10, 12, 13, 15, 17, 18, 20, 21, 23, 24, 25]  Q:5 M:5 F:5
 10204. [4, 5, 8, 9, 10, 12, 13, 15, 18, 20, 21, 22, 23, 24, 25]  Q:5 M:5 F:5
 10205. [4, 5, 8, 9, 10, 13, 15, 17, 18, 20, 21, 22, 23, 24, 25]  Q:5 M:5 F:5
 10206. [4, 5, 9, 10, 12, 13, 15, 17, 18, 20, 21, 22, 23, 24, 25]  Q:5 M:5 F:5
 10207. [4, 5, 8, 9, 10, 12, 13, 15, 17, 19, 20, 21, 22, 23, 24]  Q:5 M:5 F:5
 10208. [4, 5, 8, 9, 10, 12, 13, 15, 17, 19, 20, 21, 22, 23, 25]  Q:5 M:5 F:5
 10209. [4, 5, 8, 9, 10, 12, 13, 15, 17, 19, 20, 21, 23, 24, 25]  Q:5 M:5 F:5
 10210. [4, 5, 8, 9, 10, 12, 13, 15, 19, 20, 21, 22, 23, 24, 25]  Q:5 M:5 F:5
 10211. [4, 5, 8, 9, 10, 13, 15, 17, 19, 20, 21, 22, 23, 24, 25]  Q:5 M:5 F:5
 10212. [4, 5, 9, 10, 12, 13, 15, 17, 19, 20, 21, 22, 23, 24, 25]  Q:5 M:5 F:5
 10213. [4, 5, 8, 9, 10, 12, 13, 16, 17, 18, 20, 21, 22, 23, 24]  Q:5 M:5 F:5
 10214. [4, 5, 8, 9, 10, 12, 13, 16, 17, 18, 20, 21, 22, 23, 25]  Q:5 M:5 F:5
 10215. [4, 5, 8, 9, 10, 12, 13, 16, 17, 18, 20, 21, 23, 24, 25]  Q:5 M:5 F:5
 10216. [4, 5, 8, 9, 10, 12, 13, 16, 18, 20, 21, 22, 23, 24, 25]  Q:5 M:5 F:5
 10217. [4, 5, 8, 9, 10, 13, 16, 17, 18, 20, 21, 22, 23, 24, 25]  Q:5 M:5 F:5
 10218. [4, 5, 9, 10, 12, 13, 16, 17, 18, 20, 21, 22, 23, 24, 25]  Q:5 M:5 F:5
 10219. [4, 5, 8, 9, 10, 12, 13, 16, 17, 19, 20, 21, 22, 23, 24]  Q:5 M:5 F:5
 10220. [4, 5, 8, 9, 10, 12, 13, 16, 17, 19, 20, 21, 22, 23, 25]  Q:5 M:5 F:5
 10221. [4, 5, 8, 9, 10, 12, 13, 16, 17, 19, 20, 21, 23, 24, 25]  Q:5 M:5 F:5
 10222. [4, 5, 8, 9, 10, 12, 13, 16, 19, 20, 21, 22, 23, 24, 25]  Q:5 M:5 F:5
 10223. [4, 5, 8, 9, 10, 13, 16, 17, 19, 20, 21, 22, 23, 24, 25]  Q:5 M:5 F:5
 10224. [4, 5, 9, 10, 12, 13, 16, 17, 19, 20, 21, 22, 23, 24, 25]  Q:5 M:5 F:5
 10225. [4, 5, 8, 9, 10, 12, 13, 17, 18, 19, 20, 21, 22, 23, 24]  Q:5 M:5 F:5
 10226. [4, 5, 8, 9, 10, 12, 13, 17, 18, 19, 20, 21, 22, 23, 25]  Q:5 M:5 F:5
 10227. [4, 5, 8, 9, 10, 12, 13, 17, 18, 19, 20, 21, 23, 24, 25]  Q:5 M:5 F:5
 10228. [4, 5, 8, 9, 10, 12, 13, 18, 19, 20, 21, 22, 23, 24, 25]  Q:5 M:5 F:5
 10229. [4, 5, 8, 9, 10, 13, 17, 18, 19, 20, 21, 22, 23, 24, 25]  Q:5 M:5 F:5
 10230. [4, 5, 9, 10, 12, 13, 17, 18, 19, 20, 21, 22, 23, 24, 25]  Q:5 M:5 F:5
 10231. [4, 5, 8, 9, 10, 12, 14, 15, 16, 17, 20, 21, 22, 23, 24]  Q:5 M:5 F:5
 10232. [4, 5, 8, 9, 10, 12, 14, 15, 16, 17, 20, 21, 22, 23, 25]  Q:5 M:5 F:5
 10233. [4, 5, 8, 9, 10, 12, 14, 15, 16, 17, 20, 21, 23, 24, 25]  Q:5 M:5 F:5
 10234. [4, 5, 8, 9, 10, 12, 14, 15, 16, 20, 21, 22, 23, 24, 25]  Q:5 M:5 F:5
 10235. [4, 5, 8, 9, 10, 14, 15, 16, 17, 20, 21, 22, 23, 24, 25]  Q:5 M:5 F:5
 10236. [4, 5, 9, 10, 12, 14, 15, 16, 17, 20, 21, 22, 23, 24, 25]  Q:5 M:5 F:5
 10237. [4, 5, 8, 9, 10, 12, 14, 15, 17, 18, 20, 21, 22, 23, 24]  Q:5 M:5 F:5
 10238. [4, 5, 8, 9, 10, 12, 14, 15, 17, 18, 20, 21, 22, 23, 25]  Q:5 M:5 F:5
 10239. [4, 5, 8, 9, 10, 12, 14, 15, 17, 18, 20, 21, 23, 24, 25]  Q:5 M:5 F:5
 10240. [4, 5, 8, 9, 10, 12, 14, 15, 18, 20, 21, 22, 23, 24, 25]  Q:5 M:5 F:5
 10241. [4, 5, 8, 9, 10, 14, 15, 17, 18, 20, 21, 22, 23, 24, 25]  Q:5 M:5 F:5
 10242. [4, 5, 9, 10, 12, 14, 15, 17, 18, 20, 21, 22, 23, 24, 25]  Q:5 M:5 F:5
 10243. [4, 5, 8, 9, 10, 12, 14, 15, 17, 19, 20, 21, 22, 23, 24]  Q:5 M:5 F:5
 10244. [4, 5, 8, 9, 10, 12, 14, 15, 17, 19, 20, 21, 22, 23, 25]  Q:5 M:5 F:5
 10245. [4, 5, 8, 9, 10, 12, 14, 15, 17, 19, 20, 21, 23, 24, 25]  Q:5 M:5 F:5
 10246. [4, 5, 8, 9, 10, 12, 14, 15, 19, 20, 21, 22, 23, 24, 25]  Q:5 M:5 F:5
 10247. [4, 5, 8, 9, 10, 14, 15, 17, 19, 20, 21, 22, 23, 24, 25]  Q:5 M:5 F:5
 10248. [4, 5, 9, 10, 12, 14, 15, 17, 19, 20, 21, 22, 23, 24, 25]  Q:5 M:5 F:5
 10249. [4, 5, 8, 9, 10, 12, 14, 16, 17, 18, 20, 21, 22, 23, 24]  Q:5 M:5 F:5
 10250. [4, 5, 8, 9, 10, 12, 14, 16, 17, 18, 20, 21, 22, 23, 25]  Q:5 M:5 F:5
 10251. [4, 5, 8, 9, 10, 12, 14, 16, 17, 18, 20, 21, 23, 24, 25]  Q:5 M:5 F:5
 10252. [4, 5, 8, 9, 10, 12, 14, 16, 18, 20, 21, 22, 23, 24, 25]  Q:5 M:5 F:5
 10253. [4, 5, 8, 9, 10, 14, 16, 17, 18, 20, 21, 22, 23, 24, 25]  Q:5 M:5 F:5
 10254. [4, 5, 9, 10, 12, 14, 16, 17, 18, 20, 21, 22, 23, 24, 25]  Q:5 M:5 F:5
 10255. [4, 5, 8, 9, 10, 12, 14, 16, 17, 19, 20, 21, 22, 23, 24]  Q:5 M:5 F:5
 10256. [4, 5, 8, 9, 10, 12, 14, 16, 17, 19, 20, 21, 22, 23, 25]  Q:5 M:5 F:5
 10257. [4, 5, 8, 9, 10, 12, 14, 16, 17, 19, 20, 21, 23, 24, 25]  Q:5 M:5 F:5
 10258. [4, 5, 8, 9, 10, 12, 14, 16, 19, 20, 21, 22, 23, 24, 25]  Q:5 M:5 F:5
 10259. [4, 5, 8, 9, 10, 14, 16, 17, 19, 20, 21, 22, 23, 24, 25]  Q:5 M:5 F:5
 10260. [4, 5, 9, 10, 12, 14, 16, 17, 19, 20, 21, 22, 23, 24, 25]  Q:5 M:5 F:5
 10261. [4, 5, 8, 9, 10, 12, 14, 17, 18, 19, 20, 21, 22, 23, 24]  Q:5 M:5 F:5
 10262. [4, 5, 8, 9, 10, 12, 14, 17, 18, 19, 20, 21, 22, 23, 25]  Q:5 M:5 F:5
 10263. [4, 5, 8, 9, 10, 12, 14, 17, 18, 19, 20, 21, 23, 24, 25]  Q:5 M:5 F:5
 10264. [4, 5, 8, 9, 10, 12, 14, 18, 19, 20, 21, 22, 23, 24, 25]  Q:5 M:5 F:5
 10265. [4, 5, 8, 9, 10, 14, 17, 18, 19, 20, 21, 22, 23, 24, 25]  Q:5 M:5 F:5
 10266. [4, 5, 9, 10, 12, 14, 17, 18, 19, 20, 21, 22, 23, 24, 25]  Q:5 M:5 F:5
 10267. [4, 5, 8, 9, 10, 12, 15, 16, 17, 18, 20, 21, 22, 23, 24]  Q:5 M:5 F:5
 10268. [4, 5, 8, 9, 10, 12, 15, 16, 17, 18, 20, 21, 22, 23, 25]  Q:5 M:5 F:5
 10269. [4, 5, 8, 9, 10, 12, 15, 16, 17, 18, 20, 21, 23, 24, 25]  Q:5 M:5 F:5
 10270. [4, 5, 8, 9, 10, 12, 15, 16, 18, 20, 21, 22, 23, 24, 25]  Q:5 M:5 F:5
 10271. [4, 5, 8, 9, 10, 15, 16, 17, 18, 20, 21, 22, 23, 24, 25]  Q:5 M:5 F:5
 10272. [4, 5, 9, 10, 12, 15, 16, 17, 18, 20, 21, 22, 23, 24, 25]  Q:5 M:5 F:5
 10273. [4, 5, 8, 9, 10, 12, 15, 16, 17, 19, 20, 21, 22, 23, 24]  Q:5 M:5 F:5
 10274. [4, 5, 8, 9, 10, 12, 15, 16, 17, 19, 20, 21, 22, 23, 25]  Q:5 M:5 F:5
 10275. [4, 5, 8, 9, 10, 12, 15, 16, 17, 19, 20, 21, 23, 24, 25]  Q:5 M:5 F:5
 10276. [4, 5, 8, 9, 10, 12, 15, 16, 19, 20, 21, 22, 23, 24, 25]  Q:5 M:5 F:5
 10277. [4, 5, 8, 9, 10, 15, 16, 17, 19, 20, 21, 22, 23, 24, 25]  Q:5 M:5 F:5
 10278. [4, 5, 9, 10, 12, 15, 16, 17, 19, 20, 21, 22, 23, 24, 25]  Q:5 M:5 F:5
 10279. [4, 5, 8, 9, 10, 12, 15, 17, 18, 19, 20, 21, 22, 23, 24]  Q:5 M:5 F:5
 10280. [4, 5, 8, 9, 10, 12, 15, 17, 18, 19, 20, 21, 22, 23, 25]  Q:5 M:5 F:5
 10281. [4, 5, 8, 9, 10, 12, 15, 17, 18, 19, 20, 21, 23, 24, 25]  Q:5 M:5 F:5
 10282. [4, 5, 8, 9, 10, 12, 15, 18, 19, 20, 21, 22, 23, 24, 25]  Q:5 M:5 F:5
 10283. [4, 5, 8, 9, 10, 15, 17, 18, 19, 20, 21, 22, 23, 24, 25]  Q:5 M:5 F:5
 10284. [4, 5, 9, 10, 12, 15, 17, 18, 19, 20, 21, 22, 23, 24, 25]  Q:5 M:5 F:5
 10285. [4, 5, 8, 9, 10, 12, 16, 17, 18, 19, 20, 21, 22, 23, 24]  Q:5 M:5 F:5
 10286. [4, 5, 8, 9, 10, 12, 16, 17, 18, 19, 20, 21, 22, 23, 25]  Q:5 M:5 F:5
 10287. [4, 5, 8, 9, 10, 12, 16, 17, 18, 19, 20, 21, 23, 24, 25]  Q:5 M:5 F:5
 10288. [4, 5, 8, 9, 10, 12, 16, 18, 19, 20, 21, 22, 23, 24, 25]  Q:5 M:5 F:5
 10289. [4, 5, 8, 9, 10, 16, 17, 18, 19, 20, 21, 22, 23, 24, 25]  Q:5 M:5 F:5
 10290. [4, 5, 9, 10, 12, 16, 17, 18, 19, 20, 21, 22, 23, 24, 25]  Q:5 M:5 F:5
 10291. [4, 5, 8, 10, 11, 12, 13, 14, 15, 17, 20, 21, 22, 23, 24]  Q:5 M:5 F:5
 10292. [4, 5, 8, 10, 11, 12, 13, 14, 15, 17, 20, 21, 22, 23, 25]  Q:5 M:5 F:5
 10293. [4, 5, 8, 10, 11, 12, 13, 14, 15, 17, 20, 21, 23, 24, 25]  Q:5 M:5 F:5
 10294. [4, 5, 8, 10, 11, 12, 13, 14, 15, 20, 21, 22, 23, 24, 25]  Q:5 M:5 F:5
 10295. [4, 5, 8, 10, 11, 13, 14, 15, 17, 20, 21, 22, 23, 24, 25]  Q:5 M:5 F:5
 10296. [4, 5, 10, 11, 12, 13, 14, 15, 17, 20, 21, 22, 23, 24, 25]  Q:5 M:5 F:5
 10297. [4, 5, 8, 10, 11, 12, 13, 14, 16, 17, 20, 21, 22, 23, 24]  Q:5 M:5 F:5
 10298. [4, 5, 8, 10, 11, 12, 13, 14, 16, 17, 20, 21, 22, 23, 25]  Q:5 M:5 F:5
 10299. [4, 5, 8, 10, 11, 12, 13, 14, 16, 17, 20, 21, 23, 24, 25]  Q:5 M:5 F:5
 10300. [4, 5, 8, 10, 11, 12, 13, 14, 16, 20, 21, 22, 23, 24, 25]  Q:5 M:5 F:5
 10301. [4, 5, 8, 10, 11, 13, 14, 16, 17, 20, 21, 22, 23, 24, 25]  Q:5 M:5 F:5
 10302. [4, 5, 10, 11, 12, 13, 14, 16, 17, 20, 21, 22, 23, 24, 25]  Q:5 M:5 F:5
 10303. [4, 5, 8, 10, 11, 12, 13, 14, 17, 18, 20, 21, 22, 23, 24]  Q:5 M:5 F:5
 10304. [4, 5, 8, 10, 11, 12, 13, 14, 17, 18, 20, 21, 22, 23, 25]  Q:5 M:5 F:5
 10305. [4, 5, 8, 10, 11, 12, 13, 14, 17, 18, 20, 21, 23, 24, 25]  Q:5 M:5 F:5
 10306. [4, 5, 8, 10, 11, 12, 13, 14, 18, 20, 21, 22, 23, 24, 25]  Q:5 M:5 F:5
 10307. [4, 5, 8, 10, 11, 13, 14, 17, 18, 20, 21, 22, 23, 24, 25]  Q:5 M:5 F:5
 10308. [4, 5, 10, 11, 12, 13, 14, 17, 18, 20, 21, 22, 23, 24, 25]  Q:5 M:5 F:5
 10309. [4, 5, 8, 10, 11, 12, 13, 14, 17, 19, 20, 21, 22, 23, 24]  Q:5 M:5 F:5
 10310. [4, 5, 8, 10, 11, 12, 13, 14, 17, 19, 20, 21, 22, 23, 25]  Q:5 M:5 F:5
 10311. [4, 5, 8, 10, 11, 12, 13, 14, 17, 19, 20, 21, 23, 24, 25]  Q:5 M:5 F:5
 10312. [4, 5, 8, 10, 11, 12, 13, 14, 19, 20, 21, 22, 23, 24, 25]  Q:5 M:5 F:5
 10313. [4, 5, 8, 10, 11, 13, 14, 17, 19, 20, 21, 22, 23, 24, 25]  Q:5 M:5 F:5
 10314. [4, 5, 10, 11, 12, 13, 14, 17, 19, 20, 21, 22, 23, 24, 25]  Q:5 M:5 F:5
 10315. [4, 5, 8, 10, 11, 12, 13, 15, 16, 17, 20, 21, 22, 23, 24]  Q:5 M:5 F:5
 10316. [4, 5, 8, 10, 11, 12, 13, 15, 16, 17, 20, 21, 22, 23, 25]  Q:5 M:5 F:5
 10317. [4, 5, 8, 10, 11, 12, 13, 15, 16, 17, 20, 21, 23, 24, 25]  Q:5 M:5 F:5
 10318. [4, 5, 8, 10, 11, 12, 13, 15, 16, 20, 21, 22, 23, 24, 25]  Q:5 M:5 F:5
 10319. [4, 5, 8, 10, 11, 13, 15, 16, 17, 20, 21, 22, 23, 24, 25]  Q:5 M:5 F:5
 10320. [4, 5, 10, 11, 12, 13, 15, 16, 17, 20, 21, 22, 23, 24, 25]  Q:5 M:5 F:5
 10321. [4, 5, 8, 10, 11, 12, 13, 15, 17, 18, 20, 21, 22, 23, 24]  Q:5 M:5 F:5
 10322. [4, 5, 8, 10, 11, 12, 13, 15, 17, 18, 20, 21, 22, 23, 25]  Q:5 M:5 F:5
 10323. [4, 5, 8, 10, 11, 12, 13, 15, 17, 18, 20, 21, 23, 24, 25]  Q:5 M:5 F:5
 10324. [4, 5, 8, 10, 11, 12, 13, 15, 18, 20, 21, 22, 23, 24, 25]  Q:5 M:5 F:5
 10325. [4, 5, 8, 10, 11, 13, 15, 17, 18, 20, 21, 22, 23, 24, 25]  Q:5 M:5 F:5
 10326. [4, 5, 10, 11, 12, 13, 15, 17, 18, 20, 21, 22, 23, 24, 25]  Q:5 M:5 F:5
 10327. [4, 5, 8, 10, 11, 12, 13, 15, 17, 19, 20, 21, 22, 23, 24]  Q:5 M:5 F:5
 10328. [4, 5, 8, 10, 11, 12, 13, 15, 17, 19, 20, 21, 22, 23, 25]  Q:5 M:5 F:5
 10329. [4, 5, 8, 10, 11, 12, 13, 15, 17, 19, 20, 21, 23, 24, 25]  Q:5 M:5 F:5
 10330. [4, 5, 8, 10, 11, 12, 13, 15, 19, 20, 21, 22, 23, 24, 25]  Q:5 M:5 F:5
 10331. [4, 5, 8, 10, 11, 13, 15, 17, 19, 20, 21, 22, 23, 24, 25]  Q:5 M:5 F:5
 10332. [4, 5, 10, 11, 12, 13, 15, 17, 19, 20, 21, 22, 23, 24, 25]  Q:5 M:5 F:5
 10333. [4, 5, 8, 10, 11, 12, 13, 16, 17, 18, 20, 21, 22, 23, 24]  Q:5 M:5 F:5
 10334. [4, 5, 8, 10, 11, 12, 13, 16, 17, 18, 20, 21, 22, 23, 25]  Q:5 M:5 F:5
 10335. [4, 5, 8, 10, 11, 12, 13, 16, 17, 18, 20, 21, 23, 24, 25]  Q:5 M:5 F:5
 10336. [4, 5, 8, 10, 11, 12, 13, 16, 18, 20, 21, 22, 23, 24, 25]  Q:5 M:5 F:5
 10337. [4, 5, 8, 10, 11, 13, 16, 17, 18, 20, 21, 22, 23, 24, 25]  Q:5 M:5 F:5
 10338. [4, 5, 10, 11, 12, 13, 16, 17, 18, 20, 21, 22, 23, 24, 25]  Q:5 M:5 F:5
 10339. [4, 5, 8, 10, 11, 12, 13, 16, 17, 19, 20, 21, 22, 23, 24]  Q:5 M:5 F:5
 10340. [4, 5, 8, 10, 11, 12, 13, 16, 17, 19, 20, 21, 22, 23, 25]  Q:5 M:5 F:5
 10341. [4, 5, 8, 10, 11, 12, 13, 16, 17, 19, 20, 21, 23, 24, 25]  Q:5 M:5 F:5
 10342. [4, 5, 8, 10, 11, 12, 13, 16, 19, 20, 21, 22, 23, 24, 25]  Q:5 M:5 F:5
 10343. [4, 5, 8, 10, 11, 13, 16, 17, 19, 20, 21, 22, 23, 24, 25]  Q:5 M:5 F:5
 10344. [4, 5, 10, 11, 12, 13, 16, 17, 19, 20, 21, 22, 23, 24, 25]  Q:5 M:5 F:5
 10345. [4, 5, 8, 10, 11, 12, 13, 17, 18, 19, 20, 21, 22, 23, 24]  Q:5 M:5 F:5
 10346. [4, 5, 8, 10, 11, 12, 13, 17, 18, 19, 20, 21, 22, 23, 25]  Q:5 M:5 F:5
 10347. [4, 5, 8, 10, 11, 12, 13, 17, 18, 19, 20, 21, 23, 24, 25]  Q:5 M:5 F:5
 10348. [4, 5, 8, 10, 11, 12, 13, 18, 19, 20, 21, 22, 23, 24, 25]  Q:5 M:5 F:5
 10349. [4, 5, 8, 10, 11, 13, 17, 18, 19, 20, 21, 22, 23, 24, 25]  Q:5 M:5 F:5
 10350. [4, 5, 10, 11, 12, 13, 17, 18, 19, 20, 21, 22, 23, 24, 25]  Q:5 M:5 F:5
 10351. [4, 5, 8, 10, 11, 12, 14, 15, 16, 17, 20, 21, 22, 23, 24]  Q:5 M:5 F:5
 10352. [4, 5, 8, 10, 11, 12, 14, 15, 16, 17, 20, 21, 22, 23, 25]  Q:5 M:5 F:5
 10353. [4, 5, 8, 10, 11, 12, 14, 15, 16, 17, 20, 21, 23, 24, 25]  Q:5 M:5 F:5
 10354. [4, 5, 8, 10, 11, 12, 14, 15, 16, 20, 21, 22, 23, 24, 25]  Q:5 M:5 F:5
 10355. [4, 5, 8, 10, 11, 14, 15, 16, 17, 20, 21, 22, 23, 24, 25]  Q:5 M:5 F:5
 10356. [4, 5, 10, 11, 12, 14, 15, 16, 17, 20, 21, 22, 23, 24, 25]  Q:5 M:5 F:5
 10357. [4, 5, 8, 10, 11, 12, 14, 15, 17, 18, 20, 21, 22, 23, 24]  Q:5 M:5 F:5
 10358. [4, 5, 8, 10, 11, 12, 14, 15, 17, 18, 20, 21, 22, 23, 25]  Q:5 M:5 F:5
 10359. [4, 5, 8, 10, 11, 12, 14, 15, 17, 18, 20, 21, 23, 24, 25]  Q:5 M:5 F:5
 10360. [4, 5, 8, 10, 11, 12, 14, 15, 18, 20, 21, 22, 23, 24, 25]  Q:5 M:5 F:5
 10361. [4, 5, 8, 10, 11, 14, 15, 17, 18, 20, 21, 22, 23, 24, 25]  Q:5 M:5 F:5
 10362. [4, 5, 10, 11, 12, 14, 15, 17, 18, 20, 21, 22, 23, 24, 25]  Q:5 M:5 F:5
 10363. [4, 5, 8, 10, 11, 12, 14, 15, 17, 19, 20, 21, 22, 23, 24]  Q:5 M:5 F:5
 10364. [4, 5, 8, 10, 11, 12, 14, 15, 17, 19, 20, 21, 22, 23, 25]  Q:5 M:5 F:5
 10365. [4, 5, 8, 10, 11, 12, 14, 15, 17, 19, 20, 21, 23, 24, 25]  Q:5 M:5 F:5
 10366. [4, 5, 8, 10, 11, 12, 14, 15, 19, 20, 21, 22, 23, 24, 25]  Q:5 M:5 F:5
 10367. [4, 5, 8, 10, 11, 14, 15, 17, 19, 20, 21, 22, 23, 24, 25]  Q:5 M:5 F:5
 10368. [4, 5, 10, 11, 12, 14, 15, 17, 19, 20, 21, 22, 23, 24, 25]  Q:5 M:5 F:5
 10369. [4, 5, 8, 10, 11, 12, 14, 16, 17, 18, 20, 21, 22, 23, 24]  Q:5 M:5 F:5
 10370. [4, 5, 8, 10, 11, 12, 14, 16, 17, 18, 20, 21, 22, 23, 25]  Q:5 M:5 F:5
 10371. [4, 5, 8, 10, 11, 12, 14, 16, 17, 18, 20, 21, 23, 24, 25]  Q:5 M:5 F:5
 10372. [4, 5, 8, 10, 11, 12, 14, 16, 18, 20, 21, 22, 23, 24, 25]  Q:5 M:5 F:5
 10373. [4, 5, 8, 10, 11, 14, 16, 17, 18, 20, 21, 22, 23, 24, 25]  Q:5 M:5 F:5
 10374. [4, 5, 10, 11, 12, 14, 16, 17, 18, 20, 21, 22, 23, 24, 25]  Q:5 M:5 F:5
 10375. [4, 5, 8, 10, 11, 12, 14, 16, 17, 19, 20, 21, 22, 23, 24]  Q:5 M:5 F:5
 10376. [4, 5, 8, 10, 11, 12, 14, 16, 17, 19, 20, 21, 22, 23, 25]  Q:5 M:5 F:5
 10377. [4, 5, 8, 10, 11, 12, 14, 16, 17, 19, 20, 21, 23, 24, 25]  Q:5 M:5 F:5
 10378. [4, 5, 8, 10, 11, 12, 14, 16, 19, 20, 21, 22, 23, 24, 25]  Q:5 M:5 F:5
 10379. [4, 5, 8, 10, 11, 14, 16, 17, 19, 20, 21, 22, 23, 24, 25]  Q:5 M:5 F:5
 10380. [4, 5, 10, 11, 12, 14, 16, 17, 19, 20, 21, 22, 23, 24, 25]  Q:5 M:5 F:5
 10381. [4, 5, 8, 10, 11, 12, 14, 17, 18, 19, 20, 21, 22, 23, 24]  Q:5 M:5 F:5
 10382. [4, 5, 8, 10, 11, 12, 14, 17, 18, 19, 20, 21, 22, 23, 25]  Q:5 M:5 F:5
 10383. [4, 5, 8, 10, 11, 12, 14, 17, 18, 19, 20, 21, 23, 24, 25]  Q:5 M:5 F:5
 10384. [4, 5, 8, 10, 11, 12, 14, 18, 19, 20, 21, 22, 23, 24, 25]  Q:5 M:5 F:5
 10385. [4, 5, 8, 10, 11, 14, 17, 18, 19, 20, 21, 22, 23, 24, 25]  Q:5 M:5 F:5
 10386. [4, 5, 10, 11, 12, 14, 17, 18, 19, 20, 21, 22, 23, 24, 25]  Q:5 M:5 F:5
 10387. [4, 5, 8, 10, 11, 12, 15, 16, 17, 18, 20, 21, 22, 23, 24]  Q:5 M:5 F:5
 10388. [4, 5, 8, 10, 11, 12, 15, 16, 17, 18, 20, 21, 22, 23, 25]  Q:5 M:5 F:5
 10389. [4, 5, 8, 10, 11, 12, 15, 16, 17, 18, 20, 21, 23, 24, 25]  Q:5 M:5 F:5
 10390. [4, 5, 8, 10, 11, 12, 15, 16, 18, 20, 21, 22, 23, 24, 25]  Q:5 M:5 F:5
 10391. [4, 5, 8, 10, 11, 15, 16, 17, 18, 20, 21, 22, 23, 24, 25]  Q:5 M:5 F:5
 10392. [4, 5, 10, 11, 12, 15, 16, 17, 18, 20, 21, 22, 23, 24, 25]  Q:5 M:5 F:5
 10393. [4, 5, 8, 10, 11, 12, 15, 16, 17, 19, 20, 21, 22, 23, 24]  Q:5 M:5 F:5
 10394. [4, 5, 8, 10, 11, 12, 15, 16, 17, 19, 20, 21, 22, 23, 25]  Q:5 M:5 F:5
 10395. [4, 5, 8, 10, 11, 12, 15, 16, 17, 19, 20, 21, 23, 24, 25]  Q:5 M:5 F:5
 10396. [4, 5, 8, 10, 11, 12, 15, 16, 19, 20, 21, 22, 23, 24, 25]  Q:5 M:5 F:5
 10397. [4, 5, 8, 10, 11, 15, 16, 17, 19, 20, 21, 22, 23, 24, 25]  Q:5 M:5 F:5
 10398. [4, 5, 10, 11, 12, 15, 16, 17, 19, 20, 21, 22, 23, 24, 25]  Q:5 M:5 F:5
 10399. [4, 5, 8, 10, 11, 12, 15, 17, 18, 19, 20, 21, 22, 23, 24]  Q:5 M:5 F:5
 10400. [4, 5, 8, 10, 11, 12, 15, 17, 18, 19, 20, 21, 22, 23, 25]  Q:5 M:5 F:5
 10401. [4, 5, 8, 10, 11, 12, 15, 17, 18, 19, 20, 21, 23, 24, 25]  Q:5 M:5 F:5
 10402. [4, 5, 8, 10, 11, 12, 15, 18, 19, 20, 21, 22, 23, 24, 25]  Q:5 M:5 F:5
 10403. [4, 5, 8, 10, 11, 15, 17, 18, 19, 20, 21, 22, 23, 24, 25]  Q:5 M:5 F:5
 10404. [4, 5, 10, 11, 12, 15, 17, 18, 19, 20, 21, 22, 23, 24, 25]  Q:5 M:5 F:5
 10405. [4, 5, 8, 10, 11, 12, 16, 17, 18, 19, 20, 21, 22, 23, 24]  Q:5 M:5 F:5
 10406. [4, 5, 8, 10, 11, 12, 16, 17, 18, 19, 20, 21, 22, 23, 25]  Q:5 M:5 F:5
 10407. [4, 5, 8, 10, 11, 12, 16, 17, 18, 19, 20, 21, 23, 24, 25]  Q:5 M:5 F:5
 10408. [4, 5, 8, 10, 11, 12, 16, 18, 19, 20, 21, 22, 23, 24, 25]  Q:5 M:5 F:5
 10409. [4, 5, 8, 10, 11, 16, 17, 18, 19, 20, 21, 22, 23, 24, 25]  Q:5 M:5 F:5
 10410. [4, 5, 10, 11, 12, 16, 17, 18, 19, 20, 21, 22, 23, 24, 25]  Q:5 M:5 F:5
 10411. [4, 5, 8, 10, 12, 13, 14, 15, 16, 17, 20, 21, 22, 23, 24]  Q:5 M:5 F:5
 10412. [4, 5, 8, 10, 12, 13, 14, 15, 16, 17, 20, 21, 22, 23, 25]  Q:5 M:5 F:5
 10413. [4, 5, 8, 10, 12, 13, 14, 15, 16, 17, 20, 21, 23, 24, 25]  Q:5 M:5 F:5
 10414. [4, 5, 8, 10, 12, 13, 14, 15, 16, 20, 21, 22, 23, 24, 25]  Q:5 M:5 F:5
 10415. [4, 5, 8, 10, 13, 14, 15, 16, 17, 20, 21, 22, 23, 24, 25]  Q:5 M:5 F:5
 10416. [4, 5, 10, 12, 13, 14, 15, 16, 17, 20, 21, 22, 23, 24, 25]  Q:5 M:5 F:5
 10417. [4, 5, 8, 10, 12, 13, 14, 15, 17, 18, 20, 21, 22, 23, 24]  Q:5 M:5 F:5
 10418. [4, 5, 8, 10, 12, 13, 14, 15, 17, 18, 20, 21, 22, 23, 25]  Q:5 M:5 F:5
 10419. [4, 5, 8, 10, 12, 13, 14, 15, 17, 18, 20, 21, 23, 24, 25]  Q:5 M:5 F:5
 10420. [4, 5, 8, 10, 12, 13, 14, 15, 18, 20, 21, 22, 23, 24, 25]  Q:5 M:5 F:5
 10421. [4, 5, 8, 10, 13, 14, 15, 17, 18, 20, 21, 22, 23, 24, 25]  Q:5 M:5 F:5
 10422. [4, 5, 10, 12, 13, 14, 15, 17, 18, 20, 21, 22, 23, 24, 25]  Q:5 M:5 F:5
 10423. [4, 5, 8, 10, 12, 13, 14, 15, 17, 19, 20, 21, 22, 23, 24]  Q:5 M:5 F:5
 10424. [4, 5, 8, 10, 12, 13, 14, 15, 17, 19, 20, 21, 22, 23, 25]  Q:5 M:5 F:5
 10425. [4, 5, 8, 10, 12, 13, 14, 15, 17, 19, 20, 21, 23, 24, 25]  Q:5 M:5 F:5
 10426. [4, 5, 8, 10, 12, 13, 14, 15, 19, 20, 21, 22, 23, 24, 25]  Q:5 M:5 F:5
 10427. [4, 5, 8, 10, 13, 14, 15, 17, 19, 20, 21, 22, 23, 24, 25]  Q:5 M:5 F:5
 10428. [4, 5, 10, 12, 13, 14, 15, 17, 19, 20, 21, 22, 23, 24, 25]  Q:5 M:5 F:5
 10429. [4, 5, 8, 10, 12, 13, 14, 16, 17, 18, 20, 21, 22, 23, 24]  Q:5 M:5 F:5
 10430. [4, 5, 8, 10, 12, 13, 14, 16, 17, 18, 20, 21, 22, 23, 25]  Q:5 M:5 F:5
 10431. [4, 5, 8, 10, 12, 13, 14, 16, 17, 18, 20, 21, 23, 24, 25]  Q:5 M:5 F:5
 10432. [4, 5, 8, 10, 12, 13, 14, 16, 18, 20, 21, 22, 23, 24, 25]  Q:5 M:5 F:5
 10433. [4, 5, 8, 10, 13, 14, 16, 17, 18, 20, 21, 22, 23, 24, 25]  Q:5 M:5 F:5
 10434. [4, 5, 10, 12, 13, 14, 16, 17, 18, 20, 21, 22, 23, 24, 25]  Q:5 M:5 F:5
 10435. [4, 5, 8, 10, 12, 13, 14, 16, 17, 19, 20, 21, 22, 23, 24]  Q:5 M:5 F:5
 10436. [4, 5, 8, 10, 12, 13, 14, 16, 17, 19, 20, 21, 22, 23, 25]  Q:5 M:5 F:5
 10437. [4, 5, 8, 10, 12, 13, 14, 16, 17, 19, 20, 21, 23, 24, 25]  Q:5 M:5 F:5
 10438. [4, 5, 8, 10, 12, 13, 14, 16, 19, 20, 21, 22, 23, 24, 25]  Q:5 M:5 F:5
 10439. [4, 5, 8, 10, 13, 14, 16, 17, 19, 20, 21, 22, 23, 24, 25]  Q:5 M:5 F:5
 10440. [4, 5, 10, 12, 13, 14, 16, 17, 19, 20, 21, 22, 23, 24, 25]  Q:5 M:5 F:5
 10441. [4, 5, 8, 10, 12, 13, 14, 17, 18, 19, 20, 21, 22, 23, 24]  Q:5 M:5 F:5
 10442. [4, 5, 8, 10, 12, 13, 14, 17, 18, 19, 20, 21, 22, 23, 25]  Q:5 M:5 F:5
 10443. [4, 5, 8, 10, 12, 13, 14, 17, 18, 19, 20, 21, 23, 24, 25]  Q:5 M:5 F:5
 10444. [4, 5, 8, 10, 12, 13, 14, 18, 19, 20, 21, 22, 23, 24, 25]  Q:5 M:5 F:5
 10445. [4, 5, 8, 10, 13, 14, 17, 18, 19, 20, 21, 22, 23, 24, 25]  Q:5 M:5 F:5
 10446. [4, 5, 10, 12, 13, 14, 17, 18, 19, 20, 21, 22, 23, 24, 25]  Q:5 M:5 F:5
 10447. [4, 5, 8, 10, 12, 13, 15, 16, 17, 18, 20, 21, 22, 23, 24]  Q:5 M:5 F:5
 10448. [4, 5, 8, 10, 12, 13, 15, 16, 17, 18, 20, 21, 22, 23, 25]  Q:5 M:5 F:5
 10449. [4, 5, 8, 10, 12, 13, 15, 16, 17, 18, 20, 21, 23, 24, 25]  Q:5 M:5 F:5
 10450. [4, 5, 8, 10, 12, 13, 15, 16, 18, 20, 21, 22, 23, 24, 25]  Q:5 M:5 F:5
 10451. [4, 5, 8, 10, 13, 15, 16, 17, 18, 20, 21, 22, 23, 24, 25]  Q:5 M:5 F:5
 10452. [4, 5, 10, 12, 13, 15, 16, 17, 18, 20, 21, 22, 23, 24, 25]  Q:5 M:5 F:5
 10453. [4, 5, 8, 10, 12, 13, 15, 16, 17, 19, 20, 21, 22, 23, 24]  Q:5 M:5 F:5
 10454. [4, 5, 8, 10, 12, 13, 15, 16, 17, 19, 20, 21, 22, 23, 25]  Q:5 M:5 F:5
 10455. [4, 5, 8, 10, 12, 13, 15, 16, 17, 19, 20, 21, 23, 24, 25]  Q:5 M:5 F:5
 10456. [4, 5, 8, 10, 12, 13, 15, 16, 19, 20, 21, 22, 23, 24, 25]  Q:5 M:5 F:5
 10457. [4, 5, 8, 10, 13, 15, 16, 17, 19, 20, 21, 22, 23, 24, 25]  Q:5 M:5 F:5
 10458. [4, 5, 10, 12, 13, 15, 16, 17, 19, 20, 21, 22, 23, 24, 25]  Q:5 M:5 F:5
 10459. [4, 5, 8, 10, 12, 13, 15, 17, 18, 19, 20, 21, 22, 23, 24]  Q:5 M:5 F:5
 10460. [4, 5, 8, 10, 12, 13, 15, 17, 18, 19, 20, 21, 22, 23, 25]  Q:5 M:5 F:5
 10461. [4, 5, 8, 10, 12, 13, 15, 17, 18, 19, 20, 21, 23, 24, 25]  Q:5 M:5 F:5
 10462. [4, 5, 8, 10, 12, 13, 15, 18, 19, 20, 21, 22, 23, 24, 25]  Q:5 M:5 F:5
 10463. [4, 5, 8, 10, 13, 15, 17, 18, 19, 20, 21, 22, 23, 24, 25]  Q:5 M:5 F:5
 10464. [4, 5, 10, 12, 13, 15, 17, 18, 19, 20, 21, 22, 23, 24, 25]  Q:5 M:5 F:5
 10465. [4, 5, 8, 10, 12, 13, 16, 17, 18, 19, 20, 21, 22, 23, 24]  Q:5 M:5 F:5
 10466. [4, 5, 8, 10, 12, 13, 16, 17, 18, 19, 20, 21, 22, 23, 25]  Q:5 M:5 F:5
 10467. [4, 5, 8, 10, 12, 13, 16, 17, 18, 19, 20, 21, 23, 24, 25]  Q:5 M:5 F:5
 10468. [4, 5, 8, 10, 12, 13, 16, 18, 19, 20, 21, 22, 23, 24, 25]  Q:5 M:5 F:5
 10469. [4, 5, 8, 10, 13, 16, 17, 18, 19, 20, 21, 22, 23, 24, 25]  Q:5 M:5 F:5
 10470. [4, 5, 10, 12, 13, 16, 17, 18, 19, 20, 21, 22, 23, 24, 25]  Q:5 M:5 F:5
 10471. [4, 5, 8, 10, 12, 14, 15, 16, 17, 18, 20, 21, 22, 23, 24]  Q:5 M:5 F:5
 10472. [4, 5, 8, 10, 12, 14, 15, 16, 17, 18, 20, 21, 22, 23, 25]  Q:5 M:5 F:5
 10473. [4, 5, 8, 10, 12, 14, 15, 16, 17, 18, 20, 21, 23, 24, 25]  Q:5 M:5 F:5
 10474. [4, 5, 8, 10, 12, 14, 15, 16, 18, 20, 21, 22, 23, 24, 25]  Q:5 M:5 F:5
 10475. [4, 5, 8, 10, 14, 15, 16, 17, 18, 20, 21, 22, 23, 24, 25]  Q:5 M:5 F:5
 10476. [4, 5, 10, 12, 14, 15, 16, 17, 18, 20, 21, 22, 23, 24, 25]  Q:5 M:5 F:5
 10477. [4, 5, 8, 10, 12, 14, 15, 16, 17, 19, 20, 21, 22, 23, 24]  Q:5 M:5 F:5
 10478. [4, 5, 8, 10, 12, 14, 15, 16, 17, 19, 20, 21, 22, 23, 25]  Q:5 M:5 F:5
 10479. [4, 5, 8, 10, 12, 14, 15, 16, 17, 19, 20, 21, 23, 24, 25]  Q:5 M:5 F:5
 10480. [4, 5, 8, 10, 12, 14, 15, 16, 19, 20, 21, 22, 23, 24, 25]  Q:5 M:5 F:5
 10481. [4, 5, 8, 10, 14, 15, 16, 17, 19, 20, 21, 22, 23, 24, 25]  Q:5 M:5 F:5
 10482. [4, 5, 10, 12, 14, 15, 16, 17, 19, 20, 21, 22, 23, 24, 25]  Q:5 M:5 F:5
 10483. [4, 5, 8, 10, 12, 14, 15, 17, 18, 19, 20, 21, 22, 23, 24]  Q:5 M:5 F:5
 10484. [4, 5, 8, 10, 12, 14, 15, 17, 18, 19, 20, 21, 22, 23, 25]  Q:5 M:5 F:5
 10485. [4, 5, 8, 10, 12, 14, 15, 17, 18, 19, 20, 21, 23, 24, 25]  Q:5 M:5 F:5
 10486. [4, 5, 8, 10, 12, 14, 15, 18, 19, 20, 21, 22, 23, 24, 25]  Q:5 M:5 F:5
 10487. [4, 5, 8, 10, 14, 15, 17, 18, 19, 20, 21, 22, 23, 24, 25]  Q:5 M:5 F:5
 10488. [4, 5, 10, 12, 14, 15, 17, 18, 19, 20, 21, 22, 23, 24, 25]  Q:5 M:5 F:5
 10489. [4, 5, 8, 10, 12, 14, 16, 17, 18, 19, 20, 21, 22, 23, 24]  Q:5 M:5 F:5
 10490. [4, 5, 8, 10, 12, 14, 16, 17, 18, 19, 20, 21, 22, 23, 25]  Q:5 M:5 F:5
 10491. [4, 5, 8, 10, 12, 14, 16, 17, 18, 19, 20, 21, 23, 24, 25]  Q:5 M:5 F:5
 10492. [4, 5, 8, 10, 12, 14, 16, 18, 19, 20, 21, 22, 23, 24, 25]  Q:5 M:5 F:5
 10493. [4, 5, 8, 10, 14, 16, 17, 18, 19, 20, 21, 22, 23, 24, 25]  Q:5 M:5 F:5
 10494. [4, 5, 10, 12, 14, 16, 17, 18, 19, 20, 21, 22, 23, 24, 25]  Q:5 M:5 F:5
 10495. [4, 5, 8, 10, 12, 15, 16, 17, 18, 19, 20, 21, 22, 23, 24]  Q:5 M:5 F:5
 10496. [4, 5, 8, 10, 12, 15, 16, 17, 18, 19, 20, 21, 22, 23, 25]  Q:5 M:5 F:5
 10497. [4, 5, 8, 10, 12, 15, 16, 17, 18, 19, 20, 21, 23, 24, 25]  Q:5 M:5 F:5
 10498. [4, 5, 8, 10, 12, 15, 16, 18, 19, 20, 21, 22, 23, 24, 25]  Q:5 M:5 F:5
 10499. [4, 5, 8, 10, 15, 16, 17, 18, 19, 20, 21, 22, 23, 24, 25]  Q:5 M:5 F:5
 10500. [4, 5, 10, 12, 15, 16, 17, 18, 19, 20, 21, 22, 23, 24, 25]  Q:5 M:5 F:5
 10501. [5, 6, 7, 8, 9, 10, 11, 12, 13, 17, 20, 21, 22, 23, 24]  Q:5 M:5 F:5
 10502. [5, 6, 7, 8, 9, 10, 11, 12, 13, 17, 20, 21, 22, 23, 25]  Q:5 M:5 F:5
 10503. [5, 6, 7, 8, 9, 10, 11, 12, 13, 17, 20, 21, 23, 24, 25]  Q:5 M:5 F:5
 10504. [5, 6, 7, 8, 9, 10, 11, 12, 13, 20, 21, 22, 23, 24, 25]  Q:5 M:5 F:5
 10505. [5, 6, 7, 8, 9, 10, 11, 13, 17, 20, 21, 22, 23, 24, 25]  Q:5 M:5 F:5
 10506. [5, 6, 7, 9, 10, 11, 12, 13, 17, 20, 21, 22, 23, 24, 25]  Q:5 M:5 F:5
 10507. [5, 6, 7, 8, 9, 10, 11, 12, 14, 17, 20, 21, 22, 23, 24]  Q:5 M:5 F:5
 10508. [5, 6, 7, 8, 9, 10, 11, 12, 14, 17, 20, 21, 22, 23, 25]  Q:5 M:5 F:5
 10509. [5, 6, 7, 8, 9, 10, 11, 12, 14, 17, 20, 21, 23, 24, 25]  Q:5 M:5 F:5
 10510. [5, 6, 7, 8, 9, 10, 11, 12, 14, 20, 21, 22, 23, 24, 25]  Q:5 M:5 F:5
 10511. [5, 6, 7, 8, 9, 10, 11, 14, 17, 20, 21, 22, 23, 24, 25]  Q:5 M:5 F:5
 10512. [5, 6, 7, 9, 10, 11, 12, 14, 17, 20, 21, 22, 23, 24, 25]  Q:5 M:5 F:5
 10513. [5, 6, 7, 8, 9, 10, 11, 12, 15, 17, 20, 21, 22, 23, 24]  Q:5 M:5 F:5
 10514. [5, 6, 7, 8, 9, 10, 11, 12, 15, 17, 20, 21, 22, 23, 25]  Q:5 M:5 F:5
 10515. [5, 6, 7, 8, 9, 10, 11, 12, 15, 17, 20, 21, 23, 24, 25]  Q:5 M:5 F:5
 10516. [5, 6, 7, 8, 9, 10, 11, 12, 15, 20, 21, 22, 23, 24, 25]  Q:5 M:5 F:5
 10517. [5, 6, 7, 8, 9, 10, 11, 15, 17, 20, 21, 22, 23, 24, 25]  Q:5 M:5 F:5
 10518. [5, 6, 7, 9, 10, 11, 12, 15, 17, 20, 21, 22, 23, 24, 25]  Q:5 M:5 F:5
 10519. [5, 6, 7, 8, 9, 10, 11, 12, 16, 17, 20, 21, 22, 23, 24]  Q:5 M:5 F:5
 10520. [5, 6, 7, 8, 9, 10, 11, 12, 16, 17, 20, 21, 22, 23, 25]  Q:5 M:5 F:5
 10521. [5, 6, 7, 8, 9, 10, 11, 12, 16, 17, 20, 21, 23, 24, 25]  Q:5 M:5 F:5
 10522. [5, 6, 7, 8, 9, 10, 11, 12, 16, 20, 21, 22, 23, 24, 25]  Q:5 M:5 F:5
 10523. [5, 6, 7, 8, 9, 10, 11, 16, 17, 20, 21, 22, 23, 24, 25]  Q:5 M:5 F:5
 10524. [5, 6, 7, 9, 10, 11, 12, 16, 17, 20, 21, 22, 23, 24, 25]  Q:5 M:5 F:5
 10525. [5, 6, 7, 8, 9, 10, 11, 12, 17, 18, 20, 21, 22, 23, 24]  Q:5 M:5 F:5
 10526. [5, 6, 7, 8, 9, 10, 11, 12, 17, 18, 20, 21, 22, 23, 25]  Q:5 M:5 F:5
 10527. [5, 6, 7, 8, 9, 10, 11, 12, 17, 18, 20, 21, 23, 24, 25]  Q:5 M:5 F:5
 10528. [5, 6, 7, 8, 9, 10, 11, 12, 18, 20, 21, 22, 23, 24, 25]  Q:5 M:5 F:5
 10529. [5, 6, 7, 8, 9, 10, 11, 17, 18, 20, 21, 22, 23, 24, 25]  Q:5 M:5 F:5
 10530. [5, 6, 7, 9, 10, 11, 12, 17, 18, 20, 21, 22, 23, 24, 25]  Q:5 M:5 F:5
 10531. [5, 6, 7, 8, 9, 10, 11, 12, 17, 19, 20, 21, 22, 23, 24]  Q:5 M:5 F:5
 10532. [5, 6, 7, 8, 9, 10, 11, 12, 17, 19, 20, 21, 22, 23, 25]  Q:5 M:5 F:5
 10533. [5, 6, 7, 8, 9, 10, 11, 12, 17, 19, 20, 21, 23, 24, 25]  Q:5 M:5 F:5
 10534. [5, 6, 7, 8, 9, 10, 11, 12, 19, 20, 21, 22, 23, 24, 25]  Q:5 M:5 F:5
 10535. [5, 6, 7, 8, 9, 10, 11, 17, 19, 20, 21, 22, 23, 24, 25]  Q:5 M:5 F:5
 10536. [5, 6, 7, 9, 10, 11, 12, 17, 19, 20, 21, 22, 23, 24, 25]  Q:5 M:5 F:5
 10537. [5, 6, 7, 8, 9, 10, 12, 13, 14, 17, 20, 21, 22, 23, 24]  Q:5 M:5 F:5
 10538. [5, 6, 7, 8, 9, 10, 12, 13, 14, 17, 20, 21, 22, 23, 25]  Q:5 M:5 F:5
 10539. [5, 6, 7, 8, 9, 10, 12, 13, 14, 17, 20, 21, 23, 24, 25]  Q:5 M:5 F:5
 10540. [5, 6, 7, 8, 9, 10, 12, 13, 14, 20, 21, 22, 23, 24, 25]  Q:5 M:5 F:5
 10541. [5, 6, 7, 8, 9, 10, 13, 14, 17, 20, 21, 22, 23, 24, 25]  Q:5 M:5 F:5
 10542. [5, 6, 7, 9, 10, 12, 13, 14, 17, 20, 21, 22, 23, 24, 25]  Q:5 M:5 F:5
 10543. [5, 6, 7, 8, 9, 10, 12, 13, 15, 17, 20, 21, 22, 23, 24]  Q:5 M:5 F:5
 10544. [5, 6, 7, 8, 9, 10, 12, 13, 15, 17, 20, 21, 22, 23, 25]  Q:5 M:5 F:5
 10545. [5, 6, 7, 8, 9, 10, 12, 13, 15, 17, 20, 21, 23, 24, 25]  Q:5 M:5 F:5
 10546. [5, 6, 7, 8, 9, 10, 12, 13, 15, 20, 21, 22, 23, 24, 25]  Q:5 M:5 F:5
 10547. [5, 6, 7, 8, 9, 10, 13, 15, 17, 20, 21, 22, 23, 24, 25]  Q:5 M:5 F:5
 10548. [5, 6, 7, 9, 10, 12, 13, 15, 17, 20, 21, 22, 23, 24, 25]  Q:5 M:5 F:5
 10549. [5, 6, 7, 8, 9, 10, 12, 13, 16, 17, 20, 21, 22, 23, 24]  Q:5 M:5 F:5
 10550. [5, 6, 7, 8, 9, 10, 12, 13, 16, 17, 20, 21, 22, 23, 25]  Q:5 M:5 F:5
 10551. [5, 6, 7, 8, 9, 10, 12, 13, 16, 17, 20, 21, 23, 24, 25]  Q:5 M:5 F:5
 10552. [5, 6, 7, 8, 9, 10, 12, 13, 16, 20, 21, 22, 23, 24, 25]  Q:5 M:5 F:5
 10553. [5, 6, 7, 8, 9, 10, 13, 16, 17, 20, 21, 22, 23, 24, 25]  Q:5 M:5 F:5
 10554. [5, 6, 7, 9, 10, 12, 13, 16, 17, 20, 21, 22, 23, 24, 25]  Q:5 M:5 F:5
 10555. [5, 6, 7, 8, 9, 10, 12, 13, 17, 18, 20, 21, 22, 23, 24]  Q:5 M:5 F:5
 10556. [5, 6, 7, 8, 9, 10, 12, 13, 17, 18, 20, 21, 22, 23, 25]  Q:5 M:5 F:5
 10557. [5, 6, 7, 8, 9, 10, 12, 13, 17, 18, 20, 21, 23, 24, 25]  Q:5 M:5 F:5
 10558. [5, 6, 7, 8, 9, 10, 12, 13, 18, 20, 21, 22, 23, 24, 25]  Q:5 M:5 F:5
 10559. [5, 6, 7, 8, 9, 10, 13, 17, 18, 20, 21, 22, 23, 24, 25]  Q:5 M:5 F:5
 10560. [5, 6, 7, 9, 10, 12, 13, 17, 18, 20, 21, 22, 23, 24, 25]  Q:5 M:5 F:5
 10561. [5, 6, 7, 8, 9, 10, 12, 13, 17, 19, 20, 21, 22, 23, 24]  Q:5 M:5 F:5
 10562. [5, 6, 7, 8, 9, 10, 12, 13, 17, 19, 20, 21, 22, 23, 25]  Q:5 M:5 F:5
 10563. [5, 6, 7, 8, 9, 10, 12, 13, 17, 19, 20, 21, 23, 24, 25]  Q:5 M:5 F:5
 10564. [5, 6, 7, 8, 9, 10, 12, 13, 19, 20, 21, 22, 23, 24, 25]  Q:5 M:5 F:5
 10565. [5, 6, 7, 8, 9, 10, 13, 17, 19, 20, 21, 22, 23, 24, 25]  Q:5 M:5 F:5
 10566. [5, 6, 7, 9, 10, 12, 13, 17, 19, 20, 21, 22, 23, 24, 25]  Q:5 M:5 F:5
 10567. [5, 6, 7, 8, 9, 10, 12, 14, 15, 17, 20, 21, 22, 23, 24]  Q:5 M:5 F:5
 10568. [5, 6, 7, 8, 9, 10, 12, 14, 15, 17, 20, 21, 22, 23, 25]  Q:5 M:5 F:5
 10569. [5, 6, 7, 8, 9, 10, 12, 14, 15, 17, 20, 21, 23, 24, 25]  Q:5 M:5 F:5
 10570. [5, 6, 7, 8, 9, 10, 12, 14, 15, 20, 21, 22, 23, 24, 25]  Q:5 M:5 F:5
 10571. [5, 6, 7, 8, 9, 10, 14, 15, 17, 20, 21, 22, 23, 24, 25]  Q:5 M:5 F:5
 10572. [5, 6, 7, 9, 10, 12, 14, 15, 17, 20, 21, 22, 23, 24, 25]  Q:5 M:5 F:5
 10573. [5, 6, 7, 8, 9, 10, 12, 14, 16, 17, 20, 21, 22, 23, 24]  Q:5 M:5 F:5
 10574. [5, 6, 7, 8, 9, 10, 12, 14, 16, 17, 20, 21, 22, 23, 25]  Q:5 M:5 F:5
 10575. [5, 6, 7, 8, 9, 10, 12, 14, 16, 17, 20, 21, 23, 24, 25]  Q:5 M:5 F:5
 10576. [5, 6, 7, 8, 9, 10, 12, 14, 16, 20, 21, 22, 23, 24, 25]  Q:5 M:5 F:5
 10577. [5, 6, 7, 8, 9, 10, 14, 16, 17, 20, 21, 22, 23, 24, 25]  Q:5 M:5 F:5
 10578. [5, 6, 7, 9, 10, 12, 14, 16, 17, 20, 21, 22, 23, 24, 25]  Q:5 M:5 F:5
 10579. [5, 6, 7, 8, 9, 10, 12, 14, 17, 18, 20, 21, 22, 23, 24]  Q:5 M:5 F:5
 10580. [5, 6, 7, 8, 9, 10, 12, 14, 17, 18, 20, 21, 22, 23, 25]  Q:5 M:5 F:5
 10581. [5, 6, 7, 8, 9, 10, 12, 14, 17, 18, 20, 21, 23, 24, 25]  Q:5 M:5 F:5
 10582. [5, 6, 7, 8, 9, 10, 12, 14, 18, 20, 21, 22, 23, 24, 25]  Q:5 M:5 F:5
 10583. [5, 6, 7, 8, 9, 10, 14, 17, 18, 20, 21, 22, 23, 24, 25]  Q:5 M:5 F:5
 10584. [5, 6, 7, 9, 10, 12, 14, 17, 18, 20, 21, 22, 23, 24, 25]  Q:5 M:5 F:5
 10585. [5, 6, 7, 8, 9, 10, 12, 14, 17, 19, 20, 21, 22, 23, 24]  Q:5 M:5 F:5
 10586. [5, 6, 7, 8, 9, 10, 12, 14, 17, 19, 20, 21, 22, 23, 25]  Q:5 M:5 F:5
 10587. [5, 6, 7, 8, 9, 10, 12, 14, 17, 19, 20, 21, 23, 24, 25]  Q:5 M:5 F:5
 10588. [5, 6, 7, 8, 9, 10, 12, 14, 19, 20, 21, 22, 23, 24, 25]  Q:5 M:5 F:5
 10589. [5, 6, 7, 8, 9, 10, 14, 17, 19, 20, 21, 22, 23, 24, 25]  Q:5 M:5 F:5
 10590. [5, 6, 7, 9, 10, 12, 14, 17, 19, 20, 21, 22, 23, 24, 25]  Q:5 M:5 F:5
 10591. [5, 6, 7, 8, 9, 10, 12, 15, 16, 17, 20, 21, 22, 23, 24]  Q:5 M:5 F:5
 10592. [5, 6, 7, 8, 9, 10, 12, 15, 16, 17, 20, 21, 22, 23, 25]  Q:5 M:5 F:5
 10593. [5, 6, 7, 8, 9, 10, 12, 15, 16, 17, 20, 21, 23, 24, 25]  Q:5 M:5 F:5
 10594. [5, 6, 7, 8, 9, 10, 12, 15, 16, 20, 21, 22, 23, 24, 25]  Q:5 M:5 F:5
 10595. [5, 6, 7, 8, 9, 10, 15, 16, 17, 20, 21, 22, 23, 24, 25]  Q:5 M:5 F:5
 10596. [5, 6, 7, 9, 10, 12, 15, 16, 17, 20, 21, 22, 23, 24, 25]  Q:5 M:5 F:5
 10597. [5, 6, 7, 8, 9, 10, 12, 15, 17, 18, 20, 21, 22, 23, 24]  Q:5 M:5 F:5
 10598. [5, 6, 7, 8, 9, 10, 12, 15, 17, 18, 20, 21, 22, 23, 25]  Q:5 M:5 F:5
 10599. [5, 6, 7, 8, 9, 10, 12, 15, 17, 18, 20, 21, 23, 24, 25]  Q:5 M:5 F:5
 10600. [5, 6, 7, 8, 9, 10, 12, 15, 18, 20, 21, 22, 23, 24, 25]  Q:5 M:5 F:5
 10601. [5, 6, 7, 8, 9, 10, 15, 17, 18, 20, 21, 22, 23, 24, 25]  Q:5 M:5 F:5
 10602. [5, 6, 7, 9, 10, 12, 15, 17, 18, 20, 21, 22, 23, 24, 25]  Q:5 M:5 F:5
 10603. [5, 6, 7, 8, 9, 10, 12, 15, 17, 19, 20, 21, 22, 23, 24]  Q:5 M:5 F:5
 10604. [5, 6, 7, 8, 9, 10, 12, 15, 17, 19, 20, 21, 22, 23, 25]  Q:5 M:5 F:5
 10605. [5, 6, 7, 8, 9, 10, 12, 15, 17, 19, 20, 21, 23, 24, 25]  Q:5 M:5 F:5
 10606. [5, 6, 7, 8, 9, 10, 12, 15, 19, 20, 21, 22, 23, 24, 25]  Q:5 M:5 F:5
 10607. [5, 6, 7, 8, 9, 10, 15, 17, 19, 20, 21, 22, 23, 24, 25]  Q:5 M:5 F:5
 10608. [5, 6, 7, 9, 10, 12, 15, 17, 19, 20, 21, 22, 23, 24, 25]  Q:5 M:5 F:5
 10609. [5, 6, 7, 8, 9, 10, 12, 16, 17, 18, 20, 21, 22, 23, 24]  Q:5 M:5 F:5
 10610. [5, 6, 7, 8, 9, 10, 12, 16, 17, 18, 20, 21, 22, 23, 25]  Q:5 M:5 F:5
 10611. [5, 6, 7, 8, 9, 10, 12, 16, 17, 18, 20, 21, 23, 24, 25]  Q:5 M:5 F:5
 10612. [5, 6, 7, 8, 9, 10, 12, 16, 18, 20, 21, 22, 23, 24, 25]  Q:5 M:5 F:5
 10613. [5, 6, 7, 8, 9, 10, 16, 17, 18, 20, 21, 22, 23, 24, 25]  Q:5 M:5 F:5
 10614. [5, 6, 7, 9, 10, 12, 16, 17, 18, 20, 21, 22, 23, 24, 25]  Q:5 M:5 F:5
 10615. [5, 6, 7, 8, 9, 10, 12, 16, 17, 19, 20, 21, 22, 23, 24]  Q:5 M:5 F:5
 10616. [5, 6, 7, 8, 9, 10, 12, 16, 17, 19, 20, 21, 22, 23, 25]  Q:5 M:5 F:5
 10617. [5, 6, 7, 8, 9, 10, 12, 16, 17, 19, 20, 21, 23, 24, 25]  Q:5 M:5 F:5
 10618. [5, 6, 7, 8, 9, 10, 12, 16, 19, 20, 21, 22, 23, 24, 25]  Q:5 M:5 F:5
 10619. [5, 6, 7, 8, 9, 10, 16, 17, 19, 20, 21, 22, 23, 24, 25]  Q:5 M:5 F:5
 10620. [5, 6, 7, 9, 10, 12, 16, 17, 19, 20, 21, 22, 23, 24, 25]  Q:5 M:5 F:5
 10621. [5, 6, 7, 8, 9, 10, 12, 17, 18, 19, 20, 21, 22, 23, 24]  Q:5 M:5 F:5
 10622. [5, 6, 7, 8, 9, 10, 12, 17, 18, 19, 20, 21, 22, 23, 25]  Q:5 M:5 F:5
 10623. [5, 6, 7, 8, 9, 10, 12, 17, 18, 19, 20, 21, 23, 24, 25]  Q:5 M:5 F:5
 10624. [5, 6, 7, 8, 9, 10, 12, 18, 19, 20, 21, 22, 23, 24, 25]  Q:5 M:5 F:5
 10625. [5, 6, 7, 8, 9, 10, 17, 18, 19, 20, 21, 22, 23, 24, 25]  Q:5 M:5 F:5
 10626. [5, 6, 7, 9, 10, 12, 17, 18, 19, 20, 21, 22, 23, 24, 25]  Q:5 M:5 F:5
 10627. [5, 6, 7, 8, 10, 11, 12, 13, 14, 17, 20, 21, 22, 23, 24]  Q:5 M:5 F:5
 10628. [5, 6, 7, 8, 10, 11, 12, 13, 14, 17, 20, 21, 22, 23, 25]  Q:5 M:5 F:5
 10629. [5, 6, 7, 8, 10, 11, 12, 13, 14, 17, 20, 21, 23, 24, 25]  Q:5 M:5 F:5
 10630. [5, 6, 7, 8, 10, 11, 12, 13, 14, 20, 21, 22, 23, 24, 25]  Q:5 M:5 F:5
 10631. [5, 6, 7, 8, 10, 11, 13, 14, 17, 20, 21, 22, 23, 24, 25]  Q:5 M:5 F:5
 10632. [5, 6, 7, 10, 11, 12, 13, 14, 17, 20, 21, 22, 23, 24, 25]  Q:5 M:5 F:5
 10633. [5, 6, 7, 8, 10, 11, 12, 13, 15, 17, 20, 21, 22, 23, 24]  Q:5 M:5 F:5
 10634. [5, 6, 7, 8, 10, 11, 12, 13, 15, 17, 20, 21, 22, 23, 25]  Q:5 M:5 F:5
 10635. [5, 6, 7, 8, 10, 11, 12, 13, 15, 17, 20, 21, 23, 24, 25]  Q:5 M:5 F:5
 10636. [5, 6, 7, 8, 10, 11, 12, 13, 15, 20, 21, 22, 23, 24, 25]  Q:5 M:5 F:5
 10637. [5, 6, 7, 8, 10, 11, 13, 15, 17, 20, 21, 22, 23, 24, 25]  Q:5 M:5 F:5
 10638. [5, 6, 7, 10, 11, 12, 13, 15, 17, 20, 21, 22, 23, 24, 25]  Q:5 M:5 F:5
 10639. [5, 6, 7, 8, 10, 11, 12, 13, 16, 17, 20, 21, 22, 23, 24]  Q:5 M:5 F:5
 10640. [5, 6, 7, 8, 10, 11, 12, 13, 16, 17, 20, 21, 22, 23, 25]  Q:5 M:5 F:5
 10641. [5, 6, 7, 8, 10, 11, 12, 13, 16, 17, 20, 21, 23, 24, 25]  Q:5 M:5 F:5
 10642. [5, 6, 7, 8, 10, 11, 12, 13, 16, 20, 21, 22, 23, 24, 25]  Q:5 M:5 F:5
 10643. [5, 6, 7, 8, 10, 11, 13, 16, 17, 20, 21, 22, 23, 24, 25]  Q:5 M:5 F:5
 10644. [5, 6, 7, 10, 11, 12, 13, 16, 17, 20, 21, 22, 23, 24, 25]  Q:5 M:5 F:5
 10645. [5, 6, 7, 8, 10, 11, 12, 13, 17, 18, 20, 21, 22, 23, 24]  Q:5 M:5 F:5
 10646. [5, 6, 7, 8, 10, 11, 12, 13, 17, 18, 20, 21, 22, 23, 25]  Q:5 M:5 F:5
 10647. [5, 6, 7, 8, 10, 11, 12, 13, 17, 18, 20, 21, 23, 24, 25]  Q:5 M:5 F:5
 10648. [5, 6, 7, 8, 10, 11, 12, 13, 18, 20, 21, 22, 23, 24, 25]  Q:5 M:5 F:5
 10649. [5, 6, 7, 8, 10, 11, 13, 17, 18, 20, 21, 22, 23, 24, 25]  Q:5 M:5 F:5
 10650. [5, 6, 7, 10, 11, 12, 13, 17, 18, 20, 21, 22, 23, 24, 25]  Q:5 M:5 F:5
 10651. [5, 6, 7, 8, 10, 11, 12, 13, 17, 19, 20, 21, 22, 23, 24]  Q:5 M:5 F:5
 10652. [5, 6, 7, 8, 10, 11, 12, 13, 17, 19, 20, 21, 22, 23, 25]  Q:5 M:5 F:5
 10653. [5, 6, 7, 8, 10, 11, 12, 13, 17, 19, 20, 21, 23, 24, 25]  Q:5 M:5 F:5
 10654. [5, 6, 7, 8, 10, 11, 12, 13, 19, 20, 21, 22, 23, 24, 25]  Q:5 M:5 F:5
 10655. [5, 6, 7, 8, 10, 11, 13, 17, 19, 20, 21, 22, 23, 24, 25]  Q:5 M:5 F:5
 10656. [5, 6, 7, 10, 11, 12, 13, 17, 19, 20, 21, 22, 23, 24, 25]  Q:5 M:5 F:5
 10657. [5, 6, 7, 8, 10, 11, 12, 14, 15, 17, 20, 21, 22, 23, 24]  Q:5 M:5 F:5
 10658. [5, 6, 7, 8, 10, 11, 12, 14, 15, 17, 20, 21, 22, 23, 25]  Q:5 M:5 F:5
 10659. [5, 6, 7, 8, 10, 11, 12, 14, 15, 17, 20, 21, 23, 24, 25]  Q:5 M:5 F:5
 10660. [5, 6, 7, 8, 10, 11, 12, 14, 15, 20, 21, 22, 23, 24, 25]  Q:5 M:5 F:5
 10661. [5, 6, 7, 8, 10, 11, 14, 15, 17, 20, 21, 22, 23, 24, 25]  Q:5 M:5 F:5
 10662. [5, 6, 7, 10, 11, 12, 14, 15, 17, 20, 21, 22, 23, 24, 25]  Q:5 M:5 F:5
 10663. [5, 6, 7, 8, 10, 11, 12, 14, 16, 17, 20, 21, 22, 23, 24]  Q:5 M:5 F:5
 10664. [5, 6, 7, 8, 10, 11, 12, 14, 16, 17, 20, 21, 22, 23, 25]  Q:5 M:5 F:5
 10665. [5, 6, 7, 8, 10, 11, 12, 14, 16, 17, 20, 21, 23, 24, 25]  Q:5 M:5 F:5
 10666. [5, 6, 7, 8, 10, 11, 12, 14, 16, 20, 21, 22, 23, 24, 25]  Q:5 M:5 F:5
 10667. [5, 6, 7, 8, 10, 11, 14, 16, 17, 20, 21, 22, 23, 24, 25]  Q:5 M:5 F:5
 10668. [5, 6, 7, 10, 11, 12, 14, 16, 17, 20, 21, 22, 23, 24, 25]  Q:5 M:5 F:5
 10669. [5, 6, 7, 8, 10, 11, 12, 14, 17, 18, 20, 21, 22, 23, 24]  Q:5 M:5 F:5
 10670. [5, 6, 7, 8, 10, 11, 12, 14, 17, 18, 20, 21, 22, 23, 25]  Q:5 M:5 F:5
 10671. [5, 6, 7, 8, 10, 11, 12, 14, 17, 18, 20, 21, 23, 24, 25]  Q:5 M:5 F:5
 10672. [5, 6, 7, 8, 10, 11, 12, 14, 18, 20, 21, 22, 23, 24, 25]  Q:5 M:5 F:5
 10673. [5, 6, 7, 8, 10, 11, 14, 17, 18, 20, 21, 22, 23, 24, 25]  Q:5 M:5 F:5
 10674. [5, 6, 7, 10, 11, 12, 14, 17, 18, 20, 21, 22, 23, 24, 25]  Q:5 M:5 F:5
 10675. [5, 6, 7, 8, 10, 11, 12, 14, 17, 19, 20, 21, 22, 23, 24]  Q:5 M:5 F:5
 10676. [5, 6, 7, 8, 10, 11, 12, 14, 17, 19, 20, 21, 22, 23, 25]  Q:5 M:5 F:5
 10677. [5, 6, 7, 8, 10, 11, 12, 14, 17, 19, 20, 21, 23, 24, 25]  Q:5 M:5 F:5
 10678. [5, 6, 7, 8, 10, 11, 12, 14, 19, 20, 21, 22, 23, 24, 25]  Q:5 M:5 F:5
 10679. [5, 6, 7, 8, 10, 11, 14, 17, 19, 20, 21, 22, 23, 24, 25]  Q:5 M:5 F:5
 10680. [5, 6, 7, 10, 11, 12, 14, 17, 19, 20, 21, 22, 23, 24, 25]  Q:5 M:5 F:5
 10681. [5, 6, 7, 8, 10, 11, 12, 15, 16, 17, 20, 21, 22, 23, 24]  Q:5 M:5 F:5
 10682. [5, 6, 7, 8, 10, 11, 12, 15, 16, 17, 20, 21, 22, 23, 25]  Q:5 M:5 F:5
 10683. [5, 6, 7, 8, 10, 11, 12, 15, 16, 17, 20, 21, 23, 24, 25]  Q:5 M:5 F:5
 10684. [5, 6, 7, 8, 10, 11, 12, 15, 16, 20, 21, 22, 23, 24, 25]  Q:5 M:5 F:5
 10685. [5, 6, 7, 8, 10, 11, 15, 16, 17, 20, 21, 22, 23, 24, 25]  Q:5 M:5 F:5
 10686. [5, 6, 7, 10, 11, 12, 15, 16, 17, 20, 21, 22, 23, 24, 25]  Q:5 M:5 F:5
 10687. [5, 6, 7, 8, 10, 11, 12, 15, 17, 18, 20, 21, 22, 23, 24]  Q:5 M:5 F:5
 10688. [5, 6, 7, 8, 10, 11, 12, 15, 17, 18, 20, 21, 22, 23, 25]  Q:5 M:5 F:5
 10689. [5, 6, 7, 8, 10, 11, 12, 15, 17, 18, 20, 21, 23, 24, 25]  Q:5 M:5 F:5
 10690. [5, 6, 7, 8, 10, 11, 12, 15, 18, 20, 21, 22, 23, 24, 25]  Q:5 M:5 F:5
 10691. [5, 6, 7, 8, 10, 11, 15, 17, 18, 20, 21, 22, 23, 24, 25]  Q:5 M:5 F:5
 10692. [5, 6, 7, 10, 11, 12, 15, 17, 18, 20, 21, 22, 23, 24, 25]  Q:5 M:5 F:5
 10693. [5, 6, 7, 8, 10, 11, 12, 15, 17, 19, 20, 21, 22, 23, 24]  Q:5 M:5 F:5
 10694. [5, 6, 7, 8, 10, 11, 12, 15, 17, 19, 20, 21, 22, 23, 25]  Q:5 M:5 F:5
 10695. [5, 6, 7, 8, 10, 11, 12, 15, 17, 19, 20, 21, 23, 24, 25]  Q:5 M:5 F:5
 10696. [5, 6, 7, 8, 10, 11, 12, 15, 19, 20, 21, 22, 23, 24, 25]  Q:5 M:5 F:5
 10697. [5, 6, 7, 8, 10, 11, 15, 17, 19, 20, 21, 22, 23, 24, 25]  Q:5 M:5 F:5
 10698. [5, 6, 7, 10, 11, 12, 15, 17, 19, 20, 21, 22, 23, 24, 25]  Q:5 M:5 F:5
 10699. [5, 6, 7, 8, 10, 11, 12, 16, 17, 18, 20, 21, 22, 23, 24]  Q:5 M:5 F:5
 10700. [5, 6, 7, 8, 10, 11, 12, 16, 17, 18, 20, 21, 22, 23, 25]  Q:5 M:5 F:5
 10701. [5, 6, 7, 8, 10, 11, 12, 16, 17, 18, 20, 21, 23, 24, 25]  Q:5 M:5 F:5
 10702. [5, 6, 7, 8, 10, 11, 12, 16, 18, 20, 21, 22, 23, 24, 25]  Q:5 M:5 F:5
 10703. [5, 6, 7, 8, 10, 11, 16, 17, 18, 20, 21, 22, 23, 24, 25]  Q:5 M:5 F:5
 10704. [5, 6, 7, 10, 11, 12, 16, 17, 18, 20, 21, 22, 23, 24, 25]  Q:5 M:5 F:5
 10705. [5, 6, 7, 8, 10, 11, 12, 16, 17, 19, 20, 21, 22, 23, 24]  Q:5 M:5 F:5
 10706. [5, 6, 7, 8, 10, 11, 12, 16, 17, 19, 20, 21, 22, 23, 25]  Q:5 M:5 F:5
 10707. [5, 6, 7, 8, 10, 11, 12, 16, 17, 19, 20, 21, 23, 24, 25]  Q:5 M:5 F:5
 10708. [5, 6, 7, 8, 10, 11, 12, 16, 19, 20, 21, 22, 23, 24, 25]  Q:5 M:5 F:5
 10709. [5, 6, 7, 8, 10, 11, 16, 17, 19, 20, 21, 22, 23, 24, 25]  Q:5 M:5 F:5
 10710. [5, 6, 7, 10, 11, 12, 16, 17, 19, 20, 21, 22, 23, 24, 25]  Q:5 M:5 F:5
 10711. [5, 6, 7, 8, 10, 11, 12, 17, 18, 19, 20, 21, 22, 23, 24]  Q:5 M:5 F:5
 10712. [5, 6, 7, 8, 10, 11, 12, 17, 18, 19, 20, 21, 22, 23, 25]  Q:5 M:5 F:5
 10713. [5, 6, 7, 8, 10, 11, 12, 17, 18, 19, 20, 21, 23, 24, 25]  Q:5 M:5 F:5
 10714. [5, 6, 7, 8, 10, 11, 12, 18, 19, 20, 21, 22, 23, 24, 25]  Q:5 M:5 F:5
 10715. [5, 6, 7, 8, 10, 11, 17, 18, 19, 20, 21, 22, 23, 24, 25]  Q:5 M:5 F:5
 10716. [5, 6, 7, 10, 11, 12, 17, 18, 19, 20, 21, 22, 23, 24, 25]  Q:5 M:5 F:5
 10717. [5, 6, 7, 8, 10, 12, 13, 14, 15, 17, 20, 21, 22, 23, 24]  Q:5 M:5 F:5
 10718. [5, 6, 7, 8, 10, 12, 13, 14, 15, 17, 20, 21, 22, 23, 25]  Q:5 M:5 F:5
 10719. [5, 6, 7, 8, 10, 12, 13, 14, 15, 17, 20, 21, 23, 24, 25]  Q:5 M:5 F:5
 10720. [5, 6, 7, 8, 10, 12, 13, 14, 15, 20, 21, 22, 23, 24, 25]  Q:5 M:5 F:5
 10721. [5, 6, 7, 8, 10, 13, 14, 15, 17, 20, 21, 22, 23, 24, 25]  Q:5 M:5 F:5
 10722. [5, 6, 7, 10, 12, 13, 14, 15, 17, 20, 21, 22, 23, 24, 25]  Q:5 M:5 F:5
 10723. [5, 6, 7, 8, 10, 12, 13, 14, 16, 17, 20, 21, 22, 23, 24]  Q:5 M:5 F:5
 10724. [5, 6, 7, 8, 10, 12, 13, 14, 16, 17, 20, 21, 22, 23, 25]  Q:5 M:5 F:5
 10725. [5, 6, 7, 8, 10, 12, 13, 14, 16, 17, 20, 21, 23, 24, 25]  Q:5 M:5 F:5
 10726. [5, 6, 7, 8, 10, 12, 13, 14, 16, 20, 21, 22, 23, 24, 25]  Q:5 M:5 F:5
 10727. [5, 6, 7, 8, 10, 13, 14, 16, 17, 20, 21, 22, 23, 24, 25]  Q:5 M:5 F:5
 10728. [5, 6, 7, 10, 12, 13, 14, 16, 17, 20, 21, 22, 23, 24, 25]  Q:5 M:5 F:5
 10729. [5, 6, 7, 8, 10, 12, 13, 14, 17, 18, 20, 21, 22, 23, 24]  Q:5 M:5 F:5
 10730. [5, 6, 7, 8, 10, 12, 13, 14, 17, 18, 20, 21, 22, 23, 25]  Q:5 M:5 F:5
 10731. [5, 6, 7, 8, 10, 12, 13, 14, 17, 18, 20, 21, 23, 24, 25]  Q:5 M:5 F:5
 10732. [5, 6, 7, 8, 10, 12, 13, 14, 18, 20, 21, 22, 23, 24, 25]  Q:5 M:5 F:5
 10733. [5, 6, 7, 8, 10, 13, 14, 17, 18, 20, 21, 22, 23, 24, 25]  Q:5 M:5 F:5
 10734. [5, 6, 7, 10, 12, 13, 14, 17, 18, 20, 21, 22, 23, 24, 25]  Q:5 M:5 F:5
 10735. [5, 6, 7, 8, 10, 12, 13, 14, 17, 19, 20, 21, 22, 23, 24]  Q:5 M:5 F:5
 10736. [5, 6, 7, 8, 10, 12, 13, 14, 17, 19, 20, 21, 22, 23, 25]  Q:5 M:5 F:5
 10737. [5, 6, 7, 8, 10, 12, 13, 14, 17, 19, 20, 21, 23, 24, 25]  Q:5 M:5 F:5
 10738. [5, 6, 7, 8, 10, 12, 13, 14, 19, 20, 21, 22, 23, 24, 25]  Q:5 M:5 F:5
 10739. [5, 6, 7, 8, 10, 13, 14, 17, 19, 20, 21, 22, 23, 24, 25]  Q:5 M:5 F:5
 10740. [5, 6, 7, 10, 12, 13, 14, 17, 19, 20, 21, 22, 23, 24, 25]  Q:5 M:5 F:5
 10741. [5, 6, 7, 8, 10, 12, 13, 15, 16, 17, 20, 21, 22, 23, 24]  Q:5 M:5 F:5
 10742. [5, 6, 7, 8, 10, 12, 13, 15, 16, 17, 20, 21, 22, 23, 25]  Q:5 M:5 F:5
 10743. [5, 6, 7, 8, 10, 12, 13, 15, 16, 17, 20, 21, 23, 24, 25]  Q:5 M:5 F:5
 10744. [5, 6, 7, 8, 10, 12, 13, 15, 16, 20, 21, 22, 23, 24, 25]  Q:5 M:5 F:5
 10745. [5, 6, 7, 8, 10, 13, 15, 16, 17, 20, 21, 22, 23, 24, 25]  Q:5 M:5 F:5
 10746. [5, 6, 7, 10, 12, 13, 15, 16, 17, 20, 21, 22, 23, 24, 25]  Q:5 M:5 F:5
 10747. [5, 6, 7, 8, 10, 12, 13, 15, 17, 18, 20, 21, 22, 23, 24]  Q:5 M:5 F:5
 10748. [5, 6, 7, 8, 10, 12, 13, 15, 17, 18, 20, 21, 22, 23, 25]  Q:5 M:5 F:5
 10749. [5, 6, 7, 8, 10, 12, 13, 15, 17, 18, 20, 21, 23, 24, 25]  Q:5 M:5 F:5
 10750. [5, 6, 7, 8, 10, 12, 13, 15, 18, 20, 21, 22, 23, 24, 25]  Q:5 M:5 F:5
 10751. [5, 6, 7, 8, 10, 13, 15, 17, 18, 20, 21, 22, 23, 24, 25]  Q:5 M:5 F:5
 10752. [5, 6, 7, 10, 12, 13, 15, 17, 18, 20, 21, 22, 23, 24, 25]  Q:5 M:5 F:5
 10753. [5, 6, 7, 8, 10, 12, 13, 15, 17, 19, 20, 21, 22, 23, 24]  Q:5 M:5 F:5
 10754. [5, 6, 7, 8, 10, 12, 13, 15, 17, 19, 20, 21, 22, 23, 25]  Q:5 M:5 F:5
 10755. [5, 6, 7, 8, 10, 12, 13, 15, 17, 19, 20, 21, 23, 24, 25]  Q:5 M:5 F:5
 10756. [5, 6, 7, 8, 10, 12, 13, 15, 19, 20, 21, 22, 23, 24, 25]  Q:5 M:5 F:5
 10757. [5, 6, 7, 8, 10, 13, 15, 17, 19, 20, 21, 22, 23, 24, 25]  Q:5 M:5 F:5
 10758. [5, 6, 7, 10, 12, 13, 15, 17, 19, 20, 21, 22, 23, 24, 25]  Q:5 M:5 F:5
 10759. [5, 6, 7, 8, 10, 12, 13, 16, 17, 18, 20, 21, 22, 23, 24]  Q:5 M:5 F:5
 10760. [5, 6, 7, 8, 10, 12, 13, 16, 17, 18, 20, 21, 22, 23, 25]  Q:5 M:5 F:5
 10761. [5, 6, 7, 8, 10, 12, 13, 16, 17, 18, 20, 21, 23, 24, 25]  Q:5 M:5 F:5
 10762. [5, 6, 7, 8, 10, 12, 13, 16, 18, 20, 21, 22, 23, 24, 25]  Q:5 M:5 F:5
 10763. [5, 6, 7, 8, 10, 13, 16, 17, 18, 20, 21, 22, 23, 24, 25]  Q:5 M:5 F:5
 10764. [5, 6, 7, 10, 12, 13, 16, 17, 18, 20, 21, 22, 23, 24, 25]  Q:5 M:5 F:5
 10765. [5, 6, 7, 8, 10, 12, 13, 16, 17, 19, 20, 21, 22, 23, 24]  Q:5 M:5 F:5
 10766. [5, 6, 7, 8, 10, 12, 13, 16, 17, 19, 20, 21, 22, 23, 25]  Q:5 M:5 F:5
 10767. [5, 6, 7, 8, 10, 12, 13, 16, 17, 19, 20, 21, 23, 24, 25]  Q:5 M:5 F:5
 10768. [5, 6, 7, 8, 10, 12, 13, 16, 19, 20, 21, 22, 23, 24, 25]  Q:5 M:5 F:5
 10769. [5, 6, 7, 8, 10, 13, 16, 17, 19, 20, 21, 22, 23, 24, 25]  Q:5 M:5 F:5
 10770. [5, 6, 7, 10, 12, 13, 16, 17, 19, 20, 21, 22, 23, 24, 25]  Q:5 M:5 F:5
 10771. [5, 6, 7, 8, 10, 12, 13, 17, 18, 19, 20, 21, 22, 23, 24]  Q:5 M:5 F:5
 10772. [5, 6, 7, 8, 10, 12, 13, 17, 18, 19, 20, 21, 22, 23, 25]  Q:5 M:5 F:5
 10773. [5, 6, 7, 8, 10, 12, 13, 17, 18, 19, 20, 21, 23, 24, 25]  Q:5 M:5 F:5
 10774. [5, 6, 7, 8, 10, 12, 13, 18, 19, 20, 21, 22, 23, 24, 25]  Q:5 M:5 F:5
 10775. [5, 6, 7, 8, 10, 13, 17, 18, 19, 20, 21, 22, 23, 24, 25]  Q:5 M:5 F:5
 10776. [5, 6, 7, 10, 12, 13, 17, 18, 19, 20, 21, 22, 23, 24, 25]  Q:5 M:5 F:5
 10777. [5, 6, 7, 8, 10, 12, 14, 15, 16, 17, 20, 21, 22, 23, 24]  Q:5 M:5 F:5
 10778. [5, 6, 7, 8, 10, 12, 14, 15, 16, 17, 20, 21, 22, 23, 25]  Q:5 M:5 F:5
 10779. [5, 6, 7, 8, 10, 12, 14, 15, 16, 17, 20, 21, 23, 24, 25]  Q:5 M:5 F:5
 10780. [5, 6, 7, 8, 10, 12, 14, 15, 16, 20, 21, 22, 23, 24, 25]  Q:5 M:5 F:5
 10781. [5, 6, 7, 8, 10, 14, 15, 16, 17, 20, 21, 22, 23, 24, 25]  Q:5 M:5 F:5
 10782. [5, 6, 7, 10, 12, 14, 15, 16, 17, 20, 21, 22, 23, 24, 25]  Q:5 M:5 F:5
 10783. [5, 6, 7, 8, 10, 12, 14, 15, 17, 18, 20, 21, 22, 23, 24]  Q:5 M:5 F:5
 10784. [5, 6, 7, 8, 10, 12, 14, 15, 17, 18, 20, 21, 22, 23, 25]  Q:5 M:5 F:5
 10785. [5, 6, 7, 8, 10, 12, 14, 15, 17, 18, 20, 21, 23, 24, 25]  Q:5 M:5 F:5
 10786. [5, 6, 7, 8, 10, 12, 14, 15, 18, 20, 21, 22, 23, 24, 25]  Q:5 M:5 F:5
 10787. [5, 6, 7, 8, 10, 14, 15, 17, 18, 20, 21, 22, 23, 24, 25]  Q:5 M:5 F:5
 10788. [5, 6, 7, 10, 12, 14, 15, 17, 18, 20, 21, 22, 23, 24, 25]  Q:5 M:5 F:5
 10789. [5, 6, 7, 8, 10, 12, 14, 15, 17, 19, 20, 21, 22, 23, 24]  Q:5 M:5 F:5
 10790. [5, 6, 7, 8, 10, 12, 14, 15, 17, 19, 20, 21, 22, 23, 25]  Q:5 M:5 F:5
 10791. [5, 6, 7, 8, 10, 12, 14, 15, 17, 19, 20, 21, 23, 24, 25]  Q:5 M:5 F:5
 10792. [5, 6, 7, 8, 10, 12, 14, 15, 19, 20, 21, 22, 23, 24, 25]  Q:5 M:5 F:5
 10793. [5, 6, 7, 8, 10, 14, 15, 17, 19, 20, 21, 22, 23, 24, 25]  Q:5 M:5 F:5
 10794. [5, 6, 7, 10, 12, 14, 15, 17, 19, 20, 21, 22, 23, 24, 25]  Q:5 M:5 F:5
 10795. [5, 6, 7, 8, 10, 12, 14, 16, 17, 18, 20, 21, 22, 23, 24]  Q:5 M:5 F:5
 10796. [5, 6, 7, 8, 10, 12, 14, 16, 17, 18, 20, 21, 22, 23, 25]  Q:5 M:5 F:5
 10797. [5, 6, 7, 8, 10, 12, 14, 16, 17, 18, 20, 21, 23, 24, 25]  Q:5 M:5 F:5
 10798. [5, 6, 7, 8, 10, 12, 14, 16, 18, 20, 21, 22, 23, 24, 25]  Q:5 M:5 F:5
 10799. [5, 6, 7, 8, 10, 14, 16, 17, 18, 20, 21, 22, 23, 24, 25]  Q:5 M:5 F:5
 10800. [5, 6, 7, 10, 12, 14, 16, 17, 18, 20, 21, 22, 23, 24, 25]  Q:5 M:5 F:5
 10801. [5, 6, 7, 8, 10, 12, 14, 16, 17, 19, 20, 21, 22, 23, 24]  Q:5 M:5 F:5
 10802. [5, 6, 7, 8, 10, 12, 14, 16, 17, 19, 20, 21, 22, 23, 25]  Q:5 M:5 F:5
 10803. [5, 6, 7, 8, 10, 12, 14, 16, 17, 19, 20, 21, 23, 24, 25]  Q:5 M:5 F:5
 10804. [5, 6, 7, 8, 10, 12, 14, 16, 19, 20, 21, 22, 23, 24, 25]  Q:5 M:5 F:5
 10805. [5, 6, 7, 8, 10, 14, 16, 17, 19, 20, 21, 22, 23, 24, 25]  Q:5 M:5 F:5
 10806. [5, 6, 7, 10, 12, 14, 16, 17, 19, 20, 21, 22, 23, 24, 25]  Q:5 M:5 F:5
 10807. [5, 6, 7, 8, 10, 12, 14, 17, 18, 19, 20, 21, 22, 23, 24]  Q:5 M:5 F:5
 10808. [5, 6, 7, 8, 10, 12, 14, 17, 18, 19, 20, 21, 22, 23, 25]  Q:5 M:5 F:5
 10809. [5, 6, 7, 8, 10, 12, 14, 17, 18, 19, 20, 21, 23, 24, 25]  Q:5 M:5 F:5
 10810. [5, 6, 7, 8, 10, 12, 14, 18, 19, 20, 21, 22, 23, 24, 25]  Q:5 M:5 F:5
 10811. [5, 6, 7, 8, 10, 14, 17, 18, 19, 20, 21, 22, 23, 24, 25]  Q:5 M:5 F:5
 10812. [5, 6, 7, 10, 12, 14, 17, 18, 19, 20, 21, 22, 23, 24, 25]  Q:5 M:5 F:5
 10813. [5, 6, 7, 8, 10, 12, 15, 16, 17, 18, 20, 21, 22, 23, 24]  Q:5 M:5 F:5
 10814. [5, 6, 7, 8, 10, 12, 15, 16, 17, 18, 20, 21, 22, 23, 25]  Q:5 M:5 F:5
 10815. [5, 6, 7, 8, 10, 12, 15, 16, 17, 18, 20, 21, 23, 24, 25]  Q:5 M:5 F:5
 10816. [5, 6, 7, 8, 10, 12, 15, 16, 18, 20, 21, 22, 23, 24, 25]  Q:5 M:5 F:5
 10817. [5, 6, 7, 8, 10, 15, 16, 17, 18, 20, 21, 22, 23, 24, 25]  Q:5 M:5 F:5
 10818. [5, 6, 7, 10, 12, 15, 16, 17, 18, 20, 21, 22, 23, 24, 25]  Q:5 M:5 F:5
 10819. [5, 6, 7, 8, 10, 12, 15, 16, 17, 19, 20, 21, 22, 23, 24]  Q:5 M:5 F:5
 10820. [5, 6, 7, 8, 10, 12, 15, 16, 17, 19, 20, 21, 22, 23, 25]  Q:5 M:5 F:5
 10821. [5, 6, 7, 8, 10, 12, 15, 16, 17, 19, 20, 21, 23, 24, 25]  Q:5 M:5 F:5
 10822. [5, 6, 7, 8, 10, 12, 15, 16, 19, 20, 21, 22, 23, 24, 25]  Q:5 M:5 F:5
 10823. [5, 6, 7, 8, 10, 15, 16, 17, 19, 20, 21, 22, 23, 24, 25]  Q:5 M:5 F:5
 10824. [5, 6, 7, 10, 12, 15, 16, 17, 19, 20, 21, 22, 23, 24, 25]  Q:5 M:5 F:5
 10825. [5, 6, 7, 8, 10, 12, 15, 17, 18, 19, 20, 21, 22, 23, 24]  Q:5 M:5 F:5
 10826. [5, 6, 7, 8, 10, 12, 15, 17, 18, 19, 20, 21, 22, 23, 25]  Q:5 M:5 F:5
 10827. [5, 6, 7, 8, 10, 12, 15, 17, 18, 19, 20, 21, 23, 24, 25]  Q:5 M:5 F:5
 10828. [5, 6, 7, 8, 10, 12, 15, 18, 19, 20, 21, 22, 23, 24, 25]  Q:5 M:5 F:5
 10829. [5, 6, 7, 8, 10, 15, 17, 18, 19, 20, 21, 22, 23, 24, 25]  Q:5 M:5 F:5
 10830. [5, 6, 7, 10, 12, 15, 17, 18, 19, 20, 21, 22, 23, 24, 25]  Q:5 M:5 F:5
 10831. [5, 6, 7, 8, 10, 12, 16, 17, 18, 19, 20, 21, 22, 23, 24]  Q:5 M:5 F:5
 10832. [5, 6, 7, 8, 10, 12, 16, 17, 18, 19, 20, 21, 22, 23, 25]  Q:5 M:5 F:5
 10833. [5, 6, 7, 8, 10, 12, 16, 17, 18, 19, 20, 21, 23, 24, 25]  Q:5 M:5 F:5
 10834. [5, 6, 7, 8, 10, 12, 16, 18, 19, 20, 21, 22, 23, 24, 25]  Q:5 M:5 F:5
 10835. [5, 6, 7, 8, 10, 16, 17, 18, 19, 20, 21, 22, 23, 24, 25]  Q:5 M:5 F:5
 10836. [5, 6, 7, 10, 12, 16, 17, 18, 19, 20, 21, 22, 23, 24, 25]  Q:5 M:5 F:5
 10837. [5, 6, 8, 9, 10, 11, 12, 13, 14, 17, 20, 21, 22, 23, 24]  Q:5 M:5 F:5
 10838. [5, 6, 8, 9, 10, 11, 12, 13, 14, 17, 20, 21, 22, 23, 25]  Q:5 M:5 F:5
 10839. [5, 6, 8, 9, 10, 11, 12, 13, 14, 17, 20, 21, 23, 24, 25]  Q:5 M:5 F:5
 10840. [5, 6, 8, 9, 10, 11, 12, 13, 14, 20, 21, 22, 23, 24, 25]  Q:5 M:5 F:5
 10841. [5, 6, 8, 9, 10, 11, 13, 14, 17, 20, 21, 22, 23, 24, 25]  Q:5 M:5 F:5
 10842. [5, 6, 9, 10, 11, 12, 13, 14, 17, 20, 21, 22, 23, 24, 25]  Q:5 M:5 F:5
 10843. [5, 6, 8, 9, 10, 11, 12, 13, 15, 17, 20, 21, 22, 23, 24]  Q:5 M:5 F:5
 10844. [5, 6, 8, 9, 10, 11, 12, 13, 15, 17, 20, 21, 22, 23, 25]  Q:5 M:5 F:5
 10845. [5, 6, 8, 9, 10, 11, 12, 13, 15, 17, 20, 21, 23, 24, 25]  Q:5 M:5 F:5
 10846. [5, 6, 8, 9, 10, 11, 12, 13, 15, 20, 21, 22, 23, 24, 25]  Q:5 M:5 F:5
 10847. [5, 6, 8, 9, 10, 11, 13, 15, 17, 20, 21, 22, 23, 24, 25]  Q:5 M:5 F:5
 10848. [5, 6, 9, 10, 11, 12, 13, 15, 17, 20, 21, 22, 23, 24, 25]  Q:5 M:5 F:5
 10849. [5, 6, 8, 9, 10, 11, 12, 13, 16, 17, 20, 21, 22, 23, 24]  Q:5 M:5 F:5
 10850. [5, 6, 8, 9, 10, 11, 12, 13, 16, 17, 20, 21, 22, 23, 25]  Q:5 M:5 F:5
 10851. [5, 6, 8, 9, 10, 11, 12, 13, 16, 17, 20, 21, 23, 24, 25]  Q:5 M:5 F:5
 10852. [5, 6, 8, 9, 10, 11, 12, 13, 16, 20, 21, 22, 23, 24, 25]  Q:5 M:5 F:5
 10853. [5, 6, 8, 9, 10, 11, 13, 16, 17, 20, 21, 22, 23, 24, 25]  Q:5 M:5 F:5
 10854. [5, 6, 9, 10, 11, 12, 13, 16, 17, 20, 21, 22, 23, 24, 25]  Q:5 M:5 F:5
 10855. [5, 6, 8, 9, 10, 11, 12, 13, 17, 18, 20, 21, 22, 23, 24]  Q:5 M:5 F:5
 10856. [5, 6, 8, 9, 10, 11, 12, 13, 17, 18, 20, 21, 22, 23, 25]  Q:5 M:5 F:5
 10857. [5, 6, 8, 9, 10, 11, 12, 13, 17, 18, 20, 21, 23, 24, 25]  Q:5 M:5 F:5
 10858. [5, 6, 8, 9, 10, 11, 12, 13, 18, 20, 21, 22, 23, 24, 25]  Q:5 M:5 F:5
 10859. [5, 6, 8, 9, 10, 11, 13, 17, 18, 20, 21, 22, 23, 24, 25]  Q:5 M:5 F:5
 10860. [5, 6, 9, 10, 11, 12, 13, 17, 18, 20, 21, 22, 23, 24, 25]  Q:5 M:5 F:5
 10861. [5, 6, 8, 9, 10, 11, 12, 13, 17, 19, 20, 21, 22, 23, 24]  Q:5 M:5 F:5
 10862. [5, 6, 8, 9, 10, 11, 12, 13, 17, 19, 20, 21, 22, 23, 25]  Q:5 M:5 F:5
 10863. [5, 6, 8, 9, 10, 11, 12, 13, 17, 19, 20, 21, 23, 24, 25]  Q:5 M:5 F:5
 10864. [5, 6, 8, 9, 10, 11, 12, 13, 19, 20, 21, 22, 23, 24, 25]  Q:5 M:5 F:5
 10865. [5, 6, 8, 9, 10, 11, 13, 17, 19, 20, 21, 22, 23, 24, 25]  Q:5 M:5 F:5
 10866. [5, 6, 9, 10, 11, 12, 13, 17, 19, 20, 21, 22, 23, 24, 25]  Q:5 M:5 F:5
 10867. [5, 6, 8, 9, 10, 11, 12, 14, 15, 17, 20, 21, 22, 23, 24]  Q:5 M:5 F:5
 10868. [5, 6, 8, 9, 10, 11, 12, 14, 15, 17, 20, 21, 22, 23, 25]  Q:5 M:5 F:5
 10869. [5, 6, 8, 9, 10, 11, 12, 14, 15, 17, 20, 21, 23, 24, 25]  Q:5 M:5 F:5
 10870. [5, 6, 8, 9, 10, 11, 12, 14, 15, 20, 21, 22, 23, 24, 25]  Q:5 M:5 F:5
 10871. [5, 6, 8, 9, 10, 11, 14, 15, 17, 20, 21, 22, 23, 24, 25]  Q:5 M:5 F:5
 10872. [5, 6, 9, 10, 11, 12, 14, 15, 17, 20, 21, 22, 23, 24, 25]  Q:5 M:5 F:5
 10873. [5, 6, 8, 9, 10, 11, 12, 14, 16, 17, 20, 21, 22, 23, 24]  Q:5 M:5 F:5
 10874. [5, 6, 8, 9, 10, 11, 12, 14, 16, 17, 20, 21, 22, 23, 25]  Q:5 M:5 F:5
 10875. [5, 6, 8, 9, 10, 11, 12, 14, 16, 17, 20, 21, 23, 24, 25]  Q:5 M:5 F:5
 10876. [5, 6, 8, 9, 10, 11, 12, 14, 16, 20, 21, 22, 23, 24, 25]  Q:5 M:5 F:5
 10877. [5, 6, 8, 9, 10, 11, 14, 16, 17, 20, 21, 22, 23, 24, 25]  Q:5 M:5 F:5
 10878. [5, 6, 9, 10, 11, 12, 14, 16, 17, 20, 21, 22, 23, 24, 25]  Q:5 M:5 F:5
 10879. [5, 6, 8, 9, 10, 11, 12, 14, 17, 18, 20, 21, 22, 23, 24]  Q:5 M:5 F:5
 10880. [5, 6, 8, 9, 10, 11, 12, 14, 17, 18, 20, 21, 22, 23, 25]  Q:5 M:5 F:5
 10881. [5, 6, 8, 9, 10, 11, 12, 14, 17, 18, 20, 21, 23, 24, 25]  Q:5 M:5 F:5
 10882. [5, 6, 8, 9, 10, 11, 12, 14, 18, 20, 21, 22, 23, 24, 25]  Q:5 M:5 F:5
 10883. [5, 6, 8, 9, 10, 11, 14, 17, 18, 20, 21, 22, 23, 24, 25]  Q:5 M:5 F:5
 10884. [5, 6, 9, 10, 11, 12, 14, 17, 18, 20, 21, 22, 23, 24, 25]  Q:5 M:5 F:5
 10885. [5, 6, 8, 9, 10, 11, 12, 14, 17, 19, 20, 21, 22, 23, 24]  Q:5 M:5 F:5
 10886. [5, 6, 8, 9, 10, 11, 12, 14, 17, 19, 20, 21, 22, 23, 25]  Q:5 M:5 F:5
 10887. [5, 6, 8, 9, 10, 11, 12, 14, 17, 19, 20, 21, 23, 24, 25]  Q:5 M:5 F:5
 10888. [5, 6, 8, 9, 10, 11, 12, 14, 19, 20, 21, 22, 23, 24, 25]  Q:5 M:5 F:5
 10889. [5, 6, 8, 9, 10, 11, 14, 17, 19, 20, 21, 22, 23, 24, 25]  Q:5 M:5 F:5
 10890. [5, 6, 9, 10, 11, 12, 14, 17, 19, 20, 21, 22, 23, 24, 25]  Q:5 M:5 F:5
 10891. [5, 6, 8, 9, 10, 11, 12, 15, 16, 17, 20, 21, 22, 23, 24]  Q:5 M:5 F:5
 10892. [5, 6, 8, 9, 10, 11, 12, 15, 16, 17, 20, 21, 22, 23, 25]  Q:5 M:5 F:5
 10893. [5, 6, 8, 9, 10, 11, 12, 15, 16, 17, 20, 21, 23, 24, 25]  Q:5 M:5 F:5
 10894. [5, 6, 8, 9, 10, 11, 12, 15, 16, 20, 21, 22, 23, 24, 25]  Q:5 M:5 F:5
 10895. [5, 6, 8, 9, 10, 11, 15, 16, 17, 20, 21, 22, 23, 24, 25]  Q:5 M:5 F:5
 10896. [5, 6, 9, 10, 11, 12, 15, 16, 17, 20, 21, 22, 23, 24, 25]  Q:5 M:5 F:5
 10897. [5, 6, 8, 9, 10, 11, 12, 15, 17, 18, 20, 21, 22, 23, 24]  Q:5 M:5 F:5
 10898. [5, 6, 8, 9, 10, 11, 12, 15, 17, 18, 20, 21, 22, 23, 25]  Q:5 M:5 F:5
 10899. [5, 6, 8, 9, 10, 11, 12, 15, 17, 18, 20, 21, 23, 24, 25]  Q:5 M:5 F:5
 10900. [5, 6, 8, 9, 10, 11, 12, 15, 18, 20, 21, 22, 23, 24, 25]  Q:5 M:5 F:5
 10901. [5, 6, 8, 9, 10, 11, 15, 17, 18, 20, 21, 22, 23, 24, 25]  Q:5 M:5 F:5
 10902. [5, 6, 9, 10, 11, 12, 15, 17, 18, 20, 21, 22, 23, 24, 25]  Q:5 M:5 F:5
 10903. [5, 6, 8, 9, 10, 11, 12, 15, 17, 19, 20, 21, 22, 23, 24]  Q:5 M:5 F:5
 10904. [5, 6, 8, 9, 10, 11, 12, 15, 17, 19, 20, 21, 22, 23, 25]  Q:5 M:5 F:5
 10905. [5, 6, 8, 9, 10, 11, 12, 15, 17, 19, 20, 21, 23, 24, 25]  Q:5 M:5 F:5
 10906. [5, 6, 8, 9, 10, 11, 12, 15, 19, 20, 21, 22, 23, 24, 25]  Q:5 M:5 F:5
 10907. [5, 6, 8, 9, 10, 11, 15, 17, 19, 20, 21, 22, 23, 24, 25]  Q:5 M:5 F:5
 10908. [5, 6, 9, 10, 11, 12, 15, 17, 19, 20, 21, 22, 23, 24, 25]  Q:5 M:5 F:5
 10909. [5, 6, 8, 9, 10, 11, 12, 16, 17, 18, 20, 21, 22, 23, 24]  Q:5 M:5 F:5
 10910. [5, 6, 8, 9, 10, 11, 12, 16, 17, 18, 20, 21, 22, 23, 25]  Q:5 M:5 F:5
 10911. [5, 6, 8, 9, 10, 11, 12, 16, 17, 18, 20, 21, 23, 24, 25]  Q:5 M:5 F:5
 10912. [5, 6, 8, 9, 10, 11, 12, 16, 18, 20, 21, 22, 23, 24, 25]  Q:5 M:5 F:5
 10913. [5, 6, 8, 9, 10, 11, 16, 17, 18, 20, 21, 22, 23, 24, 25]  Q:5 M:5 F:5
 10914. [5, 6, 9, 10, 11, 12, 16, 17, 18, 20, 21, 22, 23, 24, 25]  Q:5 M:5 F:5
 10915. [5, 6, 8, 9, 10, 11, 12, 16, 17, 19, 20, 21, 22, 23, 24]  Q:5 M:5 F:5
 10916. [5, 6, 8, 9, 10, 11, 12, 16, 17, 19, 20, 21, 22, 23, 25]  Q:5 M:5 F:5
 10917. [5, 6, 8, 9, 10, 11, 12, 16, 17, 19, 20, 21, 23, 24, 25]  Q:5 M:5 F:5
 10918. [5, 6, 8, 9, 10, 11, 12, 16, 19, 20, 21, 22, 23, 24, 25]  Q:5 M:5 F:5
 10919. [5, 6, 8, 9, 10, 11, 16, 17, 19, 20, 21, 22, 23, 24, 25]  Q:5 M:5 F:5
 10920. [5, 6, 9, 10, 11, 12, 16, 17, 19, 20, 21, 22, 23, 24, 25]  Q:5 M:5 F:5
 10921. [5, 6, 8, 9, 10, 11, 12, 17, 18, 19, 20, 21, 22, 23, 24]  Q:5 M:5 F:5
 10922. [5, 6, 8, 9, 10, 11, 12, 17, 18, 19, 20, 21, 22, 23, 25]  Q:5 M:5 F:5
 10923. [5, 6, 8, 9, 10, 11, 12, 17, 18, 19, 20, 21, 23, 24, 25]  Q:5 M:5 F:5
 10924. [5, 6, 8, 9, 10, 11, 12, 18, 19, 20, 21, 22, 23, 24, 25]  Q:5 M:5 F:5
 10925. [5, 6, 8, 9, 10, 11, 17, 18, 19, 20, 21, 22, 23, 24, 25]  Q:5 M:5 F:5
 10926. [5, 6, 9, 10, 11, 12, 17, 18, 19, 20, 21, 22, 23, 24, 25]  Q:5 M:5 F:5
 10927. [5, 6, 8, 9, 10, 12, 13, 14, 15, 17, 20, 21, 22, 23, 24]  Q:5 M:5 F:5
 10928. [5, 6, 8, 9, 10, 12, 13, 14, 15, 17, 20, 21, 22, 23, 25]  Q:5 M:5 F:5
 10929. [5, 6, 8, 9, 10, 12, 13, 14, 15, 17, 20, 21, 23, 24, 25]  Q:5 M:5 F:5
 10930. [5, 6, 8, 9, 10, 12, 13, 14, 15, 20, 21, 22, 23, 24, 25]  Q:5 M:5 F:5
 10931. [5, 6, 8, 9, 10, 13, 14, 15, 17, 20, 21, 22, 23, 24, 25]  Q:5 M:5 F:5
 10932. [5, 6, 9, 10, 12, 13, 14, 15, 17, 20, 21, 22, 23, 24, 25]  Q:5 M:5 F:5
 10933. [5, 6, 8, 9, 10, 12, 13, 14, 16, 17, 20, 21, 22, 23, 24]  Q:5 M:5 F:5
 10934. [5, 6, 8, 9, 10, 12, 13, 14, 16, 17, 20, 21, 22, 23, 25]  Q:5 M:5 F:5
 10935. [5, 6, 8, 9, 10, 12, 13, 14, 16, 17, 20, 21, 23, 24, 25]  Q:5 M:5 F:5
 10936. [5, 6, 8, 9, 10, 12, 13, 14, 16, 20, 21, 22, 23, 24, 25]  Q:5 M:5 F:5
 10937. [5, 6, 8, 9, 10, 13, 14, 16, 17, 20, 21, 22, 23, 24, 25]  Q:5 M:5 F:5
 10938. [5, 6, 9, 10, 12, 13, 14, 16, 17, 20, 21, 22, 23, 24, 25]  Q:5 M:5 F:5
 10939. [5, 6, 8, 9, 10, 12, 13, 14, 17, 18, 20, 21, 22, 23, 24]  Q:5 M:5 F:5
 10940. [5, 6, 8, 9, 10, 12, 13, 14, 17, 18, 20, 21, 22, 23, 25]  Q:5 M:5 F:5
 10941. [5, 6, 8, 9, 10, 12, 13, 14, 17, 18, 20, 21, 23, 24, 25]  Q:5 M:5 F:5
 10942. [5, 6, 8, 9, 10, 12, 13, 14, 18, 20, 21, 22, 23, 24, 25]  Q:5 M:5 F:5
 10943. [5, 6, 8, 9, 10, 13, 14, 17, 18, 20, 21, 22, 23, 24, 25]  Q:5 M:5 F:5
 10944. [5, 6, 9, 10, 12, 13, 14, 17, 18, 20, 21, 22, 23, 24, 25]  Q:5 M:5 F:5
 10945. [5, 6, 8, 9, 10, 12, 13, 14, 17, 19, 20, 21, 22, 23, 24]  Q:5 M:5 F:5
 10946. [5, 6, 8, 9, 10, 12, 13, 14, 17, 19, 20, 21, 22, 23, 25]  Q:5 M:5 F:5
 10947. [5, 6, 8, 9, 10, 12, 13, 14, 17, 19, 20, 21, 23, 24, 25]  Q:5 M:5 F:5
 10948. [5, 6, 8, 9, 10, 12, 13, 14, 19, 20, 21, 22, 23, 24, 25]  Q:5 M:5 F:5
 10949. [5, 6, 8, 9, 10, 13, 14, 17, 19, 20, 21, 22, 23, 24, 25]  Q:5 M:5 F:5
 10950. [5, 6, 9, 10, 12, 13, 14, 17, 19, 20, 21, 22, 23, 24, 25]  Q:5 M:5 F:5
 10951. [5, 6, 8, 9, 10, 12, 13, 15, 16, 17, 20, 21, 22, 23, 24]  Q:5 M:5 F:5
 10952. [5, 6, 8, 9, 10, 12, 13, 15, 16, 17, 20, 21, 22, 23, 25]  Q:5 M:5 F:5
 10953. [5, 6, 8, 9, 10, 12, 13, 15, 16, 17, 20, 21, 23, 24, 25]  Q:5 M:5 F:5
 10954. [5, 6, 8, 9, 10, 12, 13, 15, 16, 20, 21, 22, 23, 24, 25]  Q:5 M:5 F:5
 10955. [5, 6, 8, 9, 10, 13, 15, 16, 17, 20, 21, 22, 23, 24, 25]  Q:5 M:5 F:5
 10956. [5, 6, 9, 10, 12, 13, 15, 16, 17, 20, 21, 22, 23, 24, 25]  Q:5 M:5 F:5
 10957. [5, 6, 8, 9, 10, 12, 13, 15, 17, 18, 20, 21, 22, 23, 24]  Q:5 M:5 F:5
 10958. [5, 6, 8, 9, 10, 12, 13, 15, 17, 18, 20, 21, 22, 23, 25]  Q:5 M:5 F:5
 10959. [5, 6, 8, 9, 10, 12, 13, 15, 17, 18, 20, 21, 23, 24, 25]  Q:5 M:5 F:5
 10960. [5, 6, 8, 9, 10, 12, 13, 15, 18, 20, 21, 22, 23, 24, 25]  Q:5 M:5 F:5
 10961. [5, 6, 8, 9, 10, 13, 15, 17, 18, 20, 21, 22, 23, 24, 25]  Q:5 M:5 F:5
 10962. [5, 6, 9, 10, 12, 13, 15, 17, 18, 20, 21, 22, 23, 24, 25]  Q:5 M:5 F:5
 10963. [5, 6, 8, 9, 10, 12, 13, 15, 17, 19, 20, 21, 22, 23, 24]  Q:5 M:5 F:5
 10964. [5, 6, 8, 9, 10, 12, 13, 15, 17, 19, 20, 21, 22, 23, 25]  Q:5 M:5 F:5
 10965. [5, 6, 8, 9, 10, 12, 13, 15, 17, 19, 20, 21, 23, 24, 25]  Q:5 M:5 F:5
 10966. [5, 6, 8, 9, 10, 12, 13, 15, 19, 20, 21, 22, 23, 24, 25]  Q:5 M:5 F:5
 10967. [5, 6, 8, 9, 10, 13, 15, 17, 19, 20, 21, 22, 23, 24, 25]  Q:5 M:5 F:5
 10968. [5, 6, 9, 10, 12, 13, 15, 17, 19, 20, 21, 22, 23, 24, 25]  Q:5 M:5 F:5
 10969. [5, 6, 8, 9, 10, 12, 13, 16, 17, 18, 20, 21, 22, 23, 24]  Q:5 M:5 F:5
 10970. [5, 6, 8, 9, 10, 12, 13, 16, 17, 18, 20, 21, 22, 23, 25]  Q:5 M:5 F:5
 10971. [5, 6, 8, 9, 10, 12, 13, 16, 17, 18, 20, 21, 23, 24, 25]  Q:5 M:5 F:5
 10972. [5, 6, 8, 9, 10, 12, 13, 16, 18, 20, 21, 22, 23, 24, 25]  Q:5 M:5 F:5
 10973. [5, 6, 8, 9, 10, 13, 16, 17, 18, 20, 21, 22, 23, 24, 25]  Q:5 M:5 F:5
 10974. [5, 6, 9, 10, 12, 13, 16, 17, 18, 20, 21, 22, 23, 24, 25]  Q:5 M:5 F:5
 10975. [5, 6, 8, 9, 10, 12, 13, 16, 17, 19, 20, 21, 22, 23, 24]  Q:5 M:5 F:5
 10976. [5, 6, 8, 9, 10, 12, 13, 16, 17, 19, 20, 21, 22, 23, 25]  Q:5 M:5 F:5
 10977. [5, 6, 8, 9, 10, 12, 13, 16, 17, 19, 20, 21, 23, 24, 25]  Q:5 M:5 F:5
 10978. [5, 6, 8, 9, 10, 12, 13, 16, 19, 20, 21, 22, 23, 24, 25]  Q:5 M:5 F:5
 10979. [5, 6, 8, 9, 10, 13, 16, 17, 19, 20, 21, 22, 23, 24, 25]  Q:5 M:5 F:5
 10980. [5, 6, 9, 10, 12, 13, 16, 17, 19, 20, 21, 22, 23, 24, 25]  Q:5 M:5 F:5
 10981. [5, 6, 8, 9, 10, 12, 13, 17, 18, 19, 20, 21, 22, 23, 24]  Q:5 M:5 F:5
 10982. [5, 6, 8, 9, 10, 12, 13, 17, 18, 19, 20, 21, 22, 23, 25]  Q:5 M:5 F:5
 10983. [5, 6, 8, 9, 10, 12, 13, 17, 18, 19, 20, 21, 23, 24, 25]  Q:5 M:5 F:5
 10984. [5, 6, 8, 9, 10, 12, 13, 18, 19, 20, 21, 22, 23, 24, 25]  Q:5 M:5 F:5
 10985. [5, 6, 8, 9, 10, 13, 17, 18, 19, 20, 21, 22, 23, 24, 25]  Q:5 M:5 F:5
 10986. [5, 6, 9, 10, 12, 13, 17, 18, 19, 20, 21, 22, 23, 24, 25]  Q:5 M:5 F:5
 10987. [5, 6, 8, 9, 10, 12, 14, 15, 16, 17, 20, 21, 22, 23, 24]  Q:5 M:5 F:5
 10988. [5, 6, 8, 9, 10, 12, 14, 15, 16, 17, 20, 21, 22, 23, 25]  Q:5 M:5 F:5
 10989. [5, 6, 8, 9, 10, 12, 14, 15, 16, 17, 20, 21, 23, 24, 25]  Q:5 M:5 F:5
 10990. [5, 6, 8, 9, 10, 12, 14, 15, 16, 20, 21, 22, 23, 24, 25]  Q:5 M:5 F:5
 10991. [5, 6, 8, 9, 10, 14, 15, 16, 17, 20, 21, 22, 23, 24, 25]  Q:5 M:5 F:5
 10992. [5, 6, 9, 10, 12, 14, 15, 16, 17, 20, 21, 22, 23, 24, 25]  Q:5 M:5 F:5
 10993. [5, 6, 8, 9, 10, 12, 14, 15, 17, 18, 20, 21, 22, 23, 24]  Q:5 M:5 F:5
 10994. [5, 6, 8, 9, 10, 12, 14, 15, 17, 18, 20, 21, 22, 23, 25]  Q:5 M:5 F:5
 10995. [5, 6, 8, 9, 10, 12, 14, 15, 17, 18, 20, 21, 23, 24, 25]  Q:5 M:5 F:5
 10996. [5, 6, 8, 9, 10, 12, 14, 15, 18, 20, 21, 22, 23, 24, 25]  Q:5 M:5 F:5
 10997. [5, 6, 8, 9, 10, 14, 15, 17, 18, 20, 21, 22, 23, 24, 25]  Q:5 M:5 F:5
 10998. [5, 6, 9, 10, 12, 14, 15, 17, 18, 20, 21, 22, 23, 24, 25]  Q:5 M:5 F:5
 10999. [5, 6, 8, 9, 10, 12, 14, 15, 17, 19, 20, 21, 22, 23, 24]  Q:5 M:5 F:5
 11000. [5, 6, 8, 9, 10, 12, 14, 15, 17, 19, 20, 21, 22, 23, 25]  Q:5 M:5 F:5
 11001. [5, 6, 8, 9, 10, 12, 14, 15, 17, 19, 20, 21, 23, 24, 25]  Q:5 M:5 F:5
 11002. [5, 6, 8, 9, 10, 12, 14, 15, 19, 20, 21, 22, 23, 24, 25]  Q:5 M:5 F:5
 11003. [5, 6, 8, 9, 10, 14, 15, 17, 19, 20, 21, 22, 23, 24, 25]  Q:5 M:5 F:5
 11004. [5, 6, 9, 10, 12, 14, 15, 17, 19, 20, 21, 22, 23, 24, 25]  Q:5 M:5 F:5
 11005. [5, 6, 8, 9, 10, 12, 14, 16, 17, 18, 20, 21, 22, 23, 24]  Q:5 M:5 F:5
 11006. [5, 6, 8, 9, 10, 12, 14, 16, 17, 18, 20, 21, 22, 23, 25]  Q:5 M:5 F:5
 11007. [5, 6, 8, 9, 10, 12, 14, 16, 17, 18, 20, 21, 23, 24, 25]  Q:5 M:5 F:5
 11008. [5, 6, 8, 9, 10, 12, 14, 16, 18, 20, 21, 22, 23, 24, 25]  Q:5 M:5 F:5
 11009. [5, 6, 8, 9, 10, 14, 16, 17, 18, 20, 21, 22, 23, 24, 25]  Q:5 M:5 F:5
 11010. [5, 6, 9, 10, 12, 14, 16, 17, 18, 20, 21, 22, 23, 24, 25]  Q:5 M:5 F:5
 11011. [5, 6, 8, 9, 10, 12, 14, 16, 17, 19, 20, 21, 22, 23, 24]  Q:5 M:5 F:5
 11012. [5, 6, 8, 9, 10, 12, 14, 16, 17, 19, 20, 21, 22, 23, 25]  Q:5 M:5 F:5
 11013. [5, 6, 8, 9, 10, 12, 14, 16, 17, 19, 20, 21, 23, 24, 25]  Q:5 M:5 F:5
 11014. [5, 6, 8, 9, 10, 12, 14, 16, 19, 20, 21, 22, 23, 24, 25]  Q:5 M:5 F:5
 11015. [5, 6, 8, 9, 10, 14, 16, 17, 19, 20, 21, 22, 23, 24, 25]  Q:5 M:5 F:5
 11016. [5, 6, 9, 10, 12, 14, 16, 17, 19, 20, 21, 22, 23, 24, 25]  Q:5 M:5 F:5
 11017. [5, 6, 8, 9, 10, 12, 14, 17, 18, 19, 20, 21, 22, 23, 24]  Q:5 M:5 F:5
 11018. [5, 6, 8, 9, 10, 12, 14, 17, 18, 19, 20, 21, 22, 23, 25]  Q:5 M:5 F:5
 11019. [5, 6, 8, 9, 10, 12, 14, 17, 18, 19, 20, 21, 23, 24, 25]  Q:5 M:5 F:5
 11020. [5, 6, 8, 9, 10, 12, 14, 18, 19, 20, 21, 22, 23, 24, 25]  Q:5 M:5 F:5
 11021. [5, 6, 8, 9, 10, 14, 17, 18, 19, 20, 21, 22, 23, 24, 25]  Q:5 M:5 F:5
 11022. [5, 6, 9, 10, 12, 14, 17, 18, 19, 20, 21, 22, 23, 24, 25]  Q:5 M:5 F:5
 11023. [5, 6, 8, 9, 10, 12, 15, 16, 17, 18, 20, 21, 22, 23, 24]  Q:5 M:5 F:5
 11024. [5, 6, 8, 9, 10, 12, 15, 16, 17, 18, 20, 21, 22, 23, 25]  Q:5 M:5 F:5
 11025. [5, 6, 8, 9, 10, 12, 15, 16, 17, 18, 20, 21, 23, 24, 25]  Q:5 M:5 F:5
 11026. [5, 6, 8, 9, 10, 12, 15, 16, 18, 20, 21, 22, 23, 24, 25]  Q:5 M:5 F:5
 11027. [5, 6, 8, 9, 10, 15, 16, 17, 18, 20, 21, 22, 23, 24, 25]  Q:5 M:5 F:5
 11028. [5, 6, 9, 10, 12, 15, 16, 17, 18, 20, 21, 22, 23, 24, 25]  Q:5 M:5 F:5
 11029. [5, 6, 8, 9, 10, 12, 15, 16, 17, 19, 20, 21, 22, 23, 24]  Q:5 M:5 F:5
 11030. [5, 6, 8, 9, 10, 12, 15, 16, 17, 19, 20, 21, 22, 23, 25]  Q:5 M:5 F:5
 11031. [5, 6, 8, 9, 10, 12, 15, 16, 17, 19, 20, 21, 23, 24, 25]  Q:5 M:5 F:5
 11032. [5, 6, 8, 9, 10, 12, 15, 16, 19, 20, 21, 22, 23, 24, 25]  Q:5 M:5 F:5
 11033. [5, 6, 8, 9, 10, 15, 16, 17, 19, 20, 21, 22, 23, 24, 25]  Q:5 M:5 F:5
 11034. [5, 6, 9, 10, 12, 15, 16, 17, 19, 20, 21, 22, 23, 24, 25]  Q:5 M:5 F:5
 11035. [5, 6, 8, 9, 10, 12, 15, 17, 18, 19, 20, 21, 22, 23, 24]  Q:5 M:5 F:5
 11036. [5, 6, 8, 9, 10, 12, 15, 17, 18, 19, 20, 21, 22, 23, 25]  Q:5 M:5 F:5
 11037. [5, 6, 8, 9, 10, 12, 15, 17, 18, 19, 20, 21, 23, 24, 25]  Q:5 M:5 F:5
 11038. [5, 6, 8, 9, 10, 12, 15, 18, 19, 20, 21, 22, 23, 24, 25]  Q:5 M:5 F:5
 11039. [5, 6, 8, 9, 10, 15, 17, 18, 19, 20, 21, 22, 23, 24, 25]  Q:5 M:5 F:5
 11040. [5, 6, 9, 10, 12, 15, 17, 18, 19, 20, 21, 22, 23, 24, 25]  Q:5 M:5 F:5
 11041. [5, 6, 8, 9, 10, 12, 16, 17, 18, 19, 20, 21, 22, 23, 24]  Q:5 M:5 F:5
 11042. [5, 6, 8, 9, 10, 12, 16, 17, 18, 19, 20, 21, 22, 23, 25]  Q:5 M:5 F:5
 11043. [5, 6, 8, 9, 10, 12, 16, 17, 18, 19, 20, 21, 23, 24, 25]  Q:5 M:5 F:5
 11044. [5, 6, 8, 9, 10, 12, 16, 18, 19, 20, 21, 22, 23, 24, 25]  Q:5 M:5 F:5
 11045. [5, 6, 8, 9, 10, 16, 17, 18, 19, 20, 21, 22, 23, 24, 25]  Q:5 M:5 F:5
 11046. [5, 6, 9, 10, 12, 16, 17, 18, 19, 20, 21, 22, 23, 24, 25]  Q:5 M:5 F:5
 11047. [5, 6, 8, 10, 11, 12, 13, 14, 15, 17, 20, 21, 22, 23, 24]  Q:5 M:5 F:5
 11048. [5, 6, 8, 10, 11, 12, 13, 14, 15, 17, 20, 21, 22, 23, 25]  Q:5 M:5 F:5
 11049. [5, 6, 8, 10, 11, 12, 13, 14, 15, 17, 20, 21, 23, 24, 25]  Q:5 M:5 F:5
 11050. [5, 6, 8, 10, 11, 12, 13, 14, 15, 20, 21, 22, 23, 24, 25]  Q:5 M:5 F:5
 11051. [5, 6, 8, 10, 11, 13, 14, 15, 17, 20, 21, 22, 23, 24, 25]  Q:5 M:5 F:5
 11052. [5, 6, 10, 11, 12, 13, 14, 15, 17, 20, 21, 22, 23, 24, 25]  Q:5 M:5 F:5
 11053. [5, 6, 8, 10, 11, 12, 13, 14, 16, 17, 20, 21, 22, 23, 24]  Q:5 M:5 F:5
 11054. [5, 6, 8, 10, 11, 12, 13, 14, 16, 17, 20, 21, 22, 23, 25]  Q:5 M:5 F:5
 11055. [5, 6, 8, 10, 11, 12, 13, 14, 16, 17, 20, 21, 23, 24, 25]  Q:5 M:5 F:5
 11056. [5, 6, 8, 10, 11, 12, 13, 14, 16, 20, 21, 22, 23, 24, 25]  Q:5 M:5 F:5
 11057. [5, 6, 8, 10, 11, 13, 14, 16, 17, 20, 21, 22, 23, 24, 25]  Q:5 M:5 F:5
 11058. [5, 6, 10, 11, 12, 13, 14, 16, 17, 20, 21, 22, 23, 24, 25]  Q:5 M:5 F:5
 11059. [5, 6, 8, 10, 11, 12, 13, 14, 17, 18, 20, 21, 22, 23, 24]  Q:5 M:5 F:5
 11060. [5, 6, 8, 10, 11, 12, 13, 14, 17, 18, 20, 21, 22, 23, 25]  Q:5 M:5 F:5
 11061. [5, 6, 8, 10, 11, 12, 13, 14, 17, 18, 20, 21, 23, 24, 25]  Q:5 M:5 F:5
 11062. [5, 6, 8, 10, 11, 12, 13, 14, 18, 20, 21, 22, 23, 24, 25]  Q:5 M:5 F:5
 11063. [5, 6, 8, 10, 11, 13, 14, 17, 18, 20, 21, 22, 23, 24, 25]  Q:5 M:5 F:5
 11064. [5, 6, 10, 11, 12, 13, 14, 17, 18, 20, 21, 22, 23, 24, 25]  Q:5 M:5 F:5
 11065. [5, 6, 8, 10, 11, 12, 13, 14, 17, 19, 20, 21, 22, 23, 24]  Q:5 M:5 F:5
 11066. [5, 6, 8, 10, 11, 12, 13, 14, 17, 19, 20, 21, 22, 23, 25]  Q:5 M:5 F:5
 11067. [5, 6, 8, 10, 11, 12, 13, 14, 17, 19, 20, 21, 23, 24, 25]  Q:5 M:5 F:5
 11068. [5, 6, 8, 10, 11, 12, 13, 14, 19, 20, 21, 22, 23, 24, 25]  Q:5 M:5 F:5
 11069. [5, 6, 8, 10, 11, 13, 14, 17, 19, 20, 21, 22, 23, 24, 25]  Q:5 M:5 F:5
 11070. [5, 6, 10, 11, 12, 13, 14, 17, 19, 20, 21, 22, 23, 24, 25]  Q:5 M:5 F:5
 11071. [5, 6, 8, 10, 11, 12, 13, 15, 16, 17, 20, 21, 22, 23, 24]  Q:5 M:5 F:5
 11072. [5, 6, 8, 10, 11, 12, 13, 15, 16, 17, 20, 21, 22, 23, 25]  Q:5 M:5 F:5
 11073. [5, 6, 8, 10, 11, 12, 13, 15, 16, 17, 20, 21, 23, 24, 25]  Q:5 M:5 F:5
 11074. [5, 6, 8, 10, 11, 12, 13, 15, 16, 20, 21, 22, 23, 24, 25]  Q:5 M:5 F:5
 11075. [5, 6, 8, 10, 11, 13, 15, 16, 17, 20, 21, 22, 23, 24, 25]  Q:5 M:5 F:5
 11076. [5, 6, 10, 11, 12, 13, 15, 16, 17, 20, 21, 22, 23, 24, 25]  Q:5 M:5 F:5
 11077. [5, 6, 8, 10, 11, 12, 13, 15, 17, 18, 20, 21, 22, 23, 24]  Q:5 M:5 F:5
 11078. [5, 6, 8, 10, 11, 12, 13, 15, 17, 18, 20, 21, 22, 23, 25]  Q:5 M:5 F:5
 11079. [5, 6, 8, 10, 11, 12, 13, 15, 17, 18, 20, 21, 23, 24, 25]  Q:5 M:5 F:5
 11080. [5, 6, 8, 10, 11, 12, 13, 15, 18, 20, 21, 22, 23, 24, 25]  Q:5 M:5 F:5
 11081. [5, 6, 8, 10, 11, 13, 15, 17, 18, 20, 21, 22, 23, 24, 25]  Q:5 M:5 F:5
 11082. [5, 6, 10, 11, 12, 13, 15, 17, 18, 20, 21, 22, 23, 24, 25]  Q:5 M:5 F:5
 11083. [5, 6, 8, 10, 11, 12, 13, 15, 17, 19, 20, 21, 22, 23, 24]  Q:5 M:5 F:5
 11084. [5, 6, 8, 10, 11, 12, 13, 15, 17, 19, 20, 21, 22, 23, 25]  Q:5 M:5 F:5
 11085. [5, 6, 8, 10, 11, 12, 13, 15, 17, 19, 20, 21, 23, 24, 25]  Q:5 M:5 F:5
 11086. [5, 6, 8, 10, 11, 12, 13, 15, 19, 20, 21, 22, 23, 24, 25]  Q:5 M:5 F:5
 11087. [5, 6, 8, 10, 11, 13, 15, 17, 19, 20, 21, 22, 23, 24, 25]  Q:5 M:5 F:5
 11088. [5, 6, 10, 11, 12, 13, 15, 17, 19, 20, 21, 22, 23, 24, 25]  Q:5 M:5 F:5
 11089. [5, 6, 8, 10, 11, 12, 13, 16, 17, 18, 20, 21, 22, 23, 24]  Q:5 M:5 F:5
 11090. [5, 6, 8, 10, 11, 12, 13, 16, 17, 18, 20, 21, 22, 23, 25]  Q:5 M:5 F:5
 11091. [5, 6, 8, 10, 11, 12, 13, 16, 17, 18, 20, 21, 23, 24, 25]  Q:5 M:5 F:5
 11092. [5, 6, 8, 10, 11, 12, 13, 16, 18, 20, 21, 22, 23, 24, 25]  Q:5 M:5 F:5
 11093. [5, 6, 8, 10, 11, 13, 16, 17, 18, 20, 21, 22, 23, 24, 25]  Q:5 M:5 F:5
 11094. [5, 6, 10, 11, 12, 13, 16, 17, 18, 20, 21, 22, 23, 24, 25]  Q:5 M:5 F:5
 11095. [5, 6, 8, 10, 11, 12, 13, 16, 17, 19, 20, 21, 22, 23, 24]  Q:5 M:5 F:5
 11096. [5, 6, 8, 10, 11, 12, 13, 16, 17, 19, 20, 21, 22, 23, 25]  Q:5 M:5 F:5
 11097. [5, 6, 8, 10, 11, 12, 13, 16, 17, 19, 20, 21, 23, 24, 25]  Q:5 M:5 F:5
 11098. [5, 6, 8, 10, 11, 12, 13, 16, 19, 20, 21, 22, 23, 24, 25]  Q:5 M:5 F:5
 11099. [5, 6, 8, 10, 11, 13, 16, 17, 19, 20, 21, 22, 23, 24, 25]  Q:5 M:5 F:5
 11100. [5, 6, 10, 11, 12, 13, 16, 17, 19, 20, 21, 22, 23, 24, 25]  Q:5 M:5 F:5
 11101. [5, 6, 8, 10, 11, 12, 13, 17, 18, 19, 20, 21, 22, 23, 24]  Q:5 M:5 F:5
 11102. [5, 6, 8, 10, 11, 12, 13, 17, 18, 19, 20, 21, 22, 23, 25]  Q:5 M:5 F:5
 11103. [5, 6, 8, 10, 11, 12, 13, 17, 18, 19, 20, 21, 23, 24, 25]  Q:5 M:5 F:5
 11104. [5, 6, 8, 10, 11, 12, 13, 18, 19, 20, 21, 22, 23, 24, 25]  Q:5 M:5 F:5
 11105. [5, 6, 8, 10, 11, 13, 17, 18, 19, 20, 21, 22, 23, 24, 25]  Q:5 M:5 F:5
 11106. [5, 6, 10, 11, 12, 13, 17, 18, 19, 20, 21, 22, 23, 24, 25]  Q:5 M:5 F:5
 11107. [5, 6, 8, 10, 11, 12, 14, 15, 16, 17, 20, 21, 22, 23, 24]  Q:5 M:5 F:5
 11108. [5, 6, 8, 10, 11, 12, 14, 15, 16, 17, 20, 21, 22, 23, 25]  Q:5 M:5 F:5
 11109. [5, 6, 8, 10, 11, 12, 14, 15, 16, 17, 20, 21, 23, 24, 25]  Q:5 M:5 F:5
 11110. [5, 6, 8, 10, 11, 12, 14, 15, 16, 20, 21, 22, 23, 24, 25]  Q:5 M:5 F:5
 11111. [5, 6, 8, 10, 11, 14, 15, 16, 17, 20, 21, 22, 23, 24, 25]  Q:5 M:5 F:5
 11112. [5, 6, 10, 11, 12, 14, 15, 16, 17, 20, 21, 22, 23, 24, 25]  Q:5 M:5 F:5
 11113. [5, 6, 8, 10, 11, 12, 14, 15, 17, 18, 20, 21, 22, 23, 24]  Q:5 M:5 F:5
 11114. [5, 6, 8, 10, 11, 12, 14, 15, 17, 18, 20, 21, 22, 23, 25]  Q:5 M:5 F:5
 11115. [5, 6, 8, 10, 11, 12, 14, 15, 17, 18, 20, 21, 23, 24, 25]  Q:5 M:5 F:5
 11116. [5, 6, 8, 10, 11, 12, 14, 15, 18, 20, 21, 22, 23, 24, 25]  Q:5 M:5 F:5
 11117. [5, 6, 8, 10, 11, 14, 15, 17, 18, 20, 21, 22, 23, 24, 25]  Q:5 M:5 F:5
 11118. [5, 6, 10, 11, 12, 14, 15, 17, 18, 20, 21, 22, 23, 24, 25]  Q:5 M:5 F:5
 11119. [5, 6, 8, 10, 11, 12, 14, 15, 17, 19, 20, 21, 22, 23, 24]  Q:5 M:5 F:5
 11120. [5, 6, 8, 10, 11, 12, 14, 15, 17, 19, 20, 21, 22, 23, 25]  Q:5 M:5 F:5
 11121. [5, 6, 8, 10, 11, 12, 14, 15, 17, 19, 20, 21, 23, 24, 25]  Q:5 M:5 F:5
 11122. [5, 6, 8, 10, 11, 12, 14, 15, 19, 20, 21, 22, 23, 24, 25]  Q:5 M:5 F:5
 11123. [5, 6, 8, 10, 11, 14, 15, 17, 19, 20, 21, 22, 23, 24, 25]  Q:5 M:5 F:5
 11124. [5, 6, 10, 11, 12, 14, 15, 17, 19, 20, 21, 22, 23, 24, 25]  Q:5 M:5 F:5
 11125. [5, 6, 8, 10, 11, 12, 14, 16, 17, 18, 20, 21, 22, 23, 24]  Q:5 M:5 F:5
 11126. [5, 6, 8, 10, 11, 12, 14, 16, 17, 18, 20, 21, 22, 23, 25]  Q:5 M:5 F:5
 11127. [5, 6, 8, 10, 11, 12, 14, 16, 17, 18, 20, 21, 23, 24, 25]  Q:5 M:5 F:5
 11128. [5, 6, 8, 10, 11, 12, 14, 16, 18, 20, 21, 22, 23, 24, 25]  Q:5 M:5 F:5
 11129. [5, 6, 8, 10, 11, 14, 16, 17, 18, 20, 21, 22, 23, 24, 25]  Q:5 M:5 F:5
 11130. [5, 6, 10, 11, 12, 14, 16, 17, 18, 20, 21, 22, 23, 24, 25]  Q:5 M:5 F:5
 11131. [5, 6, 8, 10, 11, 12, 14, 16, 17, 19, 20, 21, 22, 23, 24]  Q:5 M:5 F:5
 11132. [5, 6, 8, 10, 11, 12, 14, 16, 17, 19, 20, 21, 22, 23, 25]  Q:5 M:5 F:5
 11133. [5, 6, 8, 10, 11, 12, 14, 16, 17, 19, 20, 21, 23, 24, 25]  Q:5 M:5 F:5
 11134. [5, 6, 8, 10, 11, 12, 14, 16, 19, 20, 21, 22, 23, 24, 25]  Q:5 M:5 F:5
 11135. [5, 6, 8, 10, 11, 14, 16, 17, 19, 20, 21, 22, 23, 24, 25]  Q:5 M:5 F:5
 11136. [5, 6, 10, 11, 12, 14, 16, 17, 19, 20, 21, 22, 23, 24, 25]  Q:5 M:5 F:5
 11137. [5, 6, 8, 10, 11, 12, 14, 17, 18, 19, 20, 21, 22, 23, 24]  Q:5 M:5 F:5
 11138. [5, 6, 8, 10, 11, 12, 14, 17, 18, 19, 20, 21, 22, 23, 25]  Q:5 M:5 F:5
 11139. [5, 6, 8, 10, 11, 12, 14, 17, 18, 19, 20, 21, 23, 24, 25]  Q:5 M:5 F:5
 11140. [5, 6, 8, 10, 11, 12, 14, 18, 19, 20, 21, 22, 23, 24, 25]  Q:5 M:5 F:5
 11141. [5, 6, 8, 10, 11, 14, 17, 18, 19, 20, 21, 22, 23, 24, 25]  Q:5 M:5 F:5
 11142. [5, 6, 10, 11, 12, 14, 17, 18, 19, 20, 21, 22, 23, 24, 25]  Q:5 M:5 F:5
 11143. [5, 6, 8, 10, 11, 12, 15, 16, 17, 18, 20, 21, 22, 23, 24]  Q:5 M:5 F:5
 11144. [5, 6, 8, 10, 11, 12, 15, 16, 17, 18, 20, 21, 22, 23, 25]  Q:5 M:5 F:5
 11145. [5, 6, 8, 10, 11, 12, 15, 16, 17, 18, 20, 21, 23, 24, 25]  Q:5 M:5 F:5
 11146. [5, 6, 8, 10, 11, 12, 15, 16, 18, 20, 21, 22, 23, 24, 25]  Q:5 M:5 F:5
 11147. [5, 6, 8, 10, 11, 15, 16, 17, 18, 20, 21, 22, 23, 24, 25]  Q:5 M:5 F:5
 11148. [5, 6, 10, 11, 12, 15, 16, 17, 18, 20, 21, 22, 23, 24, 25]  Q:5 M:5 F:5
 11149. [5, 6, 8, 10, 11, 12, 15, 16, 17, 19, 20, 21, 22, 23, 24]  Q:5 M:5 F:5
 11150. [5, 6, 8, 10, 11, 12, 15, 16, 17, 19, 20, 21, 22, 23, 25]  Q:5 M:5 F:5
 11151. [5, 6, 8, 10, 11, 12, 15, 16, 17, 19, 20, 21, 23, 24, 25]  Q:5 M:5 F:5
 11152. [5, 6, 8, 10, 11, 12, 15, 16, 19, 20, 21, 22, 23, 24, 25]  Q:5 M:5 F:5
 11153. [5, 6, 8, 10, 11, 15, 16, 17, 19, 20, 21, 22, 23, 24, 25]  Q:5 M:5 F:5
 11154. [5, 6, 10, 11, 12, 15, 16, 17, 19, 20, 21, 22, 23, 24, 25]  Q:5 M:5 F:5
 11155. [5, 6, 8, 10, 11, 12, 15, 17, 18, 19, 20, 21, 22, 23, 24]  Q:5 M:5 F:5
 11156. [5, 6, 8, 10, 11, 12, 15, 17, 18, 19, 20, 21, 22, 23, 25]  Q:5 M:5 F:5
 11157. [5, 6, 8, 10, 11, 12, 15, 17, 18, 19, 20, 21, 23, 24, 25]  Q:5 M:5 F:5
 11158. [5, 6, 8, 10, 11, 12, 15, 18, 19, 20, 21, 22, 23, 24, 25]  Q:5 M:5 F:5
 11159. [5, 6, 8, 10, 11, 15, 17, 18, 19, 20, 21, 22, 23, 24, 25]  Q:5 M:5 F:5
 11160. [5, 6, 10, 11, 12, 15, 17, 18, 19, 20, 21, 22, 23, 24, 25]  Q:5 M:5 F:5
 11161. [5, 6, 8, 10, 11, 12, 16, 17, 18, 19, 20, 21, 22, 23, 24]  Q:5 M:5 F:5
 11162. [5, 6, 8, 10, 11, 12, 16, 17, 18, 19, 20, 21, 22, 23, 25]  Q:5 M:5 F:5
 11163. [5, 6, 8, 10, 11, 12, 16, 17, 18, 19, 20, 21, 23, 24, 25]  Q:5 M:5 F:5
 11164. [5, 6, 8, 10, 11, 12, 16, 18, 19, 20, 21, 22, 23, 24, 25]  Q:5 M:5 F:5
 11165. [5, 6, 8, 10, 11, 16, 17, 18, 19, 20, 21, 22, 23, 24, 25]  Q:5 M:5 F:5
 11166. [5, 6, 10, 11, 12, 16, 17, 18, 19, 20, 21, 22, 23, 24, 25]  Q:5 M:5 F:5
 11167. [5, 6, 8, 10, 12, 13, 14, 15, 16, 17, 20, 21, 22, 23, 24]  Q:5 M:5 F:5
 11168. [5, 6, 8, 10, 12, 13, 14, 15, 16, 17, 20, 21, 22, 23, 25]  Q:5 M:5 F:5
 11169. [5, 6, 8, 10, 12, 13, 14, 15, 16, 17, 20, 21, 23, 24, 25]  Q:5 M:5 F:5
 11170. [5, 6, 8, 10, 12, 13, 14, 15, 16, 20, 21, 22, 23, 24, 25]  Q:5 M:5 F:5
 11171. [5, 6, 8, 10, 13, 14, 15, 16, 17, 20, 21, 22, 23, 24, 25]  Q:5 M:5 F:5
 11172. [5, 6, 10, 12, 13, 14, 15, 16, 17, 20, 21, 22, 23, 24, 25]  Q:5 M:5 F:5
 11173. [5, 6, 8, 10, 12, 13, 14, 15, 17, 18, 20, 21, 22, 23, 24]  Q:5 M:5 F:5
 11174. [5, 6, 8, 10, 12, 13, 14, 15, 17, 18, 20, 21, 22, 23, 25]  Q:5 M:5 F:5
 11175. [5, 6, 8, 10, 12, 13, 14, 15, 17, 18, 20, 21, 23, 24, 25]  Q:5 M:5 F:5
 11176. [5, 6, 8, 10, 12, 13, 14, 15, 18, 20, 21, 22, 23, 24, 25]  Q:5 M:5 F:5
 11177. [5, 6, 8, 10, 13, 14, 15, 17, 18, 20, 21, 22, 23, 24, 25]  Q:5 M:5 F:5
 11178. [5, 6, 10, 12, 13, 14, 15, 17, 18, 20, 21, 22, 23, 24, 25]  Q:5 M:5 F:5
 11179. [5, 6, 8, 10, 12, 13, 14, 15, 17, 19, 20, 21, 22, 23, 24]  Q:5 M:5 F:5
 11180. [5, 6, 8, 10, 12, 13, 14, 15, 17, 19, 20, 21, 22, 23, 25]  Q:5 M:5 F:5
 11181. [5, 6, 8, 10, 12, 13, 14, 15, 17, 19, 20, 21, 23, 24, 25]  Q:5 M:5 F:5
 11182. [5, 6, 8, 10, 12, 13, 14, 15, 19, 20, 21, 22, 23, 24, 25]  Q:5 M:5 F:5
 11183. [5, 6, 8, 10, 13, 14, 15, 17, 19, 20, 21, 22, 23, 24, 25]  Q:5 M:5 F:5
 11184. [5, 6, 10, 12, 13, 14, 15, 17, 19, 20, 21, 22, 23, 24, 25]  Q:5 M:5 F:5
 11185. [5, 6, 8, 10, 12, 13, 14, 16, 17, 18, 20, 21, 22, 23, 24]  Q:5 M:5 F:5
 11186. [5, 6, 8, 10, 12, 13, 14, 16, 17, 18, 20, 21, 22, 23, 25]  Q:5 M:5 F:5
 11187. [5, 6, 8, 10, 12, 13, 14, 16, 17, 18, 20, 21, 23, 24, 25]  Q:5 M:5 F:5
 11188. [5, 6, 8, 10, 12, 13, 14, 16, 18, 20, 21, 22, 23, 24, 25]  Q:5 M:5 F:5
 11189. [5, 6, 8, 10, 13, 14, 16, 17, 18, 20, 21, 22, 23, 24, 25]  Q:5 M:5 F:5
 11190. [5, 6, 10, 12, 13, 14, 16, 17, 18, 20, 21, 22, 23, 24, 25]  Q:5 M:5 F:5
 11191. [5, 6, 8, 10, 12, 13, 14, 16, 17, 19, 20, 21, 22, 23, 24]  Q:5 M:5 F:5
 11192. [5, 6, 8, 10, 12, 13, 14, 16, 17, 19, 20, 21, 22, 23, 25]  Q:5 M:5 F:5
 11193. [5, 6, 8, 10, 12, 13, 14, 16, 17, 19, 20, 21, 23, 24, 25]  Q:5 M:5 F:5
 11194. [5, 6, 8, 10, 12, 13, 14, 16, 19, 20, 21, 22, 23, 24, 25]  Q:5 M:5 F:5
 11195. [5, 6, 8, 10, 13, 14, 16, 17, 19, 20, 21, 22, 23, 24, 25]  Q:5 M:5 F:5
 11196. [5, 6, 10, 12, 13, 14, 16, 17, 19, 20, 21, 22, 23, 24, 25]  Q:5 M:5 F:5
 11197. [5, 6, 8, 10, 12, 13, 14, 17, 18, 19, 20, 21, 22, 23, 24]  Q:5 M:5 F:5
 11198. [5, 6, 8, 10, 12, 13, 14, 17, 18, 19, 20, 21, 22, 23, 25]  Q:5 M:5 F:5
 11199. [5, 6, 8, 10, 12, 13, 14, 17, 18, 19, 20, 21, 23, 24, 25]  Q:5 M:5 F:5
 11200. [5, 6, 8, 10, 12, 13, 14, 18, 19, 20, 21, 22, 23, 24, 25]  Q:5 M:5 F:5
 11201. [5, 6, 8, 10, 13, 14, 17, 18, 19, 20, 21, 22, 23, 24, 25]  Q:5 M:5 F:5
 11202. [5, 6, 10, 12, 13, 14, 17, 18, 19, 20, 21, 22, 23, 24, 25]  Q:5 M:5 F:5
 11203. [5, 6, 8, 10, 12, 13, 15, 16, 17, 18, 20, 21, 22, 23, 24]  Q:5 M:5 F:5
 11204. [5, 6, 8, 10, 12, 13, 15, 16, 17, 18, 20, 21, 22, 23, 25]  Q:5 M:5 F:5
 11205. [5, 6, 8, 10, 12, 13, 15, 16, 17, 18, 20, 21, 23, 24, 25]  Q:5 M:5 F:5
 11206. [5, 6, 8, 10, 12, 13, 15, 16, 18, 20, 21, 22, 23, 24, 25]  Q:5 M:5 F:5
 11207. [5, 6, 8, 10, 13, 15, 16, 17, 18, 20, 21, 22, 23, 24, 25]  Q:5 M:5 F:5
 11208. [5, 6, 10, 12, 13, 15, 16, 17, 18, 20, 21, 22, 23, 24, 25]  Q:5 M:5 F:5
 11209. [5, 6, 8, 10, 12, 13, 15, 16, 17, 19, 20, 21, 22, 23, 24]  Q:5 M:5 F:5
 11210. [5, 6, 8, 10, 12, 13, 15, 16, 17, 19, 20, 21, 22, 23, 25]  Q:5 M:5 F:5
 11211. [5, 6, 8, 10, 12, 13, 15, 16, 17, 19, 20, 21, 23, 24, 25]  Q:5 M:5 F:5
 11212. [5, 6, 8, 10, 12, 13, 15, 16, 19, 20, 21, 22, 23, 24, 25]  Q:5 M:5 F:5
 11213. [5, 6, 8, 10, 13, 15, 16, 17, 19, 20, 21, 22, 23, 24, 25]  Q:5 M:5 F:5
 11214. [5, 6, 10, 12, 13, 15, 16, 17, 19, 20, 21, 22, 23, 24, 25]  Q:5 M:5 F:5
 11215. [5, 6, 8, 10, 12, 13, 15, 17, 18, 19, 20, 21, 22, 23, 24]  Q:5 M:5 F:5
 11216. [5, 6, 8, 10, 12, 13, 15, 17, 18, 19, 20, 21, 22, 23, 25]  Q:5 M:5 F:5
 11217. [5, 6, 8, 10, 12, 13, 15, 17, 18, 19, 20, 21, 23, 24, 25]  Q:5 M:5 F:5
 11218. [5, 6, 8, 10, 12, 13, 15, 18, 19, 20, 21, 22, 23, 24, 25]  Q:5 M:5 F:5
 11219. [5, 6, 8, 10, 13, 15, 17, 18, 19, 20, 21, 22, 23, 24, 25]  Q:5 M:5 F:5
 11220. [5, 6, 10, 12, 13, 15, 17, 18, 19, 20, 21, 22, 23, 24, 25]  Q:5 M:5 F:5
 11221. [5, 6, 8, 10, 12, 13, 16, 17, 18, 19, 20, 21, 22, 23, 24]  Q:5 M:5 F:5
 11222. [5, 6, 8, 10, 12, 13, 16, 17, 18, 19, 20, 21, 22, 23, 25]  Q:5 M:5 F:5
 11223. [5, 6, 8, 10, 12, 13, 16, 17, 18, 19, 20, 21, 23, 24, 25]  Q:5 M:5 F:5
 11224. [5, 6, 8, 10, 12, 13, 16, 18, 19, 20, 21, 22, 23, 24, 25]  Q:5 M:5 F:5
 11225. [5, 6, 8, 10, 13, 16, 17, 18, 19, 20, 21, 22, 23, 24, 25]  Q:5 M:5 F:5
 11226. [5, 6, 10, 12, 13, 16, 17, 18, 19, 20, 21, 22, 23, 24, 25]  Q:5 M:5 F:5
 11227. [5, 6, 8, 10, 12, 14, 15, 16, 17, 18, 20, 21, 22, 23, 24]  Q:5 M:5 F:5
 11228. [5, 6, 8, 10, 12, 14, 15, 16, 17, 18, 20, 21, 22, 23, 25]  Q:5 M:5 F:5
 11229. [5, 6, 8, 10, 12, 14, 15, 16, 17, 18, 20, 21, 23, 24, 25]  Q:5 M:5 F:5
 11230. [5, 6, 8, 10, 12, 14, 15, 16, 18, 20, 21, 22, 23, 24, 25]  Q:5 M:5 F:5
 11231. [5, 6, 8, 10, 14, 15, 16, 17, 18, 20, 21, 22, 23, 24, 25]  Q:5 M:5 F:5
 11232. [5, 6, 10, 12, 14, 15, 16, 17, 18, 20, 21, 22, 23, 24, 25]  Q:5 M:5 F:5
 11233. [5, 6, 8, 10, 12, 14, 15, 16, 17, 19, 20, 21, 22, 23, 24]  Q:5 M:5 F:5
 11234. [5, 6, 8, 10, 12, 14, 15, 16, 17, 19, 20, 21, 22, 23, 25]  Q:5 M:5 F:5
 11235. [5, 6, 8, 10, 12, 14, 15, 16, 17, 19, 20, 21, 23, 24, 25]  Q:5 M:5 F:5
 11236. [5, 6, 8, 10, 12, 14, 15, 16, 19, 20, 21, 22, 23, 24, 25]  Q:5 M:5 F:5
 11237. [5, 6, 8, 10, 14, 15, 16, 17, 19, 20, 21, 22, 23, 24, 25]  Q:5 M:5 F:5
 11238. [5, 6, 10, 12, 14, 15, 16, 17, 19, 20, 21, 22, 23, 24, 25]  Q:5 M:5 F:5
 11239. [5, 6, 8, 10, 12, 14, 15, 17, 18, 19, 20, 21, 22, 23, 24]  Q:5 M:5 F:5
 11240. [5, 6, 8, 10, 12, 14, 15, 17, 18, 19, 20, 21, 22, 23, 25]  Q:5 M:5 F:5
 11241. [5, 6, 8, 10, 12, 14, 15, 17, 18, 19, 20, 21, 23, 24, 25]  Q:5 M:5 F:5
 11242. [5, 6, 8, 10, 12, 14, 15, 18, 19, 20, 21, 22, 23, 24, 25]  Q:5 M:5 F:5
 11243. [5, 6, 8, 10, 14, 15, 17, 18, 19, 20, 21, 22, 23, 24, 25]  Q:5 M:5 F:5
 11244. [5, 6, 10, 12, 14, 15, 17, 18, 19, 20, 21, 22, 23, 24, 25]  Q:5 M:5 F:5
 11245. [5, 6, 8, 10, 12, 14, 16, 17, 18, 19, 20, 21, 22, 23, 24]  Q:5 M:5 F:5
 11246. [5, 6, 8, 10, 12, 14, 16, 17, 18, 19, 20, 21, 22, 23, 25]  Q:5 M:5 F:5
 11247. [5, 6, 8, 10, 12, 14, 16, 17, 18, 19, 20, 21, 23, 24, 25]  Q:5 M:5 F:5
 11248. [5, 6, 8, 10, 12, 14, 16, 18, 19, 20, 21, 22, 23, 24, 25]  Q:5 M:5 F:5
 11249. [5, 6, 8, 10, 14, 16, 17, 18, 19, 20, 21, 22, 23, 24, 25]  Q:5 M:5 F:5
 11250. [5, 6, 10, 12, 14, 16, 17, 18, 19, 20, 21, 22, 23, 24, 25]  Q:5 M:5 F:5
 11251. [5, 6, 8, 10, 12, 15, 16, 17, 18, 19, 20, 21, 22, 23, 24]  Q:5 M:5 F:5
 11252. [5, 6, 8, 10, 12, 15, 16, 17, 18, 19, 20, 21, 22, 23, 25]  Q:5 M:5 F:5
 11253. [5, 6, 8, 10, 12, 15, 16, 17, 18, 19, 20, 21, 23, 24, 25]  Q:5 M:5 F:5
 11254. [5, 6, 8, 10, 12, 15, 16, 18, 19, 20, 21, 22, 23, 24, 25]  Q:5 M:5 F:5
 11255. [5, 6, 8, 10, 15, 16, 17, 18, 19, 20, 21, 22, 23, 24, 25]  Q:5 M:5 F:5
 11256. [5, 6, 10, 12, 15, 16, 17, 18, 19, 20, 21, 22, 23, 24, 25]  Q:5 M:5 F:5
 11257. [5, 7, 8, 9, 10, 11, 12, 13, 14, 17, 20, 21, 22, 23, 24]  Q:5 M:5 F:5
 11258. [5, 7, 8, 9, 10, 11, 12, 13, 14, 17, 20, 21, 22, 23, 25]  Q:5 M:5 F:5
 11259. [5, 7, 8, 9, 10, 11, 12, 13, 14, 17, 20, 21, 23, 24, 25]  Q:5 M:5 F:5
 11260. [5, 7, 8, 9, 10, 11, 12, 13, 14, 20, 21, 22, 23, 24, 25]  Q:5 M:5 F:5
 11261. [5, 7, 8, 9, 10, 11, 13, 14, 17, 20, 21, 22, 23, 24, 25]  Q:5 M:5 F:5
 11262. [5, 7, 9, 10, 11, 12, 13, 14, 17, 20, 21, 22, 23, 24, 25]  Q:5 M:5 F:5
 11263. [5, 7, 8, 9, 10, 11, 12, 13, 15, 17, 20, 21, 22, 23, 24]  Q:5 M:5 F:5
 11264. [5, 7, 8, 9, 10, 11, 12, 13, 15, 17, 20, 21, 22, 23, 25]  Q:5 M:5 F:5
 11265. [5, 7, 8, 9, 10, 11, 12, 13, 15, 17, 20, 21, 23, 24, 25]  Q:5 M:5 F:5
 11266. [5, 7, 8, 9, 10, 11, 12, 13, 15, 20, 21, 22, 23, 24, 25]  Q:5 M:5 F:5
 11267. [5, 7, 8, 9, 10, 11, 13, 15, 17, 20, 21, 22, 23, 24, 25]  Q:5 M:5 F:5
 11268. [5, 7, 9, 10, 11, 12, 13, 15, 17, 20, 21, 22, 23, 24, 25]  Q:5 M:5 F:5
 11269. [5, 7, 8, 9, 10, 11, 12, 13, 16, 17, 20, 21, 22, 23, 24]  Q:5 M:5 F:5
 11270. [5, 7, 8, 9, 10, 11, 12, 13, 16, 17, 20, 21, 22, 23, 25]  Q:5 M:5 F:5
 11271. [5, 7, 8, 9, 10, 11, 12, 13, 16, 17, 20, 21, 23, 24, 25]  Q:5 M:5 F:5
 11272. [5, 7, 8, 9, 10, 11, 12, 13, 16, 20, 21, 22, 23, 24, 25]  Q:5 M:5 F:5
 11273. [5, 7, 8, 9, 10, 11, 13, 16, 17, 20, 21, 22, 23, 24, 25]  Q:5 M:5 F:5
 11274. [5, 7, 9, 10, 11, 12, 13, 16, 17, 20, 21, 22, 23, 24, 25]  Q:5 M:5 F:5
 11275. [5, 7, 8, 9, 10, 11, 12, 13, 17, 18, 20, 21, 22, 23, 24]  Q:5 M:5 F:5
 11276. [5, 7, 8, 9, 10, 11, 12, 13, 17, 18, 20, 21, 22, 23, 25]  Q:5 M:5 F:5
 11277. [5, 7, 8, 9, 10, 11, 12, 13, 17, 18, 20, 21, 23, 24, 25]  Q:5 M:5 F:5
 11278. [5, 7, 8, 9, 10, 11, 12, 13, 18, 20, 21, 22, 23, 24, 25]  Q:5 M:5 F:5
 11279. [5, 7, 8, 9, 10, 11, 13, 17, 18, 20, 21, 22, 23, 24, 25]  Q:5 M:5 F:5
 11280. [5, 7, 9, 10, 11, 12, 13, 17, 18, 20, 21, 22, 23, 24, 25]  Q:5 M:5 F:5
 11281. [5, 7, 8, 9, 10, 11, 12, 13, 17, 19, 20, 21, 22, 23, 24]  Q:5 M:5 F:5
 11282. [5, 7, 8, 9, 10, 11, 12, 13, 17, 19, 20, 21, 22, 23, 25]  Q:5 M:5 F:5
 11283. [5, 7, 8, 9, 10, 11, 12, 13, 17, 19, 20, 21, 23, 24, 25]  Q:5 M:5 F:5
 11284. [5, 7, 8, 9, 10, 11, 12, 13, 19, 20, 21, 22, 23, 24, 25]  Q:5 M:5 F:5
 11285. [5, 7, 8, 9, 10, 11, 13, 17, 19, 20, 21, 22, 23, 24, 25]  Q:5 M:5 F:5
 11286. [5, 7, 9, 10, 11, 12, 13, 17, 19, 20, 21, 22, 23, 24, 25]  Q:5 M:5 F:5
 11287. [5, 7, 8, 9, 10, 11, 12, 14, 15, 17, 20, 21, 22, 23, 24]  Q:5 M:5 F:5
 11288. [5, 7, 8, 9, 10, 11, 12, 14, 15, 17, 20, 21, 22, 23, 25]  Q:5 M:5 F:5
 11289. [5, 7, 8, 9, 10, 11, 12, 14, 15, 17, 20, 21, 23, 24, 25]  Q:5 M:5 F:5
 11290. [5, 7, 8, 9, 10, 11, 12, 14, 15, 20, 21, 22, 23, 24, 25]  Q:5 M:5 F:5
 11291. [5, 7, 8, 9, 10, 11, 14, 15, 17, 20, 21, 22, 23, 24, 25]  Q:5 M:5 F:5
 11292. [5, 7, 9, 10, 11, 12, 14, 15, 17, 20, 21, 22, 23, 24, 25]  Q:5 M:5 F:5
 11293. [5, 7, 8, 9, 10, 11, 12, 14, 16, 17, 20, 21, 22, 23, 24]  Q:5 M:5 F:5
 11294. [5, 7, 8, 9, 10, 11, 12, 14, 16, 17, 20, 21, 22, 23, 25]  Q:5 M:5 F:5
 11295. [5, 7, 8, 9, 10, 11, 12, 14, 16, 17, 20, 21, 23, 24, 25]  Q:5 M:5 F:5
 11296. [5, 7, 8, 9, 10, 11, 12, 14, 16, 20, 21, 22, 23, 24, 25]  Q:5 M:5 F:5
 11297. [5, 7, 8, 9, 10, 11, 14, 16, 17, 20, 21, 22, 23, 24, 25]  Q:5 M:5 F:5
 11298. [5, 7, 9, 10, 11, 12, 14, 16, 17, 20, 21, 22, 23, 24, 25]  Q:5 M:5 F:5
 11299. [5, 7, 8, 9, 10, 11, 12, 14, 17, 18, 20, 21, 22, 23, 24]  Q:5 M:5 F:5
 11300. [5, 7, 8, 9, 10, 11, 12, 14, 17, 18, 20, 21, 22, 23, 25]  Q:5 M:5 F:5
 11301. [5, 7, 8, 9, 10, 11, 12, 14, 17, 18, 20, 21, 23, 24, 25]  Q:5 M:5 F:5
 11302. [5, 7, 8, 9, 10, 11, 12, 14, 18, 20, 21, 22, 23, 24, 25]  Q:5 M:5 F:5
 11303. [5, 7, 8, 9, 10, 11, 14, 17, 18, 20, 21, 22, 23, 24, 25]  Q:5 M:5 F:5
 11304. [5, 7, 9, 10, 11, 12, 14, 17, 18, 20, 21, 22, 23, 24, 25]  Q:5 M:5 F:5
 11305. [5, 7, 8, 9, 10, 11, 12, 14, 17, 19, 20, 21, 22, 23, 24]  Q:5 M:5 F:5
 11306. [5, 7, 8, 9, 10, 11, 12, 14, 17, 19, 20, 21, 22, 23, 25]  Q:5 M:5 F:5
 11307. [5, 7, 8, 9, 10, 11, 12, 14, 17, 19, 20, 21, 23, 24, 25]  Q:5 M:5 F:5
 11308. [5, 7, 8, 9, 10, 11, 12, 14, 19, 20, 21, 22, 23, 24, 25]  Q:5 M:5 F:5
 11309. [5, 7, 8, 9, 10, 11, 14, 17, 19, 20, 21, 22, 23, 24, 25]  Q:5 M:5 F:5
 11310. [5, 7, 9, 10, 11, 12, 14, 17, 19, 20, 21, 22, 23, 24, 25]  Q:5 M:5 F:5
 11311. [5, 7, 8, 9, 10, 11, 12, 15, 16, 17, 20, 21, 22, 23, 24]  Q:5 M:5 F:5
 11312. [5, 7, 8, 9, 10, 11, 12, 15, 16, 17, 20, 21, 22, 23, 25]  Q:5 M:5 F:5
 11313. [5, 7, 8, 9, 10, 11, 12, 15, 16, 17, 20, 21, 23, 24, 25]  Q:5 M:5 F:5
 11314. [5, 7, 8, 9, 10, 11, 12, 15, 16, 20, 21, 22, 23, 24, 25]  Q:5 M:5 F:5
 11315. [5, 7, 8, 9, 10, 11, 15, 16, 17, 20, 21, 22, 23, 24, 25]  Q:5 M:5 F:5
 11316. [5, 7, 9, 10, 11, 12, 15, 16, 17, 20, 21, 22, 23, 24, 25]  Q:5 M:5 F:5
 11317. [5, 7, 8, 9, 10, 11, 12, 15, 17, 18, 20, 21, 22, 23, 24]  Q:5 M:5 F:5
 11318. [5, 7, 8, 9, 10, 11, 12, 15, 17, 18, 20, 21, 22, 23, 25]  Q:5 M:5 F:5
 11319. [5, 7, 8, 9, 10, 11, 12, 15, 17, 18, 20, 21, 23, 24, 25]  Q:5 M:5 F:5
 11320. [5, 7, 8, 9, 10, 11, 12, 15, 18, 20, 21, 22, 23, 24, 25]  Q:5 M:5 F:5
 11321. [5, 7, 8, 9, 10, 11, 15, 17, 18, 20, 21, 22, 23, 24, 25]  Q:5 M:5 F:5
 11322. [5, 7, 9, 10, 11, 12, 15, 17, 18, 20, 21, 22, 23, 24, 25]  Q:5 M:5 F:5
 11323. [5, 7, 8, 9, 10, 11, 12, 15, 17, 19, 20, 21, 22, 23, 24]  Q:5 M:5 F:5
 11324. [5, 7, 8, 9, 10, 11, 12, 15, 17, 19, 20, 21, 22, 23, 25]  Q:5 M:5 F:5
 11325. [5, 7, 8, 9, 10, 11, 12, 15, 17, 19, 20, 21, 23, 24, 25]  Q:5 M:5 F:5
 11326. [5, 7, 8, 9, 10, 11, 12, 15, 19, 20, 21, 22, 23, 24, 25]  Q:5 M:5 F:5
 11327. [5, 7, 8, 9, 10, 11, 15, 17, 19, 20, 21, 22, 23, 24, 25]  Q:5 M:5 F:5
 11328. [5, 7, 9, 10, 11, 12, 15, 17, 19, 20, 21, 22, 23, 24, 25]  Q:5 M:5 F:5
 11329. [5, 7, 8, 9, 10, 11, 12, 16, 17, 18, 20, 21, 22, 23, 24]  Q:5 M:5 F:5
 11330. [5, 7, 8, 9, 10, 11, 12, 16, 17, 18, 20, 21, 22, 23, 25]  Q:5 M:5 F:5
 11331. [5, 7, 8, 9, 10, 11, 12, 16, 17, 18, 20, 21, 23, 24, 25]  Q:5 M:5 F:5
 11332. [5, 7, 8, 9, 10, 11, 12, 16, 18, 20, 21, 22, 23, 24, 25]  Q:5 M:5 F:5
 11333. [5, 7, 8, 9, 10, 11, 16, 17, 18, 20, 21, 22, 23, 24, 25]  Q:5 M:5 F:5
 11334. [5, 7, 9, 10, 11, 12, 16, 17, 18, 20, 21, 22, 23, 24, 25]  Q:5 M:5 F:5
 11335. [5, 7, 8, 9, 10, 11, 12, 16, 17, 19, 20, 21, 22, 23, 24]  Q:5 M:5 F:5
 11336. [5, 7, 8, 9, 10, 11, 12, 16, 17, 19, 20, 21, 22, 23, 25]  Q:5 M:5 F:5
 11337. [5, 7, 8, 9, 10, 11, 12, 16, 17, 19, 20, 21, 23, 24, 25]  Q:5 M:5 F:5
 11338. [5, 7, 8, 9, 10, 11, 12, 16, 19, 20, 21, 22, 23, 24, 25]  Q:5 M:5 F:5
 11339. [5, 7, 8, 9, 10, 11, 16, 17, 19, 20, 21, 22, 23, 24, 25]  Q:5 M:5 F:5
 11340. [5, 7, 9, 10, 11, 12, 16, 17, 19, 20, 21, 22, 23, 24, 25]  Q:5 M:5 F:5
 11341. [5, 7, 8, 9, 10, 11, 12, 17, 18, 19, 20, 21, 22, 23, 24]  Q:5 M:5 F:5
 11342. [5, 7, 8, 9, 10, 11, 12, 17, 18, 19, 20, 21, 22, 23, 25]  Q:5 M:5 F:5
 11343. [5, 7, 8, 9, 10, 11, 12, 17, 18, 19, 20, 21, 23, 24, 25]  Q:5 M:5 F:5
 11344. [5, 7, 8, 9, 10, 11, 12, 18, 19, 20, 21, 22, 23, 24, 25]  Q:5 M:5 F:5
 11345. [5, 7, 8, 9, 10, 11, 17, 18, 19, 20, 21, 22, 23, 24, 25]  Q:5 M:5 F:5
 11346. [5, 7, 9, 10, 11, 12, 17, 18, 19, 20, 21, 22, 23, 24, 25]  Q:5 M:5 F:5
 11347. [5, 7, 8, 9, 10, 12, 13, 14, 15, 17, 20, 21, 22, 23, 24]  Q:5 M:5 F:5
 11348. [5, 7, 8, 9, 10, 12, 13, 14, 15, 17, 20, 21, 22, 23, 25]  Q:5 M:5 F:5
 11349. [5, 7, 8, 9, 10, 12, 13, 14, 15, 17, 20, 21, 23, 24, 25]  Q:5 M:5 F:5
 11350. [5, 7, 8, 9, 10, 12, 13, 14, 15, 20, 21, 22, 23, 24, 25]  Q:5 M:5 F:5
 11351. [5, 7, 8, 9, 10, 13, 14, 15, 17, 20, 21, 22, 23, 24, 25]  Q:5 M:5 F:5
 11352. [5, 7, 9, 10, 12, 13, 14, 15, 17, 20, 21, 22, 23, 24, 25]  Q:5 M:5 F:5
 11353. [5, 7, 8, 9, 10, 12, 13, 14, 16, 17, 20, 21, 22, 23, 24]  Q:5 M:5 F:5
 11354. [5, 7, 8, 9, 10, 12, 13, 14, 16, 17, 20, 21, 22, 23, 25]  Q:5 M:5 F:5
 11355. [5, 7, 8, 9, 10, 12, 13, 14, 16, 17, 20, 21, 23, 24, 25]  Q:5 M:5 F:5
 11356. [5, 7, 8, 9, 10, 12, 13, 14, 16, 20, 21, 22, 23, 24, 25]  Q:5 M:5 F:5
 11357. [5, 7, 8, 9, 10, 13, 14, 16, 17, 20, 21, 22, 23, 24, 25]  Q:5 M:5 F:5
 11358. [5, 7, 9, 10, 12, 13, 14, 16, 17, 20, 21, 22, 23, 24, 25]  Q:5 M:5 F:5
 11359. [5, 7, 8, 9, 10, 12, 13, 14, 17, 18, 20, 21, 22, 23, 24]  Q:5 M:5 F:5
 11360. [5, 7, 8, 9, 10, 12, 13, 14, 17, 18, 20, 21, 22, 23, 25]  Q:5 M:5 F:5
 11361. [5, 7, 8, 9, 10, 12, 13, 14, 17, 18, 20, 21, 23, 24, 25]  Q:5 M:5 F:5
 11362. [5, 7, 8, 9, 10, 12, 13, 14, 18, 20, 21, 22, 23, 24, 25]  Q:5 M:5 F:5
 11363. [5, 7, 8, 9, 10, 13, 14, 17, 18, 20, 21, 22, 23, 24, 25]  Q:5 M:5 F:5
 11364. [5, 7, 9, 10, 12, 13, 14, 17, 18, 20, 21, 22, 23, 24, 25]  Q:5 M:5 F:5
 11365. [5, 7, 8, 9, 10, 12, 13, 14, 17, 19, 20, 21, 22, 23, 24]  Q:5 M:5 F:5
 11366. [5, 7, 8, 9, 10, 12, 13, 14, 17, 19, 20, 21, 22, 23, 25]  Q:5 M:5 F:5
 11367. [5, 7, 8, 9, 10, 12, 13, 14, 17, 19, 20, 21, 23, 24, 25]  Q:5 M:5 F:5
 11368. [5, 7, 8, 9, 10, 12, 13, 14, 19, 20, 21, 22, 23, 24, 25]  Q:5 M:5 F:5
 11369. [5, 7, 8, 9, 10, 13, 14, 17, 19, 20, 21, 22, 23, 24, 25]  Q:5 M:5 F:5
 11370. [5, 7, 9, 10, 12, 13, 14, 17, 19, 20, 21, 22, 23, 24, 25]  Q:5 M:5 F:5
 11371. [5, 7, 8, 9, 10, 12, 13, 15, 16, 17, 20, 21, 22, 23, 24]  Q:5 M:5 F:5
 11372. [5, 7, 8, 9, 10, 12, 13, 15, 16, 17, 20, 21, 22, 23, 25]  Q:5 M:5 F:5
 11373. [5, 7, 8, 9, 10, 12, 13, 15, 16, 17, 20, 21, 23, 24, 25]  Q:5 M:5 F:5
 11374. [5, 7, 8, 9, 10, 12, 13, 15, 16, 20, 21, 22, 23, 24, 25]  Q:5 M:5 F:5
 11375. [5, 7, 8, 9, 10, 13, 15, 16, 17, 20, 21, 22, 23, 24, 25]  Q:5 M:5 F:5
 11376. [5, 7, 9, 10, 12, 13, 15, 16, 17, 20, 21, 22, 23, 24, 25]  Q:5 M:5 F:5
 11377. [5, 7, 8, 9, 10, 12, 13, 15, 17, 18, 20, 21, 22, 23, 24]  Q:5 M:5 F:5
 11378. [5, 7, 8, 9, 10, 12, 13, 15, 17, 18, 20, 21, 22, 23, 25]  Q:5 M:5 F:5
 11379. [5, 7, 8, 9, 10, 12, 13, 15, 17, 18, 20, 21, 23, 24, 25]  Q:5 M:5 F:5
 11380. [5, 7, 8, 9, 10, 12, 13, 15, 18, 20, 21, 22, 23, 24, 25]  Q:5 M:5 F:5
 11381. [5, 7, 8, 9, 10, 13, 15, 17, 18, 20, 21, 22, 23, 24, 25]  Q:5 M:5 F:5
 11382. [5, 7, 9, 10, 12, 13, 15, 17, 18, 20, 21, 22, 23, 24, 25]  Q:5 M:5 F:5
 11383. [5, 7, 8, 9, 10, 12, 13, 15, 17, 19, 20, 21, 22, 23, 24]  Q:5 M:5 F:5
 11384. [5, 7, 8, 9, 10, 12, 13, 15, 17, 19, 20, 21, 22, 23, 25]  Q:5 M:5 F:5
 11385. [5, 7, 8, 9, 10, 12, 13, 15, 17, 19, 20, 21, 23, 24, 25]  Q:5 M:5 F:5
 11386. [5, 7, 8, 9, 10, 12, 13, 15, 19, 20, 21, 22, 23, 24, 25]  Q:5 M:5 F:5
 11387. [5, 7, 8, 9, 10, 13, 15, 17, 19, 20, 21, 22, 23, 24, 25]  Q:5 M:5 F:5
 11388. [5, 7, 9, 10, 12, 13, 15, 17, 19, 20, 21, 22, 23, 24, 25]  Q:5 M:5 F:5
 11389. [5, 7, 8, 9, 10, 12, 13, 16, 17, 18, 20, 21, 22, 23, 24]  Q:5 M:5 F:5
 11390. [5, 7, 8, 9, 10, 12, 13, 16, 17, 18, 20, 21, 22, 23, 25]  Q:5 M:5 F:5
 11391. [5, 7, 8, 9, 10, 12, 13, 16, 17, 18, 20, 21, 23, 24, 25]  Q:5 M:5 F:5
 11392. [5, 7, 8, 9, 10, 12, 13, 16, 18, 20, 21, 22, 23, 24, 25]  Q:5 M:5 F:5
 11393. [5, 7, 8, 9, 10, 13, 16, 17, 18, 20, 21, 22, 23, 24, 25]  Q:5 M:5 F:5
 11394. [5, 7, 9, 10, 12, 13, 16, 17, 18, 20, 21, 22, 23, 24, 25]  Q:5 M:5 F:5
 11395. [5, 7, 8, 9, 10, 12, 13, 16, 17, 19, 20, 21, 22, 23, 24]  Q:5 M:5 F:5
 11396. [5, 7, 8, 9, 10, 12, 13, 16, 17, 19, 20, 21, 22, 23, 25]  Q:5 M:5 F:5
 11397. [5, 7, 8, 9, 10, 12, 13, 16, 17, 19, 20, 21, 23, 24, 25]  Q:5 M:5 F:5
 11398. [5, 7, 8, 9, 10, 12, 13, 16, 19, 20, 21, 22, 23, 24, 25]  Q:5 M:5 F:5
 11399. [5, 7, 8, 9, 10, 13, 16, 17, 19, 20, 21, 22, 23, 24, 25]  Q:5 M:5 F:5
 11400. [5, 7, 9, 10, 12, 13, 16, 17, 19, 20, 21, 22, 23, 24, 25]  Q:5 M:5 F:5
 11401. [5, 7, 8, 9, 10, 12, 13, 17, 18, 19, 20, 21, 22, 23, 24]  Q:5 M:5 F:5
 11402. [5, 7, 8, 9, 10, 12, 13, 17, 18, 19, 20, 21, 22, 23, 25]  Q:5 M:5 F:5
 11403. [5, 7, 8, 9, 10, 12, 13, 17, 18, 19, 20, 21, 23, 24, 25]  Q:5 M:5 F:5
 11404. [5, 7, 8, 9, 10, 12, 13, 18, 19, 20, 21, 22, 23, 24, 25]  Q:5 M:5 F:5
 11405. [5, 7, 8, 9, 10, 13, 17, 18, 19, 20, 21, 22, 23, 24, 25]  Q:5 M:5 F:5
 11406. [5, 7, 9, 10, 12, 13, 17, 18, 19, 20, 21, 22, 23, 24, 25]  Q:5 M:5 F:5
 11407. [5, 7, 8, 9, 10, 12, 14, 15, 16, 17, 20, 21, 22, 23, 24]  Q:5 M:5 F:5
 11408. [5, 7, 8, 9, 10, 12, 14, 15, 16, 17, 20, 21, 22, 23, 25]  Q:5 M:5 F:5
 11409. [5, 7, 8, 9, 10, 12, 14, 15, 16, 17, 20, 21, 23, 24, 25]  Q:5 M:5 F:5
 11410. [5, 7, 8, 9, 10, 12, 14, 15, 16, 20, 21, 22, 23, 24, 25]  Q:5 M:5 F:5
 11411. [5, 7, 8, 9, 10, 14, 15, 16, 17, 20, 21, 22, 23, 24, 25]  Q:5 M:5 F:5
 11412. [5, 7, 9, 10, 12, 14, 15, 16, 17, 20, 21, 22, 23, 24, 25]  Q:5 M:5 F:5
 11413. [5, 7, 8, 9, 10, 12, 14, 15, 17, 18, 20, 21, 22, 23, 24]  Q:5 M:5 F:5
 11414. [5, 7, 8, 9, 10, 12, 14, 15, 17, 18, 20, 21, 22, 23, 25]  Q:5 M:5 F:5
 11415. [5, 7, 8, 9, 10, 12, 14, 15, 17, 18, 20, 21, 23, 24, 25]  Q:5 M:5 F:5
 11416. [5, 7, 8, 9, 10, 12, 14, 15, 18, 20, 21, 22, 23, 24, 25]  Q:5 M:5 F:5
 11417. [5, 7, 8, 9, 10, 14, 15, 17, 18, 20, 21, 22, 23, 24, 25]  Q:5 M:5 F:5
 11418. [5, 7, 9, 10, 12, 14, 15, 17, 18, 20, 21, 22, 23, 24, 25]  Q:5 M:5 F:5
 11419. [5, 7, 8, 9, 10, 12, 14, 15, 17, 19, 20, 21, 22, 23, 24]  Q:5 M:5 F:5
 11420. [5, 7, 8, 9, 10, 12, 14, 15, 17, 19, 20, 21, 22, 23, 25]  Q:5 M:5 F:5
 11421. [5, 7, 8, 9, 10, 12, 14, 15, 17, 19, 20, 21, 23, 24, 25]  Q:5 M:5 F:5
 11422. [5, 7, 8, 9, 10, 12, 14, 15, 19, 20, 21, 22, 23, 24, 25]  Q:5 M:5 F:5
 11423. [5, 7, 8, 9, 10, 14, 15, 17, 19, 20, 21, 22, 23, 24, 25]  Q:5 M:5 F:5
 11424. [5, 7, 9, 10, 12, 14, 15, 17, 19, 20, 21, 22, 23, 24, 25]  Q:5 M:5 F:5
 11425. [5, 7, 8, 9, 10, 12, 14, 16, 17, 18, 20, 21, 22, 23, 24]  Q:5 M:5 F:5
 11426. [5, 7, 8, 9, 10, 12, 14, 16, 17, 18, 20, 21, 22, 23, 25]  Q:5 M:5 F:5
 11427. [5, 7, 8, 9, 10, 12, 14, 16, 17, 18, 20, 21, 23, 24, 25]  Q:5 M:5 F:5
 11428. [5, 7, 8, 9, 10, 12, 14, 16, 18, 20, 21, 22, 23, 24, 25]  Q:5 M:5 F:5
 11429. [5, 7, 8, 9, 10, 14, 16, 17, 18, 20, 21, 22, 23, 24, 25]  Q:5 M:5 F:5
 11430. [5, 7, 9, 10, 12, 14, 16, 17, 18, 20, 21, 22, 23, 24, 25]  Q:5 M:5 F:5
 11431. [5, 7, 8, 9, 10, 12, 14, 16, 17, 19, 20, 21, 22, 23, 24]  Q:5 M:5 F:5
 11432. [5, 7, 8, 9, 10, 12, 14, 16, 17, 19, 20, 21, 22, 23, 25]  Q:5 M:5 F:5
 11433. [5, 7, 8, 9, 10, 12, 14, 16, 17, 19, 20, 21, 23, 24, 25]  Q:5 M:5 F:5
 11434. [5, 7, 8, 9, 10, 12, 14, 16, 19, 20, 21, 22, 23, 24, 25]  Q:5 M:5 F:5
 11435. [5, 7, 8, 9, 10, 14, 16, 17, 19, 20, 21, 22, 23, 24, 25]  Q:5 M:5 F:5
 11436. [5, 7, 9, 10, 12, 14, 16, 17, 19, 20, 21, 22, 23, 24, 25]  Q:5 M:5 F:5
 11437. [5, 7, 8, 9, 10, 12, 14, 17, 18, 19, 20, 21, 22, 23, 24]  Q:5 M:5 F:5
 11438. [5, 7, 8, 9, 10, 12, 14, 17, 18, 19, 20, 21, 22, 23, 25]  Q:5 M:5 F:5
 11439. [5, 7, 8, 9, 10, 12, 14, 17, 18, 19, 20, 21, 23, 24, 25]  Q:5 M:5 F:5
 11440. [5, 7, 8, 9, 10, 12, 14, 18, 19, 20, 21, 22, 23, 24, 25]  Q:5 M:5 F:5
 11441. [5, 7, 8, 9, 10, 14, 17, 18, 19, 20, 21, 22, 23, 24, 25]  Q:5 M:5 F:5
 11442. [5, 7, 9, 10, 12, 14, 17, 18, 19, 20, 21, 22, 23, 24, 25]  Q:5 M:5 F:5
 11443. [5, 7, 8, 9, 10, 12, 15, 16, 17, 18, 20, 21, 22, 23, 24]  Q:5 M:5 F:5
 11444. [5, 7, 8, 9, 10, 12, 15, 16, 17, 18, 20, 21, 22, 23, 25]  Q:5 M:5 F:5
 11445. [5, 7, 8, 9, 10, 12, 15, 16, 17, 18, 20, 21, 23, 24, 25]  Q:5 M:5 F:5
 11446. [5, 7, 8, 9, 10, 12, 15, 16, 18, 20, 21, 22, 23, 24, 25]  Q:5 M:5 F:5
 11447. [5, 7, 8, 9, 10, 15, 16, 17, 18, 20, 21, 22, 23, 24, 25]  Q:5 M:5 F:5
 11448. [5, 7, 9, 10, 12, 15, 16, 17, 18, 20, 21, 22, 23, 24, 25]  Q:5 M:5 F:5
 11449. [5, 7, 8, 9, 10, 12, 15, 16, 17, 19, 20, 21, 22, 23, 24]  Q:5 M:5 F:5
 11450. [5, 7, 8, 9, 10, 12, 15, 16, 17, 19, 20, 21, 22, 23, 25]  Q:5 M:5 F:5
 11451. [5, 7, 8, 9, 10, 12, 15, 16, 17, 19, 20, 21, 23, 24, 25]  Q:5 M:5 F:5
 11452. [5, 7, 8, 9, 10, 12, 15, 16, 19, 20, 21, 22, 23, 24, 25]  Q:5 M:5 F:5
 11453. [5, 7, 8, 9, 10, 15, 16, 17, 19, 20, 21, 22, 23, 24, 25]  Q:5 M:5 F:5
 11454. [5, 7, 9, 10, 12, 15, 16, 17, 19, 20, 21, 22, 23, 24, 25]  Q:5 M:5 F:5
 11455. [5, 7, 8, 9, 10, 12, 15, 17, 18, 19, 20, 21, 22, 23, 24]  Q:5 M:5 F:5
 11456. [5, 7, 8, 9, 10, 12, 15, 17, 18, 19, 20, 21, 22, 23, 25]  Q:5 M:5 F:5
 11457. [5, 7, 8, 9, 10, 12, 15, 17, 18, 19, 20, 21, 23, 24, 25]  Q:5 M:5 F:5
 11458. [5, 7, 8, 9, 10, 12, 15, 18, 19, 20, 21, 22, 23, 24, 25]  Q:5 M:5 F:5
 11459. [5, 7, 8, 9, 10, 15, 17, 18, 19, 20, 21, 22, 23, 24, 25]  Q:5 M:5 F:5
 11460. [5, 7, 9, 10, 12, 15, 17, 18, 19, 20, 21, 22, 23, 24, 25]  Q:5 M:5 F:5
 11461. [5, 7, 8, 9, 10, 12, 16, 17, 18, 19, 20, 21, 22, 23, 24]  Q:5 M:5 F:5
 11462. [5, 7, 8, 9, 10, 12, 16, 17, 18, 19, 20, 21, 22, 23, 25]  Q:5 M:5 F:5
 11463. [5, 7, 8, 9, 10, 12, 16, 17, 18, 19, 20, 21, 23, 24, 25]  Q:5 M:5 F:5
 11464. [5, 7, 8, 9, 10, 12, 16, 18, 19, 20, 21, 22, 23, 24, 25]  Q:5 M:5 F:5
 11465. [5, 7, 8, 9, 10, 16, 17, 18, 19, 20, 21, 22, 23, 24, 25]  Q:5 M:5 F:5
 11466. [5, 7, 9, 10, 12, 16, 17, 18, 19, 20, 21, 22, 23, 24, 25]  Q:5 M:5 F:5
 11467. [5, 7, 8, 10, 11, 12, 13, 14, 15, 17, 20, 21, 22, 23, 24]  Q:5 M:5 F:5
 11468. [5, 7, 8, 10, 11, 12, 13, 14, 15, 17, 20, 21, 22, 23, 25]  Q:5 M:5 F:5
 11469. [5, 7, 8, 10, 11, 12, 13, 14, 15, 17, 20, 21, 23, 24, 25]  Q:5 M:5 F:5
 11470. [5, 7, 8, 10, 11, 12, 13, 14, 15, 20, 21, 22, 23, 24, 25]  Q:5 M:5 F:5
 11471. [5, 7, 8, 10, 11, 13, 14, 15, 17, 20, 21, 22, 23, 24, 25]  Q:5 M:5 F:5
 11472. [5, 7, 10, 11, 12, 13, 14, 15, 17, 20, 21, 22, 23, 24, 25]  Q:5 M:5 F:5
 11473. [5, 7, 8, 10, 11, 12, 13, 14, 16, 17, 20, 21, 22, 23, 24]  Q:5 M:5 F:5
 11474. [5, 7, 8, 10, 11, 12, 13, 14, 16, 17, 20, 21, 22, 23, 25]  Q:5 M:5 F:5
 11475. [5, 7, 8, 10, 11, 12, 13, 14, 16, 17, 20, 21, 23, 24, 25]  Q:5 M:5 F:5
 11476. [5, 7, 8, 10, 11, 12, 13, 14, 16, 20, 21, 22, 23, 24, 25]  Q:5 M:5 F:5
 11477. [5, 7, 8, 10, 11, 13, 14, 16, 17, 20, 21, 22, 23, 24, 25]  Q:5 M:5 F:5
 11478. [5, 7, 10, 11, 12, 13, 14, 16, 17, 20, 21, 22, 23, 24, 25]  Q:5 M:5 F:5
 11479. [5, 7, 8, 10, 11, 12, 13, 14, 17, 18, 20, 21, 22, 23, 24]  Q:5 M:5 F:5
 11480. [5, 7, 8, 10, 11, 12, 13, 14, 17, 18, 20, 21, 22, 23, 25]  Q:5 M:5 F:5
 11481. [5, 7, 8, 10, 11, 12, 13, 14, 17, 18, 20, 21, 23, 24, 25]  Q:5 M:5 F:5
 11482. [5, 7, 8, 10, 11, 12, 13, 14, 18, 20, 21, 22, 23, 24, 25]  Q:5 M:5 F:5
 11483. [5, 7, 8, 10, 11, 13, 14, 17, 18, 20, 21, 22, 23, 24, 25]  Q:5 M:5 F:5
 11484. [5, 7, 10, 11, 12, 13, 14, 17, 18, 20, 21, 22, 23, 24, 25]  Q:5 M:5 F:5
 11485. [5, 7, 8, 10, 11, 12, 13, 14, 17, 19, 20, 21, 22, 23, 24]  Q:5 M:5 F:5
 11486. [5, 7, 8, 10, 11, 12, 13, 14, 17, 19, 20, 21, 22, 23, 25]  Q:5 M:5 F:5
 11487. [5, 7, 8, 10, 11, 12, 13, 14, 17, 19, 20, 21, 23, 24, 25]  Q:5 M:5 F:5
 11488. [5, 7, 8, 10, 11, 12, 13, 14, 19, 20, 21, 22, 23, 24, 25]  Q:5 M:5 F:5
 11489. [5, 7, 8, 10, 11, 13, 14, 17, 19, 20, 21, 22, 23, 24, 25]  Q:5 M:5 F:5
 11490. [5, 7, 10, 11, 12, 13, 14, 17, 19, 20, 21, 22, 23, 24, 25]  Q:5 M:5 F:5
 11491. [5, 7, 8, 10, 11, 12, 13, 15, 16, 17, 20, 21, 22, 23, 24]  Q:5 M:5 F:5
 11492. [5, 7, 8, 10, 11, 12, 13, 15, 16, 17, 20, 21, 22, 23, 25]  Q:5 M:5 F:5
 11493. [5, 7, 8, 10, 11, 12, 13, 15, 16, 17, 20, 21, 23, 24, 25]  Q:5 M:5 F:5
 11494. [5, 7, 8, 10, 11, 12, 13, 15, 16, 20, 21, 22, 23, 24, 25]  Q:5 M:5 F:5
 11495. [5, 7, 8, 10, 11, 13, 15, 16, 17, 20, 21, 22, 23, 24, 25]  Q:5 M:5 F:5
 11496. [5, 7, 10, 11, 12, 13, 15, 16, 17, 20, 21, 22, 23, 24, 25]  Q:5 M:5 F:5
 11497. [5, 7, 8, 10, 11, 12, 13, 15, 17, 18, 20, 21, 22, 23, 24]  Q:5 M:5 F:5
 11498. [5, 7, 8, 10, 11, 12, 13, 15, 17, 18, 20, 21, 22, 23, 25]  Q:5 M:5 F:5
 11499. [5, 7, 8, 10, 11, 12, 13, 15, 17, 18, 20, 21, 23, 24, 25]  Q:5 M:5 F:5
 11500. [5, 7, 8, 10, 11, 12, 13, 15, 18, 20, 21, 22, 23, 24, 25]  Q:5 M:5 F:5
 11501. [5, 7, 8, 10, 11, 13, 15, 17, 18, 20, 21, 22, 23, 24, 25]  Q:5 M:5 F:5
 11502. [5, 7, 10, 11, 12, 13, 15, 17, 18, 20, 21, 22, 23, 24, 25]  Q:5 M:5 F:5
 11503. [5, 7, 8, 10, 11, 12, 13, 15, 17, 19, 20, 21, 22, 23, 24]  Q:5 M:5 F:5
 11504. [5, 7, 8, 10, 11, 12, 13, 15, 17, 19, 20, 21, 22, 23, 25]  Q:5 M:5 F:5
 11505. [5, 7, 8, 10, 11, 12, 13, 15, 17, 19, 20, 21, 23, 24, 25]  Q:5 M:5 F:5
 11506. [5, 7, 8, 10, 11, 12, 13, 15, 19, 20, 21, 22, 23, 24, 25]  Q:5 M:5 F:5
 11507. [5, 7, 8, 10, 11, 13, 15, 17, 19, 20, 21, 22, 23, 24, 25]  Q:5 M:5 F:5
 11508. [5, 7, 10, 11, 12, 13, 15, 17, 19, 20, 21, 22, 23, 24, 25]  Q:5 M:5 F:5
 11509. [5, 7, 8, 10, 11, 12, 13, 16, 17, 18, 20, 21, 22, 23, 24]  Q:5 M:5 F:5
 11510. [5, 7, 8, 10, 11, 12, 13, 16, 17, 18, 20, 21, 22, 23, 25]  Q:5 M:5 F:5
 11511. [5, 7, 8, 10, 11, 12, 13, 16, 17, 18, 20, 21, 23, 24, 25]  Q:5 M:5 F:5
 11512. [5, 7, 8, 10, 11, 12, 13, 16, 18, 20, 21, 22, 23, 24, 25]  Q:5 M:5 F:5
 11513. [5, 7, 8, 10, 11, 13, 16, 17, 18, 20, 21, 22, 23, 24, 25]  Q:5 M:5 F:5
 11514. [5, 7, 10, 11, 12, 13, 16, 17, 18, 20, 21, 22, 23, 24, 25]  Q:5 M:5 F:5
 11515. [5, 7, 8, 10, 11, 12, 13, 16, 17, 19, 20, 21, 22, 23, 24]  Q:5 M:5 F:5
 11516. [5, 7, 8, 10, 11, 12, 13, 16, 17, 19, 20, 21, 22, 23, 25]  Q:5 M:5 F:5
 11517. [5, 7, 8, 10, 11, 12, 13, 16, 17, 19, 20, 21, 23, 24, 25]  Q:5 M:5 F:5
 11518. [5, 7, 8, 10, 11, 12, 13, 16, 19, 20, 21, 22, 23, 24, 25]  Q:5 M:5 F:5
 11519. [5, 7, 8, 10, 11, 13, 16, 17, 19, 20, 21, 22, 23, 24, 25]  Q:5 M:5 F:5
 11520. [5, 7, 10, 11, 12, 13, 16, 17, 19, 20, 21, 22, 23, 24, 25]  Q:5 M:5 F:5
 11521. [5, 7, 8, 10, 11, 12, 13, 17, 18, 19, 20, 21, 22, 23, 24]  Q:5 M:5 F:5
 11522. [5, 7, 8, 10, 11, 12, 13, 17, 18, 19, 20, 21, 22, 23, 25]  Q:5 M:5 F:5
 11523. [5, 7, 8, 10, 11, 12, 13, 17, 18, 19, 20, 21, 23, 24, 25]  Q:5 M:5 F:5
 11524. [5, 7, 8, 10, 11, 12, 13, 18, 19, 20, 21, 22, 23, 24, 25]  Q:5 M:5 F:5
 11525. [5, 7, 8, 10, 11, 13, 17, 18, 19, 20, 21, 22, 23, 24, 25]  Q:5 M:5 F:5
 11526. [5, 7, 10, 11, 12, 13, 17, 18, 19, 20, 21, 22, 23, 24, 25]  Q:5 M:5 F:5
 11527. [5, 7, 8, 10, 11, 12, 14, 15, 16, 17, 20, 21, 22, 23, 24]  Q:5 M:5 F:5
 11528. [5, 7, 8, 10, 11, 12, 14, 15, 16, 17, 20, 21, 22, 23, 25]  Q:5 M:5 F:5
 11529. [5, 7, 8, 10, 11, 12, 14, 15, 16, 17, 20, 21, 23, 24, 25]  Q:5 M:5 F:5
 11530. [5, 7, 8, 10, 11, 12, 14, 15, 16, 20, 21, 22, 23, 24, 25]  Q:5 M:5 F:5
 11531. [5, 7, 8, 10, 11, 14, 15, 16, 17, 20, 21, 22, 23, 24, 25]  Q:5 M:5 F:5
 11532. [5, 7, 10, 11, 12, 14, 15, 16, 17, 20, 21, 22, 23, 24, 25]  Q:5 M:5 F:5
 11533. [5, 7, 8, 10, 11, 12, 14, 15, 17, 18, 20, 21, 22, 23, 24]  Q:5 M:5 F:5
 11534. [5, 7, 8, 10, 11, 12, 14, 15, 17, 18, 20, 21, 22, 23, 25]  Q:5 M:5 F:5
 11535. [5, 7, 8, 10, 11, 12, 14, 15, 17, 18, 20, 21, 23, 24, 25]  Q:5 M:5 F:5
 11536. [5, 7, 8, 10, 11, 12, 14, 15, 18, 20, 21, 22, 23, 24, 25]  Q:5 M:5 F:5
 11537. [5, 7, 8, 10, 11, 14, 15, 17, 18, 20, 21, 22, 23, 24, 25]  Q:5 M:5 F:5
 11538. [5, 7, 10, 11, 12, 14, 15, 17, 18, 20, 21, 22, 23, 24, 25]  Q:5 M:5 F:5
 11539. [5, 7, 8, 10, 11, 12, 14, 15, 17, 19, 20, 21, 22, 23, 24]  Q:5 M:5 F:5
 11540. [5, 7, 8, 10, 11, 12, 14, 15, 17, 19, 20, 21, 22, 23, 25]  Q:5 M:5 F:5
 11541. [5, 7, 8, 10, 11, 12, 14, 15, 17, 19, 20, 21, 23, 24, 25]  Q:5 M:5 F:5
 11542. [5, 7, 8, 10, 11, 12, 14, 15, 19, 20, 21, 22, 23, 24, 25]  Q:5 M:5 F:5
 11543. [5, 7, 8, 10, 11, 14, 15, 17, 19, 20, 21, 22, 23, 24, 25]  Q:5 M:5 F:5
 11544. [5, 7, 10, 11, 12, 14, 15, 17, 19, 20, 21, 22, 23, 24, 25]  Q:5 M:5 F:5
 11545. [5, 7, 8, 10, 11, 12, 14, 16, 17, 18, 20, 21, 22, 23, 24]  Q:5 M:5 F:5
 11546. [5, 7, 8, 10, 11, 12, 14, 16, 17, 18, 20, 21, 22, 23, 25]  Q:5 M:5 F:5
 11547. [5, 7, 8, 10, 11, 12, 14, 16, 17, 18, 20, 21, 23, 24, 25]  Q:5 M:5 F:5
 11548. [5, 7, 8, 10, 11, 12, 14, 16, 18, 20, 21, 22, 23, 24, 25]  Q:5 M:5 F:5
 11549. [5, 7, 8, 10, 11, 14, 16, 17, 18, 20, 21, 22, 23, 24, 25]  Q:5 M:5 F:5
 11550. [5, 7, 10, 11, 12, 14, 16, 17, 18, 20, 21, 22, 23, 24, 25]  Q:5 M:5 F:5
 11551. [5, 7, 8, 10, 11, 12, 14, 16, 17, 19, 20, 21, 22, 23, 24]  Q:5 M:5 F:5
 11552. [5, 7, 8, 10, 11, 12, 14, 16, 17, 19, 20, 21, 22, 23, 25]  Q:5 M:5 F:5
 11553. [5, 7, 8, 10, 11, 12, 14, 16, 17, 19, 20, 21, 23, 24, 25]  Q:5 M:5 F:5
 11554. [5, 7, 8, 10, 11, 12, 14, 16, 19, 20, 21, 22, 23, 24, 25]  Q:5 M:5 F:5
 11555. [5, 7, 8, 10, 11, 14, 16, 17, 19, 20, 21, 22, 23, 24, 25]  Q:5 M:5 F:5
 11556. [5, 7, 10, 11, 12, 14, 16, 17, 19, 20, 21, 22, 23, 24, 25]  Q:5 M:5 F:5
 11557. [5, 7, 8, 10, 11, 12, 14, 17, 18, 19, 20, 21, 22, 23, 24]  Q:5 M:5 F:5
 11558. [5, 7, 8, 10, 11, 12, 14, 17, 18, 19, 20, 21, 22, 23, 25]  Q:5 M:5 F:5
 11559. [5, 7, 8, 10, 11, 12, 14, 17, 18, 19, 20, 21, 23, 24, 25]  Q:5 M:5 F:5
 11560. [5, 7, 8, 10, 11, 12, 14, 18, 19, 20, 21, 22, 23, 24, 25]  Q:5 M:5 F:5
 11561. [5, 7, 8, 10, 11, 14, 17, 18, 19, 20, 21, 22, 23, 24, 25]  Q:5 M:5 F:5
 11562. [5, 7, 10, 11, 12, 14, 17, 18, 19, 20, 21, 22, 23, 24, 25]  Q:5 M:5 F:5
 11563. [5, 7, 8, 10, 11, 12, 15, 16, 17, 18, 20, 21, 22, 23, 24]  Q:5 M:5 F:5
 11564. [5, 7, 8, 10, 11, 12, 15, 16, 17, 18, 20, 21, 22, 23, 25]  Q:5 M:5 F:5
 11565. [5, 7, 8, 10, 11, 12, 15, 16, 17, 18, 20, 21, 23, 24, 25]  Q:5 M:5 F:5
 11566. [5, 7, 8, 10, 11, 12, 15, 16, 18, 20, 21, 22, 23, 24, 25]  Q:5 M:5 F:5
 11567. [5, 7, 8, 10, 11, 15, 16, 17, 18, 20, 21, 22, 23, 24, 25]  Q:5 M:5 F:5
 11568. [5, 7, 10, 11, 12, 15, 16, 17, 18, 20, 21, 22, 23, 24, 25]  Q:5 M:5 F:5
 11569. [5, 7, 8, 10, 11, 12, 15, 16, 17, 19, 20, 21, 22, 23, 24]  Q:5 M:5 F:5
 11570. [5, 7, 8, 10, 11, 12, 15, 16, 17, 19, 20, 21, 22, 23, 25]  Q:5 M:5 F:5
 11571. [5, 7, 8, 10, 11, 12, 15, 16, 17, 19, 20, 21, 23, 24, 25]  Q:5 M:5 F:5
 11572. [5, 7, 8, 10, 11, 12, 15, 16, 19, 20, 21, 22, 23, 24, 25]  Q:5 M:5 F:5
 11573. [5, 7, 8, 10, 11, 15, 16, 17, 19, 20, 21, 22, 23, 24, 25]  Q:5 M:5 F:5
 11574. [5, 7, 10, 11, 12, 15, 16, 17, 19, 20, 21, 22, 23, 24, 25]  Q:5 M:5 F:5
 11575. [5, 7, 8, 10, 11, 12, 15, 17, 18, 19, 20, 21, 22, 23, 24]  Q:5 M:5 F:5
 11576. [5, 7, 8, 10, 11, 12, 15, 17, 18, 19, 20, 21, 22, 23, 25]  Q:5 M:5 F:5
 11577. [5, 7, 8, 10, 11, 12, 15, 17, 18, 19, 20, 21, 23, 24, 25]  Q:5 M:5 F:5
 11578. [5, 7, 8, 10, 11, 12, 15, 18, 19, 20, 21, 22, 23, 24, 25]  Q:5 M:5 F:5
 11579. [5, 7, 8, 10, 11, 15, 17, 18, 19, 20, 21, 22, 23, 24, 25]  Q:5 M:5 F:5
 11580. [5, 7, 10, 11, 12, 15, 17, 18, 19, 20, 21, 22, 23, 24, 25]  Q:5 M:5 F:5
 11581. [5, 7, 8, 10, 11, 12, 16, 17, 18, 19, 20, 21, 22, 23, 24]  Q:5 M:5 F:5
 11582. [5, 7, 8, 10, 11, 12, 16, 17, 18, 19, 20, 21, 22, 23, 25]  Q:5 M:5 F:5
 11583. [5, 7, 8, 10, 11, 12, 16, 17, 18, 19, 20, 21, 23, 24, 25]  Q:5 M:5 F:5
 11584. [5, 7, 8, 10, 11, 12, 16, 18, 19, 20, 21, 22, 23, 24, 25]  Q:5 M:5 F:5
 11585. [5, 7, 8, 10, 11, 16, 17, 18, 19, 20, 21, 22, 23, 24, 25]  Q:5 M:5 F:5
 11586. [5, 7, 10, 11, 12, 16, 17, 18, 19, 20, 21, 22, 23, 24, 25]  Q:5 M:5 F:5
 11587. [5, 7, 8, 10, 12, 13, 14, 15, 16, 17, 20, 21, 22, 23, 24]  Q:5 M:5 F:5
 11588. [5, 7, 8, 10, 12, 13, 14, 15, 16, 17, 20, 21, 22, 23, 25]  Q:5 M:5 F:5
 11589. [5, 7, 8, 10, 12, 13, 14, 15, 16, 17, 20, 21, 23, 24, 25]  Q:5 M:5 F:5
 11590. [5, 7, 8, 10, 12, 13, 14, 15, 16, 20, 21, 22, 23, 24, 25]  Q:5 M:5 F:5
 11591. [5, 7, 8, 10, 13, 14, 15, 16, 17, 20, 21, 22, 23, 24, 25]  Q:5 M:5 F:5
 11592. [5, 7, 10, 12, 13, 14, 15, 16, 17, 20, 21, 22, 23, 24, 25]  Q:5 M:5 F:5
 11593. [5, 7, 8, 10, 12, 13, 14, 15, 17, 18, 20, 21, 22, 23, 24]  Q:5 M:5 F:5
 11594. [5, 7, 8, 10, 12, 13, 14, 15, 17, 18, 20, 21, 22, 23, 25]  Q:5 M:5 F:5
 11595. [5, 7, 8, 10, 12, 13, 14, 15, 17, 18, 20, 21, 23, 24, 25]  Q:5 M:5 F:5
 11596. [5, 7, 8, 10, 12, 13, 14, 15, 18, 20, 21, 22, 23, 24, 25]  Q:5 M:5 F:5
 11597. [5, 7, 8, 10, 13, 14, 15, 17, 18, 20, 21, 22, 23, 24, 25]  Q:5 M:5 F:5
 11598. [5, 7, 10, 12, 13, 14, 15, 17, 18, 20, 21, 22, 23, 24, 25]  Q:5 M:5 F:5
 11599. [5, 7, 8, 10, 12, 13, 14, 15, 17, 19, 20, 21, 22, 23, 24]  Q:5 M:5 F:5
 11600. [5, 7, 8, 10, 12, 13, 14, 15, 17, 19, 20, 21, 22, 23, 25]  Q:5 M:5 F:5
 11601. [5, 7, 8, 10, 12, 13, 14, 15, 17, 19, 20, 21, 23, 24, 25]  Q:5 M:5 F:5
 11602. [5, 7, 8, 10, 12, 13, 14, 15, 19, 20, 21, 22, 23, 24, 25]  Q:5 M:5 F:5
 11603. [5, 7, 8, 10, 13, 14, 15, 17, 19, 20, 21, 22, 23, 24, 25]  Q:5 M:5 F:5
 11604. [5, 7, 10, 12, 13, 14, 15, 17, 19, 20, 21, 22, 23, 24, 25]  Q:5 M:5 F:5
 11605. [5, 7, 8, 10, 12, 13, 14, 16, 17, 18, 20, 21, 22, 23, 24]  Q:5 M:5 F:5
 11606. [5, 7, 8, 10, 12, 13, 14, 16, 17, 18, 20, 21, 22, 23, 25]  Q:5 M:5 F:5
 11607. [5, 7, 8, 10, 12, 13, 14, 16, 17, 18, 20, 21, 23, 24, 25]  Q:5 M:5 F:5
 11608. [5, 7, 8, 10, 12, 13, 14, 16, 18, 20, 21, 22, 23, 24, 25]  Q:5 M:5 F:5
 11609. [5, 7, 8, 10, 13, 14, 16, 17, 18, 20, 21, 22, 23, 24, 25]  Q:5 M:5 F:5
 11610. [5, 7, 10, 12, 13, 14, 16, 17, 18, 20, 21, 22, 23, 24, 25]  Q:5 M:5 F:5
 11611. [5, 7, 8, 10, 12, 13, 14, 16, 17, 19, 20, 21, 22, 23, 24]  Q:5 M:5 F:5
 11612. [5, 7, 8, 10, 12, 13, 14, 16, 17, 19, 20, 21, 22, 23, 25]  Q:5 M:5 F:5
 11613. [5, 7, 8, 10, 12, 13, 14, 16, 17, 19, 20, 21, 23, 24, 25]  Q:5 M:5 F:5
 11614. [5, 7, 8, 10, 12, 13, 14, 16, 19, 20, 21, 22, 23, 24, 25]  Q:5 M:5 F:5
 11615. [5, 7, 8, 10, 13, 14, 16, 17, 19, 20, 21, 22, 23, 24, 25]  Q:5 M:5 F:5
 11616. [5, 7, 10, 12, 13, 14, 16, 17, 19, 20, 21, 22, 23, 24, 25]  Q:5 M:5 F:5
 11617. [5, 7, 8, 10, 12, 13, 14, 17, 18, 19, 20, 21, 22, 23, 24]  Q:5 M:5 F:5
 11618. [5, 7, 8, 10, 12, 13, 14, 17, 18, 19, 20, 21, 22, 23, 25]  Q:5 M:5 F:5
 11619. [5, 7, 8, 10, 12, 13, 14, 17, 18, 19, 20, 21, 23, 24, 25]  Q:5 M:5 F:5
 11620. [5, 7, 8, 10, 12, 13, 14, 18, 19, 20, 21, 22, 23, 24, 25]  Q:5 M:5 F:5
 11621. [5, 7, 8, 10, 13, 14, 17, 18, 19, 20, 21, 22, 23, 24, 25]  Q:5 M:5 F:5
 11622. [5, 7, 10, 12, 13, 14, 17, 18, 19, 20, 21, 22, 23, 24, 25]  Q:5 M:5 F:5
 11623. [5, 7, 8, 10, 12, 13, 15, 16, 17, 18, 20, 21, 22, 23, 24]  Q:5 M:5 F:5
 11624. [5, 7, 8, 10, 12, 13, 15, 16, 17, 18, 20, 21, 22, 23, 25]  Q:5 M:5 F:5
 11625. [5, 7, 8, 10, 12, 13, 15, 16, 17, 18, 20, 21, 23, 24, 25]  Q:5 M:5 F:5
 11626. [5, 7, 8, 10, 12, 13, 15, 16, 18, 20, 21, 22, 23, 24, 25]  Q:5 M:5 F:5
 11627. [5, 7, 8, 10, 13, 15, 16, 17, 18, 20, 21, 22, 23, 24, 25]  Q:5 M:5 F:5
 11628. [5, 7, 10, 12, 13, 15, 16, 17, 18, 20, 21, 22, 23, 24, 25]  Q:5 M:5 F:5
 11629. [5, 7, 8, 10, 12, 13, 15, 16, 17, 19, 20, 21, 22, 23, 24]  Q:5 M:5 F:5
 11630. [5, 7, 8, 10, 12, 13, 15, 16, 17, 19, 20, 21, 22, 23, 25]  Q:5 M:5 F:5
 11631. [5, 7, 8, 10, 12, 13, 15, 16, 17, 19, 20, 21, 23, 24, 25]  Q:5 M:5 F:5
 11632. [5, 7, 8, 10, 12, 13, 15, 16, 19, 20, 21, 22, 23, 24, 25]  Q:5 M:5 F:5
 11633. [5, 7, 8, 10, 13, 15, 16, 17, 19, 20, 21, 22, 23, 24, 25]  Q:5 M:5 F:5
 11634. [5, 7, 10, 12, 13, 15, 16, 17, 19, 20, 21, 22, 23, 24, 25]  Q:5 M:5 F:5
 11635. [5, 7, 8, 10, 12, 13, 15, 17, 18, 19, 20, 21, 22, 23, 24]  Q:5 M:5 F:5
 11636. [5, 7, 8, 10, 12, 13, 15, 17, 18, 19, 20, 21, 22, 23, 25]  Q:5 M:5 F:5
 11637. [5, 7, 8, 10, 12, 13, 15, 17, 18, 19, 20, 21, 23, 24, 25]  Q:5 M:5 F:5
 11638. [5, 7, 8, 10, 12, 13, 15, 18, 19, 20, 21, 22, 23, 24, 25]  Q:5 M:5 F:5
 11639. [5, 7, 8, 10, 13, 15, 17, 18, 19, 20, 21, 22, 23, 24, 25]  Q:5 M:5 F:5
 11640. [5, 7, 10, 12, 13, 15, 17, 18, 19, 20, 21, 22, 23, 24, 25]  Q:5 M:5 F:5
 11641. [5, 7, 8, 10, 12, 13, 16, 17, 18, 19, 20, 21, 22, 23, 24]  Q:5 M:5 F:5
 11642. [5, 7, 8, 10, 12, 13, 16, 17, 18, 19, 20, 21, 22, 23, 25]  Q:5 M:5 F:5
 11643. [5, 7, 8, 10, 12, 13, 16, 17, 18, 19, 20, 21, 23, 24, 25]  Q:5 M:5 F:5
 11644. [5, 7, 8, 10, 12, 13, 16, 18, 19, 20, 21, 22, 23, 24, 25]  Q:5 M:5 F:5
 11645. [5, 7, 8, 10, 13, 16, 17, 18, 19, 20, 21, 22, 23, 24, 25]  Q:5 M:5 F:5
 11646. [5, 7, 10, 12, 13, 16, 17, 18, 19, 20, 21, 22, 23, 24, 25]  Q:5 M:5 F:5
 11647. [5, 7, 8, 10, 12, 14, 15, 16, 17, 18, 20, 21, 22, 23, 24]  Q:5 M:5 F:5
 11648. [5, 7, 8, 10, 12, 14, 15, 16, 17, 18, 20, 21, 22, 23, 25]  Q:5 M:5 F:5
 11649. [5, 7, 8, 10, 12, 14, 15, 16, 17, 18, 20, 21, 23, 24, 25]  Q:5 M:5 F:5
 11650. [5, 7, 8, 10, 12, 14, 15, 16, 18, 20, 21, 22, 23, 24, 25]  Q:5 M:5 F:5
 11651. [5, 7, 8, 10, 14, 15, 16, 17, 18, 20, 21, 22, 23, 24, 25]  Q:5 M:5 F:5
 11652. [5, 7, 10, 12, 14, 15, 16, 17, 18, 20, 21, 22, 23, 24, 25]  Q:5 M:5 F:5
 11653. [5, 7, 8, 10, 12, 14, 15, 16, 17, 19, 20, 21, 22, 23, 24]  Q:5 M:5 F:5
 11654. [5, 7, 8, 10, 12, 14, 15, 16, 17, 19, 20, 21, 22, 23, 25]  Q:5 M:5 F:5
 11655. [5, 7, 8, 10, 12, 14, 15, 16, 17, 19, 20, 21, 23, 24, 25]  Q:5 M:5 F:5
 11656. [5, 7, 8, 10, 12, 14, 15, 16, 19, 20, 21, 22, 23, 24, 25]  Q:5 M:5 F:5
 11657. [5, 7, 8, 10, 14, 15, 16, 17, 19, 20, 21, 22, 23, 24, 25]  Q:5 M:5 F:5
 11658. [5, 7, 10, 12, 14, 15, 16, 17, 19, 20, 21, 22, 23, 24, 25]  Q:5 M:5 F:5
 11659. [5, 7, 8, 10, 12, 14, 15, 17, 18, 19, 20, 21, 22, 23, 24]  Q:5 M:5 F:5
 11660. [5, 7, 8, 10, 12, 14, 15, 17, 18, 19, 20, 21, 22, 23, 25]  Q:5 M:5 F:5
 11661. [5, 7, 8, 10, 12, 14, 15, 17, 18, 19, 20, 21, 23, 24, 25]  Q:5 M:5 F:5
 11662. [5, 7, 8, 10, 12, 14, 15, 18, 19, 20, 21, 22, 23, 24, 25]  Q:5 M:5 F:5
 11663. [5, 7, 8, 10, 14, 15, 17, 18, 19, 20, 21, 22, 23, 24, 25]  Q:5 M:5 F:5
 11664. [5, 7, 10, 12, 14, 15, 17, 18, 19, 20, 21, 22, 23, 24, 25]  Q:5 M:5 F:5
 11665. [5, 7, 8, 10, 12, 14, 16, 17, 18, 19, 20, 21, 22, 23, 24]  Q:5 M:5 F:5
 11666. [5, 7, 8, 10, 12, 14, 16, 17, 18, 19, 20, 21, 22, 23, 25]  Q:5 M:5 F:5
 11667. [5, 7, 8, 10, 12, 14, 16, 17, 18, 19, 20, 21, 23, 24, 25]  Q:5 M:5 F:5
 11668. [5, 7, 8, 10, 12, 14, 16, 18, 19, 20, 21, 22, 23, 24, 25]  Q:5 M:5 F:5
 11669. [5, 7, 8, 10, 14, 16, 17, 18, 19, 20, 21, 22, 23, 24, 25]  Q:5 M:5 F:5
 11670. [5, 7, 10, 12, 14, 16, 17, 18, 19, 20, 21, 22, 23, 24, 25]  Q:5 M:5 F:5
 11671. [5, 7, 8, 10, 12, 15, 16, 17, 18, 19, 20, 21, 22, 23, 24]  Q:5 M:5 F:5
 11672. [5, 7, 8, 10, 12, 15, 16, 17, 18, 19, 20, 21, 22, 23, 25]  Q:5 M:5 F:5
 11673. [5, 7, 8, 10, 12, 15, 16, 17, 18, 19, 20, 21, 23, 24, 25]  Q:5 M:5 F:5
 11674. [5, 7, 8, 10, 12, 15, 16, 18, 19, 20, 21, 22, 23, 24, 25]  Q:5 M:5 F:5
 11675. [5, 7, 8, 10, 15, 16, 17, 18, 19, 20, 21, 22, 23, 24, 25]  Q:5 M:5 F:5
 11676. [5, 7, 10, 12, 15, 16, 17, 18, 19, 20, 21, 22, 23, 24, 25]  Q:5 M:5 F:5
 11677. [5, 8, 9, 10, 11, 12, 13, 14, 15, 17, 20, 21, 22, 23, 24]  Q:5 M:5 F:5
 11678. [5, 8, 9, 10, 11, 12, 13, 14, 15, 17, 20, 21, 22, 23, 25]  Q:5 M:5 F:5
 11679. [5, 8, 9, 10, 11, 12, 13, 14, 15, 17, 20, 21, 23, 24, 25]  Q:5 M:5 F:5
 11680. [5, 8, 9, 10, 11, 12, 13, 14, 15, 20, 21, 22, 23, 24, 25]  Q:5 M:5 F:5
 11681. [5, 8, 9, 10, 11, 13, 14, 15, 17, 20, 21, 22, 23, 24, 25]  Q:5 M:5 F:5
 11682. [5, 9, 10, 11, 12, 13, 14, 15, 17, 20, 21, 22, 23, 24, 25]  Q:5 M:5 F:5
 11683. [5, 8, 9, 10, 11, 12, 13, 14, 16, 17, 20, 21, 22, 23, 24]  Q:5 M:5 F:5
 11684. [5, 8, 9, 10, 11, 12, 13, 14, 16, 17, 20, 21, 22, 23, 25]  Q:5 M:5 F:5
 11685. [5, 8, 9, 10, 11, 12, 13, 14, 16, 17, 20, 21, 23, 24, 25]  Q:5 M:5 F:5
 11686. [5, 8, 9, 10, 11, 12, 13, 14, 16, 20, 21, 22, 23, 24, 25]  Q:5 M:5 F:5
 11687. [5, 8, 9, 10, 11, 13, 14, 16, 17, 20, 21, 22, 23, 24, 25]  Q:5 M:5 F:5
 11688. [5, 9, 10, 11, 12, 13, 14, 16, 17, 20, 21, 22, 23, 24, 25]  Q:5 M:5 F:5
 11689. [5, 8, 9, 10, 11, 12, 13, 14, 17, 18, 20, 21, 22, 23, 24]  Q:5 M:5 F:5
 11690. [5, 8, 9, 10, 11, 12, 13, 14, 17, 18, 20, 21, 22, 23, 25]  Q:5 M:5 F:5
 11691. [5, 8, 9, 10, 11, 12, 13, 14, 17, 18, 20, 21, 23, 24, 25]  Q:5 M:5 F:5
 11692. [5, 8, 9, 10, 11, 12, 13, 14, 18, 20, 21, 22, 23, 24, 25]  Q:5 M:5 F:5
 11693. [5, 8, 9, 10, 11, 13, 14, 17, 18, 20, 21, 22, 23, 24, 25]  Q:5 M:5 F:5
 11694. [5, 9, 10, 11, 12, 13, 14, 17, 18, 20, 21, 22, 23, 24, 25]  Q:5 M:5 F:5
 11695. [5, 8, 9, 10, 11, 12, 13, 14, 17, 19, 20, 21, 22, 23, 24]  Q:5 M:5 F:5
 11696. [5, 8, 9, 10, 11, 12, 13, 14, 17, 19, 20, 21, 22, 23, 25]  Q:5 M:5 F:5
 11697. [5, 8, 9, 10, 11, 12, 13, 14, 17, 19, 20, 21, 23, 24, 25]  Q:5 M:5 F:5
 11698. [5, 8, 9, 10, 11, 12, 13, 14, 19, 20, 21, 22, 23, 24, 25]  Q:5 M:5 F:5
 11699. [5, 8, 9, 10, 11, 13, 14, 17, 19, 20, 21, 22, 23, 24, 25]  Q:5 M:5 F:5
 11700. [5, 9, 10, 11, 12, 13, 14, 17, 19, 20, 21, 22, 23, 24, 25]  Q:5 M:5 F:5
 11701. [5, 8, 9, 10, 11, 12, 13, 15, 16, 17, 20, 21, 22, 23, 24]  Q:5 M:5 F:5
 11702. [5, 8, 9, 10, 11, 12, 13, 15, 16, 17, 20, 21, 22, 23, 25]  Q:5 M:5 F:5
 11703. [5, 8, 9, 10, 11, 12, 13, 15, 16, 17, 20, 21, 23, 24, 25]  Q:5 M:5 F:5
 11704. [5, 8, 9, 10, 11, 12, 13, 15, 16, 20, 21, 22, 23, 24, 25]  Q:5 M:5 F:5
 11705. [5, 8, 9, 10, 11, 13, 15, 16, 17, 20, 21, 22, 23, 24, 25]  Q:5 M:5 F:5
 11706. [5, 9, 10, 11, 12, 13, 15, 16, 17, 20, 21, 22, 23, 24, 25]  Q:5 M:5 F:5
 11707. [5, 8, 9, 10, 11, 12, 13, 15, 17, 18, 20, 21, 22, 23, 24]  Q:5 M:5 F:5
 11708. [5, 8, 9, 10, 11, 12, 13, 15, 17, 18, 20, 21, 22, 23, 25]  Q:5 M:5 F:5
 11709. [5, 8, 9, 10, 11, 12, 13, 15, 17, 18, 20, 21, 23, 24, 25]  Q:5 M:5 F:5
 11710. [5, 8, 9, 10, 11, 12, 13, 15, 18, 20, 21, 22, 23, 24, 25]  Q:5 M:5 F:5
 11711. [5, 8, 9, 10, 11, 13, 15, 17, 18, 20, 21, 22, 23, 24, 25]  Q:5 M:5 F:5
 11712. [5, 9, 10, 11, 12, 13, 15, 17, 18, 20, 21, 22, 23, 24, 25]  Q:5 M:5 F:5
 11713. [5, 8, 9, 10, 11, 12, 13, 15, 17, 19, 20, 21, 22, 23, 24]  Q:5 M:5 F:5
 11714. [5, 8, 9, 10, 11, 12, 13, 15, 17, 19, 20, 21, 22, 23, 25]  Q:5 M:5 F:5
 11715. [5, 8, 9, 10, 11, 12, 13, 15, 17, 19, 20, 21, 23, 24, 25]  Q:5 M:5 F:5
 11716. [5, 8, 9, 10, 11, 12, 13, 15, 19, 20, 21, 22, 23, 24, 25]  Q:5 M:5 F:5
 11717. [5, 8, 9, 10, 11, 13, 15, 17, 19, 20, 21, 22, 23, 24, 25]  Q:5 M:5 F:5
 11718. [5, 9, 10, 11, 12, 13, 15, 17, 19, 20, 21, 22, 23, 24, 25]  Q:5 M:5 F:5
 11719. [5, 8, 9, 10, 11, 12, 13, 16, 17, 18, 20, 21, 22, 23, 24]  Q:5 M:5 F:5
 11720. [5, 8, 9, 10, 11, 12, 13, 16, 17, 18, 20, 21, 22, 23, 25]  Q:5 M:5 F:5
 11721. [5, 8, 9, 10, 11, 12, 13, 16, 17, 18, 20, 21, 23, 24, 25]  Q:5 M:5 F:5
 11722. [5, 8, 9, 10, 11, 12, 13, 16, 18, 20, 21, 22, 23, 24, 25]  Q:5 M:5 F:5
 11723. [5, 8, 9, 10, 11, 13, 16, 17, 18, 20, 21, 22, 23, 24, 25]  Q:5 M:5 F:5
 11724. [5, 9, 10, 11, 12, 13, 16, 17, 18, 20, 21, 22, 23, 24, 25]  Q:5 M:5 F:5
 11725. [5, 8, 9, 10, 11, 12, 13, 16, 17, 19, 20, 21, 22, 23, 24]  Q:5 M:5 F:5
 11726. [5, 8, 9, 10, 11, 12, 13, 16, 17, 19, 20, 21, 22, 23, 25]  Q:5 M:5 F:5
 11727. [5, 8, 9, 10, 11, 12, 13, 16, 17, 19, 20, 21, 23, 24, 25]  Q:5 M:5 F:5
 11728. [5, 8, 9, 10, 11, 12, 13, 16, 19, 20, 21, 22, 23, 24, 25]  Q:5 M:5 F:5
 11729. [5, 8, 9, 10, 11, 13, 16, 17, 19, 20, 21, 22, 23, 24, 25]  Q:5 M:5 F:5
 11730. [5, 9, 10, 11, 12, 13, 16, 17, 19, 20, 21, 22, 23, 24, 25]  Q:5 M:5 F:5
 11731. [5, 8, 9, 10, 11, 12, 13, 17, 18, 19, 20, 21, 22, 23, 24]  Q:5 M:5 F:5
 11732. [5, 8, 9, 10, 11, 12, 13, 17, 18, 19, 20, 21, 22, 23, 25]  Q:5 M:5 F:5
 11733. [5, 8, 9, 10, 11, 12, 13, 17, 18, 19, 20, 21, 23, 24, 25]  Q:5 M:5 F:5
 11734. [5, 8, 9, 10, 11, 12, 13, 18, 19, 20, 21, 22, 23, 24, 25]  Q:5 M:5 F:5
 11735. [5, 8, 9, 10, 11, 13, 17, 18, 19, 20, 21, 22, 23, 24, 25]  Q:5 M:5 F:5
 11736. [5, 9, 10, 11, 12, 13, 17, 18, 19, 20, 21, 22, 23, 24, 25]  Q:5 M:5 F:5
 11737. [5, 8, 9, 10, 11, 12, 14, 15, 16, 17, 20, 21, 22, 23, 24]  Q:5 M:5 F:5
 11738. [5, 8, 9, 10, 11, 12, 14, 15, 16, 17, 20, 21, 22, 23, 25]  Q:5 M:5 F:5
 11739. [5, 8, 9, 10, 11, 12, 14, 15, 16, 17, 20, 21, 23, 24, 25]  Q:5 M:5 F:5
 11740. [5, 8, 9, 10, 11, 12, 14, 15, 16, 20, 21, 22, 23, 24, 25]  Q:5 M:5 F:5
 11741. [5, 8, 9, 10, 11, 14, 15, 16, 17, 20, 21, 22, 23, 24, 25]  Q:5 M:5 F:5
 11742. [5, 9, 10, 11, 12, 14, 15, 16, 17, 20, 21, 22, 23, 24, 25]  Q:5 M:5 F:5
 11743. [5, 8, 9, 10, 11, 12, 14, 15, 17, 18, 20, 21, 22, 23, 24]  Q:5 M:5 F:5
 11744. [5, 8, 9, 10, 11, 12, 14, 15, 17, 18, 20, 21, 22, 23, 25]  Q:5 M:5 F:5
 11745. [5, 8, 9, 10, 11, 12, 14, 15, 17, 18, 20, 21, 23, 24, 25]  Q:5 M:5 F:5
 11746. [5, 8, 9, 10, 11, 12, 14, 15, 18, 20, 21, 22, 23, 24, 25]  Q:5 M:5 F:5
 11747. [5, 8, 9, 10, 11, 14, 15, 17, 18, 20, 21, 22, 23, 24, 25]  Q:5 M:5 F:5
 11748. [5, 9, 10, 11, 12, 14, 15, 17, 18, 20, 21, 22, 23, 24, 25]  Q:5 M:5 F:5
 11749. [5, 8, 9, 10, 11, 12, 14, 15, 17, 19, 20, 21, 22, 23, 24]  Q:5 M:5 F:5
 11750. [5, 8, 9, 10, 11, 12, 14, 15, 17, 19, 20, 21, 22, 23, 25]  Q:5 M:5 F:5
 11751. [5, 8, 9, 10, 11, 12, 14, 15, 17, 19, 20, 21, 23, 24, 25]  Q:5 M:5 F:5
 11752. [5, 8, 9, 10, 11, 12, 14, 15, 19, 20, 21, 22, 23, 24, 25]  Q:5 M:5 F:5
 11753. [5, 8, 9, 10, 11, 14, 15, 17, 19, 20, 21, 22, 23, 24, 25]  Q:5 M:5 F:5
 11754. [5, 9, 10, 11, 12, 14, 15, 17, 19, 20, 21, 22, 23, 24, 25]  Q:5 M:5 F:5
 11755. [5, 8, 9, 10, 11, 12, 14, 16, 17, 18, 20, 21, 22, 23, 24]  Q:5 M:5 F:5
 11756. [5, 8, 9, 10, 11, 12, 14, 16, 17, 18, 20, 21, 22, 23, 25]  Q:5 M:5 F:5
 11757. [5, 8, 9, 10, 11, 12, 14, 16, 17, 18, 20, 21, 23, 24, 25]  Q:5 M:5 F:5
 11758. [5, 8, 9, 10, 11, 12, 14, 16, 18, 20, 21, 22, 23, 24, 25]  Q:5 M:5 F:5
 11759. [5, 8, 9, 10, 11, 14, 16, 17, 18, 20, 21, 22, 23, 24, 25]  Q:5 M:5 F:5
 11760. [5, 9, 10, 11, 12, 14, 16, 17, 18, 20, 21, 22, 23, 24, 25]  Q:5 M:5 F:5
 11761. [5, 8, 9, 10, 11, 12, 14, 16, 17, 19, 20, 21, 22, 23, 24]  Q:5 M:5 F:5
 11762. [5, 8, 9, 10, 11, 12, 14, 16, 17, 19, 20, 21, 22, 23, 25]  Q:5 M:5 F:5
 11763. [5, 8, 9, 10, 11, 12, 14, 16, 17, 19, 20, 21, 23, 24, 25]  Q:5 M:5 F:5
 11764. [5, 8, 9, 10, 11, 12, 14, 16, 19, 20, 21, 22, 23, 24, 25]  Q:5 M:5 F:5
 11765. [5, 8, 9, 10, 11, 14, 16, 17, 19, 20, 21, 22, 23, 24, 25]  Q:5 M:5 F:5
 11766. [5, 9, 10, 11, 12, 14, 16, 17, 19, 20, 21, 22, 23, 24, 25]  Q:5 M:5 F:5
 11767. [5, 8, 9, 10, 11, 12, 14, 17, 18, 19, 20, 21, 22, 23, 24]  Q:5 M:5 F:5
 11768. [5, 8, 9, 10, 11, 12, 14, 17, 18, 19, 20, 21, 22, 23, 25]  Q:5 M:5 F:5
 11769. [5, 8, 9, 10, 11, 12, 14, 17, 18, 19, 20, 21, 23, 24, 25]  Q:5 M:5 F:5
 11770. [5, 8, 9, 10, 11, 12, 14, 18, 19, 20, 21, 22, 23, 24, 25]  Q:5 M:5 F:5
 11771. [5, 8, 9, 10, 11, 14, 17, 18, 19, 20, 21, 22, 23, 24, 25]  Q:5 M:5 F:5
 11772. [5, 9, 10, 11, 12, 14, 17, 18, 19, 20, 21, 22, 23, 24, 25]  Q:5 M:5 F:5
 11773. [5, 8, 9, 10, 11, 12, 15, 16, 17, 18, 20, 21, 22, 23, 24]  Q:5 M:5 F:5
 11774. [5, 8, 9, 10, 11, 12, 15, 16, 17, 18, 20, 21, 22, 23, 25]  Q:5 M:5 F:5
 11775. [5, 8, 9, 10, 11, 12, 15, 16, 17, 18, 20, 21, 23, 24, 25]  Q:5 M:5 F:5
 11776. [5, 8, 9, 10, 11, 12, 15, 16, 18, 20, 21, 22, 23, 24, 25]  Q:5 M:5 F:5
 11777. [5, 8, 9, 10, 11, 15, 16, 17, 18, 20, 21, 22, 23, 24, 25]  Q:5 M:5 F:5
 11778. [5, 9, 10, 11, 12, 15, 16, 17, 18, 20, 21, 22, 23, 24, 25]  Q:5 M:5 F:5
 11779. [5, 8, 9, 10, 11, 12, 15, 16, 17, 19, 20, 21, 22, 23, 24]  Q:5 M:5 F:5
 11780. [5, 8, 9, 10, 11, 12, 15, 16, 17, 19, 20, 21, 22, 23, 25]  Q:5 M:5 F:5
 11781. [5, 8, 9, 10, 11, 12, 15, 16, 17, 19, 20, 21, 23, 24, 25]  Q:5 M:5 F:5
 11782. [5, 8, 9, 10, 11, 12, 15, 16, 19, 20, 21, 22, 23, 24, 25]  Q:5 M:5 F:5
 11783. [5, 8, 9, 10, 11, 15, 16, 17, 19, 20, 21, 22, 23, 24, 25]  Q:5 M:5 F:5
 11784. [5, 9, 10, 11, 12, 15, 16, 17, 19, 20, 21, 22, 23, 24, 25]  Q:5 M:5 F:5
 11785. [5, 8, 9, 10, 11, 12, 15, 17, 18, 19, 20, 21, 22, 23, 24]  Q:5 M:5 F:5
 11786. [5, 8, 9, 10, 11, 12, 15, 17, 18, 19, 20, 21, 22, 23, 25]  Q:5 M:5 F:5
 11787. [5, 8, 9, 10, 11, 12, 15, 17, 18, 19, 20, 21, 23, 24, 25]  Q:5 M:5 F:5
 11788. [5, 8, 9, 10, 11, 12, 15, 18, 19, 20, 21, 22, 23, 24, 25]  Q:5 M:5 F:5
 11789. [5, 8, 9, 10, 11, 15, 17, 18, 19, 20, 21, 22, 23, 24, 25]  Q:5 M:5 F:5
 11790. [5, 9, 10, 11, 12, 15, 17, 18, 19, 20, 21, 22, 23, 24, 25]  Q:5 M:5 F:5
 11791. [5, 8, 9, 10, 11, 12, 16, 17, 18, 19, 20, 21, 22, 23, 24]  Q:5 M:5 F:5
 11792. [5, 8, 9, 10, 11, 12, 16, 17, 18, 19, 20, 21, 22, 23, 25]  Q:5 M:5 F:5
 11793. [5, 8, 9, 10, 11, 12, 16, 17, 18, 19, 20, 21, 23, 24, 25]  Q:5 M:5 F:5
 11794. [5, 8, 9, 10, 11, 12, 16, 18, 19, 20, 21, 22, 23, 24, 25]  Q:5 M:5 F:5
 11795. [5, 8, 9, 10, 11, 16, 17, 18, 19, 20, 21, 22, 23, 24, 25]  Q:5 M:5 F:5
 11796. [5, 9, 10, 11, 12, 16, 17, 18, 19, 20, 21, 22, 23, 24, 25]  Q:5 M:5 F:5
 11797. [5, 8, 9, 10, 12, 13, 14, 15, 16, 17, 20, 21, 22, 23, 24]  Q:5 M:5 F:5
 11798. [5, 8, 9, 10, 12, 13, 14, 15, 16, 17, 20, 21, 22, 23, 25]  Q:5 M:5 F:5
 11799. [5, 8, 9, 10, 12, 13, 14, 15, 16, 17, 20, 21, 23, 24, 25]  Q:5 M:5 F:5
 11800. [5, 8, 9, 10, 12, 13, 14, 15, 16, 20, 21, 22, 23, 24, 25]  Q:5 M:5 F:5
 11801. [5, 8, 9, 10, 13, 14, 15, 16, 17, 20, 21, 22, 23, 24, 25]  Q:5 M:5 F:5
 11802. [5, 9, 10, 12, 13, 14, 15, 16, 17, 20, 21, 22, 23, 24, 25]  Q:5 M:5 F:5
 11803. [5, 8, 9, 10, 12, 13, 14, 15, 17, 18, 20, 21, 22, 23, 24]  Q:5 M:5 F:5
 11804. [5, 8, 9, 10, 12, 13, 14, 15, 17, 18, 20, 21, 22, 23, 25]  Q:5 M:5 F:5
 11805. [5, 8, 9, 10, 12, 13, 14, 15, 17, 18, 20, 21, 23, 24, 25]  Q:5 M:5 F:5
 11806. [5, 8, 9, 10, 12, 13, 14, 15, 18, 20, 21, 22, 23, 24, 25]  Q:5 M:5 F:5
 11807. [5, 8, 9, 10, 13, 14, 15, 17, 18, 20, 21, 22, 23, 24, 25]  Q:5 M:5 F:5
 11808. [5, 9, 10, 12, 13, 14, 15, 17, 18, 20, 21, 22, 23, 24, 25]  Q:5 M:5 F:5
 11809. [5, 8, 9, 10, 12, 13, 14, 15, 17, 19, 20, 21, 22, 23, 24]  Q:5 M:5 F:5
 11810. [5, 8, 9, 10, 12, 13, 14, 15, 17, 19, 20, 21, 22, 23, 25]  Q:5 M:5 F:5
 11811. [5, 8, 9, 10, 12, 13, 14, 15, 17, 19, 20, 21, 23, 24, 25]  Q:5 M:5 F:5
 11812. [5, 8, 9, 10, 12, 13, 14, 15, 19, 20, 21, 22, 23, 24, 25]  Q:5 M:5 F:5
 11813. [5, 8, 9, 10, 13, 14, 15, 17, 19, 20, 21, 22, 23, 24, 25]  Q:5 M:5 F:5
 11814. [5, 9, 10, 12, 13, 14, 15, 17, 19, 20, 21, 22, 23, 24, 25]  Q:5 M:5 F:5
 11815. [5, 8, 9, 10, 12, 13, 14, 16, 17, 18, 20, 21, 22, 23, 24]  Q:5 M:5 F:5
 11816. [5, 8, 9, 10, 12, 13, 14, 16, 17, 18, 20, 21, 22, 23, 25]  Q:5 M:5 F:5
 11817. [5, 8, 9, 10, 12, 13, 14, 16, 17, 18, 20, 21, 23, 24, 25]  Q:5 M:5 F:5
 11818. [5, 8, 9, 10, 12, 13, 14, 16, 18, 20, 21, 22, 23, 24, 25]  Q:5 M:5 F:5
 11819. [5, 8, 9, 10, 13, 14, 16, 17, 18, 20, 21, 22, 23, 24, 25]  Q:5 M:5 F:5
 11820. [5, 9, 10, 12, 13, 14, 16, 17, 18, 20, 21, 22, 23, 24, 25]  Q:5 M:5 F:5
 11821. [5, 8, 9, 10, 12, 13, 14, 16, 17, 19, 20, 21, 22, 23, 24]  Q:5 M:5 F:5
 11822. [5, 8, 9, 10, 12, 13, 14, 16, 17, 19, 20, 21, 22, 23, 25]  Q:5 M:5 F:5
 11823. [5, 8, 9, 10, 12, 13, 14, 16, 17, 19, 20, 21, 23, 24, 25]  Q:5 M:5 F:5
 11824. [5, 8, 9, 10, 12, 13, 14, 16, 19, 20, 21, 22, 23, 24, 25]  Q:5 M:5 F:5
 11825. [5, 8, 9, 10, 13, 14, 16, 17, 19, 20, 21, 22, 23, 24, 25]  Q:5 M:5 F:5
 11826. [5, 9, 10, 12, 13, 14, 16, 17, 19, 20, 21, 22, 23, 24, 25]  Q:5 M:5 F:5
 11827. [5, 8, 9, 10, 12, 13, 14, 17, 18, 19, 20, 21, 22, 23, 24]  Q:5 M:5 F:5
 11828. [5, 8, 9, 10, 12, 13, 14, 17, 18, 19, 20, 21, 22, 23, 25]  Q:5 M:5 F:5
 11829. [5, 8, 9, 10, 12, 13, 14, 17, 18, 19, 20, 21, 23, 24, 25]  Q:5 M:5 F:5
 11830. [5, 8, 9, 10, 12, 13, 14, 18, 19, 20, 21, 22, 23, 24, 25]  Q:5 M:5 F:5
 11831. [5, 8, 9, 10, 13, 14, 17, 18, 19, 20, 21, 22, 23, 24, 25]  Q:5 M:5 F:5
 11832. [5, 9, 10, 12, 13, 14, 17, 18, 19, 20, 21, 22, 23, 24, 25]  Q:5 M:5 F:5
 11833. [5, 8, 9, 10, 12, 13, 15, 16, 17, 18, 20, 21, 22, 23, 24]  Q:5 M:5 F:5
 11834. [5, 8, 9, 10, 12, 13, 15, 16, 17, 18, 20, 21, 22, 23, 25]  Q:5 M:5 F:5
 11835. [5, 8, 9, 10, 12, 13, 15, 16, 17, 18, 20, 21, 23, 24, 25]  Q:5 M:5 F:5
 11836. [5, 8, 9, 10, 12, 13, 15, 16, 18, 20, 21, 22, 23, 24, 25]  Q:5 M:5 F:5
 11837. [5, 8, 9, 10, 13, 15, 16, 17, 18, 20, 21, 22, 23, 24, 25]  Q:5 M:5 F:5
 11838. [5, 9, 10, 12, 13, 15, 16, 17, 18, 20, 21, 22, 23, 24, 25]  Q:5 M:5 F:5
 11839. [5, 8, 9, 10, 12, 13, 15, 16, 17, 19, 20, 21, 22, 23, 24]  Q:5 M:5 F:5
 11840. [5, 8, 9, 10, 12, 13, 15, 16, 17, 19, 20, 21, 22, 23, 25]  Q:5 M:5 F:5
 11841. [5, 8, 9, 10, 12, 13, 15, 16, 17, 19, 20, 21, 23, 24, 25]  Q:5 M:5 F:5
 11842. [5, 8, 9, 10, 12, 13, 15, 16, 19, 20, 21, 22, 23, 24, 25]  Q:5 M:5 F:5
 11843. [5, 8, 9, 10, 13, 15, 16, 17, 19, 20, 21, 22, 23, 24, 25]  Q:5 M:5 F:5
 11844. [5, 9, 10, 12, 13, 15, 16, 17, 19, 20, 21, 22, 23, 24, 25]  Q:5 M:5 F:5
 11845. [5, 8, 9, 10, 12, 13, 15, 17, 18, 19, 20, 21, 22, 23, 24]  Q:5 M:5 F:5
 11846. [5, 8, 9, 10, 12, 13, 15, 17, 18, 19, 20, 21, 22, 23, 25]  Q:5 M:5 F:5
 11847. [5, 8, 9, 10, 12, 13, 15, 17, 18, 19, 20, 21, 23, 24, 25]  Q:5 M:5 F:5
 11848. [5, 8, 9, 10, 12, 13, 15, 18, 19, 20, 21, 22, 23, 24, 25]  Q:5 M:5 F:5
 11849. [5, 8, 9, 10, 13, 15, 17, 18, 19, 20, 21, 22, 23, 24, 25]  Q:5 M:5 F:5
 11850. [5, 9, 10, 12, 13, 15, 17, 18, 19, 20, 21, 22, 23, 24, 25]  Q:5 M:5 F:5
 11851. [5, 8, 9, 10, 12, 13, 16, 17, 18, 19, 20, 21, 22, 23, 24]  Q:5 M:5 F:5
 11852. [5, 8, 9, 10, 12, 13, 16, 17, 18, 19, 20, 21, 22, 23, 25]  Q:5 M:5 F:5
 11853. [5, 8, 9, 10, 12, 13, 16, 17, 18, 19, 20, 21, 23, 24, 25]  Q:5 M:5 F:5
 11854. [5, 8, 9, 10, 12, 13, 16, 18, 19, 20, 21, 22, 23, 24, 25]  Q:5 M:5 F:5
 11855. [5, 8, 9, 10, 13, 16, 17, 18, 19, 20, 21, 22, 23, 24, 25]  Q:5 M:5 F:5
 11856. [5, 9, 10, 12, 13, 16, 17, 18, 19, 20, 21, 22, 23, 24, 25]  Q:5 M:5 F:5
 11857. [5, 8, 9, 10, 12, 14, 15, 16, 17, 18, 20, 21, 22, 23, 24]  Q:5 M:5 F:5
 11858. [5, 8, 9, 10, 12, 14, 15, 16, 17, 18, 20, 21, 22, 23, 25]  Q:5 M:5 F:5
 11859. [5, 8, 9, 10, 12, 14, 15, 16, 17, 18, 20, 21, 23, 24, 25]  Q:5 M:5 F:5
 11860. [5, 8, 9, 10, 12, 14, 15, 16, 18, 20, 21, 22, 23, 24, 25]  Q:5 M:5 F:5
 11861. [5, 8, 9, 10, 14, 15, 16, 17, 18, 20, 21, 22, 23, 24, 25]  Q:5 M:5 F:5
 11862. [5, 9, 10, 12, 14, 15, 16, 17, 18, 20, 21, 22, 23, 24, 25]  Q:5 M:5 F:5
 11863. [5, 8, 9, 10, 12, 14, 15, 16, 17, 19, 20, 21, 22, 23, 24]  Q:5 M:5 F:5
 11864. [5, 8, 9, 10, 12, 14, 15, 16, 17, 19, 20, 21, 22, 23, 25]  Q:5 M:5 F:5
 11865. [5, 8, 9, 10, 12, 14, 15, 16, 17, 19, 20, 21, 23, 24, 25]  Q:5 M:5 F:5
 11866. [5, 8, 9, 10, 12, 14, 15, 16, 19, 20, 21, 22, 23, 24, 25]  Q:5 M:5 F:5
 11867. [5, 8, 9, 10, 14, 15, 16, 17, 19, 20, 21, 22, 23, 24, 25]  Q:5 M:5 F:5
 11868. [5, 9, 10, 12, 14, 15, 16, 17, 19, 20, 21, 22, 23, 24, 25]  Q:5 M:5 F:5
 11869. [5, 8, 9, 10, 12, 14, 15, 17, 18, 19, 20, 21, 22, 23, 24]  Q:5 M:5 F:5
 11870. [5, 8, 9, 10, 12, 14, 15, 17, 18, 19, 20, 21, 22, 23, 25]  Q:5 M:5 F:5
 11871. [5, 8, 9, 10, 12, 14, 15, 17, 18, 19, 20, 21, 23, 24, 25]  Q:5 M:5 F:5
 11872. [5, 8, 9, 10, 12, 14, 15, 18, 19, 20, 21, 22, 23, 24, 25]  Q:5 M:5 F:5
 11873. [5, 8, 9, 10, 14, 15, 17, 18, 19, 20, 21, 22, 23, 24, 25]  Q:5 M:5 F:5
 11874. [5, 9, 10, 12, 14, 15, 17, 18, 19, 20, 21, 22, 23, 24, 25]  Q:5 M:5 F:5
 11875. [5, 8, 9, 10, 12, 14, 16, 17, 18, 19, 20, 21, 22, 23, 24]  Q:5 M:5 F:5
 11876. [5, 8, 9, 10, 12, 14, 16, 17, 18, 19, 20, 21, 22, 23, 25]  Q:5 M:5 F:5
 11877. [5, 8, 9, 10, 12, 14, 16, 17, 18, 19, 20, 21, 23, 24, 25]  Q:5 M:5 F:5
 11878. [5, 8, 9, 10, 12, 14, 16, 18, 19, 20, 21, 22, 23, 24, 25]  Q:5 M:5 F:5
 11879. [5, 8, 9, 10, 14, 16, 17, 18, 19, 20, 21, 22, 23, 24, 25]  Q:5 M:5 F:5
 11880. [5, 9, 10, 12, 14, 16, 17, 18, 19, 20, 21, 22, 23, 24, 25]  Q:5 M:5 F:5
 11881. [5, 8, 9, 10, 12, 15, 16, 17, 18, 19, 20, 21, 22, 23, 24]  Q:5 M:5 F:5
 11882. [5, 8, 9, 10, 12, 15, 16, 17, 18, 19, 20, 21, 22, 23, 25]  Q:5 M:5 F:5
 11883. [5, 8, 9, 10, 12, 15, 16, 17, 18, 19, 20, 21, 23, 24, 25]  Q:5 M:5 F:5
 11884. [5, 8, 9, 10, 12, 15, 16, 18, 19, 20, 21, 22, 23, 24, 25]  Q:5 M:5 F:5
 11885. [5, 8, 9, 10, 15, 16, 17, 18, 19, 20, 21, 22, 23, 24, 25]  Q:5 M:5 F:5
 11886. [5, 9, 10, 12, 15, 16, 17, 18, 19, 20, 21, 22, 23, 24, 25]  Q:5 M:5 F:5
 11887. [5, 8, 10, 11, 12, 13, 14, 15, 16, 17, 20, 21, 22, 23, 24]  Q:5 M:5 F:5
 11888. [5, 8, 10, 11, 12, 13, 14, 15, 16, 17, 20, 21, 22, 23, 25]  Q:5 M:5 F:5
 11889. [5, 8, 10, 11, 12, 13, 14, 15, 16, 17, 20, 21, 23, 24, 25]  Q:5 M:5 F:5
 11890. [5, 8, 10, 11, 12, 13, 14, 15, 16, 20, 21, 22, 23, 24, 25]  Q:5 M:5 F:5
 11891. [5, 8, 10, 11, 13, 14, 15, 16, 17, 20, 21, 22, 23, 24, 25]  Q:5 M:5 F:5
 11892. [5, 10, 11, 12, 13, 14, 15, 16, 17, 20, 21, 22, 23, 24, 25]  Q:5 M:5 F:5
 11893. [5, 8, 10, 11, 12, 13, 14, 15, 17, 18, 20, 21, 22, 23, 24]  Q:5 M:5 F:5
 11894. [5, 8, 10, 11, 12, 13, 14, 15, 17, 18, 20, 21, 22, 23, 25]  Q:5 M:5 F:5
 11895. [5, 8, 10, 11, 12, 13, 14, 15, 17, 18, 20, 21, 23, 24, 25]  Q:5 M:5 F:5
 11896. [5, 8, 10, 11, 12, 13, 14, 15, 18, 20, 21, 22, 23, 24, 25]  Q:5 M:5 F:5
 11897. [5, 8, 10, 11, 13, 14, 15, 17, 18, 20, 21, 22, 23, 24, 25]  Q:5 M:5 F:5
 11898. [5, 10, 11, 12, 13, 14, 15, 17, 18, 20, 21, 22, 23, 24, 25]  Q:5 M:5 F:5
 11899. [5, 8, 10, 11, 12, 13, 14, 15, 17, 19, 20, 21, 22, 23, 24]  Q:5 M:5 F:5
 11900. [5, 8, 10, 11, 12, 13, 14, 15, 17, 19, 20, 21, 22, 23, 25]  Q:5 M:5 F:5
 11901. [5, 8, 10, 11, 12, 13, 14, 15, 17, 19, 20, 21, 23, 24, 25]  Q:5 M:5 F:5
 11902. [5, 8, 10, 11, 12, 13, 14, 15, 19, 20, 21, 22, 23, 24, 25]  Q:5 M:5 F:5
 11903. [5, 8, 10, 11, 13, 14, 15, 17, 19, 20, 21, 22, 23, 24, 25]  Q:5 M:5 F:5
 11904. [5, 10, 11, 12, 13, 14, 15, 17, 19, 20, 21, 22, 23, 24, 25]  Q:5 M:5 F:5
 11905. [5, 8, 10, 11, 12, 13, 14, 16, 17, 18, 20, 21, 22, 23, 24]  Q:5 M:5 F:5
 11906. [5, 8, 10, 11, 12, 13, 14, 16, 17, 18, 20, 21, 22, 23, 25]  Q:5 M:5 F:5
 11907. [5, 8, 10, 11, 12, 13, 14, 16, 17, 18, 20, 21, 23, 24, 25]  Q:5 M:5 F:5
 11908. [5, 8, 10, 11, 12, 13, 14, 16, 18, 20, 21, 22, 23, 24, 25]  Q:5 M:5 F:5
 11909. [5, 8, 10, 11, 13, 14, 16, 17, 18, 20, 21, 22, 23, 24, 25]  Q:5 M:5 F:5
 11910. [5, 10, 11, 12, 13, 14, 16, 17, 18, 20, 21, 22, 23, 24, 25]  Q:5 M:5 F:5
 11911. [5, 8, 10, 11, 12, 13, 14, 16, 17, 19, 20, 21, 22, 23, 24]  Q:5 M:5 F:5
 11912. [5, 8, 10, 11, 12, 13, 14, 16, 17, 19, 20, 21, 22, 23, 25]  Q:5 M:5 F:5
 11913. [5, 8, 10, 11, 12, 13, 14, 16, 17, 19, 20, 21, 23, 24, 25]  Q:5 M:5 F:5
 11914. [5, 8, 10, 11, 12, 13, 14, 16, 19, 20, 21, 22, 23, 24, 25]  Q:5 M:5 F:5
 11915. [5, 8, 10, 11, 13, 14, 16, 17, 19, 20, 21, 22, 23, 24, 25]  Q:5 M:5 F:5
 11916. [5, 10, 11, 12, 13, 14, 16, 17, 19, 20, 21, 22, 23, 24, 25]  Q:5 M:5 F:5
 11917. [5, 8, 10, 11, 12, 13, 14, 17, 18, 19, 20, 21, 22, 23, 24]  Q:5 M:5 F:5
 11918. [5, 8, 10, 11, 12, 13, 14, 17, 18, 19, 20, 21, 22, 23, 25]  Q:5 M:5 F:5
 11919. [5, 8, 10, 11, 12, 13, 14, 17, 18, 19, 20, 21, 23, 24, 25]  Q:5 M:5 F:5
 11920. [5, 8, 10, 11, 12, 13, 14, 18, 19, 20, 21, 22, 23, 24, 25]  Q:5 M:5 F:5
 11921. [5, 8, 10, 11, 13, 14, 17, 18, 19, 20, 21, 22, 23, 24, 25]  Q:5 M:5 F:5
 11922. [5, 10, 11, 12, 13, 14, 17, 18, 19, 20, 21, 22, 23, 24, 25]  Q:5 M:5 F:5
 11923. [5, 8, 10, 11, 12, 13, 15, 16, 17, 18, 20, 21, 22, 23, 24]  Q:5 M:5 F:5
 11924. [5, 8, 10, 11, 12, 13, 15, 16, 17, 18, 20, 21, 22, 23, 25]  Q:5 M:5 F:5
 11925. [5, 8, 10, 11, 12, 13, 15, 16, 17, 18, 20, 21, 23, 24, 25]  Q:5 M:5 F:5
 11926. [5, 8, 10, 11, 12, 13, 15, 16, 18, 20, 21, 22, 23, 24, 25]  Q:5 M:5 F:5
 11927. [5, 8, 10, 11, 13, 15, 16, 17, 18, 20, 21, 22, 23, 24, 25]  Q:5 M:5 F:5
 11928. [5, 10, 11, 12, 13, 15, 16, 17, 18, 20, 21, 22, 23, 24, 25]  Q:5 M:5 F:5
 11929. [5, 8, 10, 11, 12, 13, 15, 16, 17, 19, 20, 21, 22, 23, 24]  Q:5 M:5 F:5
 11930. [5, 8, 10, 11, 12, 13, 15, 16, 17, 19, 20, 21, 22, 23, 25]  Q:5 M:5 F:5
 11931. [5, 8, 10, 11, 12, 13, 15, 16, 17, 19, 20, 21, 23, 24, 25]  Q:5 M:5 F:5
 11932. [5, 8, 10, 11, 12, 13, 15, 16, 19, 20, 21, 22, 23, 24, 25]  Q:5 M:5 F:5
 11933. [5, 8, 10, 11, 13, 15, 16, 17, 19, 20, 21, 22, 23, 24, 25]  Q:5 M:5 F:5
 11934. [5, 10, 11, 12, 13, 15, 16, 17, 19, 20, 21, 22, 23, 24, 25]  Q:5 M:5 F:5
 11935. [5, 8, 10, 11, 12, 13, 15, 17, 18, 19, 20, 21, 22, 23, 24]  Q:5 M:5 F:5
 11936. [5, 8, 10, 11, 12, 13, 15, 17, 18, 19, 20, 21, 22, 23, 25]  Q:5 M:5 F:5
 11937. [5, 8, 10, 11, 12, 13, 15, 17, 18, 19, 20, 21, 23, 24, 25]  Q:5 M:5 F:5
 11938. [5, 8, 10, 11, 12, 13, 15, 18, 19, 20, 21, 22, 23, 24, 25]  Q:5 M:5 F:5
 11939. [5, 8, 10, 11, 13, 15, 17, 18, 19, 20, 21, 22, 23, 24, 25]  Q:5 M:5 F:5
 11940. [5, 10, 11, 12, 13, 15, 17, 18, 19, 20, 21, 22, 23, 24, 25]  Q:5 M:5 F:5
 11941. [5, 8, 10, 11, 12, 13, 16, 17, 18, 19, 20, 21, 22, 23, 24]  Q:5 M:5 F:5
 11942. [5, 8, 10, 11, 12, 13, 16, 17, 18, 19, 20, 21, 22, 23, 25]  Q:5 M:5 F:5
 11943. [5, 8, 10, 11, 12, 13, 16, 17, 18, 19, 20, 21, 23, 24, 25]  Q:5 M:5 F:5
 11944. [5, 8, 10, 11, 12, 13, 16, 18, 19, 20, 21, 22, 23, 24, 25]  Q:5 M:5 F:5
 11945. [5, 8, 10, 11, 13, 16, 17, 18, 19, 20, 21, 22, 23, 24, 25]  Q:5 M:5 F:5
 11946. [5, 10, 11, 12, 13, 16, 17, 18, 19, 20, 21, 22, 23, 24, 25]  Q:5 M:5 F:5
 11947. [5, 8, 10, 11, 12, 14, 15, 16, 17, 18, 20, 21, 22, 23, 24]  Q:5 M:5 F:5
 11948. [5, 8, 10, 11, 12, 14, 15, 16, 17, 18, 20, 21, 22, 23, 25]  Q:5 M:5 F:5
 11949. [5, 8, 10, 11, 12, 14, 15, 16, 17, 18, 20, 21, 23, 24, 25]  Q:5 M:5 F:5
 11950. [5, 8, 10, 11, 12, 14, 15, 16, 18, 20, 21, 22, 23, 24, 25]  Q:5 M:5 F:5
 11951. [5, 8, 10, 11, 14, 15, 16, 17, 18, 20, 21, 22, 23, 24, 25]  Q:5 M:5 F:5
 11952. [5, 10, 11, 12, 14, 15, 16, 17, 18, 20, 21, 22, 23, 24, 25]  Q:5 M:5 F:5
 11953. [5, 8, 10, 11, 12, 14, 15, 16, 17, 19, 20, 21, 22, 23, 24]  Q:5 M:5 F:5
 11954. [5, 8, 10, 11, 12, 14, 15, 16, 17, 19, 20, 21, 22, 23, 25]  Q:5 M:5 F:5
 11955. [5, 8, 10, 11, 12, 14, 15, 16, 17, 19, 20, 21, 23, 24, 25]  Q:5 M:5 F:5
 11956. [5, 8, 10, 11, 12, 14, 15, 16, 19, 20, 21, 22, 23, 24, 25]  Q:5 M:5 F:5
 11957. [5, 8, 10, 11, 14, 15, 16, 17, 19, 20, 21, 22, 23, 24, 25]  Q:5 M:5 F:5
 11958. [5, 10, 11, 12, 14, 15, 16, 17, 19, 20, 21, 22, 23, 24, 25]  Q:5 M:5 F:5
 11959. [5, 8, 10, 11, 12, 14, 15, 17, 18, 19, 20, 21, 22, 23, 24]  Q:5 M:5 F:5
 11960. [5, 8, 10, 11, 12, 14, 15, 17, 18, 19, 20, 21, 22, 23, 25]  Q:5 M:5 F:5
 11961. [5, 8, 10, 11, 12, 14, 15, 17, 18, 19, 20, 21, 23, 24, 25]  Q:5 M:5 F:5
 11962. [5, 8, 10, 11, 12, 14, 15, 18, 19, 20, 21, 22, 23, 24, 25]  Q:5 M:5 F:5
 11963. [5, 8, 10, 11, 14, 15, 17, 18, 19, 20, 21, 22, 23, 24, 25]  Q:5 M:5 F:5
 11964. [5, 10, 11, 12, 14, 15, 17, 18, 19, 20, 21, 22, 23, 24, 25]  Q:5 M:5 F:5
 11965. [5, 8, 10, 11, 12, 14, 16, 17, 18, 19, 20, 21, 22, 23, 24]  Q:5 M:5 F:5
 11966. [5, 8, 10, 11, 12, 14, 16, 17, 18, 19, 20, 21, 22, 23, 25]  Q:5 M:5 F:5
 11967. [5, 8, 10, 11, 12, 14, 16, 17, 18, 19, 20, 21, 23, 24, 25]  Q:5 M:5 F:5
 11968. [5, 8, 10, 11, 12, 14, 16, 18, 19, 20, 21, 22, 23, 24, 25]  Q:5 M:5 F:5
 11969. [5, 8, 10, 11, 14, 16, 17, 18, 19, 20, 21, 22, 23, 24, 25]  Q:5 M:5 F:5
 11970. [5, 10, 11, 12, 14, 16, 17, 18, 19, 20, 21, 22, 23, 24, 25]  Q:5 M:5 F:5
 11971. [5, 8, 10, 11, 12, 15, 16, 17, 18, 19, 20, 21, 22, 23, 24]  Q:5 M:5 F:5
 11972. [5, 8, 10, 11, 12, 15, 16, 17, 18, 19, 20, 21, 22, 23, 25]  Q:5 M:5 F:5
 11973. [5, 8, 10, 11, 12, 15, 16, 17, 18, 19, 20, 21, 23, 24, 25]  Q:5 M:5 F:5
 11974. [5, 8, 10, 11, 12, 15, 16, 18, 19, 20, 21, 22, 23, 24, 25]  Q:5 M:5 F:5
 11975. [5, 8, 10, 11, 15, 16, 17, 18, 19, 20, 21, 22, 23, 24, 25]  Q:5 M:5 F:5
 11976. [5, 10, 11, 12, 15, 16, 17, 18, 19, 20, 21, 22, 23, 24, 25]  Q:5 M:5 F:5
 11977. [5, 8, 10, 12, 13, 14, 15, 16, 17, 18, 20, 21, 22, 23, 24]  Q:5 M:5 F:5
 11978. [5, 8, 10, 12, 13, 14, 15, 16, 17, 18, 20, 21, 22, 23, 25]  Q:5 M:5 F:5
 11979. [5, 8, 10, 12, 13, 14, 15, 16, 17, 18, 20, 21, 23, 24, 25]  Q:5 M:5 F:5
 11980. [5, 8, 10, 12, 13, 14, 15, 16, 18, 20, 21, 22, 23, 24, 25]  Q:5 M:5 F:5
 11981. [5, 8, 10, 13, 14, 15, 16, 17, 18, 20, 21, 22, 23, 24, 25]  Q:5 M:5 F:5
 11982. [5, 10, 12, 13, 14, 15, 16, 17, 18, 20, 21, 22, 23, 24, 25]  Q:5 M:5 F:5
 11983. [5, 8, 10, 12, 13, 14, 15, 16, 17, 19, 20, 21, 22, 23, 24]  Q:5 M:5 F:5
 11984. [5, 8, 10, 12, 13, 14, 15, 16, 17, 19, 20, 21, 22, 23, 25]  Q:5 M:5 F:5
 11985. [5, 8, 10, 12, 13, 14, 15, 16, 17, 19, 20, 21, 23, 24, 25]  Q:5 M:5 F:5
 11986. [5, 8, 10, 12, 13, 14, 15, 16, 19, 20, 21, 22, 23, 24, 25]  Q:5 M:5 F:5
 11987. [5, 8, 10, 13, 14, 15, 16, 17, 19, 20, 21, 22, 23, 24, 25]  Q:5 M:5 F:5
 11988. [5, 10, 12, 13, 14, 15, 16, 17, 19, 20, 21, 22, 23, 24, 25]  Q:5 M:5 F:5
 11989. [5, 8, 10, 12, 13, 14, 15, 17, 18, 19, 20, 21, 22, 23, 24]  Q:5 M:5 F:5
 11990. [5, 8, 10, 12, 13, 14, 15, 17, 18, 19, 20, 21, 22, 23, 25]  Q:5 M:5 F:5
 11991. [5, 8, 10, 12, 13, 14, 15, 17, 18, 19, 20, 21, 23, 24, 25]  Q:5 M:5 F:5
 11992. [5, 8, 10, 12, 13, 14, 15, 18, 19, 20, 21, 22, 23, 24, 25]  Q:5 M:5 F:5
 11993. [5, 8, 10, 13, 14, 15, 17, 18, 19, 20, 21, 22, 23, 24, 25]  Q:5 M:5 F:5
 11994. [5, 10, 12, 13, 14, 15, 17, 18, 19, 20, 21, 22, 23, 24, 25]  Q:5 M:5 F:5
 11995. [5, 8, 10, 12, 13, 14, 16, 17, 18, 19, 20, 21, 22, 23, 24]  Q:5 M:5 F:5
 11996. [5, 8, 10, 12, 13, 14, 16, 17, 18, 19, 20, 21, 22, 23, 25]  Q:5 M:5 F:5
 11997. [5, 8, 10, 12, 13, 14, 16, 17, 18, 19, 20, 21, 23, 24, 25]  Q:5 M:5 F:5
 11998. [5, 8, 10, 12, 13, 14, 16, 18, 19, 20, 21, 22, 23, 24, 25]  Q:5 M:5 F:5
 11999. [5, 8, 10, 13, 14, 16, 17, 18, 19, 20, 21, 22, 23, 24, 25]  Q:5 M:5 F:5
 12000. [5, 10, 12, 13, 14, 16, 17, 18, 19, 20, 21, 22, 23, 24, 25]  Q:5 M:5 F:5
 12001. [5, 8, 10, 12, 13, 15, 16, 17, 18, 19, 20, 21, 22, 23, 24]  Q:5 M:5 F:5
 12002. [5, 8, 10, 12, 13, 15, 16, 17, 18, 19, 20, 21, 22, 23, 25]  Q:5 M:5 F:5
 12003. [5, 8, 10, 12, 13, 15, 16, 17, 18, 19, 20, 21, 23, 24, 25]  Q:5 M:5 F:5
 12004. [5, 8, 10, 12, 13, 15, 16, 18, 19, 20, 21, 22, 23, 24, 25]  Q:5 M:5 F:5
 12005. [5, 8, 10, 13, 15, 16, 17, 18, 19, 20, 21, 22, 23, 24, 25]  Q:5 M:5 F:5
 12006. [5, 10, 12, 13, 15, 16, 17, 18, 19, 20, 21, 22, 23, 24, 25]  Q:5 M:5 F:5
 12007. [5, 8, 10, 12, 14, 15, 16, 17, 18, 19, 20, 21, 22, 23, 24]  Q:5 M:5 F:5
 12008. [5, 8, 10, 12, 14, 15, 16, 17, 18, 19, 20, 21, 22, 23, 25]  Q:5 M:5 F:5
 12009. [5, 8, 10, 12, 14, 15, 16, 17, 18, 19, 20, 21, 23, 24, 25]  Q:5 M:5 F:5
 12010. [5, 8, 10, 12, 14, 15, 16, 18, 19, 20, 21, 22, 23, 24, 25]  Q:5 M:5 F:5
 12011. [5, 8, 10, 14, 15, 16, 17, 18, 19, 20, 21, 22, 23, 24, 25]  Q:5 M:5 F:5
 12012. [5, 10, 12, 14, 15, 16, 17, 18, 19, 20, 21, 22, 23, 24, 25]  Q:5 M:5 F:5
