{
  "timestamp": "20251121_100707",
  "resumo": {
    "total_concursos_analisados": 3541,
    "range_concursos": "1 a 3542",
    "analises_realizadas": [
      "paridade",
      "finais_especificos",
      "campos_comparativos",
      "todos_finais"
    ]
  },
  "dados": {
    "paridade": {
      "concursos_pares": 1770,
      "concursos_impares": 1771,
      "frequencias_detalhadas": {
        "1": {
          "freq_pares": 0.6073446327683616,
          "freq_impares": 0.6019198193111237,
          "diferenca": 0.005424813457237887,
          "preferencia": "NEUTRA"
        },
        "2": {
          "freq_pares": 0.34915254237288135,
          "freq_impares": 0.35629587803500845,
          "diferenca": -0.007143335662127104,
          "preferencia": "NEUTRA"
        },
        "3": {
          "freq_pares": 0.19717514124293786,
          "freq_impares": 0.20271033314511575,
          "diferenca": -0.005535191902177883,
          "preferencia": "NEUTRA"
        },
        "4": {
          "freq_pares": 0.11581920903954802,
          "freq_impares": 0.1101072840203275,
          "diferenca": 0.005711925019220521,
          "preferencia": "NEUTRA"
        },
        "5": {
          "freq_pares": 0.061581920903954805,
          "freq_impares": 0.050818746470920384,
          "diferenca": 0.010763174433034421,
          "preferencia": "PARES"
        },
        "6": {
          "freq_pares": 0.03220338983050847,
          "freq_impares": 0.023150762281197064,
          "diferenca": 0.00905262754931141,
          "preferencia": "NEUTRA"
        },
        "7": {
          "freq_pares": 0.010169491525423728,
          "freq_impares": 0.010163749294184076,
          "diferenca": 5.742231239651979e-06,
          "preferencia": "NEUTRA"
        },
        "8": {
          "freq_pares": 0.0039548022598870055,
          "freq_impares": 0.0033879164313946925,
          "diferenca": 0.000566885828492313,
          "preferencia": "NEUTRA"
        },
        "9": {
          "freq_pares": 0.001694915254237288,
          "freq_impares": 0.002258610954263128,
          "diferenca": -0.0005636957000258399,
          "preferencia": "NEUTRA"
        },
        "10": {
          "freq_pares": 0.0005649717514124294,
          "freq_impares": 0.012422360248447204,
          "diferenca": -0.011857388497034774,
          "preferencia": "ÍMPARES"
        },
        "11": {
          "freq_pares": 0.004519774011299435,
          "freq_impares": 0.006211180124223602,
          "diferenca": -0.0016914061129241669,
          "preferencia": "NEUTRA"
        },
        "12": {
          "freq_pares": 0.0011299435028248588,
          "freq_impares": 0.0016939582156973462,
          "diferenca": -0.0005640147128724874,
          "preferencia": "NEUTRA"
        },
        "13": {
          "freq_pares": 0.010169491525423728,
          "freq_impares": 0.000564652738565782,
          "diferenca": 0.009604838786857946,
          "preferencia": "NEUTRA"
        },
        "14": {
          "freq_pares": 0.004519774011299435,
          "freq_impares": 0.002258610954263128,
          "diferenca": 0.002261163057036307,
          "preferencia": "NEUTRA"
        },
        "15": {
          "freq_pares": 0.0011299435028248588,
          "freq_impares": 0.0016939582156973462,
          "diferenca": -0.0005640147128724874,
          "preferencia": "NEUTRA"
        },
        "16": {
          "freq_pares": 0.004519774011299435,
          "freq_impares": 0.003952569169960474,
          "diferenca": 0.0005672048413389611,
          "preferencia": "NEUTRA"
        },
        "17": {
          "freq_pares": 0.001694915254237288,
          "freq_impares": 0.000564652738565782,
          "diferenca": 0.001130262515671506,
          "preferencia": "NEUTRA"
        },
        "18": {
          "freq_pares": 0.0005649717514124294,
          "freq_impares": 0.005081874647092038,
          "diferenca": -0.004516902895679608,
          "preferencia": "NEUTRA"
        },
        "19": {
          "freq_pares": 0.001694915254237288,
          "freq_impares": 0.000564652738565782,
          "diferenca": 0.001130262515671506,
          "preferencia": "NEUTRA"
        },
        "20": {
          "freq_pares": 0.0011299435028248588,
          "freq_impares": 0.004517221908526256,
          "diferenca": -0.0033872784057013975,
          "preferencia": "NEUTRA"
        },
        "21": {
          "freq_pares": 0.015254237288135594,
          "freq_impares": 0.012422360248447204,
          "diferenca": 0.0028318770396883897,
          "preferencia": "NEUTRA"
        },
        "22": {
          "freq_pares": 0.03446327683615819,
          "freq_impares": 0.02710333145115754,
          "diferenca": 0.007359945385000653,
          "preferencia": "NEUTRA"
        },
        "23": {
          "freq_pares": 0.08587570621468926,
          "freq_impares": 0.1005081874647092,
          "diferenca": -0.014632481250019938,
          "preferencia": "ÍMPARES"
        },
        "24": {
          "freq_pares": 0.24745762711864408,
          "freq_impares": 0.22755505364201017,
          "diferenca": 0.019902573476633906,
          "preferencia": "PARES"
        },
        "25": {
          "freq_pares": 0.6135593220338983,
          "freq_impares": 0.6273291925465838,
          "diferenca": -0.013769870512685523,
          "preferencia": "ÍMPARES"
        }
      },
      "top_preferem_pares": [
        [
          24,
          {
            "freq_pares": 0.24745762711864408,
            "freq_impares": 0.22755505364201017,
            "diferenca": 0.019902573476633906,
            "preferencia": "PARES"
          }
        ],
        [
          5,
          {
            "freq_pares": 0.061581920903954805,
            "freq_impares": 0.050818746470920384,
            "diferenca": 0.010763174433034421,
            "preferencia": "PARES"
          }
        ],
        [
          13,
          {
            "freq_pares": 0.010169491525423728,
            "freq_impares": 0.000564652738565782,
            "diferenca": 0.009604838786857946,
            "preferencia": "NEUTRA"
          }
        ],
        [
          6,
          {
            "freq_pares": 0.03220338983050847,
            "freq_impares": 0.023150762281197064,
            "diferenca": 0.00905262754931141,
            "preferencia": "NEUTRA"
          }
        ],
        [
          22,
          {
            "freq_pares": 0.03446327683615819,
            "freq_impares": 0.02710333145115754,
            "diferenca": 0.007359945385000653,
            "preferencia": "NEUTRA"
          }
        ]
      ],
      "top_preferem_impares": [
        [
          23,
          {
            "freq_pares": 0.08587570621468926,
            "freq_impares": 0.1005081874647092,
            "diferenca": -0.014632481250019938,
            "preferencia": "ÍMPARES"
          }
        ],
        [
          25,
          {
            "freq_pares": 0.6135593220338983,
            "freq_impares": 0.6273291925465838,
            "diferenca": -0.013769870512685523,
            "preferencia": "ÍMPARES"
          }
        ],
        [
          10,
          {
            "freq_pares": 0.0005649717514124294,
            "freq_impares": 0.012422360248447204,
            "diferenca": -0.011857388497034774,
            "preferencia": "ÍMPARES"
          }
        ],
        [
          2,
          {
            "freq_pares": 0.34915254237288135,
            "freq_impares": 0.35629587803500845,
            "diferenca": -0.007143335662127104,
            "preferencia": "NEUTRA"
          }
        ],
        [
          3,
          {
            "freq_pares": 0.19717514124293786,
            "freq_impares": 0.20271033314511575,
            "diferenca": -0.005535191902177883,
            "preferencia": "NEUTRA"
          }
        ]
      ]
    },
    "finais_especificos": {
      "final_0": {
        "quantidade": 354,
        "frequencias": {
          "2": 0.3587570621468927,