{
  "timestamp": "2026-01-18T03:44:21.544729",
  "numeros_pivo": [
    1,
    3,
    4,
    5,
    6,
    8,
    9,
    10,
    12,
    13,
    14,
    15,
    16,
    17,
    19,
    20
  ],
  "total_combinacoes": 10,
  "distribuicao_pivo": {
    "14": {
      "quantidade": 1,
      "percentual": 0.027870680044593088,
      "concursos": [
        1356
      ]
    },
    "13": {
      "quantidade": 27,
      "percentual": 0.7525083612040134,
      "concursos": [
        23,
        207,
        319,
        421,
        592
      ]
    },
    "12": {
      "quantidade": 174,
      "percentual": 4.849498327759197,
      "concursos": [
        8,
        13,
        29,
        58,
        70
      ]
    },
    "11": {
      "quantidade": 590,
      "percentual": 16.443701226309923,
      "concursos": [
        2,
        3,
        9,
        10,
        17
      ]
    },
    "10": {
      "quantidade": 1089,
      "percentual": 30.351170568561876,
      "concursos": [
        4,
        5,
        6,
        12,
        19
      ]
    },
    "9": {
      "quantidade": 1058,
      "percentual": 29.48717948717949,
      "concursos": [
        1,
        7,
        14,
        15,
        16
      ]
    },
    "8": {
      "quantidade": 528,
      "percentual": 14.715719063545151,
      "concursos": [
        11,
        18,
        21,
        24,
        45
      ]
    },
    "7": {
      "quantidade": 115,
      "percentual": 3.205128205128205,
      "concursos": [
        39,
        102,
        129,
        173,
        176
      ]
    },
    "6": {
      "quantidade": 6,
      "percentual": 0.16722408026755853,
      "concursos": [
        522,
        845,
        1612,
        1832,
        2564
      ]
    }
  },
  "perfil_similaridade": {
    "9": 39855,
    "10": 28904,
    "7": 11130,
    "8": 29657,
    "11": 10830,
    "6": 1935,
    "12": 2144,
    "5": 102,
    "13": 187,
    "14": 6
  },
  "combinacoes": [
    [
      1,
      3,
      4,
      5,
      6,
      8,
      9,
      10,
      12,
      13,
      15,
      18,
      21,
      22,
      24
    ],
    [
      1,
      3,
      4,
      5,
      6,
      8,
      12,
      13,
      16,
      18,
      19,
      20,
      21,
      23,
      24
    ],
    [
      2,
      3,
      4,
      6,
      7,
      8,
      11,
      12,
      14,
      16,
      17,
      19,
      20,
      23,
      24
    ],
    [
      1,
      2,
      5,
      6,
      8,
      9,
      13,
      15,
      16,
      17,
      20,
      21,
      23,
      24,
      25
    ],
    [
      3,
      4,
      7,
      9,
      11,
      12,
      13,
      14,
      15,
      16,
      17,
      18,
      19,
      21,
      23
    ],
    [
      4,
      6,
      9,
      10,
      11,
      14,
      15,
      16,
      17,
      19,
      20,
      22,
      23,
      24,
      25
    ],
    [
      2,
      4,
      6,
      7,
      10,
      11,
      13,
      14,
      15,
      17,
      18,
      19,
      20,
      21,
      22
    ],
    [
      3,
      4,
      5,
      6,
      7,
      9,
      11,
      14,
      17,
      18,
      19,
      20,
      23,
      24,
      25
    ],
    [
      1,
      2,
      3,
      7,
      8,
      9,
      10,
      11,
      13,
      14,
      15,
      20,
      22,
      23,
      24
    ],
    [
      2,
      3,
      4,
      6,
      7,
      11,
      12,
      13,
      16,
      17,
      18,
      19,
      21,
      23,
      25
    ]
  ],
  "insights": {
    "faixa_ideal_pivos": [
      8,
      11
    ],
    "cobertura_faixa_ideal": 90.99777034559644,
    "media_similaridade": 8.997146292585171,
    "numeros_nucleo": [
      20,
      10,
      25,
      11,
      13,
      24,
      14,
      1,
      4,
      3,
      12
    ],
    "recomendacoes": [
      "Usar 8-11 números dos pivôs em cada combinação",
      "Cobertura esperada: 91.0%",
      "Complementar com 4 a 7 números fora dos pivôs"
    ]
  },
  "features_ml": [
    {
      "combinacao": [
        1,
        3,
        4,
        5,
        6,
        8,
        9,
        10,
        12,
        13,
        15,
        18,
        21,
        22,
        24
      ],
      "qtd_pivos": 11,
      "qtd_complementos": 4,
      "soma": 171,
      "pares": 8,
      "impares": 7,
      "baixos": 9,
      "altos": 6,
      "seq_max": 4
    },
    {
      "combinacao": [
        1,
        3,
        4,
        5,
        6,
        8,
        12,
        13,
        16,
        18,
        19,
        20,
        21,
        23,
        24
      ],
      "qtd_pivos": 11,
      "qtd_complementos": 4,
      "soma": 193,
      "pares": 8,
      "impares": 7,
      "baixos": 7,
      "altos": 8,
      "seq_max": 4
    },
    {
      "combinacao": [
        2,
        3,
        4,
        6,
        7,
        8,
        11,
        12,
        14,
        16,
        17,
        19,
        20,
        23,
        24
      ],
      "qtd_pivos": 10,
      "qtd_complementos": 5,
      "soma": 186,
      "pares": 9,
      "impares": 6,
      "baixos": 8,
      "altos": 7,
      "seq_max": 3
    },
    {
      "combinacao": [
        1,
        2,
        5,
        6,
        8,
        9,
        13,
        15,
        16,
        17,
        20,
        21,
        23,
        24,
        25
      ],
      "qtd_pivos": 10,
      "qtd_complementos": 5,
      "soma": 205,
      "pares": 6,
      "impares": 9,
      "baixos": 6,
      "altos": 9,
      "seq_max": 3
    },
    {
      "combinacao": [
        3,
        4,
        7,
        9,
        11,
        12,
        13,
        14,
        15,
        16,
        17,
        18,
        19,
        21,
        23
      ],
      "qtd_pivos": 10,
      "qtd_complementos": 5,
      "soma": 202,
      "pares": 5,
      "impares": 10,
      "baixos": 6,
      "altos": 9,
      "seq_max": 9
    },
    {
      "combinacao": [
        4,
        6,
        9,
        10,
        11,
        14,
        15,
        16,
        17,
        19,
        20,
        22,
        23,
        24,
        25
      ],
      "qtd_pivos": 10,
      "qtd_complementos": 5,
      "soma": 235,
      "pares": 8,
      "impares": 7,
      "baixos": 5,
      "altos": 10,
      "seq_max": 4
    },
    {
      "combinacao": [
        2,
        4,
        6,
        7,
        10,
        11,
        13,
        14,
        15,
        17,
        18,
        19,
        20,
        21,
        22
      ],
      "qtd_pivos": 9,
      "qtd_complementos": 6,
      "soma": 199,
      "pares": 8,
      "impares": 7,
      "baixos": 6,
      "altos": 9,
      "seq_max": 6
    },
    {
      "combinacao": [
        3,
        4,
        5,
        6,
        7,
        9,
        11,
        14,
        17,
        18,
        19,
        20,
        23,
        24,
        25
      ],
      "qtd_pivos": 9,
      "qtd_complementos": 6,
      "soma": 205,
      "pares": 6,
      "impares": 9,
      "baixos": 7,
      "altos": 8,
      "seq_max": 5
    },
    {
      "combinacao": [
        1,
        2,
        3,
        7,
        8,
        9,
        10,
        11,
        13,
        14,
        15,
        20,
        22,
        23,
        24
      ],
      "qtd_pivos": 9,
      "qtd_complementos": 6,
      "soma": 182,
      "pares": 7,
      "impares": 8,
      "baixos": 8,
      "altos": 7,
      "seq_max": 5
    },
    {
      "combinacao": [
        2,
        3,
        4,
        6,
        7,
        11,
        12,
        13,
        16,
        17,
        18,
        19,
        21,
        23,
        25
      ],
      "qtd_pivos": 8,
      "qtd_complementos": 7,
      "soma": 197,
      "pares": 6,
      "impares": 9,
      "baixos": 7,
      "altos": 8,
      "seq_max": 4
    }
  ]
}